IDSBR,Nama Usaha,Alamat,Kode Wilayah,kode_kecamatan,alamat
97443983,warung makan bunda rahayu,jalan talasalapang,7371031002,7371031,jalan talasalapang
97458630,hisana fried chicken,jl hertasning baru,7371031004,7371031,jl hertasning baru
97457652,adlu cell (agus),jl.rappocini raya no.210,7371031008,7371031,jl.rappocini raya no.210
97445202,bfc (ayam crispy),jalan tamalate i,7371031003,7371031,jalan tamalate i
97445100,planet laundry (yani),jl talasalapang ruko,7371031002,7371031,jl talasalapang ruko
97444919,bank sampah pelita harapan,jl pelita 4,7371031010,7371031,jl pelita 4
97446367,laundry corner,jalan talasalapang,7371031002,7371031,jalan talasalapang
97442196,ksp celebes,komp bukit mas jl talasalapang,7371031002,7371031,komp bukit mas jl talasalapang
97448060,dagang grosir sandal <ruslan>,tidung 6,7371031003,7371031,tidung 6
97442308,loket on line,monginsidi baru blok ab 5,7371031010,7371031,monginsidi baru blok ab 5
97443370,flora salon (patta nurida),jalan talasalang no 50,7371031002,7371031,jalan talasalang no 50
97443160,dapur restoran,jl talasalapang,7371031002,7371031,jl talasalapang
97443830,penjahitan (sudirman),jalan tidung 6 stp 6 no. 131 rt 3 rw 4 90222,7371031003,7371031,jalan tidung 6 stp 6 no. 131 rt 3 rw 4 90222
97453552,kost putri,bonto tangnga,7371031002,7371031,bonto tangnga
97452374,warung sop ubi(taty azwati),tidung 7,7371031003,7371031,tidung 7
97453578,sahabat game 2 <yaris>,jl. monumen emmy saelan 3,7371031006,7371031,jl. monumen emmy saelan 3
97452057,warung campuran (st marwah),jalan tidung 7,7371031003,7371031,jalan tidung 7
97452058,jual air galon dan air mineral (heri),jl rappocini rata,7371031008,7371031,jl rappocini rata
97453739,kios rappocini (suandi),jl. rappocini raya no.192,7371031008,7371031,jl. rappocini raya no.192
97447251,konsultan hukum (advokat),jl griya ayu mas,7371031006,7371031,jl griya ayu mas
97450627,notaris,tamalate 2 no 101,7371031004,7371031,tamalate 2 no 101
97449639,depot simpati (rahman),jl makkio baji 3,7371031006,7371031,jl makkio baji 3
97453838,penyewaan kamar alfatih (haruna),jln monumen emmy saelan 3 no 25 a,7371031006,7371031,jln monumen emmy saelan 3 no 25 a
97458150,loundry one fresh,jl. mon.emmy saelan 3,7371031006,7371031,jl. mon.emmy saelan 3
97453917,penyewaan ambulance (h munir),jl.rappocini raya no.276,7371031008,7371031,jl.rappocini raya no.276
97458218,hotel makassar indah,emy saelan,7371031001,7371031,emy saelan
97450802,warung campuran(amirudin),tidung 6 stp 11,7371031003,7371031,tidung 6 stp 11
97453198,loket pembayaran online listrik (hasnia),jalan tidung 7,7371031003,7371031,jalan tidung 7
97450040,prima futsal (h. sulaiman),jl makkio baji,7371031006,7371031,jl makkio baji
97456460,bengkel motor dalle rappo (sherly),jl rappocini raya no.278 b,7371031008,7371031,jl rappocini raya no.278 b
97450928,dokter praktek (irwanto),tamalate 2 blok 13 nomor 9,7371031003,7371031,tamalate 2 blok 13 nomor 9
97450357,toko kencana jaya (ardis),jl. mon.emmy saelan,7371031006,7371031,jl. mon.emmy saelan
97450141,klinik gg (hamzah),jl mon.emmy saelan,7371031006,7371031,jl mon.emmy saelan
97457784,sentra pakaian bekas,jl aroepala,7371031004,7371031,jl aroepala
97457808,jual bakso qalbu (h ilham),gedung balai sidang unismuh,7371031001,7371031,gedung balai sidang unismuh
97457809,rumbu,jl talasalapang <graha asri estate a3>,7371031001,7371031,jl talasalapang <graha asri estate a3>
97457810,apotek kenza,tallasalapang raya,7371031001,7371031,tallasalapang raya
97457807,candy cell (hj jime),jl alauddin raya,7371031001,7371031,jl alauddin raya
97451903,desain gambar bangunan (rahmat),jln monumen emmy saelan 3 lr 50 a,7371031006,7371031,jln monumen emmy saelan 3 lr 50 a
97457859,cahaya abadi komputer,sultan alauddin,7371031001,7371031,sultan alauddin
97461282,89 cell,jl talasalapang perum jipang permai blok dp 9 no 5,7371031002,7371031,jl talasalapang perum jipang permai blok dp 9 no 5
97470855,bengkel maha meru motor,jl rappocini raya no 26,7371031009,7371031,jl rappocini raya no 26
97470856,briton english,jl aroepala no 41,7371031004,7371031,jl aroepala no 41
97465819,ud rasni budi mulia,jl talasalapang no 99,7371031002,7371031,jl talasalapang no 99
97470932,penjual pulsa (salmiati),jl rappocini raya lr 3,7371031009,7371031,jl rappocini raya lr 3
97451315,stokers hp,jl faisal ii no 35,7371031007,7371031,jl faisal ii no 35
97465981,fabel cell,jalan tidung 10 no 246,7371031003,7371031,jalan tidung 10 no 246
97451450,roemah sablon makassar,jl tidung 9 stp 12 no 271,7371031003,7371031,jl tidung 9 stp 12 no 271
97451451,hotel ruby,jl pengayoman,7371031008,7371031,jl pengayoman
97471193,kantor pengacara amirullah tahir,jalan ap pettarani ruko new zamrud,7371031008,7371031,jalan ap pettarani ruko new zamrud
97465271,istana variasi (rudi),sultan alauddin,7371031001,7371031,sultan alauddin
97451536,apotek setia farma (adi),tamalate 1 noia,7371031005,7371031,tamalate 1 noia
97451642,sukses jaya motor (yosep),jl mon.emmy saelan,7371031006,7371031,jl mon.emmy saelan
97465395,frasya fashion,landak baru,7371031007,7371031,landak baru
97465489,depot sas,jalan tidung 10 no 263,7371031003,7371031,jalan tidung 10 no 263
97448520,sd muhammadiyah,jl rappocini raya lr 2 no 16,7371031009,7371031,jl rappocini raya lr 2 no 16
97455202,bank sampah (hasnah),jl rappociniraya lr 2,7371031009,7371031,jl rappociniraya lr 2
97455266,bank sampah aisiyah,jl rappocini raya no.7a,7371031009,7371031,jl rappocini raya no.7a
97455379,sd inpres cilallan <hj. hasniah>,jl cilallan jaya no 30,7371031008,7371031,jl cilallan jaya no 30
97459674,jualan bakso tusuk keliling,jalan tidung,7371031003,7371031,jalan tidung
97464034,penjahitan sasikin (karim),jl tidung 10 stp 7 no.64,7371031003,7371031,jl tidung 10 stp 7 no.64
97455607,jual barang plastik (humairah),monginsidi baru,7371031010,7371031,monginsidi baru
97455667,jual pulsa (syamsinar),jalan tidung 7,7371031003,7371031,jalan tidung 7
97452758,warung sembako(abdul azis),jalan tidung 7,7371031003,7371031,jalan tidung 7
97455755,toko sembako (putri),jl kr bontotangnga,7371031002,7371031,jl kr bontotangnga
97473301,usaha bentor (marlin),jl jamalate 2 ujung,7371031003,7371031,jl jamalate 2 ujung
97473342,cuci motor (buhatija),jl tidung 10 stp 1 no 28,7371031003,7371031,jl tidung 10 stp 1 no 28
97473377,toko atifak,komp ikip blok g iii no 9,7371031006,7371031,komp ikip blok g iii no 9
97473396,toko (rahman),jl tidung 10 stp 7 no 14,7371031003,7371031,jl tidung 10 stp 7 no 14
97473433,tk mahardika,faisal,7371031007,7371031,faisal
97473435,briton,jalan talasalapang,7371031002,7371031,jalan talasalapang
97476264,gedung auditorium amanagappa,jl raya pendidikan unm,7371031006,7371031,jl raya pendidikan unm
97468653,apotik mirzha,aropala no 26,7371031004,7371031,aropala no 26
97476287,toko (hj hajerawati),jl tidung 9 no 139,7371031003,7371031,jl tidung 9 no 139
97476307,natural walpaper,jl rappocini raya no 89 c,7371031009,7371031,jl rappocini raya no 89 c
97476370,penjualan pakaian anak (andi tenri a),jl bontolangkasa,7371031007,7371031,jl bontolangkasa
97468706,tpa al jauharatul hudro,jl hertasning baru,7371031004,7371031,jl hertasning baru
97473642,rusdi gallery,landak baru kompleks,7371031007,7371031,landak baru kompleks
97468745,bakmi jawa pak pardi,hertasning baru no 30,7371031004,7371031,hertasning baru no 30
97473737,foto copy,jl talasalapang perum jipang permai blok dp 9 no 5,7371031002,7371031,jl talasalapang perum jipang permai blok dp 9 no 5
97473773,warung sembako,komp ikip blok b iii no 17,7371031006,7371031,komp ikip blok b iii no 17
97474397,bengkel rm 09,jl tidung 9 stp 11 no 140,7371031003,7371031,jl tidung 9 stp 11 no 140
97473889,rini berkah (kue kering),jl tidung 9 stp 4 no 100,7371031003,7371031,jl tidung 9 stp 4 no 100
97474625,jualan pakaian (paja),jl tamalate 2 ujung,7371031003,7371031,jl tamalate 2 ujung
97474054,kopi sahabat (maemunah),jl tidung 10 no 8,7371031003,7371031,jl tidung 10 no 8
97473998,jr loundry (ismail),tamalate 1 no 12 b,7371031005,7371031,tamalate 1 no 12 b
97490476,penjual tupper ware (cut hernawati),komp bumi pesona pelangi blok ungu no 1,7371031001,7371031,komp bumi pesona pelangi blok ungu no 1
97490508,jual beli moge,jalan kelapa tiga 2 no 22,7371031010,7371031,jalan kelapa tiga 2 no 22
97490511,kost kostan,jl bumi 21,7371031001,7371031,jl bumi 21
97490512,buat meubel (sabaruddin),jl bumi 23,7371031001,7371031,jl bumi 23
97490521,warung sembako (andi aris),perum gosyen indah,7371031001,7371031,perum gosyen indah
97490532,warkop ss,jl tamalate 1,7371031006,7371031,jl tamalate 1
97490551,butik zahra (suryani),jl talasalapang raya no 6,7371031001,7371031,jl talasalapang raya no 6
97490564,sani fc (syamsuddin),jl talasalapang raya,7371031001,7371031,jl talasalapang raya
97490565,ice queensha,jl talasalapang raya,7371031001,7371031,jl talasalapang raya
97490580,toko kelontong (citra),jl toddopuli 1 setapak 1,7371031004,7371031,jl toddopuli 1 setapak 1
97490520,erando mart,jl aroepal a no 27 b hertiasning baru,7371031001,7371031,jl aroepal a no 27 b hertiasning baru
97459722,servis resmi pioneer,monginsidi baru,7371031010,7371031,monginsidi baru
97459700,tupperware,tidung 9 no 46,7371031004,7371031,tidung 9 no 46
97490630,dewinta travel,btn minasa upa blok e1 no 2,7371031001,7371031,btn minasa upa blok e1 no 2
97490662,arib tour and travel,jl aroepala timur no 62,7371031001,7371031,jl aroepala timur no 62
97464082,toko baba petshop(aswin),jl tamalate 1 no 6a,7371031005,7371031,jl tamalate 1 no 6a
97472564,apotik bintang jaya,jl rappocini raya no 24 e,7371031009,7371031,jl rappocini raya no 24 e
97472643,usaha bentor,jl tamalate 2 ujung,7371031003,7371031,jl tamalate 2 ujung
97490940,ps pelita anugrah (roni),jalan pelita raya no 30,7371031010,7371031,jalan pelita raya no 30
97490933,aroma laundry(hakim),btn minasa upa blok h 6 no 10,7371031001,7371031,btn minasa upa blok h 6 no 10
97490926,ud senang,jl aroepala 65,7371031001,7371031,jl aroepala 65
97469775,jahitan (citta hakim),jl sungai saddang baru,7371031010,7371031,jl sungai saddang baru
97506019,kas fc,jl talasalapang raya,7371031001,7371031,jl talasalapang raya
97506026,mini market,kampus unismuh jl sultan alauddin no 259,7371031001,7371031,kampus unismuh jl sultan alauddin no 259
97506057,medical therapy dan herbal stream,jl raya pendidikan 3 blok d/3 no 14 a,7371031006,7371031,jl raya pendidikan 3 blok d/3 no 14 a
97506061,mylinha cargo (hj marlina),jl raya pendidikan 3 blok a/3 no 20,7371031006,7371031,jl raya pendidikan 3 blok a/3 no 20
97469852,pondok 110,hertasning,7371031005,7371031,hertasning
97506092,roti dan cake<ediati>,jalan bumi 8 blok 12a,7371031001,7371031,jalan bumi 8 blok 12a
97506104,depot anugrah lestari,jl tamalate 4 stp 15 no 65 rt 03 rw 02 90222,7371031004,7371031,jl tamalate 4 stp 15 no 65 rt 03 rw 02 90222
97467674,agen pos pet watt 45,jl rappocini raya no.45,7371031009,7371031,jl rappocini raya no.45
97469911,penjualan pakaian adat,jl tidung 10 stp 7 no.59,7371031003,7371031,jl tidung 10 stp 7 no.59
97506106,toko rachma,jl tamalate 4 no 11,7371031004,7371031,jl tamalate 4 no 11
97469956,bsu sappoe,jl rappocini raya lr 4 no,7371031009,7371031,jl rappocini raya lr 4 no
97448774,toko 88 (m tahang),tidung 7 no 88,7371031003,7371031,tidung 7 no 88
97458956,warung makan mas kiki (zaenal),jl. skarda n 1,7371031006,7371031,jl. skarda n 1
97462460,toko (toki),jl tidung 10 no 12,7371031003,7371031,jl tidung 10 no 12
97463447,butik (basri),jl tidung 9 no 142,7371031003,7371031,jl tidung 9 no 142
97459066,praktek dokter gigi (ernawati),jalan ap pettarani ruko new zamrud,7371031008,7371031,jalan ap pettarani ruko new zamrud
97462521,toko campuran (kaderia),jl tidung 10 no 2,7371031003,7371031,jl tidung 10 no 2
97459117,bus 47 (irfan),jl. skarda n 1,7371031006,7371031,jl. skarda n 1
97459241,toko oleh-oleh celebes (agus),jl mon emmy saelan 3,7371031006,7371031,jl mon emmy saelan 3
97463740,toko (anton),jl tidung 8 stp 11 no 215,7371031003,7371031,jl tidung 8 stp 11 no 215
97463741,praktek dokter umum (dr gina),jl hertasning raya,7371031008,7371031,jl hertasning raya
97459355,loket pembayaran listrik,tidung 7 stpk 3 no.101,7371031003,7371031,tidung 7 stpk 3 no.101
97459356,es moly (rahmi),jl.rappocini raya no depan alfamart,7371031008,7371031,jl.rappocini raya no depan alfamart
97459169,warkop cangkir,jl landak baru no12,7371031007,7371031,jl landak baru no12
97459466,istana variasi,sultan alauddin,7371031001,7371031,sultan alauddin
97463854,warkop pa`de,jln sultan alauddin no 191,7371031001,7371031,jln sultan alauddin no 191
97463855,kantin lapas kelas i,jln sultan alauddin no 191 lapas kls 1,7371031001,7371031,jln sultan alauddin no 191 lapas kls 1
97459519,rental ps gade (ernawati),jl monemmy saelan no 723 b,7371031006,7371031,jl monemmy saelan no 723 b
97496408,salon ira khanza,jalan nikel 1 no 17,7371031010,7371031,jalan nikel 1 no 17
97462901,ganesha operation,"jl. sultan alauddin, gunung sari, rappocini",7371031001,7371031,"jl. sultan alauddin, gunung sari, rappocini"
97496426,depot air minum (abd salam),jl talasalapang komp p&k blok e1 no 1,7371031001,7371031,jl talasalapang komp p&k blok e1 no 1
97500431,prima laundri,jalan bakti 3 lr.2 no.60,7371031010,7371031,jalan bakti 3 lr.2 no.60
97496502,depot air (walauddin),rappocini kel.gunung sari,7371031001,7371031,rappocini kel.gunung sari
97502499,asia prima,jl aroepala no 67,7371031001,7371031,jl aroepala no 67
97502502,agen loundry (dloundre),komp bumi pesona pelangi blok ungu no 1,7371031001,7371031,komp bumi pesona pelangi blok ungu no 1
97500465,toko kue dan roti (adi jaya),jalan tamalate 1 no 23,7371031003,7371031,jalan tamalate 1 no 23
97500468,apotik global,hertasning,7371031004,7371031,hertasning
97502472,gudang tenda,tidung mariolo,7371031006,7371031,tidung mariolo
97502514,praktek dokter gigi,tamalate 1 no 41,7371031004,7371031,tamalate 1 no 41
97502591,koperasi (satya dana),btn minasa upa blok l4 no 10a,7371031001,7371031,btn minasa upa blok l4 no 10a
97500531,distro m one,hertasning raya no. 78,7371031006,7371031,hertasning raya no. 78
97502568,usaha angkot <sahir>,btn minasa upa blok l17 no 8,7371031001,7371031,btn minasa upa blok l17 no 8
97502555,peminjaman uang tunai <reski>,btn minasa upa blok n 17 no 6,7371031001,7371031,btn minasa upa blok n 17 no 6
97500488,sd inpres minasa upa 1,btn minasa upa blok 06,7371031001,7371031,btn minasa upa blok 06
97502609,yela jaya <a rahman>,banta bantaeng,7371031007,7371031,banta bantaeng
97502634,cafe dan resto rice,jl ap pettarani,7371031007,7371031,jl ap pettarani
97500539,toko utama bangunan (edi),jalan syech yusuf,7371031001,7371031,jalan syech yusuf
97500557,kichenetto,komp kodam katangka blok 02,7371031001,7371031,komp kodam katangka blok 02
97502644,kios beras (mattupuang),jl syekh yusuf,7371031001,7371031,jl syekh yusuf
97500548,salon rias pengantin (erni),komp kodam katangka blok g 17,7371031001,7371031,komp kodam katangka blok g 17
97502626,lawara tour dan rental akbar,btn minasa upa blok ab no 11,7371031001,7371031,btn minasa upa blok ab no 11
97500622,jual tiket online (nurfitri),btn minasa upa blok b7 no 5,7371031001,7371031,btn minasa upa blok b7 no 5
97500578,usaha kripik (abdi),tamalate 4 setapak 7 no 16,7371031004,7371031,tamalate 4 setapak 7 no 16
97502643,butik (nurhayati),jl syekh yusuf,7371031001,7371031,jl syekh yusuf
97500592,kantin amanah,balai sidang unismuh,7371031001,7371031,balai sidang unismuh
97502642,phinis home stay,jl rsi faisal raya 11 blok c20,7371031007,7371031,jl rsi faisal raya 11 blok c20
97500593,rumah kost (stevie),jl talasalapang raya no 26,7371031001,7371031,jl talasalapang raya no 26
97500594,catering attaufik pratama,tallasalapang raya,7371031001,7371031,tallasalapang raya
97500655,rumah kost (aminah),jl bumi 21,7371031001,7371031,jl bumi 21
97500623,jual sapi (hasanuddin),btn minasa upa blok b10 no 10,7371031001,7371031,btn minasa upa blok b10 no 10
97502691,jahit pakaian wanita,bumi bosowa indah blok l/16,7371031001,7371031,bumi bosowa indah blok l/16
97500671,lesehan bu como,jl sultan alauddin,7371031001,7371031,jl sultan alauddin
97500672,fc bamba (jabir sigara),jl talasalapang raya no,7371031001,7371031,jl talasalapang raya no
97502688,jual tabung gas (darwis),komp bosowa indah blok j/11,7371031001,7371031,komp bosowa indah blok j/11
97502689,home stay,komp griya fajar mas blok l no 8,7371031001,7371031,komp griya fajar mas blok l no 8
97500669,raja hp (andi),jl talasalapang raya no 20,7371031001,7371031,jl talasalapang raya no 20
97502740,jual kue keliling (ponia),jalan borong indah no 27,7371031004,7371031,jalan borong indah no 27
97490388,mie titi,jl hertasning,7371031001,7371031,jl hertasning
97490393,warung kelontong (rfery),btn minasa upa blok n 15no 14,7371031001,7371031,btn minasa upa blok n 15no 14
97461673,toko opa oma (jeni r),jl tidung 10 stp 3 no 16,7371031003,7371031,jl tidung 10 stp 3 no 16
97461690,depot isi ulang galon,jl perumahan jipang permak blok dp 9 no 5,7371031002,7371031,jl perumahan jipang permak blok dp 9 no 5
97461732,tpa ulul ulmi,karunrung,7371031002,7371031,karunrung
97457266,toko tas viza collection,jalan ap pettarani ruko new zamrud blok c/19,7371031008,7371031,jalan ap pettarani ruko new zamrud blok c/19
97477277,guest house la`riss (toni y),jl bontolangkasa 1,7371031007,7371031,jl bontolangkasa 1
97477331,i khalifah,jl jipang raya,7371031002,7371031,jl jipang raya
97477646,ataki,jl landak batu no 112 h,7371031007,7371031,jl landak batu no 112 h
97471345,tk annur (fasriani),jl mongisidi baru,7371031010,7371031,jl mongisidi baru
97476018,global airlines,jl mappala,7371031006,7371031,jl mappala
97486189,kos kosan,jl banta bantaeng,7371031007,7371031,jl banta bantaeng
97486152,klinik gigi reza (rasyid),btn minasa upa blok 88 no19,7371031001,7371031,btn minasa upa blok 88 no19
97486178,salon kecantikan,jl landak baru,7371031007,7371031,jl landak baru
97486276,planet bugar(suci),jl monunen emmy saelan no 30 d,7371031006,7371031,jl monunen emmy saelan no 30 d
97487543,banana bread (lumia mala),jl alauddin <griya fajar mas>,7371031001,7371031,jl alauddin <griya fajar mas>
97487540,jual kardus,btn minasa upa,7371031001,7371031,btn minasa upa
97487573,penjual gorengan,jl wijaya kusuma 1,7371031007,7371031,jl wijaya kusuma 1
97474302,apotek mataram farma,jl jipang,7371031002,7371031,jl jipang
97474347,persewaan kamar (amiruddin),btn minasa upa blok a,7371031002,7371031,btn minasa upa blok a
97490290,jaya bangunan ud,jl aroepala no 58,7371031001,7371031,jl aroepala no 58
97490301,laudry vianti,jl banta bantaeng,7371031007,7371031,jl banta bantaeng
97490291,cahaya jati furniture,jl aroepala 57,7371031001,7371031,jl aroepala 57
97490289,rumah makan febry,jl aroepala,7371031001,7371031,jl aroepala
97490311,usaha penyewaan kamar (rostia),jalan karunrung raya 1 lr 1 no 9,7371031002,7371031,jalan karunrung raya 1 lr 1 no 9
97490312,toko 99,jl toddopuli 1 stp 3 no 99,7371031004,7371031,jl toddopuli 1 stp 3 no 99
97490373,jual pulsa <zulfikar>,bumi bosowa permai blok a1 no 18,7371031001,7371031,bumi bosowa permai blok a1 no 18
97490383,tpa darus salam bosowa,masjid darussalam perum bosowa blok a0,7371031001,7371031,masjid darussalam perum bosowa blok a0
97469607,berdnaya cake,komp ikip blok g iii no 7,7371031006,7371031,komp ikip blok g iii no 7
97469685,sekolah sd inpres banta bantaeng,jl monginsidi baru no 75 a,7371031010,7371031,jl monginsidi baru no 75 a
97469744,travel arun,jl aroepala no 41,7371031004,7371031,jl aroepala no 41
97485796,fotocopy 301 (muh zakkir),jl mapala 2 blok d/6 no 14,7371031006,7371031,jl mapala 2 blok d/6 no 14
97487070,cv. rampoang cp advertising,sungai saddang baru  no 6,7371031010,7371031,sungai saddang baru  no 6
97488402,rental ps 2 (kahar),btn minasa upa blok a,7371031002,7371031,btn minasa upa blok a
97488391,klinik gigi,jl.sungai saddang baru,7371031010,7371031,jl.sungai saddang baru
97487079,bengkel karya jawa (saryanto),sungai saddang baru ballaparang 2,7371031010,7371031,sungai saddang baru ballaparang 2
97487098,katering salsabila,jl beringin raya no,7371031004,7371031,jl beringin raya no
97488422,kios plb unm,lingkup kampus fip unm,7371031002,7371031,lingkup kampus fip unm
97485876,harmony production,jalan kelapa tiga gang 2 no 14,7371031010,7371031,jalan kelapa tiga gang 2 no 14
97489095,kios diana,jl hertasning raya,7371031004,7371031,jl hertasning raya
97488427,jual beli mobil (suhardi),btn minasa upa blok l18 no 6,7371031001,7371031,btn minasa upa blok l18 no 6
97488461,safura kost (yolan nr),jalan pelita raya lr 4 no 7,7371031010,7371031,jalan pelita raya lr 4 no 7
97488446,los aluminium (anugrah),jl syekh yusuf,7371031001,7371031,jl syekh yusuf
97489155,toko obat berizin,jl pinang no 163,7371031004,7371031,jl pinang no 163
97489205,jual rempeyek (sri muliati),btn minasa upa,7371031001,7371031,btn minasa upa
97489196,warung minakjinggo,jl hertasning 100,7371031005,7371031,jl hertasning 100
97485910,kantor notaris <ina kartika sari>,jl pelita raya,7371031008,7371031,jl pelita raya
97488481,jual hp dan asesoris,sungai saddang baru raya,7371031010,7371031,sungai saddang baru raya
97488504,mini market rsia bahagia,btn minasa upa blok h 7 no 9,7371031001,7371031,btn minasa upa blok h 7 no 9
97488495,jual kayu (firman),jl syekh yusuf,7371031001,7371031,jl syekh yusuf
97488503,hayar`s modification car,jalan minasa upa blok h 8 no 1 d,7371031001,7371031,jalan minasa upa blok h 8 no 1 d
97489246,jual pulsa (muliati),pelita raya 2 no 30,7371031008,7371031,pelita raya 2 no 30
97485967,penjahit (nila),jl.wijava kusuma 5 no. 5,7371031007,7371031,jl.wijava kusuma 5 no. 5
97487243,dorter praktek (ewi linggo),hertasning raya timur no.26,7371031004,7371031,hertasning raya timur no.26
97487270,rental mobil resa (risman),jalan bumi 22 blok a 15 no 15,7371031001,7371031,jalan bumi 22 blok a 15 no 15
97488558,apotik av3 (anis dr),sungai saddang baru blok a 12,7371031010,7371031,sungai saddang baru blok a 12
97488599,toko cahaya sampurna,jl landak baru no 122,7371031007,7371031,jl landak baru no 122
97487359,rm hj anny,jl aroepala,7371031004,7371031,jl aroepala
97489302,toko kue adijaya,btn minasa upa k 8 no 27,7371031001,7371031,btn minasa upa k 8 no 27
97489329,zahra cell (lamirah),komp. griya fajar mas,7371031001,7371031,komp. griya fajar mas
97488649,percetakan(suparman ridi),jalan wijaya kusuma 1 blok k2 no 37,7371031007,7371031,jalan wijaya kusuma 1 blok k2 no 37
97489341,black canyon cafe,hertasning no 38,7371031006,7371031,hertasning no 38
97487416,kharisma ac (hasan),sungai saddang baru no 50/50 a,7371031010,7371031,sungai saddang baru no 50/50 a
97489366,jual barang campuran (nur janna),komp bph jalan bumi 4 sultan alauddin,7371031001,7371031,komp bph jalan bumi 4 sultan alauddin
97488679,isi ulang galong (nurkaya),hompleks k odam katang ka blok es,7371031001,7371031,hompleks k odam katang ka blok es
97469231,tiki,jl aroepala no 41,7371031004,7371031,jl aroepala no 41
97469369,apotek tamalate (suriaty),tamalate 1 blok 21 no 9,7371031005,7371031,tamalate 1 blok 21 no 9
97469495,daily coffe bar,emy saelan,7371031001,7371031,emy saelan
97469517,nusa citra (zulkarnain),komp ikip blok g ii no 10,7371031006,7371031,komp ikip blok g ii no 10
97469497,yasmine salon,jl aroepalla perm yasmin blob b 9,7371031003,7371031,jl aroepalla perm yasmin blob b 9
97482843,jual pakaian keliling (rina),jl kr bonto tangnga 1,7371031002,7371031,jl kr bonto tangnga 1
97482949,audrey baby shop,jl.sungai saddang baru,7371031010,7371031,jl.sungai saddang baru
97482912,skin clinic,jl pelita raya no a8,7371031008,7371031,jl pelita raya no a8
97482942,kost - kostan (rezky),jl rappocini raya lr no 11 b,7371031008,7371031,jl rappocini raya lr no 11 b
97482996,warkop magfirah (kurniawan),jl pelita raya,7371031008,7371031,jl pelita raya
97482941,warkop gaul,jl. kelapa tiga,7371031010,7371031,jl. kelapa tiga
97481799,toko sinar harapan,rappocini,7371031008,7371031,rappocini
97483093,toko alat olahraga (drs ahmad yaman),jalan landak baru no 85 d,7371031007,7371031,jalan landak baru no 85 d
97482035,sd impres btn ikip 2,jalan monumen emmy saelan 3,7371031002,7371031,jalan monumen emmy saelan 3
97483527,mekanik ac mobil (fredy),jl sungai saddang baru,7371031010,7371031,jl sungai saddang baru
97472996,elite com,komp puri taman sari blok d 13 no 8,7371031004,7371031,komp puri taman sari blok d 13 no 8
97473015,apotek sejati (erni),tamalate 1 no 10,7371031005,7371031,tamalate 1 no 10
97473064,jualan pakaian (kasmawati),jl tamalate 2 ujung,7371031003,7371031,jl tamalate 2 ujung
97473024,virtual mart fip unm,lingkup kampus fip unm,7371031002,7371031,lingkup kampus fip unm
97473026,foto copy ghaza,lingkup kampus fip unm,7371031002,7371031,lingkup kampus fip unm
97473079,kantor smk negeri 6,jl landak baru no 32,7371031007,7371031,jl landak baru no 32
97473202,resto kuto solo,jl landak baru no 122,7371031007,7371031,jl landak baru no 122
97473258,kurir rumah roti,jl tidung 9,7371031003,7371031,jl tidung 9
97460495,toko (yuli),jl tidung 10 stp 5 no 40,7371031003,7371031,jl tidung 10 stp 5 no 40
97460769,mitra tukang jahit,jl landak baru no 2b,7371031007,7371031,jl landak baru no 2b
97460986,toko (narwaya),jl tidung 10 stp 1 no 27,7371031003,7371031,jl tidung 10 stp 1 no 27
97460987,warung sembako (toko ani),bonto cinde no 38 a,7371031008,7371031,bonto cinde no 38 a
97464746,just cafe,jalan ap pettarani ruko new zamrud blok g/1,7371031008,7371031,jalan ap pettarani ruko new zamrud blok g/1
97461234,toko iksan,jl jipang permak blok dp 9 no 5,7371031002,7371031,jl jipang permak blok dp 9 no 5
97462140,klinik (dr a baso),jalan ap pettarani ruko new zamrud,7371031008,7371031,jalan ap pettarani ruko new zamrud
97463285,warung makan (yuyun),jl tidung 10 no 3,7371031003,7371031,jl tidung 10 no 3
97458707,toko ulfa,jl.tioung 7,7371031003,7371031,jl.tioung 7
97458708,apotik sartika (sheila),jl.rappocini raya no.20c,7371031008,7371031,jl.rappocini raya no.20c
97449782,penjahitan (mardang),tidung 7 nomor 89 rt 3 rw 5,7371031003,7371031,tidung 7 nomor 89 rt 3 rw 5
97448855,warung makan( bonto),tidung 6,7371031003,7371031,tidung 6
97469129,expedisi jasa angkutan,tidung 1 stp 2 no 1 23b,7371031005,7371031,tidung 1 stp 2 no 1 23b
97469135,eurolasia training centre (masni),jl mon emmy saelan 3,7371031006,7371031,jl mon emmy saelan 3
97469124,dapur hertasning,hertasning,7371031005,7371031,hertasning
97489423,jual es pisang ijo <astuti>,jalan tidung x timur,7371031002,7371031,jalan tidung x timur
97489421,usaha pembuatan tahu (supriyadi),jalan tidung x stp viii nomor 109 a,7371031002,7371031,jalan tidung x stp viii nomor 109 a
97489441,bidan maratus solekha,jl tidung 9 stp 14 no 126,7371031003,7371031,jl tidung 9 stp 14 no 126
97489422,dokter praktek <simon>,toddopull raya no 9,7371031004,7371031,toddopull raya no 9
97488791,mini market (alif),komp p dan k,7371031001,7371031,komp p dan k
97488810,as sunnah herbal,jl sultan alauddin,7371031001,7371031,jl sultan alauddin
97489415,usaha konveksi aa collection (mulyadi),btn minasa upa blok 014 no 19,7371031001,7371031,btn minasa upa blok 014 no 19
97488712,sablon biz (saddan),jl landak baru lr 8 no 108,7371031007,7371031,jl landak baru lr 8 no 108
97489576,toko buku (nurhayati),j l syekh yus u f lrs no 1,7371031001,7371031,j l syekh yus u f lrs no 1
97489600,jualan bakso keliling (syamsuddin),btn minasa upa blok f13 no 16,7371031001,7371031,btn minasa upa blok f13 no 16
97489507,warkop anging mammiri (h asri),blok c1 1,7371031002,7371031,blok c1 1
97489638,pondok nusantara,hertasning timur,7371031004,7371031,hertasning timur
97488828,los kesehatan (maarif),jl syekh yusuf,7371031001,7371031,jl syekh yusuf
97489743,catring 22,komp bumi palem blok q22,7371031001,7371031,komp bumi palem blok q22
97489771,warung mas joko,jl talasalapang raya no,7371031001,7371031,jl talasalapang raya no
97489768,rm citra minang,jl talasalapang no 14b,7371031001,7371031,jl talasalapang no 14b
97489769,aufa net (yanizar),jl talasalapang raya no 18b,7371031001,7371031,jl talasalapang raya no 18b
97489770,sinar buana motor (sonny j),jl talasalapang raya no 8,7371031001,7371031,jl talasalapang raya no 8
97491225,tk tpa al anshar,btn minasa upa blok e7 no 16,7371031001,7371031,btn minasa upa blok e7 no 16
97491243,percetakan multi talenta,landak baru lr 3,7371031007,7371031,landak baru lr 3
97491264,apotik mutiara syariah,jl syech yusuf,7371031001,7371031,jl syech yusuf
97491325,bengkel reparasi mobil (fokus),ji aroepala no 27 c hertasning baru,7371031001,7371031,ji aroepala no 27 c hertasning baru
97491327,idola ponsel (very),jalan rappocini raya no 219 b,7371031008,7371031,jalan rappocini raya no 219 b
97491344,penjual minuman,jl tamalate 2,7371031003,7371031,jl tamalate 2
97491408,tk tiara,ji pelita 5 no 39 b,7371031008,7371031,ji pelita 5 no 39 b
97487595,jual pulsa (meryanti),btn minasa upa blok b7 no 2,7371031001,7371031,btn minasa upa blok b7 no 2
97485099,dokter gigi (indra),perumahan kirel damai blok a11,7371031001,7371031,perumahan kirel damai blok a11
97485108,kost kostan (cendrakasih),jl bonto ngirate noga,7371031006,7371031,jl bonto ngirate noga
97487671,edotel makassar,jl landak baru no 132,7371031007,7371031,jl landak baru no 132
97487717,wina laundry,jl bumi 21,7371031001,7371031,jl bumi 21
97487674,dokter praktek,hertasning raya timur,7371031004,7371031,hertasning raya timur
97487734,cost mewah,jl. s. saddang baru,7371031010,7371031,jl. s. saddang baru
97485195,warung makan (rosdiana),jl pelita raya v l r.2 no 17,7371031008,7371031,jl pelita raya v l r.2 no 17
97487767,kantin smk pelayaran,jl syech yusuf,7371031001,7371031,jl syech yusuf
97487768,catring rehan,perum bukit salekoa blok d21,7371031001,7371031,perum bukit salekoa blok d21
97487779,mitra tama raya perkasa,jalan bumi 19 blok a19 no 19,7371031001,7371031,jalan bumi 19 blok a19 no 19
97487790,toko kelana jaya,mappala 26 29,7371031006,7371031,mappala 26 29
97472896,loket resmi segala bayar,btn minasa upa blok a3,7371031002,7371031,btn minasa upa blok a3
97472888,sd inpres kampus ikip,komp ikip blok g iii,7371031006,7371031,komp ikip blok g iii
97472918,toko tirta anugerah,jlhertasning raya ruko graha hertasning no a1-a2,7371031004,7371031,jlhertasning raya ruko graha hertasning no a1-a2
97472900,usaha bentor (kasi),jl tamalate 2 ujung,7371031003,7371031,jl tamalate 2 ujung
97485622,toko campuran (rostini),borong indah,7371031004,7371031,borong indah
97482539,toko 2 puteri(basri),jl monumen emmy saelan,7371031006,7371031,jl monumen emmy saelan
97482617,sd inpres tidung 2,jl bonto dg ngirate no 10 a,7371031006,7371031,jl bonto dg ngirate no 10 a
97481379,nyamanna choux dan pie (syamsiar),jl monumen emmy saelan no 36,7371031006,7371031,jl monumen emmy saelan no 36
97481263,apotik k 24,bontocinde,7371031008,7371031,bontocinde
97482638,toko cahaya belawa (h muslih),jl bonto dg ngirate no 16,7371031006,7371031,jl bonto dg ngirate no 16
97481482,penjahitan pakaian (nurdin),jl tiding 10 stp 7 no.71,7371031003,7371031,jl tiding 10 stp 7 no.71
97482623,bengkel ketok majig (sugiono),jl pelita raya no 30,7371031010,7371031,jl pelita raya no 30
97481508,rumah tanfid aisyiyah (hj najmah patau),jalan tidung 3 blok no 27,7371031005,7371031,jalan tidung 3 blok no 27
97481535,sd inpres unggulan btn pemda,jl ap pettarani blok e 19 no 25,7371031006,7371031,jl ap pettarani blok e 19 no 25
97474841,taylor (sri mahrawani),puri taman sari blok c4,7371031004,7371031,puri taman sari blok c4
97474944,ccm mandiri - jual beli dan penyewaan motor,btn minasa upa blok e5 no 3,7371031001,7371031,btn minasa upa blok e5 no 3
97474935,apotik proya,jl.rappocini raya no,7371031009,7371031,jl.rappocini raya no
97466376,salon soraya (herawati),jl talasalapang no 97,7371031002,7371031,jl talasalapang no 97
97475265,laundry dm,jl rappocini raya,7371031009,7371031,jl rappocini raya
97480700,foto copy,buakana,7371031008,7371031,buakana
97480702,makmur jaya,buakana,7371031008,7371031,buakana
97480731,multi teknik (harrie lie),sungai saddang baru raya no 14,7371031010,7371031,sungai saddang baru raya no 14
97480735,jual bahan bangunan,sungai saddang baru raya no 18,7371031010,7371031,sungai saddang baru raya no 18
97483882,klinik keluarga sehat,jalan tamalate 1 no 15 a,7371031003,7371031,jalan tamalate 1 no 15 a
97483818,notaris (chadijah irianti),jalan nikel 2 no 16,7371031010,7371031,jalan nikel 2 no 16
97480691,aneka logam,buakana,7371031008,7371031,buakana
97506117,cv. belle emilie (studio foto),hertasning no 36,7371031006,7371031,hertasning no 36
97506123,ani olshop,pelita raya tengah 1 blok a6b no 7,7371031010,7371031,pelita raya tengah 1 blok a6b no 7
97506118,maha reflexiologi,jl toddopuli raya no 4,7371031004,7371031,jl toddopuli raya no 4
97506133,laboratorium celular,buakan,7371031008,7371031,buakan
97483974,vermak (rostini),borong indah,7371031004,7371031,borong indah
97506128,lembaga psikologi progres,jl mapala blok a/3 no 12,7371031006,7371031,jl mapala blok a/3 no 12
97506131,guest house d` khanza,j l mapala blok a/3 no 3,7371031006,7371031,j l mapala blok a/3 no 3
97470203,ruko kontrakan (yusran),hertasning,7371031005,7371031,hertasning
97470288,jual sembako (wana),pasar hertasning,7371031004,7371031,pasar hertasning
97466519,notaris,buakana,7371031008,7371031,buakana
97468130,sinar rappocini (hamid),jl rappocini raya no.278 a,7371031008,7371031,jl rappocini raya no.278 a
97468134,klinik sehat,pengayoman no 3,7371031008,7371031,pengayoman no 3
97470350,fasha internusa tours and travel,jl tamalate 1 179,7371031003,7371031,jl tamalate 1 179
97468207,apotik herwita (heryani),jl tidung 10 no 279,7371031003,7371031,jl tidung 10 no 279
97468326,sirah pictures (haris),jl tidung 10 no 294,7371031003,7371031,jl tidung 10 no 294
97466783,rumah makanan aroma,jl landak baru no 5,7371031007,7371031,jl landak baru no 5
97495201,lembaga psikotes,jl faisal 2 no 7,7371031007,7371031,jl faisal 2 no 7
97466729,kumon hertasning baru,hertasning aroepala,7371031004,7371031,hertasning aroepala
97495196,campuran 1,jl skarda n lorong 2 no 57,7371031001,7371031,jl skarda n lorong 2 no 57
97495416,planet motor,jl monumen emmy saelan,7371031006,7371031,jl monumen emmy saelan
97495439,"jasa pembayaran, listrik, air dan telpon (jalil)",jl talasalapang komp p&k,7371031001,7371031,jl talasalapang komp p&k
97498902,warung kopi (dg nia),jalan pelita raya,7371031010,7371031,jalan pelita raya
97498905,usaha furniture kayu (ahmad kausar),jalan jipang raya,7371031002,7371031,jalan jipang raya
97495947,green cell,jalan pelita raya,7371031010,7371031,jalan pelita raya
97498988,kos kosan (rushaedar),jl bumi 21,7371031001,7371031,jl bumi 21
97495988,condong raos,jl pelita raya tengah blok a 6b no 5 b,7371031010,7371031,jl pelita raya tengah blok a 6b no 5 b
97497355,rayhana spa,jalan pelita raya no 4,7371031010,7371031,jalan pelita raya no 4
97497363,tpa ikramullah,jl tamalate 8 no 53,7371031004,7371031,jl tamalate 8 no 53
97497401,es dawet ayu (sartono),jl skarda n lorong 2,7371031001,7371031,jl skarda n lorong 2
97497410,toko dianora,emmy saelan 3,7371031002,7371031,emmy saelan 3
97497382,rumah makan kapolo,jl rsi faisal 12 no 6,7371031007,7371031,jl rsi faisal 12 no 6
97484635,roehmansa (sahruddin),jl sultan alauddin no 259,7371031001,7371031,jl sultan alauddin no 259
97484612,jual nasi goreng mawut (abd khalim),pelita raya 6 no 4,7371031008,7371031,pelita raya 6 no 4
97479226,makassar pet clinic,jl mon emmy saelan no. 103 a,7371031006,7371031,jl mon emmy saelan no. 103 a
97479233,penjual parfum (erwin waris),jl rappocini raya no 4,7371031009,7371031,jl rappocini raya no 4
97479211,tk aisyah,jl tidung blok 11 no 3,7371031003,7371031,jl tidung blok 11 no 3
97478271,koperasi smk negeri 6,jl landak baru  no 132,7371031007,7371031,jl landak baru  no 132
97475611,magfira mart,jl rsi faisal raya no 16,7371031007,7371031,jl rsi faisal raya no 16
97475610,magawu laundry (sitti khadijah),jl rsi faisal raya 11 blok c20,7371031007,7371031,jl rsi faisal raya 11 blok c20
97491526,tpa tahfis algi fari,btn minasa upa blok l11 no b1,7371031001,7371031,btn minasa upa blok l11 no b1
97476429,duta mandiri tour 8 travel,jl rappocini raya no 96b,7371031009,7371031,jl rappocini raya no 96b
97491525,jual perlengkapan kapal (moudy),btn minasa upa blok l14 no 12,7371031001,7371031,btn minasa upa blok l14 no 12
97475669,paud melati dwp imim,jl mappala kampus unm,7371031006,7371031,jl mappala kampus unm
97491527,penjual bakso keliling,btn minasa upa blok k17 no 3,7371031001,7371031,btn minasa upa blok k17 no 3
97476557,las bubut dinamis,jalan landak baru no 96,7371031007,7371031,jalan landak baru no 96
97491655,toko kelontong (indriyanti),komp bumi pesona pelangi blok ungu no 1,7371031001,7371031,komp bumi pesona pelangi blok ungu no 1
97491737,warung makan jogja,jl tamalate 2 no 18,7371031003,7371031,jl tamalate 2 no 18
97490094,menjual kue (maryati),btn minasa upa blok k 13 no 5,7371031001,7371031,btn minasa upa blok k 13 no 5
97490110,depot air minum aqua (suama),perumahan angin mammiri blok d3 no 3,7371031002,7371031,perumahan angin mammiri blok d3 no 3
97491746,kantin syahrul,jl raya pendidikan,7371031006,7371031,jl raya pendidikan
97492957,jual alat listrik elektronik,jl rappocini raya no 10 d,7371031009,7371031,jl rappocini raya no 10 d
97491695,fiqhi indah cell (rastinah),hertasning,7371031005,7371031,hertasning
97476676,warkop papa (hj marni),jl mon emmy saelan no 39,7371031006,7371031,jl mon emmy saelan no 39
97478703,iva collection,jl tidung 9 stp 18 no 182,7371031003,7371031,jl tidung 9 stp 18 no 182
97478851,smart english training makassar,jl raya pendidikan 3 blok d/3 no 9,7371031006,7371031,jl raya pendidikan 3 blok d/3 no 9
97478856,bajoki store (ikhsan),jl monumen emmy saelan no 103 g,7371031006,7371031,jl monumen emmy saelan no 103 g
97479029,toko sigma (erni),jl tidung 9 no 159,7371031003,7371031,jl tidung 9 no 159
97479037,warung kelontong (hj syarifa),jl rappocini raya lr 5 no 2,7371031009,7371031,jl rappocini raya lr 5 no 2
97482089,toko jaya makmur,rappocini,7371031008,7371031,rappocini
97482162,honey fashion,kompleks pemda blok  e 20 no 17,7371031006,7371031,kompleks pemda blok  e 20 no 17
97482205,kost kosan (mautulatan),jl pelita raya a 22,7371031010,7371031,jl pelita raya a 22
97482206,sd inpres tidung,jl bonto dg ngirate 10 a,7371031006,7371031,jl bonto dg ngirate 10 a
97484237,makmur jaya lestari,jl. sungai saddang baru,7371031010,7371031,jl. sungai saddang baru
97481054,pengangkutan timbunan (mansur),permata hijau tegal,7371031004,7371031,permata hijau tegal
97481017,pembuat jelly,jl faisal 9 no 27,7371031007,7371031,jl faisal 9 no 27
97481120,notaris (ida nursanty),rappocini,7371031008,7371031,rappocini
97481088,bakso yosda,jl pelita raya no 27,7371031008,7371031,jl pelita raya no 27
97481112,surya kencana plastik (made),hertasning,7371031004,7371031,hertasning
97481122,warung kecilkelontong (dg rapi),kr bonto tangnga 1,7371031002,7371031,kr bonto tangnga 1
97481145,perdana jjb pres,jl rappocini raya no 100,7371031009,7371031,jl rappocini raya no 100
97496718,warung bubur ayam (reni),jalan ap pettrani  no 30,7371031010,7371031,jalan ap pettrani  no 30
97496733,jual balok (h sukardi),jl bonto dg ngirate,7371031006,7371031,jl bonto dg ngirate
97498539,jual beli pakaian kecil (nelly),karunrung,7371031002,7371031,karunrung
97498583,auto top clear (ningsih),sungai saddang baru no 33,7371031010,7371031,sungai saddang baru no 33
97495711,aneka keramik,buakana,7371031008,7371031,buakana
97498743,sd rappocimi,jl hertasning blok e 14 no 1,7371031006,7371031,jl hertasning blok e 14 no 1
97498744,depot air minum (pieter panomban),jalan tidung x timur perumahan stella maris blok c no 3,7371031002,7371031,jalan tidung x timur perumahan stella maris blok c no 3
97496969,toko bersama bangunan,jl monumen emmy saelan,7371031006,7371031,jl monumen emmy saelan
97496998,pengelolaan dana sd komp ikip (fitriyani),sd komp ikip jl ap pettarani,7371031007,7371031,sd komp ikip jl ap pettarani
97497007,pondok pelita,pelita raya tengah blok a6b no 4,7371031010,7371031,pelita raya tengah blok a6b no 4
97497044,sd komp ikip 1,jalan ap pettarani,7371031007,7371031,jalan ap pettarani
97498808,taksi bandara (syarifuddin),jalan talasalapang 2,7371031001,7371031,jalan talasalapang 2
97495701,cheria laundry,jl mapala 2 blok a/3 no 5,7371031006,7371031,jl mapala 2 blok a/3 no 5
97498844,permata finance,jl hertasning raya,7371031004,7371031,jl hertasning raya
97477906,hokky cell,rappocini,7371031008,7371031,rappocini
97498872,rumah kost (abdul),buakana,7371031008,7371031,buakana
97477966,persewaan kamar (kasmir),kompleks agraria a2,7371031002,7371031,kompleks agraria a2
97477999,warung campuran (ria),rappocini raya lr 9 no 30,7371031008,7371031,rappocini raya lr 9 no 30
97478052,jual beli motor (asking),jl monginsidi baru ab7 1 d,7371031010,7371031,jl monginsidi baru ab7 1 d
97477930,praktek gigi (samuel),jl hertasning raya,7371031008,7371031,jl hertasning raya
97478056,penyewaan kamar (saodah),rappocini raya lr. 9,7371031008,7371031,rappocini raya lr. 9
97475449,stasiun roti panas,jl raya pendidikan,7371031006,7371031,jl raya pendidikan
97506319,anisa cellular (zulheri),jl monumen  emmy saelan  no 76,7371031006,7371031,jl monumen  emmy saelan  no 76
97506318,prasmanan (hababbul jannah),jl mon emmy saelan,7371031006,7371031,jl mon emmy saelan
97479864,foto copy kampus upp tidung,lingkup kampus fip unm,7371031002,7371031,lingkup kampus fip unm
97479879,toko campuran (hariati),jl bonto mene 1 no 22,7371031007,7371031,jl bonto mene 1 no 22
97479988,pasrah utama ud,jl landak baru lr 5c no 94 n,7371031007,7371031,jl landak baru lr 5c no 94 n
97480153,warung prasmanan marasa,jl rsi faisal 12 no 3,7371031007,7371031,jl rsi faisal 12 no 3
97480200,praktek dokter tht,jl mapala 2 blok d 5 no 6,7371031006,7371031,jl mapala 2 blok d 5 no 6
97480397,dokter praktek nikel,jalan nikel raya a29 no 2,7371031010,7371031,jalan nikel raya a29 no 2
97480330,laundry qharezoo (h anwar),jl monumen emmy saelan no 2 1,7371031006,7371031,jl monumen emmy saelan no 2 1
97480342,smp pgri 1 tamalate,jalan monumen emmy saelan 3,7371031002,7371031,jalan monumen emmy saelan 3
97480346,lia laundry,jalan pelita raya,7371031010,7371031,jalan pelita raya
97484463,kantor notaris,jl pelita raya vi blok a 36/6,7371031008,7371031,jl pelita raya vi blok a 36/6
97480517,le moon pizza dan cafe,hertasning,7371031004,7371031,hertasning
97493880,jualan abju (raul),btn minasa upa blok k15 no 19,7371031001,7371031,btn minasa upa blok k15 no 19
97492721,usaha kue dan roti (yusri),graha mandiri blok d3,7371031001,7371031,graha mandiri blok d3
97504620,shidqyah cell,jl.pinang no.32c,7371031004,7371031,jl.pinang no.32c
97506411,bengkel (andi aso),jl landak baru,7371031007,7371031,jl landak baru
97506417,toko kelontong (asniar),karunrung raya 5 no 22,7371031002,7371031,karunrung raya 5 no 22
97490968,usaha online (bu dian),gria mutiara timur 2 berlian 11 a,7371031001,7371031,gria mutiara timur 2 berlian 11 a
97490947,rumah kost (h rusli),jalan wijaya kusuma 3 blok k 22 no 8,7371031007,7371031,jalan wijaya kusuma 3 blok k 22 no 8
97506793,sahabat laundry (aswan),jalan talasalapang,7371031002,7371031,jalan talasalapang
97491112,pondok balla lompoa,jl faisal xvii no 9,7371031007,7371031,jl faisal xvii no 9
97491132,higar beauty spa and gym,landak baru 130,7371031007,7371031,landak baru 130
97491049,jual pulsa (rayya seluler),btn minasa upablok l 7.no 1,7371031001,7371031,btn minasa upablok l 7.no 1
97491050,depot air galon (rayya zam zam),btn minasa upa blok l6 no 2,7371031001,7371031,btn minasa upa blok l6 no 2
97491093,percetakan tekno card (jemmy t),jl pelita raya blok ab no 60 a,7371031010,7371031,jl pelita raya blok ab no 60 a
97492764,bengkel ahass honda,jl landak baru no 94 d,7371031007,7371031,jl landak baru no 94 d
97494554,tayat cell (pahri),jalan pelita raya tengah blok a3c no 18,7371031010,7371031,jalan pelita raya tengah blok a3c no 18
97492812,view net (yusri),jl talasalapang raya no 15 b,7371031001,7371031,jl talasalapang raya no 15 b
97494563,kontrak pulsa,jalan landak baru lr 5 c no 94 q,7371031007,7371031,jalan landak baru lr 5 c no 94 q
97504469,travel (muradia hani),toddopuli 1,7371031004,7371031,toddopuli 1
97494120,jual pulsa (nurhidaya),jl syekh yusuf,7371031001,7371031,jl syekh yusuf
97494128,insan sejahtera,jl skarda ni no,7371031001,7371031,jl skarda ni no
97494722,bank sampah (immastin),jalan pelita raya tengah blok a 3 a no 2,7371031010,7371031,jalan pelita raya tengah blok a 3 a no 2
97498339,warung makan,rappocini kel. gunung sari,7371031001,7371031,rappocini kel. gunung sari
97496547,warkop (h mantri),jalan ap pettrani 107,7371031010,7371031,jalan ap pettrani 107
97486937,cahaya bangunan (lau handoyo),jl talasalapang raya no 24,7371031001,7371031,jl talasalapang raya no 24
97485665,gerai obat (mira),jalan kelapa tiga no 5,7371031010,7371031,jalan kelapa tiga no 5
97485632,kantor lp3m (lsm),jl hertasning komples gpi no 6c,7371031005,7371031,jl hertasning komples gpi no 6c
97488282,apotik sejahterah (kashardi),jalan emmy saelan no 32,7371031001,7371031,jalan emmy saelan no 32
97488950,dpd gapekna,jl landak baru no 112h,7371031007,7371031,jl landak baru no 112h
97488344,sd inpres minasa upa,btn minasa upa blok 6,7371031001,7371031,btn minasa upa blok 6
97487032,iloki salon,jl aroepala no 59b,7371031001,7371031,jl aroepala no 59b
97488248,apotik anugrah sejati (hariani),btn minasa upa blok f 16 no 9,7371031001,7371031,btn minasa upa blok f 16 no 9
97488351,game centre gia,jl aroepala no 66,7371031001,7371031,jl aroepala no 66
97488352,pallubasa nusantara,jl aroepala,7371031001,7371031,jl aroepala
97488370,jual beras (srui m),jl teduh bersinar blok l/10,7371031001,7371031,jl teduh bersinar blok l/10
97487034,butik adrimu,jl aroepala no255,7371031001,7371031,jl aroepala no255
97485785,game centre (hj marni),jl monumen emmy saelan no 39,7371031006,7371031,jl monumen emmy saelan no 39
97488369,cathering,komp bosowa indah blok j/ 14,7371031001,7371031,komp bosowa indah blok j/ 14
97494957,toko sarata muhamah,buakna,7371031008,7371031,buakna
97495000,rappocini raya motor,buakana,7371031008,7371031,buakana
97495099,kantor bkkbs,jalan ap pettrani no 30,7371031010,7371031,jalan ap pettrani no 30
97495001,travel (arsyad),jl. borong indah no.97,7371031004,7371031,jl. borong indah no.97
97495033,wisna lydiana (lydia),jalan pelita raya no 45,7371031010,7371031,jalan pelita raya no 45
97495127,jual ayam goreng (hendro),jl bontolangkasa,7371031007,7371031,jl bontolangkasa
97491901,kamar persewaan (hj ramlah),griya fajar mas blok m/13,7371031001,7371031,griya fajar mas blok m/13
97491899,rumah kost (dg jipa),jl teduh bersinar no 22,7371031001,7371031,jl teduh bersinar no 22
97493141,bintang cell,rappocini,7371031008,7371031,rappocini
97493078,elektone skarda <chacha>,jl skarda n lorong 1 no 50,7371031001,7371031,jl skarda n lorong 1 no 50
97493160,jual pulsa (sri m),jl teduh bersinar blok l/10,7371031001,7371031,jl teduh bersinar blok l/10
97493162,tukang jahit pakaian,jl teduh bersinar no 12,7371031001,7371031,jl teduh bersinar no 12
97493231,halo 2000,rappocini,7371031008,7371031,rappocini
97492013,warung sembako <yusmin>,komp ikip blok b vi no 20a,7371031006,7371031,komp ikip blok b vi no 20a
97486506,refleksi kesehatan,jl sungai saddang baru,7371031010,7371031,jl sungai saddang baru
97486500,wisma faris,jalan timah,7371031010,7371031,jalan timah
97486495,usaha dagang sandal dan sepatu(syamsir),btn minasa upa blok h1 no 17,7371031001,7371031,btn minasa upa blok h1 no 17
97487828,hotspot azhar,jl wijaya kusuma 1 no 41,7371031007,7371031,jl wijaya kusuma 1 no 41
97487830,salon emanuel,jl wijaya kusuma 1,7371031007,7371031,jl wijaya kusuma 1
97486580,teens,jl  sungai saddang baru,7371031010,7371031,jl  sungai saddang baru
97485258,sd inpres banta bantaeng,ballaparang,7371031010,7371031,ballaparang
97485353,fachry fc,jl sultan alauddin,7371031001,7371031,jl sultan alauddin
97485269,warung eceran (reza),tamalate 3 nomor 3,7371031003,7371031,tamalate 3 nomor 3
97485291,toko arief (abdullah),jalan jipang raya,7371031002,7371031,jalan jipang raya
97486629,mahkota taksi makassar (andis),tamalate 3 nomor 08,7371031003,7371031,tamalate 3 nomor 08
97486662,diva eletronik,jl sultan alauddin,7371031001,7371031,jl sultan alauddin
97485408,galeri mobil,hertasning no 84,7371031006,7371031,hertasning no 84
97486622,jual keliling kacamata (syahrul),jalan minasa upa blok g,7371031001,7371031,jalan minasa upa blok g
97486738,nikos digital print,jl sungai saddang baru,7371031010,7371031,jl sungai saddang baru
97488075,laundry mufaq,j l.faisal xiv,7371031007,7371031,j l.faisal xiv
97486743,wenny s (tony),jl talasalapang raya no 24 c,7371031001,7371031,jl talasalapang raya no 24 c
97488091,pengrajin gendang,komp kodam katangka lorong 1,7371031001,7371031,komp kodam katangka lorong 1
97486802,salon (irma),karunrung raya 5 no 2b,7371031002,7371031,karunrung raya 5 no 2b
97488105,mitra sakti motor pd,jalan landak baru no 104,7371031007,7371031,jalan landak baru no 104
97488062,kedai kopi refirah,jalan landak baru,7371031007,7371031,jalan landak baru
97486762,agen bank mandiri,jalan tamalate 3 no 45,7371031003,7371031,jalan tamalate 3 no 45
97486740,jual pulsa (rivaldi),karunrung raya 5,7371031002,7371031,karunrung raya 5
97486857,notaris (rosalina),toddopuli raya,7371031004,7371031,toddopuli raya
97486852,kios raruba (sumarni),griya fajar mas blok m 6,7371031001,7371031,griya fajar mas blok m 6
97486877,fc fakultas,jl mappanyukki no 47,7371031001,7371031,jl mappanyukki no 47
97481974,jasa angkutan <pt sann>,jl emmy saelan iii no 2,7371031002,7371031,jl emmy saelan iii no 2
97478660,rsb aura ibu,buakana,7371031008,7371031,buakana
97478682,bprs indo timur pt,jl rappocini raya no 212,7371031008,7371031,jl rappocini raya no 212
97476963,tk hikmah,btn minasa upa blok ab 15 no 20,7371031001,7371031,btn minasa upa blok ab 15 no 20
97478410,sekolah yayasan saribuana,jalan pelita raya no 2b,7371031010,7371031,jalan pelita raya no 2b
97478407,wira jaya cv,jalan pelita raya no 11a rt 2 rw 3 90222,7371031010,7371031,jalan pelita raya no 11a rt 2 rw 3 90222
97478694,cakra cell,jl rappocini raya no 89 a,7371031009,7371031,jl rappocini raya no 89 a
97478408,koperasi mekar depnaker,jl ap pettarani,7371031007,7371031,jl ap pettarani
97480968,notaris evita,jl ap pettarani centre blok c 10,7371031008,7371031,jl ap pettarani centre blok c 10
97480974,toko aluminium,jl pelita raya blok c 20,7371031008,7371031,jl pelita raya blok c 20
97480977,travelmadina,jl.rappocini raya no 27,7371031009,7371031,jl.rappocini raya no 27
97481287,english british 5 pt,jl. rappociini raya no 27,7371031009,7371031,jl. rappociini raya no 27
97487457,rumah makan (nur ilham),jl faisal raya,7371031007,7371031,jl faisal raya
97488701,apotek 63 farma,jl landak baru no 63,7371031007,7371031,jl landak baru no 63
97489412,apotek aldika farma,jl aroepala 22 a,7371031001,7371031,jl aroepala 22 a
97488680,chelsea cell (ridawati),jl mon emmy saelan lr 2 no 2,7371031006,7371031,jl mon emmy saelan lr 2 no 2
97502756,kolam renang unm,kampus unm olahraga,7371031007,7371031,kampus unm olahraga
97500727,sekolah paud,jl rsi faisal 14 no 18,7371031007,7371031,jl rsi faisal 14 no 18
97502761,terapi ortopedo,kompleks k o dam katangka blok e5,7371031001,7371031,kompleks k o dam katangka blok e5
97502802,pemborong paving block (tajuddin),minasa upa blok k,7371031001,7371031,minasa upa blok k
97502801,s m p n 40,jl aroe pala minasa upa timur no 4,7371031001,7371031,jl aroe pala minasa upa timur no 4
97479683,pos kpc panakkukang,jalan pelita raya a24/2,7371031010,7371031,jalan pelita raya a24/2
97500794,wisma pelita mas,jl pelita raya,7371031008,7371031,jl pelita raya
97502816,penyewaan rumah kos,kompleks kodam katangka blok e5,7371031001,7371031,kompleks kodam katangka blok e5
97502821,zafirah salon,btn minasa upa blok k5 no 8,7371031001,7371031,btn minasa upa blok k5 no 8
97479697,tk katolik santo asisi,jl hertasning raya no 102,7371031005,7371031,jl hertasning raya no 102
97479698,pengelolaan dan tk pertiwi,jl bontolangkasa,7371031007,7371031,jl bontolangkasa
97480554,rangeong. cv,jlpermata hijau permai blok a no. 4,7371031004,7371031,jlpermata hijau permai blok a no. 4
97499523,tpa al huda,btn agraria,7371031002,7371031,btn agraria
97501727,toko cahaya lulu,jl syekh yusuf,7371031001,7371031,jl syekh yusuf
97501731,warung lesehanmaraja (akbar),jl todopoli 22 blok 35 no 22,7371031006,7371031,jl todopoli 22 blok 35 no 22
97501752,apotik kharisa farma,jltoddopuli raya no 12 b,7371031004,7371031,jltoddopuli raya no 12 b
97501769,quick & clean laundry,jl toddopuli raya no 8,7371031004,7371031,jl toddopuli raya no 8
97504974,farfum isi ulang (radial),jalan landak baru lr 5 c no 94 q,7371031007,7371031,jalan landak baru lr 5 c no 94 q
97496677,rm kapurung (suryansya),jl pelita raya no 34,7371031010,7371031,jl pelita raya no 34
97484738,laundry kuya-kuya (abd razak),btn minasa upa blok a3,7371031002,7371031,btn minasa upa blok a3
97499603,pbm auto service,jalan ballaparang 2 no.8,7371031010,7371031,jalan ballaparang 2 no.8
97499604,tpa alhilal,jalan kelapa tiga no.52 b,7371031010,7371031,jalan kelapa tiga no.52 b
97505009,apotek nida farma,jl minasaupa raya blok k 19 no 3,7371031001,7371031,jl minasaupa raya blok k 19 no 3
97499660,87 printing,jl wijaya kusuma 1,7371031007,7371031,jl wijaya kusuma 1
97499667,kanaya butik,btn hasirah blok a 6,7371031001,7371031,btn hasirah blok a 6
97499680,arun home (syamsinar),perumahan anging mammiri blok ag 1,7371031002,7371031,perumahan anging mammiri blok ag 1
97491801,politeknik kesehatan lingkungan,banta bantaeng,7371031007,7371031,banta bantaeng
97491813,wanua tempe tempe cv,komp skarda n no 34,7371031001,7371031,komp skarda n no 34
97489830,depot air minum aquata,jl wijaya kusuma 1,7371031007,7371031,jl wijaya kusuma 1
97489833,karya yonas lande,jl wijaya kusuma 1 no 38,7371031007,7371031,jl wijaya kusuma 1 no 38
97491835,bakso salemo (mery),jln syekh yusuf,7371031001,7371031,jln syekh yusuf
97489873,warung kelontong (petrigama),btn minasa upa blok l15,7371031001,7371031,btn minasa upa blok l15
97491843,kontraktor (faisal),perumahan puri taman sari blok b 7,7371031004,7371031,perumahan puri taman sari blok b 7
97491862,florist yanti,komp ikip blok b i no 9,7371031006,7371031,komp ikip blok b i no 9
97505086,alang wisata tour dan travel,jl hertasning baru no n9,7371031004,7371031,jl hertasning baru no n9
97505083,phinisi mengemudi,jl aroepala no 41,7371031004,7371031,jl aroepala no 41
97505084,smk kesehatan terpadu mega rezky makassar,jl.aroepala hertasning baru blok 10 no.1b,7371031004,7371031,jl.aroepala hertasning baru blok 10 no.1b
97491913,lagoosi indonesia c v,jl griya fajar mas perumahan lagoosi,7371031001,7371031,jl griya fajar mas perumahan lagoosi
97489941,soerabi van java,jl hertasning raya,7371031004,7371031,jl hertasning raya
97489944,empek-empek sriwijaya,jl hertasning raya,7371031004,7371031,jl hertasning raya
97491923,wahyu karya nusantara.pt,jalan mahoni no 152 b,7371031004,7371031,jalan mahoni no 152 b
97490012,sekretariat rusunawa,kampus unismuh sultan alauddin no 259,7371031001,7371031,kampus unismuh sultan alauddin no 259
97495625,praktek dokter gigi,jl mapala blok a 2 no 14,7371031006,7371031,jl mapala blok a 2 no 14
97490013,kantin unismuh (andi sriwara),kampus unismuh jl sultan alauddin no.259,7371031001,7371031,kampus unismuh jl sultan alauddin no.259
97495661,apotek arifah,jl hfrtasning gpi no 11a,7371031005,7371031,jl hfrtasning gpi no 11a
97495693,kantor notaris (jeniati),jalan sungai saddang bbaru no 50,7371031010,7371031,jalan sungai saddang bbaru no 50
97490088,warnet,btn minasa upa blok l3 no 19,7371031001,7371031,btn minasa upa blok l3 no 19
97495714,ghonim cv (daud),jalan sungai jenelata no 03,7371031002,7371031,jalan sungai jenelata no 03
97492156,kantin nurkarya tidung,smp smk nurkaryati tidung,7371031005,7371031,smp smk nurkaryati tidung
97496007,toko campuran,buakana,7371031008,7371031,buakana
97492175,chenel one cell (ningsih wira),jalan rappocini raya no 219,7371031008,7371031,jalan rappocini raya no 219
97484961,ayam krispy mas kabul,jl abu bakar lambogo kemauan no 69,7371031001,7371031,jl abu bakar lambogo kemauan no 69
97484986,rajairo galon (imran),sungai saddang baru timur rama a10 no 17,7371031010,7371031,sungai saddang baru timur rama a10 no 17
97484984,praktek kulit (anis anwar m dr),sungai saddang baru timur rama,7371031010,7371031,sungai saddang baru timur rama
97479311,arminareka perdana pt (mitra),jl hertasning barat 1 no 20 makassar,7371031005,7371031,jl hertasning barat 1 no 20 makassar
97480140,sd katolik santo alosius,jl hertasning raya no 102,7371031005,7371031,jl hertasning raya no 102
97492236,teh poci (dian nur salim),jl raya pendidikan depan indomaret,7371031006,7371031,jl raya pendidikan depan indomaret
97495853,bintang harapan cv,jl mapala blok a 13 no 13,7371031006,7371031,jl mapala blok a 13 no 13
97496074,pelita jaya larasindo cv (syahrun),jalan pelita raya vi no 11 rt 2 rw 6 90222,7371031008,7371031,jalan pelita raya vi no 11 rt 2 rw 6 90222
97480165,mercurius,jl kompleks permatasari,7371031008,7371031,jl kompleks permatasari
97488807,toko kelontong (sisilia),jalan wijaya kusuma 2 no 4,7371031007,7371031,jalan wijaya kusuma 2 no 4
97486800,cv anugrah mandiri,jl tidung mariolo lorong 1 no 26 b,7371031006,7371031,jl tidung mariolo lorong 1 no 26 b
97492322,usaha pakaian (lina),jalan monginsidi baru lorong 9 no 21,7371031010,7371031,jalan monginsidi baru lorong 9 no 21
97480821,smp negeri 13 makassar,jltamalate 6 no.2,7371031004,7371031,jltamalate 6 no.2
97488808,toko gumilang <suhasni>,jalan wijaya kusuma 2 no 12,7371031007,7371031,jalan wijaya kusuma 2 no 12
97493557,sd inp kassi kassi i,jl asam keranji,7371031004,7371031,jl asam keranji
97483624,warung kopi 46,jalan pelita raya,7371031010,7371031,jalan pelita raya
97492425,penyewaan kamar,jipang  raya,7371031002,7371031,jipang  raya
97492494,jualan es cendol,jl tidung 9 stp 4 no 95,7371031003,7371031,jl tidung 9 stp 4 no 95
97492503,ksu mitra mandiri,btn minasa upa blok j6 no 7,7371031001,7371031,btn minasa upa blok j6 no 7
97493698,kartini (grosir),jalan karunrung,7371031002,7371031,jalan karunrung
97505477,abutran (mular),jl jipang permai dp 2,7371031002,7371031,jl jipang permai dp 2
97493758,kios ita (ita),btn minasa upa blok n11 no 11,7371031001,7371031,btn minasa upa blok n11 no 11
97494348,travel umroh (ir h mukhlis),btn minasa upa blok ea no 10,7371031001,7371031,btn minasa upa blok ea no 10
97494377,kantor pengelolah inkubator unm (hajra),jl ap pettarani,7371031007,7371031,jl ap pettarani
97505585,foto copy mustajab,karunrung,7371031002,7371031,karunrung
97492673,jual minuman dingin,jl landak baru lr 5 c no 94 q,7371031007,7371031,jl landak baru lr 5 c no 94 q
97492672,agen tabung gas 3 kg,jalan landak baru lr 5 c no 94 q,7371031007,7371031,jalan landak baru lr 5 c no 94 q
97493862,kost kostan (hj nani),jl wijaya kusuma raya no 60,7371031007,7371031,jl wijaya kusuma raya no 60
97487020,tour & travel mauraga <asmi>,pelita 2 no 2,7371031008,7371031,pelita 2 no 2
97487033,dewata art,jl aroepala no 65,7371031001,7371031,jl aroepala no 65
97481090,harajuku jok mobil,j l aroepala,7371031004,7371031,j l aroepala
97480896,persewaan kamar 1,kompleks permata hijau permai blok h no.34,7371031004,7371031,kompleks permata hijau permai blok h no.34
97480031,kursus bahasa inggris utomo,jl tamalate ii no 1,7371031003,7371031,jl tamalate ii no 1
97486270,"rasya putra ,mandiri cv",jl aroupala permt taman yasmin b2 2,7371031003,7371031,jl aroupala permt taman yasmin b2 2
97487111,toko kangen water,komp.permata panakukkang no. 3 a,7371031004,7371031,komp.permata panakukkang no. 3 a
97487105,yayasan tri karsa sma,jalan minasasari,7371031001,7371031,jalan minasasari
97486277,kb pelita peduli anak bangsa,jl pelita raya lr 2 no 3a,7371031010,7371031,jl pelita raya lr 2 no 3a
97486364,klinik aden,jl.sungai saddang baru,7371031010,7371031,jl.sungai saddang baru
97481226,praktek gunawan,jalan rappocini raya no 124,7371031008,7371031,jalan rappocini raya no 124
97479877,cempag wahana nusantara pt,komp puri mutiara blok v/7,7371031009,7371031,komp puri mutiara blok v/7
97479872,pangkalan elpiji (hadija hanifa),btn agraria blok s no 28,7371031002,7371031,btn agraria blok s no 28
97480718,pengepul barang rongsokan (agus),permata hijau tegal,7371031004,7371031,permata hijau tegal
97486455,loka wisata asri pt,tidung mariolo blok c 3a,7371031006,7371031,tidung mariolo blok c 3a
97487244,indo mobil finance,hertasning raya timur,7371031004,7371031,hertasning raya timur
97487255,halal mart <aida>,griya fajar mas blok n,7371031001,7371031,griya fajar mas blok n
97487269,percetakan,buakana,7371031008,7371031,buakana
97486504,konsultan sisnis (ulum),jalan monginsidi baru ab 4 no 7,7371031010,7371031,jalan monginsidi baru ab 4 no 7
97486528,ghideo tour & travel,jl ap pettarani,7371031008,7371031,jl ap pettarani
97480740,sd. emy saelan,jltamalate 6 no,7371031004,7371031,jltamalate 6 no
97487297,katering putri utami,talasalapang 1 no 1,7371031001,7371031,talasalapang 1 no 1
97480742,rental mobil fathir,jl pelita raya v,7371031008,7371031,jl pelita raya v
97479909,j sapratama cv,jl rappocini raya,7371031008,7371031,jl rappocini raya
97487343,isma raya ud <m yusuf>,jl mon emmy saelan no 84,7371031006,7371031,jl mon emmy saelan no 84
97487355,asuransi himalaya pt,jl pelita raya no c 23,7371031008,7371031,jl pelita raya no c 23
97486574,ud todoopuli motor,jl monumen emmy s a elan ruko no 38,7371031006,7371031,jl monumen emmy s a elan ruko no 38
97481115,lembaga pendidikan mitra,jalan tamalate 3 no 45,7371031003,7371031,jalan tamalate 3 no 45
97481116,koya,jl ap pettarani centre blok b 2,7371031008,7371031,jl ap pettarani centre blok b 2
97486578,print up,jl sungai saddang baru no 9a rt 3 rw 2 90222,7371031010,7371031,jl sungai saddang baru no 9a rt 3 rw 2 90222
97481117,travel (ika),jl yusuf dg awing blok e 27 no 1,7371031006,7371031,jl yusuf dg awing blok e 27 no 1
97487421,markisa sirop asli (wempi),jalan bumi 9 blok a.7 no 8,7371031001,7371031,jalan bumi 9 blok a.7 no 8
97481144,cv. roti dan brownies daeng,jl. hertasning/aroepala no. 25 makassar,7371031004,7371031,jl. hertasning/aroepala no. 25 makassar
97478581,kantor pascasarjana,jl bontolangkasa,7371031007,7371031,jl bontolangkasa
97478593,sulawesi travel (adil),jl makkio baji 4 no 4 a 2,7371031006,7371031,jl makkio baji 4 no 4 a 2
97483621,pembuat kue dan coklat (sulvistiani),jalan karunrung raya 4 no 6,7371031002,7371031,jalan karunrung raya 4 no 6
97483628,bank mandiri tbk,jl bontolangkasa gedung 4c pascasarjana,7371031007,7371031,jl bontolangkasa gedung 4c pascasarjana
97481353,bimbingan belajar focus a,landak baru no 70,7371031007,7371031,landak baru no 70
97477897,putra perkasa pt <cakra>,jl hertasning komples gpi no 2a,7371031005,7371031,jl hertasning komples gpi no 2a
97483664,safari wisata,jl.sungai saddang baru,7371031010,7371031,jl.sungai saddang baru
97483661,inti bangunan,jl.sungai saddang baru,7371031010,7371031,jl.sungai saddang baru
97481374,sultan jaya ud,jl bangkit raya no 1,7371031004,7371031,jl bangkit raya no 1
97479556,smk farmasi yamasi,jl mapala 2 blok d 5 no.10,7371031006,7371031,jl mapala 2 blok d 5 no.10
97477907,bordir dan konveksi,rappocini,7371031008,7371031,rappocini
97483672,alhamdi,jl.sungai saddang baru,7371031010,7371031,jl.sungai saddang baru
97491769,kamar kontrakan (soewardi),btn minasa upa blok n 17 no 10,7371031001,7371031,btn minasa upa blok n 17 no 10
97490131,sakura laundry,jl jipang raya blok ai no 15,7371031001,7371031,jl jipang raya blok ai no 15
97490132,ramah motor,jl jipang raya glok al no 12,7371031001,7371031,jl jipang raya glok al no 12
97491832,asera guest house,jl mappala a ii no 6,7371031006,7371031,jl mappala a ii no 6
97490238,toko askar,jl tamalate 5 setapak 8 no 21,7371031004,7371031,jl tamalate 5 setapak 8 no 21
97490255,klinik kesehatan (ari),jalan wijaya kusuma raya no 8,7371031007,7371031,jalan wijaya kusuma raya no 8
97490244,star futsal,jl hertasning raya no b,7371031004,7371031,jl hertasning raya no b
97488151,jasa pengantaran,jl ap pettarani blok e 27 no 27,7371031006,7371031,jl ap pettarani blok e 27 no 27
97488553,pt aplikanusa lintas arta,jl raya pendidikan blok f1/2,7371031006,7371031,jl raya pendidikan blok f1/2
97488152,khusnul khotimah travel pt,jalan landak baru lr 10 no 6,7371031007,7371031,jalan landak baru lr 10 no 6
97488572,gas elpiji,btn minasa upa blok n3 no 7,7371031001,7371031,btn minasa upa blok n3 no 7
97488560,notaris/ ppat,jl sungai saddang baru no 12 a,7371031010,7371031,jl sungai saddang baru no 12 a
97488571,jahit (ana),btn minasa upa blok n3 no 22,7371031001,7371031,btn minasa upa blok n3 no 22
97488203,"kanza sejahtera, pt",jl landak baru lorong 8 no 30,7371031007,7371031,jl landak baru lorong 8 no 30
97488612,yayasan tri bakti smp,jalan minasasaki,7371031001,7371031,jalan minasasaki
97488236,katering d rate (ramli),landak baru lr 3,7371031007,7371031,landak baru lr 3
97488735,koperasi simpan pinjam,jl karunrung raya no 15,7371031002,7371031,jl karunrung raya no 15
97485878,regivl 8 putra cv,kompleks bph jl bumi 2 sultan al auddin,7371031001,7371031,kompleks bph jl bumi 2 sultan al auddin
97485853,apotik setia farma,jalan rappocini raya,7371031009,7371031,jalan rappocini raya
97486760,arimatea makassar,jl ap pettarani ruko bisnis centre blok b 7,7371031008,7371031,jl ap pettarani ruko bisnis centre blok b 7
97485902,home shoping,jalan landak baru,7371031007,7371031,jalan landak baru
97488778,foto copy unismuh,jl sultan alauddin <kampus unismuh mks>,7371031001,7371031,jl sultan alauddin <kampus unismuh mks>
97477832,klinik budi mulia,jl. nikel 2 ballaparang,7371031010,7371031,jl. nikel 2 ballaparang
97483386,muti karya abadi (laode),jl rsi faisal 12 no 5b,7371031007,7371031,jl rsi faisal 12 no 5b
97483433,masagena (nursyah),jl.hertasning e 9 no 17,7371031006,7371031,jl.hertasning e 9 no 17
97477438,kuala harapan bersama cv,jl hertasning barat 4 no 30,7371031005,7371031,jl hertasning barat 4 no 30
97487459,pt sumber alfaria trijaya tbk cabang syekh yusuf,jl syekh yusuf no 105 katangka,7371031001,7371031,jl syekh yusuf no 105 katangka
97487493,alfa midi,jalan wijaya kusuma raya no 1,7371031007,7371031,jalan wijaya kusuma raya no 1
97487552,kantor cv 55 (andi troy),sungai saddang baru blok 11/10,7371031010,7371031,sungai saddang baru blok 11/10
97487544,r2 stationery (h amiruddin),jl talasalapang raya no 27,7371031001,7371031,jl talasalapang raya no 27
97487548,bidan praktek (nancy),sungai saddang baru timur rama,7371031010,7371031,sungai saddang baru timur rama
97487556,cv tiga lima tujuh,jl akses taman gosyen no 7,7371031001,7371031,jl akses taman gosyen no 7
97487547,mcc (dedy lumentut),jl sungai saddang baru,7371031010,7371031,jl sungai saddang baru
97487551,dr gigi (raodah),jl sungai saddang baru,7371031010,7371031,jl sungai saddang baru
97480054,amanah bina cipta cv (megawati),jl tidung 8 stp 3 no 57,7371031003,7371031,jl tidung 8 stp 3 no 57
97479212,jual kayu,buakana,7371031008,7371031,buakana
97480059,toko sumber rezky <rini>,jl monumen emmy saelan,7371031006,7371031,jl monumen emmy saelan
97479235,kantin tizara (dw),jl ap pettarani,7371031007,7371031,jl ap pettarani
97480228,gatras pt,jalan pelita raya no,7371031010,7371031,jalan pelita raya no
97477628,jualan campuran (siswoko),jl hertasning barat 2 no 12,7371031005,7371031,jl hertasning barat 2 no 12
97477660,asri sejahtera cv,jl landak baru lr 9 buntu no 100,7371031007,7371031,jl landak baru lr 9 buntu no 100
97482431,depot galon (m khalik),jl.rappocini raya lr 2 no 6,7371031009,7371031,jl.rappocini raya lr 2 no 6
97482437,koperasi surya abadi,jl skarda n2 no 43,7371031001,7371031,jl skarda n2 no 43
97480190,sd pertiwi,jl bontolangkasa 1,7371031007,7371031,jl bontolangkasa 1
97480861,pt. andi sejahterah,jl skarda n no 3,7371031001,7371031,jl skarda n no 3
97483735,cuci motor,buakana,7371031008,7371031,buakana
97483744,pt. isperial tunggal contractor,jl hertasning barat e/7 komples gpi,7371031005,7371031,jl hertasning barat e/7 komples gpi
97478371,dokter gigi drg hadija gcofried,jl tamalate 1 b 17,7371031005,7371031,jl tamalate 1 b 17
97483883,rs luramay,jalan yusuf dg awing blok e 19 nomor 11,7371031006,7371031,jalan yusuf dg awing blok e 19 nomor 11
97483888,zacky tour dan ravel,jl a pettarani komp ruko pettarani centre blok a2 a3,7371031008,7371031,jl a pettarani komp ruko pettarani centre blok a2 a3
97483897,alfa mart <dika>,jl monumen emmy saelan,7371031006,7371031,jl monumen emmy saelan
97483879,astra ud trucks,jl ap pettarani busin is centre,7371031006,7371031,jl ap pettarani busin is centre
97483910,balai pengobatan,kompleks pemda blok  e 24 no 72,7371031006,7371031,kompleks pemda blok  e 24 no 72
97492714,apotek unismuh,jl talasalapang raya,7371031001,7371031,jl talasalapang raya
97492719,sma trisakti aroepala,jl aroepala no 5,7371031001,7371031,jl aroepala no 5
97492759,toko utama,buakana,7371031008,7371031,buakana
97492043,alfa mart sungai saddang baru,jl.sungai saddang baru,7371031010,7371031,jl.sungai saddang baru
97492779,tritunggal<sahrunas pt>,jl living plaza pettarani,7371031006,7371031,jl living plaza pettarani
97492056,toko makassar jaya baru,jalan rappocini ray a no 187 c,7371031008,7371031,jalan rappocini ray a no 187 c
97492811,pegadaian persero pt,jl talasapang raya,7371031001,7371031,jl talasapang raya
97492806,levana cv,btn minasa upa blok a b 43 no. 2,7371031001,7371031,btn minasa upa blok a b 43 no. 2
97492893,tk islam umida,talasalapang raya,7371031001,7371031,talasalapang raya
97492951,pengadaan barang (muis),perumahan puri taman sari blok b 5/6,7371031004,7371031,perumahan puri taman sari blok b 5/6
97492978,"mut engineering, pt",jalan pelita raya tengah blok a1 no 2,7371031010,7371031,jalan pelita raya tengah blok a1 no 2
97492962,kk indonesia pt,jl sultan alauddin plaza blok ab 17 18,7371031001,7371031,jl sultan alauddin plaza blok ab 17 18
97492279,sumber maju ud,jl.pinang no.30 rt 1 rw 10 90222,7371031004,7371031,jl.pinang no.30 rt 1 rw 10 90222
97493100,apotei widya,buakana,7371031008,7371031,buakana
97487664,depot air minum (laode saehi),jalan karunrung raya 1,7371031002,7371031,jalan karunrung raya 1
97487658,insan perdana cv,jl banta bantaeng no 17 b,7371031007,7371031,jl banta bantaeng no 17 b
97487695,wirakarsa konstruksi pt,jl bontomene no 11,7371031007,7371031,jl bontomene no 11
97487663,puskud sul sel,perumahan pemda e 13 no 8a,7371031006,7371031,perumahan pemda e 13 no 8a
97487735,dealer honda motor,il.sungai saddang baru,7371031010,7371031,il.sungai saddang baru
97491711,toko mitra jaya ( hudi ),jalan rappocini raya no 186,7371031008,7371031,jalan rappocini raya no 186
97487733,bank panin,jl. sungai saddang baru no. b2 makassar,7371031010,7371031,jl. sungai saddang baru no. b2 makassar
97487743,percetakan jaya raya,jl. sungai saddang baru rt 3 rw 2 90222,7371031010,7371031,jl. sungai saddang baru rt 3 rw 2 90222
97487764,jilc landak baru,jalan landak baru no 112j,7371031007,7371031,jalan landak baru no 112j
97491679,wrapped,landak baru 130,7371031007,7371031,landak baru 130
97487769,kantor jasa penilai publik,perum bukit salekoa blok d11,7371031001,7371031,perum bukit salekoa blok d11
97478726,catering anugerah,jl rsi faisal no 7 6,7371031007,7371031,jl rsi faisal no 7 6
97489681,sawawa <rudi>,ballaparang,7371031010,7371031,ballaparang
97489690,koperasi perum perumnas,jl hertasning no 1,7371031004,7371031,jl hertasning no 1
97490547,bilal computer cv,btn minasa sari,7371031001,7371031,btn minasa sari
97491322,appa se re sere cv,jl aroepala komp ruko grand royal no 4,7371031001,7371031,jl aroepala komp ruko grand royal no 4
97490623,andika cv,jl minasaupa raya blok c6 no 5,7371031001,7371031,jl minasaupa raya blok c6 no 5
97490629,t k minasa upa,b t n minasa upa blok e4 no 16,7371031001,7371031,b t n minasa upa blok e4 no 16
97490627,resky tri putra cv,jalan kelapa tiga 2 no 28,7371031010,7371031,jalan kelapa tiga 2 no 28
97490660,ud sinjai,jl aroepala,7371031001,7371031,jl aroepala
97491326,yamaha tala motor,jl aroepala hertasning baru,7371031001,7371031,jl aroepala hertasning baru
97489773,usaha galon,jl sultan alauddin no 259,7371031001,7371031,jl sultan alauddin no 259
97491422,rahim abadi cv,btn minasaupa blok k1 no 19,7371031001,7371031,btn minasaupa blok k1 no 19
97489772,laundry asmadina,jl sultan alauddin no 25 a (dalam kampus unismuh),7371031001,7371031,jl sultan alauddin no 25 a (dalam kampus unismuh)
97491419,hallo phone (robert),jalan rappocini raya no 215,7371031008,7371031,jalan rappocini raya no 215
97491415,rewako properti pt,komp ikip blok a 2 no 3b,7371031006,7371031,komp ikip blok a 2 no 3b
97491407,konsultan hukum <annie>,jl bonto mene i no 6,7371031007,7371031,jl bonto mene i no 6
97491324,sd al azhar,jl. aroepala hertasning baru,7371031001,7371031,jl. aroepala hertasning baru
97491417,salon khamila,btn minasa upa blok j3 no 8,7371031001,7371031,btn minasa upa blok j3 no 8
97490579,spbu hertasning raya,jl hertasning raya no 74,7371031004,7371031,jl hertasning raya no 74
97490617,kantin koperasi,jl ap pettarani,7371031007,7371031,jl ap pettarani
97490661,stand 40,btn minasa upa blok n9/27,7371031001,7371031,btn minasa upa blok n9/27
97490681,usaha dagang al qilah,graha mandiri 1 blok c no 1,7371031001,7371031,graha mandiri 1 blok c no 1
97489851,politeknik kesehatan makassar,jl. wijaya kusuma no. 46 makassar,7371031007,7371031,jl. wijaya kusuma no. 46 makassar
97491465,sri satya dental care (gede),jalan sungai saddang baru lorong mumin 2 no 5,7371031010,7371031,jalan sungai saddang baru lorong mumin 2 no 5
97491477,klinik gigi adelia,jalan wijaya kusuma raya,7371031007,7371031,jalan wijaya kusuma raya
97490716,dokter praktek hatase nurna,bnt minasa upa blok a5,7371031002,7371031,bnt minasa upa blok a5
97491478,ksu gotong royong,jl beringin 7 no 4,7371031004,7371031,jl beringin 7 no 4
97490734,toko kaktika (nur wana),btn minasa upa blok a5,7371031002,7371031,btn minasa upa blok a5
97490731,furniture (ong bung siong),jl landak baru lorong 9,7371031007,7371031,jl landak baru lorong 9
97489899,token listrik (rapiuddin),btn minasaupa,7371031001,7371031,btn minasaupa
97491518,toko jaya (irfan fahmi),jl kumala,7371031001,7371031,jl kumala
97489976,surya rigensi daya cv <yuliana>,btn minasa upa blok h 6 n 0 22,7371031001,7371031,btn minasa upa blok h 6 n 0 22
97490819,mandiri privat,perum villa mega sari blok c no 3,7371031001,7371031,perum villa mega sari blok c no 3
97490760,smk trisakti aroepala,jl aroepala no 5,7371031001,7371031,jl aroepala no 5
97489979,sma raiders,jalan bakti 4 no.21,7371031010,7371031,jalan bakti 4 no.21
97490838,era bangun sarana pt,jl landak baru112h,7371031007,7371031,jl landak baru112h
97488883,apotik hartati,j l tamalate i no 3,7371031004,7371031,j l tamalate i no 3
97488891,sarana sulsel ventura pt,jl rsi faisal raya,7371031007,7371031,jl rsi faisal raya
97486878,"hero supermarket, pt (giant alauddin)",jl sultan alauddin no. 261,7371031001,7371031,jl sultan alauddin no. 261
97486893,catering putri,btn minasaupa blok f14/1,7371031001,7371031,btn minasaupa blok f14/1
97488953,arfa pratama,jl faisal12 no 12 a,7371031007,7371031,jl faisal12 no 12 a
97486858,sop saudara,toddopuli raya,7371031004,7371031,toddopuli raya
97486938,fast food indonesia pt,jl sultan alauddin,7371031001,7371031,jl sultan alauddin
97488955,family inn,jl rsi faisal 12 no 10,7371031007,7371031,jl rsi faisal 12 no 10
97488958,4j operation,btn minasa upa ruko e no 7,7371031001,7371031,btn minasa upa ruko e no 7
97488978,percetakan prince (aditya),pelita raya no 26 rt 1 rw 1 90222,7371031010,7371031,pelita raya no 26 rt 1 rw 1 90222
97489029,tpa nursakinah,jalan s yekh y usuf,7371031001,7371031,jalan s yekh y usuf
97489030,sd negeri katangka,jalan s yek h y us u f,7371031001,7371031,jalan s yek h y us u f
97489076,geospatial cv (johan eden),tamalate 2 no 7a,7371031003,7371031,tamalate 2 no 7a
97489102,pangkalan elpiji 3 kg,btn minasa upa blok k14 no 17,7371031001,7371031,btn minasa upa blok k14 no 17
97489045,travel am utama,btn minam um blok abhno 8,7371031001,7371031,btn minam um blok abhno 8
97489027,saudi patria wisata pt,ruko ambasalda jl rs faisal raya,7371031007,7371031,ruko ambasalda jl rs faisal raya
97484155,kendari pos,jl rappocini raya no 4 b,7371031009,7371031,jl rappocini raya no 4 b
97489113,tk aisiah fajar sadiq,jalan landak baru lr 2 no 25,7371031007,7371031,jalan landak baru lr 2 no 25
97484169,bintang rezky cv,il bonto mene 1 no 8,7371031007,7371031,il bonto mene 1 no 8
97489028,bayu buana travel pt,ruko ambasador jl faisal raya,7371031007,7371031,ruko ambasador jl faisal raya
97489100,cincau (andi besse),btn minasa upa n3 no 23,7371031001,7371031,btn minasa upa n3 no 23
97482639,kurnia abadi cv,il rappocini raya no 179,7371031008,7371031,il rappocini raya no 179
97482784,cv mitra trans,jalan hertasning 6 no 25,7371031006,7371031,jalan hertasning 6 no 25
97484238,rajawali advertising,jl. sungai saddang baru 92 a,7371031010,7371031,jl. sungai saddang baru 92 a
97482848,asuransi asei,jl ap petarani kompleks petarani bisnis center blok e no 1,7371031006,7371031,jl ap petarani kompleks petarani bisnis center blok e no 1
97482845,rutan pt,jalan ap  petarani no 110,7371031008,7371031,jalan ap  petarani no 110
97482878,indomart,landak baru,7371031007,7371031,landak baru
97482891,koperasi surya amanah,jl aroepala,7371031004,7371031,jl aroepala
97482890,wahana megahputra sejahtera pt,jl andi pangeran petarani no 116,7371031008,7371031,jl andi pangeran petarani no 116
97482913,green cafe,kassi-kassi,7371031004,7371031,kassi-kassi
97484416,cahaya mappala cv (joko),jl mappala blok a5 no 39f rt 7 rw 9 90222,7371031006,7371031,jl mappala blok a5 no 39f rt 7 rw 9 90222
97484466,butik keisha,jl. aroepala blok x no. ia,7371031004,7371031,jl. aroepala blok x no. ia
97484467,indomart,jl mongonsidi baru,7371031009,7371031,jl mongonsidi baru
97482944,bri unit sungai saddang baru,jl. sundai saddang baru,7371031010,7371031,jl. sundai saddang baru
97483009,trisula nusantara cv,jl bonto mene no 23 rt 4 rw 7 90222,7371031007,7371031,jl bonto mene no 23 rt 4 rw 7 90222
97483015,notaris,komp.php blok j/33,7371031004,7371031,komp.php blok j/33
97483006,pivotal engineering consultant cv,buakana raya no 33,7371031008,7371031,buakana raya no 33
97483041,arini kopi center ud,jl aroepala no.1,7371031004,7371031,jl aroepala no.1
97483126,dokter praktek (ramlah),hertasning,7371031004,7371031,hertasning
97483145,"sagita utama lestari, pt",jl m apala a 4 no 12,7371031006,7371031,jl m apala a 4 no 12
97484623,kelompok bermain tunas muda,jl tidung mariolo lr 1,7371031006,7371031,jl tidung mariolo lr 1
97484680,galaxy ac,jl sungai saddang baru,7371031010,7371031,jl sungai saddang baru
97484664,jual gas (rafiuddin),toddopuli 1,7371031004,7371031,toddopuli 1
97484683,greensville montessori school,kompleks pemda blok e 30,7371031006,7371031,kompleks pemda blok e 30
97483128,ksp batavia (muhtar),hertasning raya timur no 12 a,7371031004,7371031,hertasning raya timur no 12 a
97483333,gahara hotel,jl hertasning e 9 no 23,7371031006,7371031,jl hertasning e 9 no 23
97483337,rumah makan landak baru (hamzah),landak baru,7371031007,7371031,landak baru
97484752,toko fisgib (novita),toddopuli 1 no 47,7371031004,7371031,toddopuli 1 no 47
97484754,toko sinar rejeki (fredi),toddopuli raya,7371031004,7371031,toddopuli raya
97481560,jual kayu (aras),jl tidung mariolo,7371031006,7371031,jl tidung mariolo
97484753,sopir taxi (sahabuddin),toddopuli 1 no 43,7371031004,7371031,toddopuli 1 no 43
97498815,pedagang pupuk,pelita raya 2 lr 4 no 85,7371031008,7371031,pelita raya 2 lr 4 no 85
97498813,punggawa print (iqbal),sungia saddang baru no 37 rt 1 rw 9 90222,7371031010,7371031,sungia saddang baru no 37 rt 1 rw 9 90222
97497935,jual minuman dingin dan makanan ringan (norma),sd komp ikip jl ap pettarani,7371031007,7371031,sd komp ikip jl ap pettarani
97497939,dayu putrindo pt,jl mapala blok a 4 no 2a,7371031006,7371031,jl mapala blok a 4 no 2a
97497947,percetakan abadi (hendra),jl sungai saddang baru,7371031010,7371031,jl sungai saddang baru
97498008,"ratu arta prima, pt",jl hertasning komples gpi no 2a,7371031005,7371031,jl hertasning komples gpi no 2a
97498029,praktek dokter gigi,jl mapala 2 blok a 4 no 4,7371031006,7371031,jl mapala 2 blok a 4 no 4
97498816,notaris,jl tamalate 4 no 146,7371031004,7371031,jl tamalate 4 no 146
97498149,cv binatech (syamsul),jl hertasning blok e no 1,7371031006,7371031,jl hertasning blok e no 1
97498190,koperasi berkat,jl.tamalate v.no.26,7371031004,7371031,jl.tamalate v.no.26
97493177,jual es cincau,rappocini,7371031008,7371031,rappocini
97492437,pt mega nikmat persada nusantara,jl.ballaparang ii no.13,7371031010,7371031,jl.ballaparang ii no.13
97492505,yayasan rumah yatim,jl landak baru no 98,7371031007,7371031,jl landak baru no 98
97493281,aasesoris komputer,buakana,7371031008,7371031,buakana
97492524,mulia vikar pt,jl komp permata hijau lestari,7371031004,7371031,jl komp permata hijau lestari
97492515,toys games indonesia pt,jl ap pettaranin kav 1 no 3,7371031006,7371031,jl ap pettaranin kav 1 no 3
97493297,toko suara prima,rappocini,7371031008,7371031,rappocini
97493362,alfa mart,jl skarda n no 1,7371031001,7371031,jl skarda n no 1
97493413,ghaisan mart,komp manggasa permai ruko no 6,7371031001,7371031,komp manggasa permai ruko no 6
97492616,tk anak alim,minasa upa perumahan griya asri no 18,7371031001,7371031,minasa upa perumahan griya asri no 18
97492629,dwi putra sanipurna,jalan landak baru no 88,7371031007,7371031,jalan landak baru no 88
97493517,warkop malomo,rappocini,7371031008,7371031,rappocini
97493519,pegadaian pt,rappocini,7371031008,7371031,rappocini
97493625,laundry hanaya rezeky (lantunggu mustafa),jl landak baru 8 no 113,7371031007,7371031,jl landak baru 8 no 113
97487988,cv putra maspul no.39,jl.sungai saddang baru,7371031010,7371031,jl.sungai saddang baru
97487984,bkl sinar lojong cv,jl.faisal xvii no.2,7371031007,7371031,jl.faisal xvii no.2
97488392,pt bpr niaga mandiri,jl hertasning raya timur no 17,7371031004,7371031,jl hertasning raya timur no 17
97488426,shekinah cv,jl aroepala komp ruko pdgi no 1,7371031001,7371031,jl aroepala komp ruko pdgi no 1
97488388,dartex taylor (sudarman),jalan wijaya kusuma raya no 7,7371031007,7371031,jalan wijaya kusuma raya no 7
97488409,tala motor,jl rappocini raya 159 a rt 2 rw 5 90222,7371031008,7371031,jl rappocini raya 159 a rt 2 rw 5 90222
97488048,bengkel mobil (fadli),jalan wijaya kusuma raya no 9,7371031007,7371031,jalan wijaya kusuma raya no 9
97494378,koperasi simpan pinjam lpmp (makka),ap pettarani,7371031007,7371031,ap pettarani
97495150,koprasi simpan pinjam pascasarjana (waddi),jl bontolangkasa,7371031007,7371031,jl bontolangkasa
97494408,janggala bordir komputer,jalan rappocini lr 5b,7371031009,7371031,jalan rappocini lr 5b
97485560,anti corruption committee,jl ap pettarani ruko bisnis centre blok a 17,7371031008,7371031,jl ap pettarani ruko bisnis centre blok a 17
97495212,alfa ria trijaya tbk,jalan pelita raya n0 28,7371031010,7371031,jalan pelita raya n0 28
97494456,"puri yuhana, pt",jl landak baru no 94 a b,7371031007,7371031,jl landak baru no 94 a b
97495294,teknik eksakta pt,jl faisal 10 42,7371031007,7371031,jl faisal 10 42
97485669,pangkalan gas elpiji latoari,jalan kelapa tiga gang 4 no 16,7371031010,7371031,jalan kelapa tiga gang 4 no 16
97485779,bintang wisata tour and travel,bonto mene,7371031007,7371031,bonto mene
97485767,koperasi mega delima,jl.beringin raya,7371031004,7371031,jl.beringin raya
97495526,pt. asuransi staco mandiri,jl. pandang raya no. 20b,7371031008,7371031,jl. pandang raya no. 20b
97501497,tk kanak kanak bidarayya,btn minasa upa blok a,7371031002,7371031,btn minasa upa blok a
97501471,paindo raya cv,puri taman sari blok e2 no 2,7371031004,7371031,puri taman sari blok e2 no 2
97503120,tiqa cemerlang cv,btn minas a up a blok l13 no 16,7371031001,7371031,btn minas a up a blok l13 no 16
97503155,yayasan markas imam malik,jl rsi faisal 14 no 14,7371031007,7371031,jl rsi faisal 14 no 14
97503199,universitas muhammadiyah makassar,jl sultan alauddin no 258,7371031001,7371031,jl sultan alauddin no 258
97500666,refleksi ubc (unismuh),jl talasalapang raya,7371031001,7371031,jl talasalapang raya
97500695,fajar utama makassar perkasa pt,hertasning no.54,7371031006,7371031,hertasning no.54
97500690,yayasan kanker <deni>,jl bumi 21,7371031001,7371031,jl bumi 21
97478857,kopma almamater unm foto copy dan jual atk (hidayat),jl bontolangkasa,7371031007,7371031,jl bontolangkasa
97477972,klinik praktek dokter gigi,jipang raya,7371031002,7371031,jipang raya
97477975,salon laura,buakana,7371031008,7371031,buakana
97481458,yamaha dalle rappo motor,jl. rappocini raya no. 278,7371031008,7371031,jl. rappocini raya no. 278
97481456,trijaya pratama pt,jl a pangeran pettarani,7371031007,7371031,jl a pangeran pettarani
97478911,jualan pulsa (niken),jl hertasning barat 2 no 12,7371031005,7371031,jl hertasning barat 2 no 12
97478934,tk khalifah 45,jl hertasning barat 1 no 45,7371031005,7371031,jl hertasning barat 1 no 45
97481537,koperasi kantor kesejahteraan,jl mappala iv blok  e 27 no 12 b,7371031006,7371031,jl mappala iv blok  e 27 no 12 b
97481517,dokter prakter (arina),jl faisal 9 no 2 1,7371031007,7371031,jl faisal 9 no 2 1
97497069,asuransi harta pt,jl ap pettarani ruko centre blok b 15,7371031008,7371031,jl ap pettarani ruko centre blok b 15
97497070,jalur nugraha ekakurir pt (jne),jl yusuf dg awing blok e 27 no 6,7371031006,7371031,jl yusuf dg awing blok e 27 no 6
97497050,resto cafe d familia,jl yusuf dg awing blok e 27 no 12 a,7371031006,7371031,jl yusuf dg awing blok e 27 no 12 a
97497068,tk salsabila (sabriah),jalan pelita raya blok a3 no 7,7371031010,7371031,jalan pelita raya blok a3 no 7
97498294,usaha hendrik,jl. sungai saddang baru lr berkah no. 3a rt 3 rw 2 90222,7371031010,7371031,jl. sungai saddang baru lr berkah no. 3a rt 3 rw 2 90222
97497129,musfiratur pt,jl ap pettarani centre blok c 15 16,7371031008,7371031,jl ap pettarani centre blok c 15 16
97497098,cipta gelegar cv,jl ap pettarani kompleks eks center b 19,7371031008,7371031,jl ap pettarani kompleks eks center b 19
97497165,toko gorden al faizan,rappocini,7371031008,7371031,rappocini
97498406,smp negeri 13 makassar,jl. tamalate 6 no. 2,7371031004,7371031,jl. tamalate 6 no. 2
97497292,lativi media karya pt,jl bonto mene no 11,7371031007,7371031,jl bonto mene no 11
97498476,futsal tanggo,jl yusuf dg ngawing blok e no 1,7371031006,7371031,jl yusuf dg ngawing blok e no 1
97497592,konsultan cv betiga putra,jl rappocini raya lr 11b 19,7371031008,7371031,jl rappocini raya lr 11b 19
97498515,cv cikindo (haryanto),jalan pelita rata vi blok b no 2,7371031008,7371031,jalan pelita rata vi blok b no 2
97497602,exel booy work,il sungai saddang baru,7371031010,7371031,il sungai saddang baru
97497387,belian cahaya inti utama.pt,jalan pelita raya no 2b,7371031010,7371031,jalan pelita raya no 2b
97497361,indomedia digital print dan advertising,"jl sungai saddang baru no9 d,e",7371031010,7371031,"jl sungai saddang baru no9 d,e"
97497381,tk almirah,jalan memmy jaelan 3 no 4 komp pu jeneberang,7371031002,7371031,jalan memmy jaelan 3 no 4 komp pu jeneberang
97497366,koperasi kpn tamalate smp negeri 33 makassar no 1,jl tamalate 6 no.1,7371031004,7371031,jl tamalate 6 no.1
97497634,megahputra sejahtera pt,jalan a. p petarani no 114,7371031008,7371031,jalan a. p petarani no 114
97497606,koperasi (abd kasim),sungai saddang baru lr mu`min 2 no 13 c,7371031010,7371031,sungai saddang baru lr mu`min 2 no 13 c
97497637,rahmat jaya (inda malia),jl talasalapang raya no 8a,7371031001,7371031,jl talasalapang raya no 8a
97498561,km mart koperasi lestari,jl ap pettarani,7371031007,7371031,jl ap pettarani
97497664,klinik unismuh medical centre,jl talasalapang raya,7371031001,7371031,jl talasalapang raya
97497666,om chick crispy (ali murtado),jl talasalapang raya no,7371031001,7371031,jl talasalapang raya no
97497669,"faza jaya pratama, pt",jl landak baru lorong 8 no 30,7371031007,7371031,jl landak baru lorong 8 no 30
97497740,bank bri,talasalapang raya,7371031001,7371031,talasalapang raya
97497749,wijaya karya pt,jl hertasning komples gpi,7371031005,7371031,jl hertasning komples gpi
97497759,koperasi primadana sari,jl tamalate 4 stp 16 no 6,7371031004,7371031,jl tamalate 4 stp 16 no 6
97497504,cv makmur jannah,jalan faisal 16 mo 77,7371031007,7371031,jalan faisal 16 mo 77
97497503,"tri star mandiri, pt",jalan pelita raya vi no 32,7371031008,7371031,jalan pelita raya vi no 32
97498760,apotek tidung farma,jl tidung mariolo,7371031006,7371031,jl tidung mariolo
97498742,play grup(ardi hasan),jl hertasning e10 no 9,7371031006,7371031,jl hertasning e10 no 9
97497914,sentral cargo pt,jalan pelita raya no 34,7371031010,7371031,jalan pelita raya no 34
97498724,kantor advokat/konsultan hukum,jl ap pettarani centre blok a no 9,7371031008,7371031,jl ap pettarani centre blok a no 9
97498726,mediatron sejahtera cv,jl landak baru lorong 8 no 6c,7371031007,7371031,jl landak baru lorong 8 no 6c
97484954,bengkel satria motor (rudi),jl rappocini raya no 37 c,7371031009,7371031,jl rappocini raya no 37 c
97486197,paud khalif,jl talasalapang 2 komp pemda blok g1 no 5,7371031001,7371031,jl talasalapang 2 komp pemda blok g1 no 5
97486999,pegadaian pt,pegadaian pelita a24/3,7371031010,7371031,pegadaian pelita a24/3
97498856,holland farmer,jl sungai saddang baru,7371031008,7371031,jl sungai saddang baru
97498863,mutiara cookies (ola),jl toodopuli 1 stp 3 no 108 rt 01 rw 06 90222,7371031004,7371031,jl toodopuli 1 stp 3 no 108 rt 01 rw 06 90222
97498969,sinar galesong mandiri,ap petarani no 55,7371031008,7371031,ap petarani no 55
97499032,nahda cv,jl landak baru lorong 8 no 22 a rt 5 rw 6 90222,7371031007,7371031,jl landak baru lorong 8 no 22 a rt 5 rw 6 90222
97495315,tritunggal cv,jl rapponi raya perumahan,7371031008,7371031,jl rapponi raya perumahan
97495392,toko emba bonto jaya,jl bonto dg ngirate no 16 rt 03 rw 8 90222,7371031006,7371031,jl bonto dg ngirate no 16 rt 03 rw 8 90222
97496536,soppeng utama cv,jl tamalate 2 no 329 rt 2 rw 2 90222,7371031003,7371031,jl tamalate 2 no 329 rt 2 rw 2 90222
97491668,berkah motor (nurdin),rappocini,7371031008,7371031,rappocini
97484958,pt <bright> food dan drink,jl sultan alauddin,7371031001,7371031,jl sultan alauddin
97484966,persewaan kamar,kompleks permata hijau permai blok l no.i,7371031004,7371031,kompleks permata hijau permai blok l no.i
97485092,pt advantage scm,jalan hertasning 7,7371031006,7371031,jalan hertasning 7
97485171,jual beli motor seram abadi motor,jl.rappocini raya no 12,7371031009,7371031,jl.rappocini raya no 12
97487809,azza gascare invensindo,jl bonto mene 1 no 28,7371031007,7371031,jl bonto mene 1 no 28
97487860,pegadaian unit minasa upa,btn minasa upa blok e ruko minasa upa no. 9,7371031001,7371031,btn minasa upa blok e ruko minasa upa no. 9
97488247,educare institute,btn minasa upa blok f15 no 2,7371031001,7371031,btn minasa upa blok f15 no 2
97488286,kos putri (masdar syarif),toddopuli 1,7371031004,7371031,toddopuli 1
97487903,alfa mart <eviladjani>,jalan emmy saelan,7371031001,7371031,jalan emmy saelan
97502278,cv general konsultan,btn minasa upa blok k17 no 6,7371031001,7371031,btn minasa upa blok k17 no 6
97502280,pegadaian,btn minasa upa blok k13 no 4,7371031001,7371031,btn minasa upa blok k13 no 4
97502281,talasalapang motor cv,jl hertasning baru no180,7371031001,7371031,jl hertasning baru no180
97502282,buana cipta cv,jl hertasning baru no 78,7371031001,7371031,jl hertasning baru no 78
97502283,telaga pitu internasional,btn minasa upa blok ab 1 no. 7,7371031001,7371031,btn minasa upa blok ab 1 no. 7
97501807,bengkel las (sahril),jalan rsi faisal xiv a 79,7371031007,7371031,jalan rsi faisal xiv a 79
97501812,esq leadership center perwakilan makassar,jl hertasning baru <aroepala no 9a>,7371031001,7371031,jl hertasning baru <aroepala no 9a>
97501825,dato firman,komp bumi bosowa indah blok m,7371031001,7371031,komp bumi bosowa indah blok m
97501814,aryani ud,jl aroepala,7371031001,7371031,jl aroepala
97501815,roots rock reggae,jl aroepala no 22,7371031001,7371031,jl aroepala no 22
97502310,tpa al fitrah,minasa upa blok n1 no 1 2,7371031001,7371031,minasa upa blok n1 no 1 2
97502279,cv waliseri citra tama (andri tenri angka),jl btn minasa upa,7371031001,7371031,jl btn minasa upa
97501829,praktek perawat (deasy),komp p dan k blok g 1/14,7371031001,7371031,komp p dan k blok g 1/14
97495964,"irwana , cv (rapocini ponsel)",jln. rapocini raya nomor 170,7371031008,7371031,jln. rapocini raya nomor 170
97496223,cv mitra sejati (mansyur toto),jl monumen  emmy saelan,7371031006,7371031,jl monumen  emmy saelan
97490006,bpr niaga madani (hasniah),hertasning raya timur no 18 c,7371031004,7371031,hertasning raya timur no 18 c
97489169,bengkel mobil (zul),jalan wijaya kusuma raya no 9,7371031007,7371031,jalan wijaya kusuma raya no 9
97490020,tpa darul falah,btn minasa upa,7371031001,7371031,btn minasa upa
97489152,hotel romedo,jalan landak baru,7371031007,7371031,jalan landak baru
97489207,kantor pegadaian,jalan borong indah a2 no 2,7371031004,7371031,jalan borong indah a2 no 2
97490056,rumah makan (mie galang),kompleks permata hijau permai blok b no. 24,7371031004,7371031,kompleks permata hijau permai blok b no. 24
97489222,klinik gigi (nur ismah),jalan wijaya kusuma 1 blok 85 no 67,7371031007,7371031,jalan wijaya kusuma 1 blok 85 no 67
97490058,ranggi putra cv (ilham),perumahan bumi bosowa permai,7371031001,7371031,perumahan bumi bosowa permai
97490061,utama berkah motor cv,jalan landak baru no 114,7371031007,7371031,jalan landak baru no 114
97490014,the internationalenglish,jl tallasalapang,7371031001,7371031,jl tallasalapang
97489204,ekspedisi (rudi),b t n minasa upa g 16 no 7,7371031001,7371031,b t n minasa upa g 16 no 7
97489202,omega,btn minasa upa,7371031001,7371031,btn minasa upa
97489221,balai pengobatan gigi rahmat husada,jalan wijaya kusuma 1,7371031007,7371031,jalan wijaya kusuma 1
97490073,grosor teh botol sosro <peaha>,jl. monumen emmy saelan 3 no 5,7371031002,7371031,jl. monumen emmy saelan 3 no 5
97490074,aurama karya pt,j l.permata hijau permai blok a no 26,7371031004,7371031,j l.permata hijau permai blok a no 26
97484009,zakiah amaliah cv,jl bonto mine no 17,7371031007,7371031,jl bonto mine no 17
97490063,pesantren addaraen sma,jl sultan alauddin no 305 a,7371031001,7371031,jl sultan alauddin no 305 a
97490093,tk islam al furqan,btn minasa upa n1 no 1 2,7371031001,7371031,btn minasa upa n1 no 1 2
97490096,arinda bahana perkasa cv,btn minasa upa blok ab 10 a no. 6,7371031001,7371031,btn minasa upa blok ab 10 a no. 6
97490112,alfa mart komp perumahan anging mammiri,perumahan angin mammiri,7371031002,7371031,perumahan angin mammiri
97484043,cv wira karya anugrah,btn mangasa permai blok z.3 no 4,7371031001,7371031,btn mangasa permai blok z.3 no 4
97490111,reski boutique colection,perumahan anging mammiri blok d1 8,7371031002,7371031,perumahan anging mammiri blok d1 8
97489269,paud (normawati),karunrung raya no 49,7371031002,7371031,karunrung raya no 49
97489287,aqila net,jalan emmy saelan 3,7371031002,7371031,jalan emmy saelan 3
97490982,jual ayam crispy,btn minasa upa n1 no 4,7371031001,7371031,btn minasa upa n1 no 4
97490988,mutiara financial,jl rappocini raya 189,7371031008,7371031,jl rappocini raya 189
97489364,duta irama,j l sultan alauddin,7371031001,7371031,j l sultan alauddin
97490196,midi utama indonesia tbk hertasning5 pt,jl arupala,7371031001,7371031,jl arupala
97490194,apotek amirah farma,jl aroepala komp pdgi no 12,7371031001,7371031,jl aroepala komp pdgi no 12
97491022,kantor jpp,komp ikip b iv no 7,7371031006,7371031,komp ikip b iv no 7
97489409,smp trisakti,jl aroepala no 5,7371031001,7371031,jl aroepala no 5
97489411,hikma jaya ud,jl aroepala no 22b,7371031001,7371031,jl aroepala no 22b
97490240,teguh tani mandiri cv (andi santy),perumahan bumi bosowa permai blok b1 no 18,7371031001,7371031,perumahan bumi bosowa permai blok b1 no 18
97491046,rahmat cv,jl aroepala no 88 hertasning baru,7371031001,7371031,jl aroepala no 88 hertasning baru
97489424,konsuil wilayah sulsel,jl todopuli raya no 4c,7371031004,7371031,jl todopuli raya no 4c
97491051,cv karya lumbaja cv,btn minasa upa blok,7371031001,7371031,btn minasa upa blok
97490261,ukail colection,btn minasa upa n2 no 19,7371031001,7371031,btn minasa upa n2 no 19
97490258,"pp persero,pt",jl hertasning blok 2 no 1,7371031004,7371031,jl hertasning blok 2 no 1
97491083,paud aminah,jl hertasning,7371031008,7371031,jl hertasning
97490300,kantin gusbar,hertasning blok e 14 no 2,7371031006,7371031,hertasning blok e 14 no 2
97491090,cv riska karya,jl sungai saddang baru no. 90 rt 1 rw 8 90222,7371031010,7371031,jl sungai saddang baru no. 90 rt 1 rw 8 90222
97478192,b fried chicken exprezz,jl rappocini raya no 87,7371031009,7371031,jl rappocini raya no 87
97490313,hutchison 3 indonesia,hertasming no 26,7371031006,7371031,hertasming no 26
97479062,pt inixindo magguru macca cemerlang,jalan nikel 1 blok a22 no 18,7371031010,7371031,jalan nikel 1 blok a22 no 18
97490336,surya 75 cv,komp bumi palem blok q5,7371031001,7371031,komp bumi palem blok q5
97479063,siti namirah,jl mappala 4 blok ag no 1,7371031006,7371031,jl mappala 4 blok ag no 1
97490331,penyewaan gedung (kh zeed),jl sultan alauddin no 305 a,7371031001,7371031,jl sultan alauddin no 305 a
97490332,alfa midi sultan alauddin i,jl sultan alauddin,7371031001,7371031,jl sultan alauddin
97479087,demelia hotel,jalan nikel 1a 22 71,7371031010,7371031,jalan nikel 1a 22 71
97478242,cappucino good,jl rappocini raya no 38,7371031009,7371031,jl rappocini raya no 38
97479097,ghaisan motor cv,jl landak baru no 60,7371031007,7371031,jl landak baru no 60
97489525,praktek dokter gigi (nur aeni),btn minasa upa blok f 13 no 13 c,7371031001,7371031,btn minasa upa blok f 13 no 13 c
97490353,depot air minum angga,btn minasa upa blok k 13 no 7,7371031001,7371031,btn minasa upa blok k 13 no 7
97490403,toko photo copy (liong),jalan kusuma wijaya raya no 9,7371031007,7371031,jalan kusuma wijaya raya no 9
97490390,bengkel rosita,jl aroepala no 28,7371031001,7371031,jl aroepala no 28
97490377,sarana maju lestari pt,jl faisal 12 no 40 a,7371031007,7371031,jl faisal 12 no 40 a
97489574,"arci pratama konsultan, pt",jl rsi faisal raya,7371031007,7371031,jl rsi faisal raya
97490389,bengkel las syukrullah,jl aroepala,7371031001,7371031,jl aroepala
97490395,tri putra mandidi cv,btn minasa upa blok k3 no11,7371031001,7371031,btn minasa upa blok k3 no11
97489560,dokter praktek (faizal),jl.bumi 13a no 11,7371031001,7371031,jl.bumi 13a no 11
97490401,warung campuran (hj rudjnah),jalan wijaya kusuma raya no 1,7371031007,7371031,jalan wijaya kusuma raya no 1
97489596,bor sumur,btn minasa upa blok k16 no 18,7371031001,7371031,btn minasa upa blok k16 no 18
97491224,gowa rental (hamka),b t n minas a up a blok e 7 no 10,7371031001,7371031,b t n minas a up a blok e 7 no 10
97491219,kantor astrad,jl ap pettarani 98 a,7371031008,7371031,jl ap pettarani 98 a
97491233,angkutan umum (h. masri),btn minasa upa blok f,7371031001,7371031,btn minasa upa blok f
97499679,tk adika putri,perumahan anging mamiri blok f2  1,7371031002,7371031,perumahan anging mamiri blok f2  1
97499675,tk azizah,jl. kelapa tiga no.9,7371031010,7371031,jl. kelapa tiga no.9
97499993,cahaya sengkang furniture (h abdul majid),jl monumen emmy saelan no 27,7371031006,7371031,jl monumen emmy saelan no 27
97491246,yayasan shihatul iman,jalan wijaya kusuma 2 no 5,7371031007,7371031,jalan wijaya kusuma 2 no 5
97478295,koperasi lestari,jl ap pettarani,7371031007,7371031,jl ap pettarani
97478296,i khalifah (rachmawati),tamalete 2 no 7,7371031003,7371031,tamalete 2 no 7
97500004,depot air asy syifaa,btn minasa upa blok j3 no 10 rt 03 rw 11 90221,7371031001,7371031,btn minasa upa blok j3 no 10 rt 03 rw 11 90221
97499712,paud hasirah,btn hasirah blok e5,7371031001,7371031,btn hasirah blok e5
97491245,foto copy sinar jaya <rusdi>,jalan wijaya kusuma raya,7371031007,7371031,jalan wijaya kusuma raya
97489635,sipakalebbi 2 pt,ruko ambasador jl rs faisal raya no 9ab,7371031007,7371031,ruko ambasador jl rs faisal raya no 9ab
97491287,celebes raya,jl.sungai saddang baru no. 75b rt 3 rw 2 90222,7371031010,7371031,jl.sungai saddang baru no. 75b rt 3 rw 2 90222
97500006,kartini taylor,btn minasa upa blok j5 no 13 rt 04 rw 12 90221,7371031001,7371031,btn minasa upa blok j5 no 13 rt 04 rw 12 90221
97491270,kembar jaya <antoni>,jalan rappocini raya no 187 a,7371031008,7371031,jalan rappocini raya no 187 a
97490515,toko campuran,btn minasa upa n1 no 14,7371031001,7371031,btn minasa upa n1 no 14
97499727,yayasan pendidikan mulia bhakti sejahtera,kelapa tiga,7371031010,7371031,kelapa tiga
97490516,alfa mart,btn minasa upa ni no 7,7371031001,7371031,btn minasa upa ni no 7
97490534,tk,makassar,7371031001,7371031,makassar
97500054,pt ananda nurul haromain,jl landak baru no 63,7371031007,7371031,jl landak baru no 63
97489128,sd negeri 1 minasa upa,minasa upa blok l,7371031001,7371031,minasa upa blok l
97500124,rantor c3 visual,komp ikip blok g i,7371031006,7371031,komp ikip blok g i
97500130,perum perumnas regional vii,j l hertasning blok b1 no. 1,7371031004,7371031,j l hertasning blok b1 no. 1
97500132,koperasi simpan pinjam amal karya,jl tamalate i no 41,7371031004,7371031,jl tamalate i no 41
97500147,duta konstruksi cv,komp bph blok e 2 no 8,7371031001,7371031,komp bph blok e 2 no 8
97494851,toko wj plastik,rappocini,7371031008,7371031,rappocini
97494830,mekar kasih cv,jalan pelita raya a 24,7371031010,7371031,jalan pelita raya a 24
97485279,kantor p t swadarna sarana,jalan hertasning 7 no 4,7371031006,7371031,jalan hertasning 7 no 4
97494912,mandala finance pt,jalan pelita raya a28/i,7371031010,7371031,jalan pelita raya a28/i
97499331,pengisian tabung pemadam,sungai saddang baru ballaparang 2,7371031010,7371031,sungai saddang baru ballaparang 2
97499333,toko 16 (very),toddopuli raya,7371031004,7371031,toddopuli raya
97499334,apotek aka (ade rahmi),toddopuli raya,7371031004,7371031,toddopuli raya
97499335,koperasi serba usaha <ilham jaya>,rappocini raya no 114,7371031008,7371031,rappocini raya no 114
97494217,mega finance pt,jalan pelita raya a26,7371031010,7371031,jalan pelita raya a26
97494966,praktek dokter umum (willi),jalan rappocini raya no 124,7371031008,7371031,jalan rappocini raya no 124
97499380,bank bri,rappocini raya no 133,7371031008,7371031,rappocini raya no 133
97485406,hotel hertasning,hertasning raya,7371031006,7371031,hertasning raya
97499391,permodalan nasional madani pt,jalan pelita raya blok,7371031010,7371031,jalan pelita raya blok
97485407,aia financial <nurbaya>,jalan dahlia kompleks taman dahlia 2,7371031008,7371031,jalan dahlia kompleks taman dahlia 2
97485409,smp nahdiyat swasta,rappocini raya lr 90 no.16,7371031008,7371031,rappocini raya lr 90 no.16
97485404,dj donut`s,hertasning raya no 88h,7371031006,7371031,hertasning raya no 88h
97485405,dhd tour & travel,hertasning raya no 88b,7371031006,7371031,hertasning raya no 88b
97485376,yudistira galia indonesia,jalan bonto lanra no 19,7371031007,7371031,jalan bonto lanra no 19
97499786,stc motor,jalan kelapa tiga 2 no 22,7371031010,7371031,jalan kelapa tiga 2 no 22
97495087,adeen cv (praktek dokter),jl hertasning komples gpi no 8e,7371031005,7371031,jl hertasning komples gpi no 8e
97495116,bintang timur jaya cv,jl monumen emmy saelan no 103 c,7371031006,7371031,jl monumen emmy saelan no 103 c
97494346,street makassar,komp ikip blok a i no 20,7371031006,7371031,komp ikip blok a i no 20
97499879,warung kopi medina (tri),landak baru,7371031007,7371031,landak baru
97503653,tpa al-ikhlas (megawati),jl tidung 8 stp 3 no 57,7371031003,7371031,jl tidung 8 stp 3 no 57
97499880,koperasi sepakat karya sejahtera,jl tamalate 4 stp 6 no 249,7371031004,7371031,jl tamalate 4 stp 6 no 249
97503671,tong tjie,makassar,7371031001,7371031,makassar
97503673,rusunnawa b unismuh makassar,jl sultan alauddin no 259,7371031001,7371031,jl sultan alauddin no 259
97503684,ssa bimbel,btn minasa upa ruko e no 9,7371031001,7371031,btn minasa upa ruko e no 9
97503674,mini market,jl sultan alauddin no 259,7371031001,7371031,jl sultan alauddin no 259
97503683,kembar cv <syamsu rijal>,btn minasa upa blok e7 no 3,7371031001,7371031,btn minasa upa blok e7 no 3
97500398,smp raiders,jalan bakti 4 no.21,7371031010,7371031,jalan bakti 4 no.21
97500416,penjual ikan bakar,jalan wijaya kusuma raya,7371031007,7371031,jalan wijaya kusuma raya
97500442,salon kecantikan (ety),jalan wijaya kusuma raya no 6,7371031007,7371031,jalan wijaya kusuma raya no 6
97500448,optik husada (muh tang),btn minasaupa blok c3 no 10,7371031001,7371031,btn minasaupa blok c3 no 10
97500461,pegadaian,jl landak baru,7371031007,7371031,jl landak baru
97500429,usaha center cell,jl sultan alauddin,7371031001,7371031,jl sultan alauddin
97481678,koperasi mitra sulawesi mandiri,jl faisal 12 no 3,7371031007,7371031,jl faisal 12 no 3
97501851,agen travel arminareka,btn minasa upa blok ab 5 no 7,7371031001,7371031,btn minasa upa blok ab 5 no 7
97496617,"murni kontruksi indonesia, pt",komp permata hijau permal 1/17,7371031004,7371031,komp permata hijau permal 1/17
97501962,jual beli barang bekas (pasolo),b t n minasa upa blok e 5 no 15,7371031001,7371031,b t n minasa upa blok e 5 no 15
97501993,anugrah jasa teknik .cv,jl.beringin 4 no 7,7371031004,7371031,jl.beringin 4 no 7
97501992,toko baju (yunarti),jalan wijaya kusuma raya no 1 a,7371031007,7371031,jalan wijaya kusuma raya no 1 a
97502473,alfa midi minasa upa,btn minasa upa ruko e no 5-6,7371031001,7371031,btn minasa upa ruko e no 5-6
97502488,kps makmur mandiri,perumahan bumi bosowa permai blok b2 no 18,7371031001,7371031,perumahan bumi bosowa permai blok b2 no 18
97502506,depot air minum isi ulang (arta),jalan sungai saddang baru lorong mumin 2 no 4 b,7371031010,7371031,jalan sungai saddang baru lorong mumin 2 no 4 b
97502017,omega motor <showroom>,hertasning raya no 52 b,7371031006,7371031,hertasning raya no 52 b
97502500,bank tabungan negara,jl hertasning no 2,7371031004,7371031,jl hertasning no 2
97502492,kontraktor (triutama cv) (erick lisal),jalan banta bantaeng b2 no 8,7371031007,7371031,jalan banta bantaeng b2 no 8
97502039,sarana sukses sejati (alex),jalan rappocini raya no 181 e,7371031008,7371031,jalan rappocini raya no 181 e
97502019,zatria jaya perkasa.cv,makassar satelit biok b no 6,7371031001,7371031,makassar satelit biok b no 6
97502517,toko rustam,btn minasa upa blok n3 no 22,7371031001,7371031,btn minasa upa blok n3 no 22
97502045,praktek dokter gigi (drg nuraeny),toddopuli 6 jalan borong indah 8/1,7371031004,7371031,toddopuli 6 jalan borong indah 8/1
97502518,tailor tati,btn minasa upa blok n2 no 10,7371031001,7371031,btn minasa upa blok n2 no 10
97502077,sumber karya klin pt,jl jipang raya no 35,7371031001,7371031,jl jipang raya no 35
97502526,visione cv,jl aroepala komp ruko grand royal no 6 rt 5 rw 10 90221,7371031001,7371031,jl aroepala komp ruko grand royal no 6 rt 5 rw 10 90221
97496675,pt zarindah perdana (irma),jalan pelita raya no 42,7371031010,7371031,jalan pelita raya no 42
97496697,(hadrianti)alfa hotel,jl pelita raya no 28,7371031010,7371031,jl pelita raya no 28
97496714,indo maret,jl rappocini raya no 173,7371031008,7371031,jl rappocini raya no 173
97496703,catering glory,"jl rsi faisal xii no 8, kel banta-bantaeng kec rappocini",7371031007,7371031,"jl rsi faisal xii no 8, kel banta-bantaeng kec rappocini"
97496742,tk rahmah,kompleks pemda blok e 28,7371031006,7371031,kompleks pemda blok e 28
97496955,jual balok (nurna nensi),jl bonto dg ngirate no 18 rt 03 rw 8 90222,7371031006,7371031,jl bonto dg ngirate no 18 rt 03 rw 8 90222
97497000,praktek dokter gigi <drg h abd jalil usman>,jalan rappocini raya no 124,7371031008,7371031,jalan rappocini raya no 124
97501274,nasi kuning mas anto,perum mutiara timur 2 berlian 14,7371031001,7371031,perum mutiara timur 2 berlian 14
97501280,yayasan azzahrah,jl wijaya kusuma v no 13,7371031007,7371031,jl wijaya kusuma v no 13
97501271,cv hidayah ahmadiah <ahmad ali rizal>,puri taman sari blok b2,7371031004,7371031,puri taman sari blok b2
97501312,loudry rask (titi),btn minasa upa n1 no 17,7371031001,7371031,btn minasa upa n1 no 17
97501311,les private (sahari),btn minasa upa blok n2 no 3,7371031001,7371031,btn minasa upa blok n2 no 3
97501315,rental mobil (ridwan),jalan wijaya kusuma raya no 17,7371031007,7371031,jalan wijaya kusuma raya no 17
97501316,kost kostan (musdalifa),jalan wijaya kusuma 1 blok k 1 no 1,7371031007,7371031,jalan wijaya kusuma 1 blok k 1 no 1
97501326,syifa zidan ud,jalan karunrung raya,7371031002,7371031,jalan karunrung raya
97501414,hotel safari,jl landak baru,7371031007,7371031,jl landak baru
97501430,warung bakos solo (mas thio),btn minasa upa blok j2 no 12,7371031001,7371031,btn minasa upa blok j2 no 12
97501458,tk naurah,jl toddopuli setapak 13,7371031004,7371031,jl toddopuli setapak 13
97502903,mugni sanur utama cv,jalan bumi 18 blok a16 no 3,7371031001,7371031,jalan bumi 18 blok a16 no 3
97502933,"maupa masagenaa, cv",btn minasa upa blok ab 16 no 1a rt 5 rw 21 90221,7371031001,7371031,btn minasa upa blok ab 16 no 1a rt 5 rw 21 90221
97503016,tk mitra bunda (sri),jalan borong indah kompleks pondok asri blok a/1a,7371031004,7371031,jalan borong indah kompleks pondok asri blok a/1a
97502979,warnet (hasbi),jalan wijaya kusuma raya no 7,7371031007,7371031,jalan wijaya kusuma raya no 7
97503094,koperasi,btn minasa upa blok d9 no 11,7371031001,7371031,btn minasa upa blok d9 no 11
97499191,koperasi stialan,ap pettarani,7371031008,7371031,ap pettarani
97499260,multy florist,jalan karunrung raya 1 no 27,7371031002,7371031,jalan karunrung raya 1 no 27
97491713,rezky tri tunggal. cv,perumahan puri taman sari blok b 3,7371031004,7371031,perumahan puri taman sari blok b 3
97491771,catering sekar (dewi),btn minasa upa blok n 17 no 3,7371031001,7371031,btn minasa upa blok n 17 no 3
97491718,toko energy <yono>,landak baru no 33a,7371031007,7371031,landak baru no 33a
97500707,smk pelayaran katangka,jl syech yusuf,7371031001,7371031,jl syech yusuf
97503963,d`maleo hotel,pelita raya viii no.1,7371031008,7371031,pelita raya viii no.1
97504026,indomart rifmatama pt,landak baru,7371031007,7371031,landak baru
97504019,alkes gigi (iwan),landak baru lr 2,7371031007,7371031,landak baru lr 2
97504024,mediasi multi jasa cv,jl tamalate 4 stp 4 no 153 rt 1 rw 2 90222,7371031004,7371031,jl tamalate 4 stp 4 no 153 rt 1 rw 2 90222
97504044,nurmi jaya cv,jalan manggarupi,7371031001,7371031,jalan manggarupi
97504062,cv sungai saddang,jl. sungai saddang baru,7371031010,7371031,jl. sungai saddang baru
97504064,jimmy,jl. sungai saddang baru,7371031010,7371031,jl. sungai saddang baru
97505440,koperasi pengayoman,jln rutan no 8,7371031001,7371031,jln rutan no 8
97504096,percetakan (herawati hj),sungai saddang baru raya no 14 rt 5 rw 1 90222,7371031010,7371031,sungai saddang baru raya no 14 rt 5 rw 1 90222
97499148,car kencana auto raya cv,jl ap pettarani ruko businis center no 19,7371031006,7371031,jl ap pettarani ruko businis center no 19
97504135,salon rani (endang),landak baru,7371031007,7371031,landak baru
170714,"indra cipta dimensi, pt",jl letjen hertasning ruko blok c no 1,7371031008,7371031,jl letjen hertasning ruko blok c no 1
97505482,kencana meubel,jl rappocini raya no 82 b,7371031009,7371031,jl rappocini raya no 82 b
97505474,"bumi indo graha, pt",jl rappocini raya no 108,7371031009,7371031,jl rappocini raya no 108
97505478,kontraktor listrik,landak baru,7371031007,7371031,landak baru
97506729,pt panin bank tbk cabang permatasari,kompleks ruko permatasari no. 2 jl. sultan alaudin makassar,7371031001,7371031,kompleks ruko permatasari no. 2 jl. sultan alaudin makassar
97506764,kfc pettarani makassar pt,jl ap pettarani no 88,7371031006,7371031,jl ap pettarani no 88
97505487,alfa mart pt,jalan tamalate 1,7371031005,7371031,jalan tamalate 1
97499565,peristiwa kamar kost,tamalate 3 nomor 98,7371031003,7371031,tamalate 3 nomor 98
97499605,travel (bachnar),j l aroepala,7371031004,7371031,j l aroepala
97499904,hotel celebes,landak raru,7371031007,7371031,landak raru
97499926,suplier alat listrik,perum mutiara timur 2 berlian no 8,7371031001,7371031,perum mutiara timur 2 berlian no 8
97499935,cahaya nusantara cv,btn minasa upa blok b10 no 6,7371031001,7371031,btn minasa upa blok b10 no 6
97493667,auto rent <erni>,jln syekh yusuf,7371031001,7371031,jln syekh yusuf
97493881,martabak dan terang bulan gudang rasa,btn minasa upa blook k17 no 4,7371031001,7371031,btn minasa upa blook k17 no 4
97493974,toko senang,jl rapocini raya no 186,7371031008,7371031,jl rapocini raya no 186
97493897,kost titi,btn minasa upa blok j3 no 12,7371031001,7371031,btn minasa upa blok j3 no 12
97493899,warung bakso solo (surianti),btn minasa upa blok j5 no 10,7371031001,7371031,btn minasa upa blok j5 no 10
97493975,apotik ira farma,jalan rappocini raya,7371031009,7371031,jalan rappocini raya
97494052,depot air isi ulang fm,jl.beringin 3 no.9,7371031004,7371031,jl.beringin 3 no.9
97494072,oto multi artha pt,jalan pelita blok a28,7371031010,7371031,jalan pelita blok a28
97493901,al loondriki,btn minasa upa blok j5 no 5,7371031001,7371031,btn minasa upa blok j5 no 5
97503554,indomart pt,btn minasa upa blok f21,7371031001,7371031,btn minasa upa blok f21
97503570,ultra kreasi nusantara cv (serly),jalan sungai saddang baru no 48 rt 2 rw 5 90222,7371031010,7371031,jalan sungai saddang baru no 48 rt 2 rw 5 90222
97506441,"bhakti sri utama ,pt",jl. hertasning 8 blok e 9 no. 3,7371031006,7371031,jl. hertasning 8 blok e 9 no. 3
97501064,ace hardware (indonesia tbk) pt,jl ap pettarani kav e1 no 3,7371031006,7371031,jl ap pettarani kav e1 no 3
97501066,pt kumala celebes motor (mazda 2),jl ap pettarani,7371031006,7371031,jl ap pettarani
97503598,koperasi anugrah mandiri,perumahan bumi bosowa permai blok b2 no 9,7371031001,7371031,perumahan bumi bosowa permai blok b2 no 9
97501078,tpq annahdliyah,jalan kelapa tiga no 31 a,7371031010,7371031,jalan kelapa tiga no 31 a
97503633,adhisa daya cipta.pt,jalan mahoni.no 156,7371031004,7371031,jalan mahoni.no 156
97503636,gas elpiji (harlina),jl hertasning barat 2 no 12,7371031005,7371031,jl hertasning barat 2 no 12
97506321,apotik nur rahma (rahma),jl yusuf dg ngawing no 4,7371031006,7371031,jl yusuf dg ngawing no 4
97506320,cv mitra jaya (rizky),jl yusuf dg ngawing,7371031006,7371031,jl yusuf dg ngawing
170713,"cikarsa konsulindo, pt",jalan faisal x no 34,7371031008,7371031,jalan faisal x no 34
97506413,cv gurella,j l landak bar u,7371031007,7371031,j l landak bar u
170712,"biosfera widhy engineering, pt",jl. hertasning ruko c/ 1,7371031008,7371031,jl. hertasning ruko c/ 1
97504917,swamitra usp,jl ap pettarani ruko new zamrud blok f/19,7371031008,7371031,jl ap pettarani ruko new zamrud blok f/19
97504909,bank rakyat indonesia pt,jl aroepala,7371031001,7371031,jl aroepala
97506021,kantin unismuh,kampus unismuh jl sultan alauddin no 259,7371031001,7371031,kampus unismuh jl sultan alauddin no 259
97506027,bank sulselbar,talasalapang raya,7371031001,7371031,talasalapang raya
97504905,apotek rsia bahagia,b t n minas a up a blok ht no 9,7371031001,7371031,b t n minas a up a blok ht no 9
97506059,toko bahan bangunan 1,buakana,7371031008,7371031,buakana
97502095,anugrah fitra hidayah pt,jl sultan alauddinno. 258,7371031001,7371031,jl sultan alauddinno. 258
97502112,"pasifik motor, cv",jl hertasning raya ruko graha hertasning no a3-a4,7371031004,7371031,jl hertasning raya ruko graha hertasning no a3-a4
97502120,alfa mart,jalan minasa upa,7371031001,7371031,jalan minasa upa
97502117,alfa mart pinang ray a,j l pinang,7371031004,7371031,j l pinang
97502139,multi sukses international pt (multilevel),komp bumi pesona pelangi blok kuning no 11,7371031001,7371031,komp bumi pesona pelangi blok kuning no 11
97500255,pesantren addaraen smp,jl sultan alauddin no 305 a,7371031001,7371031,jl sultan alauddin no 305 a
97500250,raja grafindo persada pt,bph blok a 14 no 3 rt 4 rw 20 90221,7371031001,7371031,bph blok a 14 no 3 rt 4 rw 20 90221
97500256,alfa mart,jl sultan alauddin,7371031001,7371031,jl sultan alauddin
97502621,living plaza panbakers meliyani wijaya,jl living plaza pettarani,7371031006,7371031,jl living plaza pettarani
97502629,bakso goreng <amina>,jl hertasning raya,7371031006,7371031,jl hertasning raya
97502625,warung bakso solo mas panjul,btn minasa upa blok k16 no 13,7371031001,7371031,btn minasa upa blok k16 no 13
97500269,sinar a tiga ud <baso>,btn minasa upa blok n 15 no 1,7371031001,7371031,btn minasa upa blok n 15 no 1
170672,"kinerja cahaya abadi, pt",jl. skarda n komps mangasa permai blok v no. 1,7371031001,7371031,jl. skarda n komps mangasa permai blok v no. 1
97502736,multi sukses internasional (andi iin),minasa sari blok b13 no 1,7371031001,7371031,minasa sari blok b13 no 1
97501098,salon huqmi,jl monumen emmy saelan n3,7371031002,7371031,jl monumen emmy saelan n3
97501086,dokter praktek (asnawi),hertasning,7371031004,7371031,hertasning
97501100,anugrah terang makmur,pelita rata 6 no 7,7371031008,7371031,pelita rata 6 no 7
97500292,travel primeraa,jl jipang raya blok at no 14,7371031001,7371031,jl jipang raya blok at no 14
97501127,pt bank bri tamalate,jl.hertasning ruko graha hertasning no.14,7371031004,7371031,jl.hertasning ruko graha hertasning no.14
97500343,warteg karunia (zainal),hertasning,7371031005,7371031,hertasning
97500328,azizah wisata travel,jl.sungai saddang baru,7371031010,7371031,jl.sungai saddang baru
97503255,warung campuran(rohani),tidung 6 nomor 33,7371031003,7371031,tidung 6 nomor 33
97503271,pt sinar galesong mandiri,jl aroepala hertasning baru,7371031001,7371031,jl aroepala hertasning baru
97500743,pt sapta karya citra mandiri,hertasning regency no 15,7371031004,7371031,hertasning regency no 15
97504972,anugrah mobil indo cv,jl landak baru no 94 c,7371031007,7371031,jl landak baru no 94 c
97506086,lo long way cv,komp bosowa indah blok j/10,7371031001,7371031,komp bosowa indah blok j/10
97500795,koperasi smp neg 13,jl tamalate 6 no.2,7371031004,7371031,jl tamalate 6 no.2
97503329,sazafa mandiri cv,jl syekh yusuf,7371031001,7371031,jl syekh yusuf
97506101,catering bunda qta,tamalate 5 setapak 7 no 3,7371031004,7371031,tamalate 5 setapak 7 no 3
97500826,cv diva karya mandiri (lukman),jl hertasning e 15 no 2 komp gubernur,7371031006,7371031,jl hertasning e 15 no 2 komp gubernur
97503364,herbal hpai (djaiman),btn minasa upa blok n12 no.12,7371031001,7371031,btn minasa upa blok n12 no.12
97503392,maju sinergi utama pt,jl faisal raya no 15 c,7371031007,7371031,jl faisal raya no 15 c
97500832,munira setia.cv,jalan mahoni no 142 rt 5 rw 9 90222,7371031004,7371031,jalan mahoni no 142 rt 5 rw 9 90222
97500887,loundry coin (mila),landak baru,7371031007,7371031,landak baru
97503412,sipakalebbi pt,ruko ambarada jl rs faisal raya,7371031007,7371031,ruko ambarada jl rs faisal raya
97503401,toko taufik <sembako>,btn minasaupa blok f14/6,7371031001,7371031,btn minasaupa blok f14/6
97506122,apotik sejati,jalan rappocini raya,7371031009,7371031,jalan rappocini raya
97506129,cahaya rezeky,jalan rappoicni raya no 184,7371031008,7371031,jalan rappoicni raya no 184
97500904,gowata p t,komp bph jalan bumi 2 sultan alauddin,7371031001,7371031,komp bph jalan bumi 2 sultan alauddin
97500905,r8 mart,jalan sultan,7371031001,7371031,jalan sultan
97503453,pt nitron mandiri <ronald>,btn minasa upa g30/1,7371031001,7371031,btn minasa upa g30/1
97503457,pantry house,jalan pelita raya no 10,7371031010,7371031,jalan pelita raya no 10
97503485,yayasan sekolah islam al azhar,jl aroepala hertasning baru,7371031001,7371031,jl aroepala hertasning baru
97503486,smp al azhar,jl aroepala hertasning baru,7371031001,7371031,jl aroepala hertasning baru
97500967,pengadaan kons truksi (malik),toddopuli 1 setapak 6 no 61,7371031004,7371031,toddopuli 1 setapak 6 no 61
97500969,hadi putra bersaudara pt,jalan bumi 18 blok 15 no 5,7371031001,7371031,jalan bumi 18 blok 15 no 5
97506272,binaya paya pt,jalan pelita raya blok a28/7,7371031010,7371031,jalan pelita raya blok a28/7
97500522,kpn ikhlas dinas p2k,jl hertasning raya (kantor dinas p k),7371031004,7371031,jl hertasning raya (kantor dinas p k)
97500591,koperasi amanah,jl sultan alauddin,7371031001,7371031,jl sultan alauddin
97501564,lyrics karaoke <amiruddin>,pelita raya no 4,7371031008,7371031,pelita raya no 4
97503831,fave hotel,jl pelita raya no 8,7371031008,7371031,jl pelita raya no 8
97503854,"armina sari,pt",jalan pelita raya no 6,7371031010,7371031,jalan pelita raya no 6
97503858,vifa mandiri pratama,jalan pelita raya blok a22 no 2,7371031010,7371031,jalan pelita raya blok a22 no 2
97503920,"sumber alfaria trijaya, tbk, pt",jl tamalate 1 blok 18 no. 1,7371031004,7371031,jl tamalate 1 blok 18 no. 1
97501703,rental sava,kompleks kodam katangka blok e5,7371031001,7371031,kompleks kodam katangka blok e5
97503907,rumah bersalin ananda,jl landak baru no 63,7371031007,7371031,jl landak baru no 63
97501732,cipta murni ud,jl palm raja no 3,7371031004,7371031,jl palm raja no 3
97501755,salon fitri (pahimah),btn minasa upa,7371031001,7371031,btn minasa upa
97502233,cv sibatek bersinar (siti salyuti),btn minasa upa blok l2 no 18,7371031001,7371031,btn minasa upa blok l2 no 18
97502237,agen umroh dan haji,j l tioung mariolo,7371031006,7371031,j l tioung mariolo
97502230,toko campuran yulianti,jl tidung mariolo lr 1,7371031006,7371031,jl tidung mariolo lr 1
97502244,konsultan bangunan <muhindar>,perumahan graha mandiri blok d1,7371031001,7371031,perumahan graha mandiri blok d1
97502752,notaris makkaraka.sh,jl tamalate i no 25 a,7371031004,7371031,jl tamalate i no 25 a
97502753,bank b t p n syariah,hertasning raya no 88c,7371031006,7371031,hertasning raya no 88c
97502786,eatery resto,landak baru 130,7371031007,7371031,landak baru 130
97502788,toko mega makmur (nixon),jalan rappocini raya no 183 a,7371031008,7371031,jalan rappocini raya no 183 a
97502790,cipta inti pratama (jasa konsultan hukum),griya maleo indah bwk b no 8,7371031001,7371031,griya maleo indah bwk b no 8
97504443,pt bintang mandiri jaya,jalan hertasning 6 no 12 d,7371031006,7371031,jalan hertasning 6 no 12 d
97504461,jne hertasning,jln hertasning baru,7371031004,7371031,jln hertasning baru
97504724,meubel jaya abadi (musutio),jl makkio baji 1,7371031006,7371031,jl makkio baji 1
97504528,karya mandiri jaya cv,jl raya pendidikan blok b 6 rt 6 rw 4 90222,7371031006,7371031,jl raya pendidikan blok b 6 rt 6 rw 4 90222
97504765,"radio venus, pt",kompleks permata hijau permai il. palm raja blok l no.9,7371031004,7371031,kompleks permata hijau permai il. palm raja blok l no.9
97504797,unm olahraga,jl wijaya kusuma raya no 19,7371031007,7371031,jl wijaya kusuma raya no 19
97504854,stadiareka cv,jl cilallang jaya no 64 a,7371031008,7371031,jl cilallang jaya no 64 a
97504665,bandeng presto barokah,jalan faisal 16,7371031007,7371031,jalan faisal 16
97505968,cv prawarna,skarda n h no 6,7371031002,7371031,skarda n h no 6
97505961,dokter praktek (eva),jalan faisal 9 no 27,7371031007,7371031,jalan faisal 9 no 27
97505967,pos kpc pettarani pt,jalan ap pettarani,7371031007,7371031,jalan ap pettarani
97503741,sma al azhar,jl aroepala hertasning baru,7371031001,7371031,jl aroepala hertasning baru
97503744,ujas travel,jl hertasning baru blok a b 1 raya,7371031001,7371031,jl hertasning baru blok a b 1 raya
97503740,tk islam al azhar,jl aroepala hertasning baru,7371031001,7371031,jl aroepala hertasning baru
97505583,toko mulia,jl rappocini raya no 84,7371031009,7371031,jl rappocini raya no 84
97505586,inang matutu,jalan tamalate 1 no,7371031005,7371031,jalan tamalate 1 no
97504331,yayasan tri bakti sd,jalan syech yusuf,7371031001,7371031,jalan syech yusuf
97504322,dokter praktek (ariyanti),hertasning raya timur,7371031004,7371031,hertasning raya timur
97504432,dokter gigi,kompleks pemda blok e 24,7371031006,7371031,kompleks pemda blok e 24
97504208,fotocopy (kpr unm),jl raya pendidikan blok b 1,7371031006,7371031,jl raya pendidikan blok b 1
97504281,jaya sakti cv,jl syech yusuf komp minasaupa b c6 no 5,7371031001,7371031,jl syech yusuf komp minasaupa b c6 no 5
252587,pt pegadaian persero cpp talasalapang,jalan talasalapang no.7,7371031001,7371031,jalan talasalapang no.7
259765,rs islam faisal,jl. ap pettarani,7371031007,7371031,jl. ap pettarani
94420206,"pt. bisi international tbk, kantor cabang makassar","jl.  bonto  lanra  no.  5,  kotamadya  makassar, sulawesi selatan",7371031007,7371031,"jl.  bonto  lanra  no.  5,  kotamadya  makassar, sulawesi selatan"
94431924,"pt pegadaian (persero), upc sukaria",jl. a.p.pettarani ii no.54 makassar,7371031,7371031,jl. a.p.pettarani ii no.54 makassar
94431918,"pt pegadaian (persero), upc landak baru",makassar,7371031,7371031,makassar
94421382,"pt. bank tabungan negara (persero) tbk., kantor cabang pembantu syariah makassar panakukkang",jl. boulevard ruko jasper ii no. 41,7371031,7371031,jl. boulevard ruko jasper ii no. 41
94422259,btn kantor kas layanan pos online pettarani,"jl. ap.pettrarani makassar 90222 , makassar",7371031,7371031,"jl. ap.pettrarani makassar 90222 , makassar"
94432005,"pt pegadaian (persero), ups pettarani","ruko new zamrud jl. a. p. pettarani, makassar",7371031,7371031,"ruko new zamrud jl. a. p. pettarani, makassar"
94431864,pt pegadaian persero upc toddopuli baru,jalan toddopuli makassar sulawesi selatan,7371031,7371031,jalan toddopuli makassar sulawesi selatan
94434407,"pt pos indonesia (persero), kantor regional x makassar",jl ap petarani,7371031009,7371031,jl ap petarani
94421603,"pt. bank tabungan negara (persero) tbk., kantor cabang pembantu panakukang",jl. hertasning blok i no. 2,7371031006,7371031,jl. hertasning blok i no. 2
94657272,"pt. perusahaan listrik negara (persero), proyek induk pembangkit dan jaringan sulawesi, maluku dan papua",jl letjen hertasning blok b,7371031,7371031,jl letjen hertasning blok b
94435128,"pt. pos indonesia, kantor pos cabang dalam kota makassarpanakukang",jalan pelita raya a no 24/2,7371031010,7371031,jalan pelita raya a no 24/2
94654883,"pt bank syariah bukopin, kantor kas makassar","jl. sultan alaudin no. 259, gunung sari, rappocini, makassar 90221",7371031001,7371031,"jl. sultan alaudin no. 259, gunung sari, rappocini, makassar 90221"
94650432,"pt pupuk sriwidjaja palembang (psp), kantor ppd sulawesi selatan",jl. a.p. pettarani panakukang makasar 90222,7371031,7371031,jl. a.p. pettarani panakukang makasar 90222
94658396,"restoran kfc, makassar 4","d`best panakukang mall makassar, jl. boulevard raya",7371031,7371031,"d`best panakukang mall makassar, jl. boulevard raya"
97749708,warung internet<hasmar jaya>,jalan tidung 3 stp 5 no 119,7371031005,7371031,jalan tidung 3 stp 5 no 119
97749720,green aulia hotel <akbar>,jalan emmy saelan no.25,7371031001,7371031,jalan emmy saelan no.25
97750826,pondok pesantren al imam ashim,tidung mariolo lr. 7 no. 11b rt 2 rw 1 90222,7371031006,7371031,tidung mariolo lr. 7 no. 11b rt 2 rw 1 90222
97750850,cv makassar jaya baru <rudy>,jalan rappocini raya no 231,7371031008,7371031,jalan rappocini raya no 231
97751617,jual ber as <h a z i z >,jalan bonto dg rate no.1,7371031006,7371031,jalan bonto dg rate no.1
97751619,afi cell,btn minasa upa blok k13 no 10 a,7371031001,7371031,btn minasa upa blok k13 no 10 a
97445189,bangunan syakinah,ruko permata sari no 21,7371031001,7371031,ruko permata sari no 21
97443306,"entolo buawa mandiri, pt",jl. timah i blok 25 no 12,7371031010,7371031,jl. timah i blok 25 no 12
97443297,koperasi,ruko permata sari no 4,7371031001,7371031,ruko permata sari no 4
97443595,catur putra harmonic pt,jalan sultan alauddin,7371031001,7371031,jalan sultan alauddin
97750311,penjual pasir <akbar>,jl aroepala komp,7371031004,7371031,jl aroepala komp
97446273,ina persada cv,jl kr bontotangnga,7371031002,7371031,jl kr bontotangnga
97749661,duta abadi motor pt,jalan rappocini 120 - 122,7371031008,7371031,jalan rappocini 120 - 122
97749671,toko sembako <rosmina>,jalan dg irate no.4,7371031005,7371031,jalan dg irate no.4
97444875,bmt insan madani,jl talasalapang,7371031002,7371031,jl talasalapang
97445794,makmur jaya niaga pt,jl raya pendidikan komp balla panakukang blok f 11,7371031006,7371031,jl raya pendidikan komp balla panakukang blok f 11
97443948,apotik perdana farma 2,jalan landak baru no 112 b,7371031007,7371031,jalan landak baru no 112 b
97443950,rezki aulia cv,jl aroupala perm t yasmin b2/ 8,7371031003,7371031,jl aroupala perm t yasmin b2/ 8
97750018,jual ayam potong <kamaruddin>,jalan karaeng bonto tangga 2,7371031002,7371031,jalan karaeng bonto tangga 2
97750117,coto paraikatte,ap pettarani 25,7371031008,7371031,ap pettarani 25
97750580,warung makan mas rizki,jl. hertasning baru komp php no.35,7371031004,7371031,jl. hertasning baru komp php no.35
97750633,warnet game,jl puri blok c6 no 1,7371031004,7371031,jl puri blok c6 no 1
97750670,kebab turki <rosdiana>,jl tamalate 1,7371031005,7371031,jl tamalate 1
97750695,diamond cell <philip>,jalan rappocini raya no 193,7371031008,7371031,jalan rappocini raya no 193
97749950,toko sembako <<ilham>,jalan bonto cinde no 3,7371031008,7371031,jalan bonto cinde no 3
97749985,foto copy <agung>,tamalate 1 no,7371031005,7371031,tamalate 1 no
97442222,usaha air galon (hj royani),jl rappocni lr. 4,7371031009,7371031,jl rappocni lr. 4
97455956,tk aisyah 4 kassi kassi,jl hertasning raya,7371031004,7371031,jl hertasning raya
97446950,smp anak bangsa,jl talasalapang,7371031002,7371031,jl talasalapang
97447015,new benhill hotel,jalan sultan alauddin,7371031001,7371031,jalan sultan alauddin
97751293,ayam penyet mas yogo,btn minasa upa blok j5 no 7,7371031001,7371031,btn minasa upa blok j5 no 7
97442805,koperasi pengayoman (ptun),jl raya pendinkan no i,7371031006,7371031,jl raya pendinkan no i
97443427,"bawakaraeng purnama wijaya, pt",jl. timah i blok a 24 no. 20,7371031010,7371031,jl. timah i blok a 24 no. 20
97443433,"amedika utama sejahtera ,pt",jl. landak baru no. 120,7371031007,7371031,jl. landak baru no. 120
97442948,"mega karya spartanindo ,pt",jl. mahoni no. 107,7371031004,7371031,jl. mahoni no. 107
97447886,tk anak bangsa,jl talasalapang,7371031002,7371031,jl talasalapang
97448108,poin house,jl ap pettarani no 2,7371031001,7371031,jl ap pettarani no 2
97448050,koperasi telkom,jl ap pettarani no 2a,7371031001,7371031,jl ap pettarani no 2a
97448664,contractor consultant engineer,kompleks permata sari ps 111 no 15,7371031001,7371031,kompleks permata sari ps 111 no 15
97449642,bank bri <joko>,tamalate 2,7371031005,7371031,tamalate 2
97447240,"rimba karya utama, pt",kompleks pertama sari ps 111 no 8,7371031001,7371031,kompleks pertama sari ps 111 no 8
97749519,bengkel karya mandiri,sultan alauddin no. 288c,7371031001,7371031,sultan alauddin no. 288c
97444851,bengkel (daswar),ruko permata sari no 23,7371031001,7371031,ruko permata sari no 23
97446398,pangkas rambut cahaya madura,komp bph plaza,7371031002,7371031,komp bph plaza
97446449,smk panca marga,jl talasalapang,7371031002,7371031,jl talasalapang
97446516,gudang cv rahmat,komp bph plaza,7371031002,7371031,komp bph plaza
97449439,tk aisiyah,jl rappocini raya lr 2 no 16,7371031009,7371031,jl rappocini raya lr 2 no 16
97454990,warung makan (ilo),jln monumen emmy saelan,7371031006,7371031,jln monumen emmy saelan
97454994,toko penjualan aki pt sudan <kevin>,jl bontolangkasa no 11,7371031007,7371031,jl bontolangkasa no 11
97443836,berkah utami cv,jalan sultan alauddin no 121,7371031001,7371031,jalan sultan alauddin no 121
97445356,rope n works pt,jl griya ayu mas blok b 2,7371031006,7371031,jl griya ayu mas blok b 2
97751507,monen cell,jl banta-bantaeng no 19,7371031007,7371031,jl banta-bantaeng no 19
97443088,expedisi (cv kharisma jaya),jalan talasalapang,7371031002,7371031,jalan talasalapang
97751506,hotspot,jl tidung 7 stp 2 20 66,7371031003,7371031,jl tidung 7 stp 2 20 66
97448365,wifi corner,jalan ap pettarani no 2 plaza telkom,7371031001,7371031,jalan ap pettarani no 2 plaza telkom
97446843,"cv adinata karya <drs. h. muchtar rahman, msi>",jl rappocini raya lr 5 no 8,7371031009,7371031,jl rappocini raya lr 5 no 8
97442557,tk nur fadillah,komp ikip blok 68 no. 6,7371031006,7371031,komp ikip blok 68 no. 6
97450562,alfa midi <joko>,tamalate 1 no 1,7371031005,7371031,tamalate 1 no 1
97450933,penyewaan kamar (muh. jasmin),jl cilallan jaya,7371031008,7371031,jl cilallan jaya
97444028,"yabes sarana mandiri ,pt",jl. pelita raya vi no. 7,7371031008,7371031,jl. pelita raya vi no. 7
97445943,altegra komputer,tamalate 1,7371031003,7371031,tamalate 1
97444796,bank bri,ruko permata sari no 12,7371031001,7371031,ruko permata sari no 12
97453934,toko dea (hj nursiah),jl. mon.emmy saelan 3,7371031006,7371031,jl. mon.emmy saelan 3
97466110,padma 88 pt,jl. bonto lanra no. 34,7371031007,7371031,jl. bonto lanra no. 34
97463189,rumah kos (rahmad),jl rappocini raya lr 6,7371031009,7371031,jl rappocini raya lr 6
97463261,pondok musa (amiruddin),jl wijaya kisuma,7371031009,7371031,jl wijaya kisuma
97463286,bengkel mega sakti cv,jl mon emmysaelan 3 no 1,7371031006,7371031,jl mon emmysaelan 3 no 1
97463277,depot air mas (hawari),jl rappocini raya lr 5 no 28,7371031009,7371031,jl rappocini raya lr 5 no 28
97466955,pt. multindo auto finance,jl. aroepala komp ruko pdgi 1 no. 1,7371031004,7371031,jl. aroepala komp ruko pdgi 1 no. 1
97446046,sd anak bangsa,jl talasalapang,7371031002,7371031,jl talasalapang
97455603,al amani mart (tutup),makassar,7371031002,7371031,makassar
97451840,indonesia pos(burhanuddin),jl.tidung 7 nomor 14 rt 1 rw 5,7371031003,7371031,jl.tidung 7 nomor 14 rt 1 rw 5
97458092,arthabuana,jalan ap pettarani ruko new zamrud blok c-11,7371031008,7371031,jalan ap pettarani ruko new zamrud blok c-11
97460944,telkomsel pt,jalan pengayoman no 1,7371031008,7371031,jalan pengayoman no 1
97458105,prima u,jalan ap pettarani ruko new zamrud blok,7371031008,7371031,jalan ap pettarani ruko new zamrud blok
97458103,balai kesehatan gigi (maharani),jl mon emmy saelan 3c,7371031006,7371031,jl mon emmy saelan 3c
97447636,grapari telkomsel,jalan ap pettarani no 2,7371031001,7371031,jalan ap pettarani no 2
97451320,tk khalifah,jl rst faisal 12 no 2,7371031007,7371031,jl rst faisal 12 no 2
97451424,smp muhammadiyah,bonto dg ngirate,7371031005,7371031,bonto dg ngirate
97451425,tanindo subur prima pt,bonto lanra raya,7371031007,7371031,bonto lanra raya
97457281,usaha rumah kost (pondok mitra),jl rappocini lr 6,7371031009,7371031,jl rappocini lr 6
97457274,ragam jaya cv,jalan ap pettarani ruko new zamrud blok d/21 rt 6 rw 3,7371031008,7371031,jalan ap pettarani ruko new zamrud blok d/21 rt 6 rw 3
97457398,toko barang campuran (aris),jl wijaya kusuma,7371031009,7371031,jl wijaya kusuma
97457527,buana celebes pt,jalan ap pettarani ruko new zamrud blok c/12-14,7371031008,7371031,jalan ap pettarani ruko new zamrud blok c/12-14
97457146,kargo,jalan ap pettarani ruko new zamrud blok d16-17,7371031008,7371031,jalan ap pettarani ruko new zamrud blok d16-17
97457163,rumah kos (taufik),jl rappocin i raya lr 6,7371031009,7371031,jl rappocin i raya lr 6
97457684,tazkiyah umroh,jl ap pettarani centre blok c 11,7371031008,7371031,jl ap pettarani centre blok c 11
97456413,berca schindler lift pt,jalan ap petarani ruko new,7371031008,7371031,jalan ap petarani ruko new
97457942,bengkel las asma jaya,btn minasa upa blok f12/9,7371031001,7371031,btn minasa upa blok f12/9
97457943,media sembilan sembilan cv,btn minasaupa blok f10/1,7371031001,7371031,btn minasaupa blok f10/1
97459713,mannyingarri indtimi pt,jalan ap pettarani ruko newzamrud blok c4-5,7371031008,7371031,jalan ap pettarani ruko newzamrud blok c4-5
97459868,tanawali tour & travel,jalan ap pettarani ruko new zamrud blok e/3,7371031008,7371031,jalan ap pettarani ruko new zamrud blok e/3
97453883,tk bunayah,komp bph jl bumi 2 sultan alauddin,7371031001,7371031,komp bph jl bumi 2 sultan alauddin
97452279,warung makan(nur),tidung 7 blok 3 nomor 13,7371031003,7371031,tidung 7 blok 3 nomor 13
97453186,bach multi global pt (rahman),jln monumen emmy saelan 3 lr 50 a,7371031006,7371031,jln monumen emmy saelan 3 lr 50 a
97452375,"waskita karya, pt",jl.a.p.pettarani no.88,7371031008,7371031,jl.a.p.pettarani no.88
97452470,cv muthiara mandiri,jl kr bontotangnga,7371031002,7371031,jl kr bontotangnga
97462650,cv clara duta,salan wijay a kusuma 2 no 2,7371031007,7371031,salan wijay a kusuma 2 no 2
97462683,megahtama tour & travel,jalan ap pettarani ruko new zamrud blok,7371031008,7371031,jalan ap pettarani ruko new zamrud blok
97452137,bus 47 pulsa all operator (ahmad),jl rappocini raya no.208,7371031008,7371031,jl rappocini raya no.208
97452198,sdn rappucini 1,jl cilallan jaya no 30,7371031008,7371031,jl cilallan jaya no 30
97458155,persada arsitektur pt,jalan ap pettarani ruko new zamrud blok,7371031008,7371031,jalan ap pettarani ruko new zamrud blok
97456699,apotik huki healthy care,jl talasalapang no 41 a,7371031002,7371031,jl talasalapang no 41 a
97458305,majalah lokal,jalan tidung 7 stpk 9,7371031003,7371031,jalan tidung 7 stpk 9
97459273,cv darma karya insani,jl talasalapang 46a 36,7371031002,7371031,jl talasalapang 46a 36
97458638,gorong gorong,jl jipang raya,7371031002,7371031,jl jipang raya
97459372,minuman mubahid,jln tamalate 6 stp 12 no 26,7371031006,7371031,jln tamalate 6 stp 12 no 26
97459396,"tirta nindo, cv <firman>",jln monumen emmy saelan 3 no 30,7371031006,7371031,jln monumen emmy saelan 3 no 30
97458678,sdn rappocini,jl cilallan jaya no 30,7371031008,7371031,jl cilallan jaya no 30
97458686,cv gerbang timur (dardab),jl mon.emmy saelan 3 rt 4 rw 3 90222,7371031006,7371031,jl mon.emmy saelan 3 rt 4 rw 3 90222
97444649,kontrakan rumah hj hasni,jl.rappocini lorong 1,7371031009,7371031,jl.rappocini lorong 1
97444654,maridi rumah cetak,ruko permata sari no 16-17,7371031001,7371031,ruko permata sari no 16-17
97444665,travel pt (ade),ruko permata tari no 12,7371031001,7371031,ruko permata tari no 12
97455080,gojek motor(subhan),jl landak baru lorong 1 no 318,7371031007,7371031,jl landak baru lorong 1 no 318
97455117,sma nahdiyat (swasta),rappocini raya lr. 9d no 16,7371031008,7371031,rappocini raya lr. 9d no 16
97455118,kampus poltekes tidung,jalan bendungan bili bili no 1,7371031002,7371031,jalan bendungan bili bili no 1
97452675,meubel kayu (yusri),jl. mon emmy saelan,7371031006,7371031,jl. mon emmy saelan
97452685,"karya asrindah (percetakan muslimin), cv",tidung 4 setapak 7 no,7371031005,7371031,tidung 4 setapak 7 no
97463792,koperasi pegawai lapas pengayoman,jln sultan alauddin no 191 lapas kls 1,7371031001,7371031,jln sultan alauddin no 191 lapas kls 1
97463795,kantin umega rutan kelas 1 makassar,jln rutan no 8,7371031001,7371031,jln rutan no 8
97463913,dwira family cv,jalan ap pettarani ruko new zamrud blok,7371031008,7371031,jalan ap pettarani ruko new zamrud blok
97470567,meida wisata pt,jalan ap pettarani ruko new zamrud blok e,7371031008,7371031,jalan ap pettarani ruko new zamrud blok e
97473585,tpq babul jannah,jl rappocini raya lr 3 no 03,7371031009,7371031,jl rappocini raya lr 3 no 03
97470569,kios mitra 45 (dg ngaga),jl.rappocini lr.4,7371031009,7371031,jl.rappocini lr.4
97475603,cv akbar jaya perkasa,jalan wijaya kusuma 3 blok k 7 no 15,7371031007,7371031,jalan wijaya kusuma 3 blok k 7 no 15
97462048,azhar golden,jalan ap pettarani ruko new zamrud blok,7371031008,7371031,jalan ap pettarani ruko new zamrud blok
97461962,gapeksindo (asosiasi),ruko zamrud f/11,7371031008,7371031,ruko zamrud f/11
97460255,tk aisyah,tamalate 1 no 74,7371031005,7371031,tamalate 1 no 74
97460267,persewaan rumah (nurhaedah),jl kr bontotangnga,7371031002,7371031,jl kr bontotangnga
97455883,toko sembako,jl jipang raya,7371031002,7371031,jl jipang raya
97458727,rama wisata tour & travel,jalan ap pettarani ruko new zamrud blok c/8,7371031008,7371031,jalan ap pettarani ruko new zamrud blok c/8
97458743,bengkel las sentosa,jl mon.emmy saelan,7371031006,7371031,jl mon.emmy saelan
97459461,niramanis cv,jl ap pettarani ruko new zamrud blok f/21,7371031008,7371031,jl ap pettarani ruko new zamrud blok f/21
97458838,kantor pengacara dan konsultan hukum (garuda law),jalan ap pettarani ruko new zamrud blok,7371031008,7371031,jalan ap pettarani ruko new zamrud blok
97459499,media wisata utama pt,jalan ap pettarani ruko new zamrud,7371031008,7371031,jalan ap pettarani ruko new zamrud
97458834,asera teknik mandiri cv,jalan ap pettarani ruko new zamrud blok,7371031008,7371031,jalan ap pettarani ruko new zamrud blok
97476079,gendra jaya (erni),jl rappocini raya depan apotik sejati,7371031009,7371031,jl rappocini raya depan apotik sejati
97471030,"surya puzulindo, pt",jalan ap pettarani ruko new zamrud blok e/5,7371031008,7371031,jalan ap pettarani ruko new zamrud blok e/5
97474325,nasa <airline education center>,jalan sultan alauddin komp plaza blik off 9,7371031001,7371031,jalan sultan alauddin komp plaza blik off 9
97474317,gudang,jlmon emmy saelan,7371031006,7371031,jlmon emmy saelan
97474348,amedika utama sejahtera pt,jalan landak baru,7371031007,7371031,jalan landak baru
97474340,jual eceran galon,jl puri blok c6 no 1,7371031004,7371031,jl puri blok c6 no 1
97446091,pegadaian pt,jalan tamalate 1,7371031003,7371031,jalan tamalate 1
97444594,koperasi pegawai republik indonesia (kpri),jl raya pendidikan <komp balla panakkukang> blok b1,7371031006,7371031,jl raya pendidikan <komp balla panakkukang> blok b1
97444550,servis hp dan laptop,jalan tidung 6 stpk 6,7371031003,7371031,jalan tidung 6 stpk 6
97446218,advertising graphic design printing,komp bph plasa n3,7371031002,7371031,komp bph plasa n3
97471937,smp negeri 21,btn minasa upa blok a5,7371031002,7371031,btn minasa upa blok a5
97468087,fotografer,bonto lanra no 3 d,7371031007,7371031,bonto lanra no 3 d
97468151,reklamendo,jl pelita raya vi no. 1 rt 4 rw 6 90222,7371031008,7371031,jl pelita raya vi no. 1 rt 4 rw 6 90222
97468150,"tri star mandiri, pt",jl pelita raya 6 no 8,7371031008,7371031,jl pelita raya 6 no 8
97468230,salon pipi (abd kadir),jl rappocini lr 3a no 18,7371031009,7371031,jl rappocini lr 3a no 18
97470544,kisel pt <tdc telkomsel>,jl tamalate 1,7371031006,7371031,jl tamalate 1
97465035,penjual gas (hj royani),jl rappocini lr 4,7371031009,7371031,jl rappocini lr 4
97467187,koperasi simpan pinjam sipakatallasa,jl hertasning baru no 59,7371031004,7371031,jl hertasning baru no 59
97467197,vita mart,emy saelan,7371031001,7371031,emy saelan
97465310,multison indonesia <laode>,jl rsi faisal 12 no 5 b,7371031007,7371031,jl rsi faisal 12 no 5 b
97465088,ud m accini (buhom h),jl mon emmy saelan 3 no 2,7371031006,7371031,jl mon emmy saelan 3 no 2
97460147,tiki pengiriman,jln rutan no 75,7371031001,7371031,jln rutan no 75
97460148,kantin bu yuli,kompleks lapas,7371031001,7371031,kompleks lapas
97460228,gresik cipta sejahtera pt,jalan ap pettarani ruko new zamrud blok a/18-19 rt 6 rw 3 90222,7371031008,7371031,jalan ap pettarani ruko new zamrud blok a/18-19 rt 6 rw 3 90222
97467271,dsd muhammadiyah,jl bonto dg ngirate,7371031005,7371031,jl bonto dg ngirate
97464603,gudang event orgenesior,jalan landak gang ii,7371031007,7371031,jalan landak gang ii
97466297,cv mega guna sarana mandiri,jalan tidung 7 stp 6 no 224,7371031003,7371031,jalan tidung 7 stp 6 no 224
97466298,kantor advokat fmn,jalan ap pettarani ruko new zamrud blok,7371031008,7371031,jalan ap pettarani ruko new zamrud blok
97466474,klinik gigi (reza),jl jipang raya,7371031002,7371031,jl jipang raya
97468756,pupuk kaltim pt,jalan ap pettarani,7371031008,7371031,jalan ap pettarani
97469012,pegadaian syariah,jalan ap pettarani ruko new zamrud blok,7371031008,7371031,jalan ap pettarani ruko new zamrud blok
97468775,persewaan rumah,jl jipang raya,7371031002,7371031,jl jipang raya
97466512,pelangi cv kontraktor bangunan,jl mon emmy saelan,7371031006,7371031,jl mon emmy saelan
97466522,alfa midi,jl rappocini raya no 87,7371031009,7371031,jl rappocini raya no 87
97469028,anugerah mandiri,sultan alauddin,7371031001,7371031,sultan alauddin
97469036,jual alat bangunan (rifcky),jl mon emmy saelan no 123 a,7371031006,7371031,jl mon emmy saelan no 123 a
97465449,purnama karya nugzaha,jl landak baru,7371031007,7371031,jl landak baru
97466604,pelangi wisata madaniah tour and travel,jl tamalate 1 no 14 a ruko oppa lt 2,7371031005,7371031,jl tamalate 1 no 14 a ruko oppa lt 2
97466603,tk it & sd it al biruni mandir,jl jipang raya komp ruko no 20-26,7371031002,7371031,jl jipang raya komp ruko no 20-26
97465439,zintah indah,jl ap pettarani ruko new zamrud blok,7371031008,7371031,jl ap pettarani ruko new zamrud blok
97466407,pt mustika karya abadi <shelly>,jalan hertasning palm mas no 3,7371031008,7371031,jalan hertasning palm mas no 3
97473697,nusantara tor and travel,jl tamalate 1 no 8,7371031005,7371031,jl tamalate 1 no 8
97465532,"ladjalani, cv",ruko zamrud blok f/18,7371031008,7371031,ruko zamrud blok f/18
97468480,paud lestari,jl kr bontotangnga,7371031002,7371031,jl kr bontotangnga
97473819,media komunika (rino),jalan rappocini raya no 187 b,7371031008,7371031,jalan rappocini raya no 187 b
97470646,mannyingari indonesia timur pt <arif>,jl rappocini raya no 34,7371031009,7371031,jl rappocini raya no 34
97469232,surya jaya cv,j l aroepala no 44 a,7371031004,7371031,j l aroepala no 44 a
97470657,cv. has marka sulawesi,komp graha quality no 14,7371031007,7371031,komp graha quality no 14
97473875,tumanurung cv,komp puri taman sari blok d 6 no 8,7371031004,7371031,komp puri taman sari blok d 6 no 8
97473888,golden asean resto,landak baru 130,7371031007,7371031,landak baru 130
97469264,gudang dean dekorasi cv,jl mon emmy saelan,7371031006,7371031,jl mon emmy saelan
97473950,bimbingan belajar matematika dasar,jl tamalate 2 blok 9 no 88,7371031003,7371031,jl tamalate 2 blok 9 no 88
97474005,gelatik supra pt,perumahan puri taman sari blok b 6/8,7371031004,7371031,perumahan puri taman sari blok b 6/8
97474008,mandala simpan pinjam,jl salapang raya,7371031002,7371031,jl salapang raya
97474017,cv kensu globalindo,jl b dg ngirate blk 20 stp 4 no 465,7371031005,7371031,jl b dg ngirate blk 20 stp 4 no 465
97469368,toko grosir (kasmi),btn minisa upa blok a4,7371031002,7371031,btn minisa upa blok a4
97474034,foto copy (mardaniah),rappocini raya no 225,7371031008,7371031,rappocini raya no 225
97465769,notaris,blok f/20,7371031008,7371031,blok f/20
97474033,zidan alfatih cv,jl aroupala permt kyasmin blom b2,7371031003,7371031,jl aroupala permt kyasmin blom b2
97471899,tk adilika,jl tidung 9 stp 14,7371031003,7371031,jl tidung 9 stp 14
97475193,cv alif karya tehnik (andrey),jalan karaeng bonto tangnga,7371031002,7371031,jalan karaeng bonto tangnga
97475226,klinik (effendy dr),jl skarda n 1,7371031001,7371031,jl skarda n 1
97472881,penyewaan kamar (amiruddin),jl minasa karya,7371031002,7371031,jl minasa karya
97472821,pegadaian upc tamalate,jl b dg ngirate blk 20 no 10,7371031005,7371031,jl b dg ngirate blk 20 no 10
97472887,service ac (iqbal),komp puri taman sari blok d 13 no 5,7371031004,7371031,komp puri taman sari blok d 13 no 5
97472905,ksp wanita teratai,jl.raya pendidikan,7371031006,7371031,jl.raya pendidikan
97472913,toko campuran (aminah),toddopuli 1 no 46,7371031004,7371031,toddopuli 1 no 46
97472914,bumi putera (abidin),toddopuli raya,7371031004,7371031,toddopuli raya
97472942,mandiri in health,hertasning raya no 7,7371031008,7371031,hertasning raya no 7
97472912,pt. intisel prodaktifakom,jl veteran selatan lr. 71 no. 2,7371031007,7371031,jl veteran selatan lr. 71 no. 2
97472916,sumber bangunan (budi),toddopuli raya,7371031004,7371031,toddopuli raya
97475242,coffee rich (marcus),jalan rappocini raya no 219 j,7371031008,7371031,jalan rappocini raya no 219 j
97472990,koperasi al biruni,jl jipang permai,7371031002,7371031,jl jipang permai
97475289,jendela coffe,buakana,7371031008,7371031,buakana
97475334,mujur jaya cell <ikhsan>,jalan rappocini ray a no 217,7371031008,7371031,jalan rappocini ray a no 217
97469838,ayi interior,komp puri taman sari blok d 3 no 15,7371031004,7371031,komp puri taman sari blok d 3 no 15
97475414,koperasi sejahtera,komplek jipang permai dp 3a no 8,7371031002,7371031,komplek jipang permai dp 3a no 8
97473025,kredit plus,jl rappocini raya,7371031008,7371031,jl rappocini raya
97464758,apotik sumber hidup,"jalan ap pettarani ruko new zamrud blok b1,2,10",7371031008,7371031,"jalan ap pettarani ruko new zamrud blok b1,2,10"
97467763,putra tunggal pt,jl hertasning baru,7371031004,7371031,jl hertasning baru
97467759,praktek dokter gigi loannita,jalan ap pettarani ruko new zamrud,7371031008,7371031,jalan ap pettarani ruko new zamrud
97467580,apotik saikhan farma,hertasning baru,7371031004,7371031,hertasning baru
97467588,sma muhammadiyah,jl b dg ngirate no 22,7371031005,7371031,jl b dg ngirate no 22
97467770,rumah kos (h sakhrir),jl wijaya kusuma,7371031009,7371031,jl wijaya kusuma
97461183,travel buana persada (vivi),jl tamalate 1 no 18 c,7371031006,7371031,jl tamalate 1 no 18 c
97444614,sami utama jaya pt,komp balla panakukang blok e 5,7371031006,7371031,komp balla panakukang blok e 5
97461423,cokonuri mart,jalan rutan no 75,7371031001,7371031,jalan rutan no 75
97461422,tk (ratna),jln rutan blok a no 1,7371031001,7371031,jln rutan blok a no 1
97461648,tpq al-furqon,jl mon emmy saelan 4 no 20,7371031006,7371031,jl mon emmy saelan 4 no 20
97471571,rumah sehat (rustamin),toddopuli 1,7371031004,7371031,toddopuli 1
97471666,persewaan kamar <siti zaitun>,jl wijaya kusuma 1,7371031007,7371031,jl wijaya kusuma 1
97471669,perawatan gigi (nurlili),btn minas upa blok f5 no 18,7371031001,7371031,btn minas upa blok f5 no 18
97471731,alfa mart,landak baru,7371031007,7371031,landak baru
97466679,pt bhanda ghara reska,jl. hertasning kompleks  perumahan palm mas no. 7,7371031008,7371031,jl. hertasning kompleks  perumahan palm mas no. 7
97465883,trijaya,jl rappocini raya,7371031009,7371031,jl rappocini raya
97476272,pt indomarco prismatama,jl hertasning plam mas,7371031008,7371031,jl hertasning plam mas
97476374,taman kanak teratai (suriani),jl bontolangkasa,7371031007,7371031,jl bontolangkasa
97476345,warnet hidayat,buakana,7371031008,7371031,buakana
97471224,btpn mitra bisnis,jl sultan alauddin plaza no 3,7371031001,7371031,jl sultan alauddin plaza no 3
97476448,insan jaya abadi cv,jl hertasning barat 3 no 66,7371031005,7371031,jl hertasning barat 3 no 66
97474570,praktek dokter gigi,jl rappocini raya no 84a,7371031009,7371031,jl rappocini raya no 84a
97474637,cv surya mandiri,j l b dg ngirate raya,7371031005,7371031,j l b dg ngirate raya
97474699,karya 21 (reza),jl rappocini raya lr 5 no 8,7371031009,7371031,jl rappocini raya lr 5 no 8
97476625,universitas negeri makassar,jl a p pettarani gedung bg kampus unm gunung sari,7371031006,7371031,jl a p pettarani gedung bg kampus unm gunung sari
97474864,koperasi berkat,jl jipang permai dp 9 no 4,7371031002,7371031,jl jipang permai dp 9 no 4
97474851,hexa mulia pt,jl. rappocini raya no. 92,7371031009,7371031,jl. rappocini raya no. 92
97464677,yayasan pppa darul qur`an,jalan ap pettarani ruko new zamrud blok g/2,7371031008,7371031,jalan ap pettarani ruko new zamrud blok g/2
97463063,pesona prima utama pt,jalan ap pettarani ruko new zamrud blok,7371031008,7371031,jalan ap pettarani ruko new zamrud blok
97469625,citra utama cv,jalan ap pettarani ruko new zamrud blok,7371031008,7371031,jalan ap pettarani ruko new zamrud blok
97470346,tk dharma wanita,jl tamalate 4 stp 4 no 159,7371031004,7371031,jl tamalate 4 stp 4 no 159
97473415,kios gas elpiji,jl aroupala permt yasmin g1 6,7371031003,7371031,jl aroupala permt yasmin g1 6
97471859,kj pp jasa penilai publik (firmansya),jl hertasning palamas,7371031008,7371031,jl hertasning palamas
97470458,media online (syarifuddin),toddopuli 1,7371031004,7371031,toddopuli 1
97470484,stie pi yaspim,jl andi pangeran pettarani no 99 b,7371031008,7371031,jl andi pangeran pettarani no 99 b
97469561,roperasi depag,jalan ap pettarani no 223,7371031008,7371031,jalan ap pettarani no 223
97465089,toko barang campuran (hj eryani),jl rappocini l r 4,7371031009,7371031,jl rappocini l r 4
97469486,spbu pt gasina <yusuftyos>,jalan ap petarani - rappocini,7371031008,7371031,jalan ap petarani - rappocini
97474936,tk playgroup aisyiyah,jalan minasa upa,7371031002,7371031,jalan minasa upa
97475052,"maharasya citra abadi, pt",jln monumen emmy saelan 3,7371031006,7371031,jln monumen emmy saelan 3
97472761,agen travel (indrawati),puri taman sari blok c1 no 4,7371031004,7371031,puri taman sari blok c1 no 4
97468327,kantor gapensi,jl komp permata sari,7371031008,7371031,jl komp permata sari
97472246,manyingarri pt,jalan bonto lanra bno 11,7371031007,7371031,jalan bonto lanra bno 11
97468333,alfa mart,hertasning aroepala no 8,7371031004,7371031,hertasning aroepala no 8
97469974,adira,jl tidung,7371031005,7371031,jl tidung
97469976,pegadaian emmy saelan,jalan monumen emmy saelan no 14 b,7371031001,7371031,jalan monumen emmy saelan no 14 b
97504811,bidan praktik swasta,jalan minasa upa blok g3 no 15,7371031001,7371031,jalan minasa upa blok g3 no 15
97499736,ud h kadir (kadir),jl syech yusuf,7371031001,7371031,jl syech yusuf
97501272,rental mobil (firman),jl minasa karya,7371031002,7371031,jl minasa karya
97501292,tana doang karoas <dewi>,btn minasa upa k 12 no 11,7371031001,7371031,btn minasa upa k 12 no 11
97499075,pemborong,jalan banta bantaeng,7371031007,7371031,jalan banta bantaeng
97501336,depot isi ulang air galon(nurdiana),jl rsi faisal lr 7 no 17,7371031007,7371031,jl rsi faisal lr 7 no 17
97499098,persewaan kamar,jl wijaya kusuma 1 no 5,7371031007,7371031,jl wijaya kusuma 1 no 5
97501359,persewaan kamar (halim nayade h),jalan minasa upa blok g1 no 13,7371031001,7371031,jalan minasa upa blok g1 no 13
97501390,laundry riska (abdul azis,jl sungai saddang baru ab 4,7371031010,7371031,jl sungai saddang baru ab 4
97499163,toko bur,jl rappocini raya no 4,7371031009,7371031,jl rappocini raya no 4
97501413,sd inpres karunrung,karunrung raya 5,7371031002,7371031,karunrung raya 5
97501431,indra cell (yeri cahyadi),btn minasa upa blok j3/13,7371031001,7371031,btn minasa upa blok j3/13
97500126,catering citra (abriansyah),jalan bumi 8 blok a7 no 9,7371031001,7371031,jalan bumi 8 blok a7 no 9
97500135,bank sampah katangka,jl syekh yusuf,7371031001,7371031,jl syekh yusuf
97500150,galaxy accesories (sutanto),sungai saddang baru no 8a,7371031010,7371031,sungai saddang baru no 8a
97500108,usaha penyewaan rumah orw 02,komp kodam katangka blok g 21,7371031001,7371031,komp kodam katangka blok g 21
97500133,jual aksesori keliling (nur ridwan),jalan karunrung raya 1,7371031002,7371031,jalan karunrung raya 1
97500248,rias pengantin (hj anna),btn minasa upa blok ea no 10,7371031001,7371031,btn minasa upa blok ea no 10
97500265,dragon taylor,jl rappocini,7371031008,7371031,jl rappocini
97500306,desain grafis (pak iqbal),perum villa mega sari blok bi no 3,7371031001,7371031,perum villa mega sari blok bi no 3
97500305,persewaan alat pesta,al.jipang raya blok ai no.9,7371031001,7371031,al.jipang raya blok ai no.9
97500334,jual beli motor <satria>,jalan jipang raya,7371031001,7371031,jalan jipang raya
97500279,konsultan teknik (yumedi),btn minasa upa blok n i7 no 13,7371031001,7371031,btn minasa upa blok n i7 no 13
97500319,fadillah baru pd,pelita raya no a5 / 8d,7371031008,7371031,pelita raya no a5 / 8d
97497665,warung suroboyo (sukoco),jl talasalapang raya,7371031001,7371031,jl talasalapang raya
97497744,penjual peti mayat gelora,jl rappocini raya no 4,7371031009,7371031,jl rappocini raya no 4
97445742,toko bangunan,komp bph plaza no n15,7371031002,7371031,komp bph plaza no n15
97446914,jualan parfum (juan),jalan tamalate 2,7371031003,7371031,jalan tamalate 2
97446022,warkop bundu,komp bph plaza no 1,7371031002,7371031,komp bph plaza no 1
97504858,beng kel las senindo perkasa,jl makkio baji 5,7371031006,7371031,jl makkio baji 5
97504867,zaqi collection(baso),tidung 7 nomor 96,7371031003,7371031,tidung 7 nomor 96
97504906,jual pakaian olahraga (tahir),minasa upa perumahan griya asri no 10,7371031001,7371031,minasa upa perumahan griya asri no 10
97504910,herts coffe,jl aroepala no 255,7371031001,7371031,jl aroepala no 255
97504927,tiqahku boutique,jl ap pettarani ruko new zamrud blok,7371031008,7371031,jl ap pettarani ruko new zamrud blok
97445364,nasi goreng (mbak atik),jalan talasalapang,7371031002,7371031,jalan talasalapang
97497933,gedung balai mutiara,jalan nikel raya a20 no 16,7371031010,7371031,jalan nikel raya a20 no 16
97498041,loket pembayaran listrik (alam),jl tamalate 6 no 90,7371031004,7371031,jl tamalate 6 no 90
97498142,teras marina,jalan nikel 1 no 4 b,7371031010,7371031,jalan nikel 1 no 4 b
97501449,loket pembayaran online (auliya),komp griya fajar mas blok m,7371031001,7371031,komp griya fajar mas blok m
97501448,toko kelontong (ani),komp griya fajar mas regenvy no 1a,7371031001,7371031,komp griya fajar mas regenvy no 1a
97499194,trevel,jl landak baru perum pli,7371031007,7371031,jl landak baru perum pli
97501450,jual es (suhriani),komp griya fajar mas,7371031001,7371031,komp griya fajar mas
97499787,kos kosan (irwan),jl bumi 22,7371031001,7371031,jl bumi 22
97499229,ramlah (grosir),jalan karunrung raya,7371031002,7371031,jalan karunrung raya
97499230,toko fachri,jl tamalate 4 no 29,7371031004,7371031,jl tamalate 4 no 29
97499778,lina campuran,gedung balai sidang unismuh,7371031001,7371031,gedung balai sidang unismuh
97499237,attg 8,jl faisal 11 10,7371031007,7371031,jl faisal 11 10
97499803,penyewaan kamar (hanter),rappocini raya lr. 9,7371031008,7371031,rappocini raya lr. 9
97499828,penyewaan kamar (mustamin),rappocini raya lr. 9,7371031008,7371031,rappocini raya lr. 9
97499861,konstruksi (takbir),villa megasari blok bi no 6,7371031001,7371031,villa megasari blok bi no 6
97499862,batu akik (firdaus),perum villa mega sari blok h no 14,7371031001,7371031,perum villa mega sari blok h no 14
97501535,tk alfirah,jl japang raya blok ai no 18,7371031001,7371031,jl japang raya blok ai no 18
97501522,penjualan pakaian,jl tamalate 2 ujung,7371031003,7371031,jl tamalate 2 ujung
97501526,pedagang sendal keliling,komp kodam katangka blok g22 / f <belangka>,7371031001,7371031,komp kodam katangka blok g22 / f <belangka>
97501565,jual rumput laut,bosowa permai a3 no 17,7371031001,7371031,bosowa permai a3 no 17
97501566,usaha tupperware (ramlah),btn minasa upa blok l15 no 15,7371031001,7371031,btn minasa upa blok l15 no 15
97499877,toko prima,jl jipang raya no 29,7371031001,7371031,jl jipang raya no 29
97499310,rumah makan happy,jl rappocini raya,7371031009,7371031,jl rappocini raya
97499894,dna laundry (agus),jalan jipang raya,7371031002,7371031,jalan jipang raya
97499330,usaha olahan coklat (irwan),sungai saddang baru ballaparang 2,7371031010,7371031,sungai saddang baru ballaparang 2
97499934,warung campuran (rawiah),toddopuli 1 kampung kassi kassi,7371031004,7371031,toddopuli 1 kampung kassi kassi
97499936,butik <henny>,btn minasa upa blok b8 no 4,7371031001,7371031,btn minasa upa blok b8 no 4
97499955,jual ayam krispi akbar (aslam),gedung balai sidang unismuh,7371031001,7371031,gedung balai sidang unismuh
97499956,sirajuddin,kompleks kodam katangka blok e5,7371031001,7371031,kompleks kodam katangka blok e5
97501594,laundry prima (yulianti),puri taman sari blok c7 no 15,7371031004,7371031,puri taman sari blok c7 no 15
97499957,warung ida,kompleks kodam katangka elok e5,7371031001,7371031,kompleks kodam katangka elok e5
97499958,bengkel las al hadits,kompleks k o dam kat a h g k a blok e5,7371031001,7371031,kompleks k o dam kat a h g k a blok e5
97499972,zulfikar rent car,komp kodam katangka blok b no 16,7371031001,7371031,komp kodam katangka blok b no 16
97499985,warung campuran nina (nurdiana),jalan bumi 9 blok ag no 1,7371031001,7371031,jalan bumi 9 blok ag no 1
97500005,aqilah taylor,btn minasa upa blok j4 no 22,7371031001,7371031,btn minasa upa blok j4 no 22
97501652,laundry de laoendre (indah),btn minasa upa blok b5 no 8,7371031001,7371031,btn minasa upa blok b5 no 8
97499416,photography (asri),griyafajarmas,7371031001,7371031,griyafajarmas
97499417,toko kelontong,komp griya fajar mas regency 2 no 21,7371031001,7371031,komp griya fajar mas regency 2 no 21
97500030,sewa tenda kursi (h ardi),btn minasaupa blok ki/26,7371031001,7371031,btn minasaupa blok ki/26
97500032,raja laudry aluddin,komp griya fajar mas blok g,7371031001,7371031,komp griya fajar mas blok g
97501662,balai pengobatan gigi sejahtera,jalan emmy saelan 3,7371031002,7371031,jalan emmy saelan 3
97499435,cistristor atk,komp griya fajar mas regency i blok a/16,7371031001,7371031,komp griya fajar mas regency i blok a/16
97499452,kursus bhs inggris,komp mangasa permai blok y,7371031001,7371031,komp mangasa permai blok y
97501681,chielicious mks (cici),jl griya fajar mas perumahan lagoosi,7371031001,7371031,jl griya fajar mas perumahan lagoosi
97501669,usaha isi ulang air minum (mujabar),kassi-kassi,7371031004,7371031,kassi-kassi
97499474,toko kelontong,jl bumi 21,7371031001,7371031,jl bumi 21
97499475,jual pakaian,bumi 22 blok d 6/7,7371031001,7371031,bumi 22 blok d 6/7
97501704,penjahit (sahari),kompleks kdoam katangka blok e 5,7371031001,7371031,kompleks kdoam katangka blok e 5
97501707,coto makassar bahari,jl faisal raya,7371031007,7371031,jl faisal raya
97501708,catring (bu fera),komp kodam katangka blok 6b1,7371031001,7371031,komp kodam katangka blok 6b1
97501711,los percetakan,jl syekh yusuf,7371031001,7371031,jl syekh yusuf
97499488,dell com,jl sultan alauddin,7371031001,7371031,jl sultan alauddin
97503176,menjual ikan lele (nikmatullah),btn minasa upa blok 64 no 13,7371031001,7371031,btn minasa upa blok 64 no 13
97503177,depot air minum (muhammad opu),btn minasa upa blok ea no 12,7371031001,7371031,btn minasa upa blok ea no 12
97503203,apotek c 312 (zohra),jl minasa upa raya blok c3 no 12,7371031001,7371031,jl minasa upa raya blok c3 no 12
97503208,rumah cemilan makassar (sri yuliani),jl minasa upa raya blok c6 no 3,7371031001,7371031,jl minasa upa raya blok c6 no 3
97503210,salon ida wijaya (ida royani),btn minasa upa blok l14 no 12,7371031001,7371031,btn minasa upa blok l14 no 12
97502837,nasi kuning (hasniah),komp kodam katangka blok g 22 / f <belangka>,7371031001,7371031,komp kodam katangka blok g 22 / f <belangka>
97502853,klinik addaraen,jl sultan alauddin no 305 a,7371031001,7371031,jl sultan alauddin no 305 a
97500815,cheria supplier (kurnianto),jalan wijaya kusuma 3 blok k 9 no 2,7371031007,7371031,jalan wijaya kusuma 3 blok k 9 no 2
97503178,produksi mie basah,btn minasa upa blok e8 no 4 rt 06 rw 07 90221,7371031001,7371031,btn minasa upa blok e8 no 4 rt 06 rw 07 90221
97500828,buat roti (mulianah),jalan kelapa tiga gang 1 no,7371031010,7371031,jalan kelapa tiga gang 1 no
97502866,usaha kue tradisional,btn minasa upa blok l15 no 13,7371031001,7371031,btn minasa upa blok l15 no 13
97502885,tk tpa raudhatul jannah,jalan bumi 22 blok a 15 no 20,7371031001,7371031,jalan bumi 22 blok a 15 no 20
97500861,gerai khas,jl ap pettarani,7371031007,7371031,jl ap pettarani
97502891,koperasi sejahtera,btn minasa upa blok l 7 no 3,7371031001,7371031,btn minasa upa blok l 7 no 3
97500860,rumah makan takana juo,ruko ambasador no 14 jl rs faisal raya,7371031007,7371031,ruko ambasador no 14 jl rs faisal raya
97503251,apotek marwah husada,tamalate 1,7371031005,7371031,tamalate 1
97503243,toko joice(susana),tidung g stp 9 nomor 69,7371031003,7371031,tidung g stp 9 nomor 69
97503316,jual kayu (wahyudi),jl syekh yusuf,7371031001,7371031,jl syekh yusuf
97502951,usaha bakso (dg bantang),jalan kelapa tiga gang 2 no 2,7371031010,7371031,jalan kelapa tiga gang 2 no 2
97503371,warung kelontong (surianti),btn minasa upa blok n 16 no 25,7371031001,7371031,btn minasa upa blok n 16 no 25
97501012,4wd cell (dewan wahyudi),jl monumen emmy saelan no 8,7371031006,7371031,jl monumen emmy saelan no 8
97503399,wijaya glass (widianto),balla parang jlsungai saddang,7371031010,7371031,balla parang jlsungai saddang
97503411,freze laundry,jl rs faisal raya no 8,7371031007,7371031,jl rs faisal raya no 8
97501071,usaha pembuatan kasting (nurjannah),jl minasa upa blok k,7371031001,7371031,jl minasa upa blok k
97503454,supliyer buah(syukur),btn minasa upa,7371031001,7371031,btn minasa upa
97503077,persewaan tenda (agus),btn minasa upa,7371031001,7371031,btn minasa upa
97501085,apotik atiqah (paisa),hertasning raya timur no 12 b,7371031004,7371031,hertasning raya timur no 12 b
97503078,penyewaan baju pengantin,btn minasa upa,7371031001,7371031,btn minasa upa
97501115,bentor (zainuddin),jalan karunrung raya 4,7371031002,7371031,jalan karunrung raya 4
97503461,jual beli mobil bekas (andi alam),btn minasa upa blok g1 no 3,7371031001,7371031,btn minasa upa blok g1 no 3
97503418,klinik super thibbun nabawi,perum gosyen,7371031001,7371031,perum gosyen
97503076,jual barang campuran,btn minasa upa blok e5 no 13,7371031001,7371031,btn minasa upa blok e5 no 13
97503495,laundry delima <m nur>,jl mapala 2 blok d 5 no 3,7371031006,7371031,jl mapala 2 blok d 5 no 3
97501147,klinik astri,jl mappala,7371031006,7371031,jl mappala
97501150,n boutique (hari yanti),landak baru 39,7371031007,7371031,landak baru 39
97501796,alif 77 konveksi,btn minasa upa blok k7 27,7371031001,7371031,btn minasa upa blok k7 27
97501803,nasi goreng jakarta,btn minasa upa blok k13 no 14,7371031001,7371031,btn minasa upa blok k13 no 14
97501837,jual alat rumah tangga (aryati),btn minasa upa blok c3 no 18,7371031001,7371031,btn minasa upa blok c3 no 18
97501838,air minum vita (burhanuddin),jl minasa upa raya blok c3 no 17,7371031001,7371031,jl minasa upa raya blok c3 no 17
97501781,jual sembako (hendrawati),jalan tidung x timur perumahan stella maris blok a10,7371031002,7371031,jalan tidung x timur perumahan stella maris blok a10
97501826,kost kosan (ana),griya fajar mas blok m,7371031001,7371031,griya fajar mas blok m
97501827,jual buah (hj salamang),komp. baruga fajar mas,7371031001,7371031,komp. baruga fajar mas
97501901,jual buku(agung),bosowa permai blok b5 no 12,7371031001,7371031,bosowa permai blok b5 no 12
97503672,toko alam sumber,jl talasalapang raya no 11,7371031001,7371031,jl talasalapang raya no 11
97503686,depot air,kampus unismuh jl sultan alauddin no 259,7371031001,7371031,kampus unismuh jl sultan alauddin no 259
97501945,apotik cor faizald,jl bumi 13 a no 11,7371031001,7371031,jl bumi 13 a no 11
97501953,mantri sunat sulaiman,jalan minasa upa blok g3,7371031001,7371031,jalan minasa upa blok g3
97503733,kantin sekolah <sd negeri 1 minasa upa>,jl minasa upa blok l,7371031001,7371031,jl minasa upa blok l
97503725,rm tunu bale,jl aroepala no 63,7371031001,7371031,jl aroepala no 63
97503746,geda nusa tours dan travel,jl aeropala no 27 a hertasning baru,7371031001,7371031,jl aeropala no 27 a hertasning baru
97501935,laundritta,jl pal m merah no 26,7371031004,7371031,jl pal m merah no 26
97503820,susu kedelai (jesie),perum villa mega sari blok e no 23,7371031001,7371031,perum villa mega sari blok e no 23
97502013,toko elvira,tamalate 4 no 1,7371031004,7371031,tamalate 4 no 1
97503843,notaris rusni buhaerah,jalan pelita raya no a22 no 9a,7371031010,7371031,jalan pelita raya no a22 no 9a
97503921,klinik gigi firafi,"jl. tamalate 1 no.4, makassar",7371031004,7371031,"jl. tamalate 1 no.4, makassar"
97502030,kedai intan,jl raya pendidikan depan indomart,7371031006,7371031,jl raya pendidikan depan indomart
97502032,paud adiba,jl talasapang,7371031001,7371031,jl talasapang
97503911,gedung graha nur tasnim,hertasning raya no. 84,7371031006,7371031,hertasning raya no. 84
97502036,sanggar rias melati,hertasning no 60,7371031006,7371031,hertasning no 60
97502046,peneadaan barang dan jasa (israt siratu),jalan wijaya kusuy 1 blok k2 no 7,7371031007,7371031,jalan wijaya kusuy 1 blok k2 no 7
97446687,konsultasi,jalan talasalapang,7371031002,7371031,jalan talasalapang
97502094,everyday laundry,perum villa megasari blok e no 11,7371031001,7371031,perum villa megasari blok e no 11
97502096,anugrah meubel,jl talasalapang raya,7371031001,7371031,jl talasalapang raya
97502097,toko aki karya sejahtera (effendy),jl talasalapang raya no 27 b,7371031001,7371031,jl talasalapang raya no 27 b
97502101,sd kassi kassi,jl asam.keranji,7371031004,7371031,jl asam.keranji
97502102,pangkas rambut nizam,jl pinang no 168,7371031004,7371031,jl pinang no 168
97502103,jual alat rumah tangga (henny),btn minasa upa blok 88 no 4,7371031001,7371031,btn minasa upa blok 88 no 4
97502076,tpa ashabul kahfi,jl asam keranji no 225,7371031004,7371031,jl asam keranji no 225
97504067,ekspedisi <amir>,jl tidung mariolo,7371031006,7371031,jl tidung mariolo
97504055,koperasi,jl landak baru lr 7,7371031007,7371031,jl landak baru lr 7
97504054,sop konro bawakaraeng,jl talasalapang,7371031002,7371031,jl talasalapang
97504139,toko bintang ras <bobby>,jalan landak baru,7371031007,7371031,jalan landak baru
97502315,salon iloki,jl tamalate 4 no 9,7371031004,7371031,jl tamalate 4 no 9
97502234,catering (nurlela),jl faisal 4 no 1 9,7371031007,7371031,jl faisal 4 no 1 9
97502238,smun 9 makassar,jl karunrudig raya no 37,7371031002,7371031,jl karunrudig raya no 37
97502301,pondok panrita,jl rsi faisal xvii lr 3,7371031007,7371031,jl rsi faisal xvii lr 3
97502303,jahit pakaian,btn minasa upa blok e8 no 18,7371031001,7371031,btn minasa upa blok e8 no 18
97502304,tk mimasa upa,btn minasa upa blok e4 no 11a 16 18,7371031001,7371031,btn minasa upa blok e4 no 11a 16 18
97502308,toko az zahra,jl tamalate 5 setapak 9,7371031004,7371031,jl tamalate 5 setapak 9
97502347,butik pojok busana,jl hertasning raya,7371031004,7371031,jl hertasning raya
97504172,sd inp perumnas,jltamalate 6,7371031004,7371031,jltamalate 6
97502424,toko an nur(muh said),jl syekh yusuf no 145 katangka,7371031001,7371031,jl syekh yusuf no 145 katangka
97502418,galon (widodo),jl karunrung raya no 15,7371031002,7371031,jl karunrung raya no 15
97502457,keday 08 (fadly),gedung balai sidang unismuh,7371031001,7371031,gedung balai sidang unismuh
97504366,loket pembayaran,hertasning raya no 78,7371031006,7371031,hertasning raya no 78
97504379,orzhy gym (jum),jl wijaya kusuma raya no 49,7371031007,7371031,jl wijaya kusuma raya no 49
97504380,pondok ayu (ismi),jl wijaya kusuma raya no 49,7371031007,7371031,jl wijaya kusuma raya no 49
97787938,lamacca hotel,jl ap pettarani no 1,7371031007,7371031,jl ap pettarani no 1
97788064,new benhill hotel,jalan sultan alauddin no.177 telp. 0411-885422,7371031001,7371031,jalan sultan alauddin no.177 telp. 0411-885422
97788123,maysara wisma,landak baru nomor 23,7371031007,7371031,landak baru nomor 23
97788129,thomas famly wisma inn,jl sultan alauddin 2,7371031007,7371031,jl sultan alauddin 2
97788138,d green hotel,jl. letjen hertasning no.58 telp. 0411-869888,7371031005,7371031,jl. letjen hertasning no.58 telp. 0411-869888
97844690,warkop corner (suryanto),komp. bph jalan bumi 1 no 3 sultan alauddin,7371031001,7371031,komp. bph jalan bumi 1 no 3 sultan alauddin
97862710,jual nasi kuning,kantin kampus unismuh jalan sultan alauddin,7371031001,7371031,kantin kampus unismuh jalan sultan alauddin
97862712,es kelapa muda <saribone>,gowa,7371031001,7371031,gowa
97876428,warung bakso rudal,jl mon emmy saelan,7371031006,7371031,jl mon emmy saelan
98047378,cafe the boss - cabe merah,sultan alauddin komp alauddin plaza ruko 1,7371031001,7371031,sultan alauddin komp alauddin plaza ruko 1
98047379,d' green hotel,hertasning no.58,7371031006,7371031,hertasning no.58
98047381,virsanindo arung mandiri,onta baru no.23/ komp griya panakkukang blok d no.20,7371031005,7371031,onta baru no.23/ komp griya panakkukang blok d no.20
98047386,soto ayam lamongan cak har,andi djemma no.95a-b,7371031007,7371031,andi djemma no.95a-b
98047391,asatu mansion guest house,buakana kav a1,7371031008,7371031,buakana kav a1
98049215,warung pangkep,aroepala,7371031001,7371031,aroepala
98049301,warung makan talenta,jl aroepala no 128,7371031001,7371031,jl aroepala no 128
98049304,catering dian,jalan raya pendidikan kompleks ikip perdos gunung sari blok g2 no. 93,7371031006,7371031,jalan raya pendidikan kompleks ikip perdos gunung sari blok g2 no. 93
98049311,kantin sekolah sd ikip 1,jl ap pettarani (sd komp ikip),7371031007,7371031,jl ap pettarani (sd komp ikip)
98066100,revira inn,jl. bonto mene no.1 banta-bantaeng kec. rappocini kota makassar,7371031007,7371031,jl. bonto mene no.1 banta-bantaeng kec. rappocini kota makassar
2471593,lembaga penelitian sosial dan demokrasi,banta-bantaeng lr 8,7371031007,7371031,banta-bantaeng lr 8
2472071,kalanratu tri karya,jl tamalate vii,7371031003,7371031,jl tamalate vii
2473403,adhisa daya cipta,"jl mahoni no 156 rt 005 rw 009, kassi-kassi",7371031004,7371031,"jl mahoni no 156 rt 005 rw 009, kassi-kassi"
2474500,tris jaya perkasa,jl landak baru,7371031007,7371031,jl landak baru
2474680,baisheng elektronik makassar,jl ap pettarani kav e,7371031006,7371031,jl ap pettarani kav e
2475460,sukses abadi jaya,"komp.puri taman sari blok.c3/7, kassi-kassi",7371031004,7371031,"komp.puri taman sari blok.c3/7, kassi-kassi"
2475477,sany sejahtera,"jl talasalapang no 11 c rt.001 rw.014, gunung sari",7371031001,7371031,"jl talasalapang no 11 c rt.001 rw.014, gunung sari"
2477432,pengkajian dan pengembangan sumber daya masyarakat sulawesi selatan,"rsi faizal ruko ambassador no kav 8 rt 000 rw 000, banta-bantaeng",7371031007,7371031,"rsi faizal ruko ambassador no kav 8 rt 000 rw 000, banta-bantaeng"
2478607,bagus pratama indonesia,komp btn minasa upa blok,7371031001,7371031,komp btn minasa upa blok
2478794,abg dua putra,jl skarda n komplek mangasa,7371031001,7371031,jl skarda n komplek mangasa
2480448,al salam anugrah wisata,jl jipang raya ruko mustika mega sari,7371031001,7371031,jl jipang raya ruko mustika mega sari
2480663,quantum media sejahtera,komp btn minasa upa,7371031001,7371031,komp btn minasa upa
2481106,sakti berjaya,jl emmy saelan kompleks graha sari,7371031001,7371031,jl emmy saelan kompleks graha sari
2481179,sinar inti celebes,permata hijau permai blok d nomor 1,7371031004,7371031,permata hijau permai blok d nomor 1
2481622,khaula (lksa nur qadri),minasa upa,7371031002,7371031,minasa upa
2482371,serena joost,"jl tidung vii stp 9 blok 12/158 rt.00b rw.007, mappala",7371031003,7371031,"jl tidung vii stp 9 blok 12/158 rt.00b rw.007, mappala"
2482977,sami utama jaya,jl raya pendidikan,7371031006,7371031,jl raya pendidikan
2483331,azzahra labchemindo,jl banta-bantaeng lr. 9,7371031007,7371031,jl banta-bantaeng lr. 9
2485797,mitra abadi rejeki sentosa,jl. yusuf dg. ngawing,7371031006,7371031,jl. yusuf dg. ngawing
2486463,proquantum prima,"jl.tidung vii no.96 rt.03 rw.05, mappala",7371031003,7371031,"jl.tidung vii no.96 rt.03 rw.05, mappala"
2486857,tamangapa medika mandiri,jalan nikel 2 nomor 20,7371031010,7371031,jalan nikel 2 nomor 20
2487097,nifa lagoon,jl mangasa permai,7371031001,7371031,jl mangasa permai
2487140,adinata karya,"jl rappocini raya 5 no 8 rt 005 rw 001, rappocini",7371031009,7371031,"jl rappocini raya 5 no 8 rt 005 rw 001, rappocini"
2488308,purogurama it consultant,jl. rappocini raya,7371031009,7371031,jl. rappocini raya
2488623,menara prima sejahtera,jl hertasning 5,7371031006,7371031,jl hertasning 5
2488961,rahayu inti sejahtera,jl bumi 18,7371031001,7371031,jl bumi 18
2489871,karya bangun nusantara,jl landak baru lr 5a,7371031007,7371031,jl landak baru lr 5a
2490130,karya gura utama,minasa karya,7371031002,7371031,minasa karya
2490214,mitra makassar mandiri,kompleks villa harmony,7371031,7371031,kompleks villa harmony
2491497,mitra jaya,"jl bonto dg ngirate blok 20 no 76 rt 000 rw 000, bonto makkio",7371031005,7371031,"jl bonto dg ngirate blok 20 no 76 rt 000 rw 000, bonto makkio"
2491546,lksa jabal rahma,jalan hertasning,7371031004,7371031,jalan hertasning
2491592,maha mega tours,"jl.jipang permai blok.dp.ii no.9, karunrung",7371031002,7371031,"jl.jipang permai blok.dp.ii no.9, karunrung"
2491991,jagra lintas semesta,jl.bumi,7371031001,7371031,jl.bumi
2492987,bumi celebes makmur,btn minasa upa,7371031001,7371031,btn minasa upa
2493078,rifqa mandiri utama,jalan pelita raya 2 komp regency nomor 8 makassar,7371031008,7371031,jalan pelita raya 2 komp regency nomor 8 makassar
2493267,lembaga pengkajian dan pengembangan pemerintah daerah (lp3d),jl toddopuli 6 borong indah 10,7371031004,7371031,jl toddopuli 6 borong indah 10
2493674,kkg pai kec rappocini,jl aroeppala,7371031001,7371031,jl aroeppala
2493936,tri putri pratama bikeru,jl borong indah 9,7371031004,7371031,jl borong indah 9
2494158,tekad mandiri,jl cilallang jaya vii blok,7371031008,7371031,jl cilallang jaya vii blok
2494333,rayyan fajrial,jl. nikel,7371031008,7371031,jl. nikel
2495456,rezeki ananda bersama,kompleks anging mammiri residence,7371031002,7371031,kompleks anging mammiri residence
2495614,tri tunggal jaya,jl talasalapang ii kompleks p & k,7371031001,7371031,jl talasalapang ii kompleks p & k
2498657,sumber utama mandiri,jl perumahan pondok indah makassar,7371031007,7371031,jl perumahan pondok indah makassar
2498925,karya jasa putraperkasa,jl. a.p. pettarani komp. new zamrud e/10 makassar,7371031008,7371031,jl. a.p. pettarani komp. new zamrud e/10 makassar
2498932,quinn tour & travel,jl talasalapang raya ruko executive business center,7371031001,7371031,jl talasalapang raya ruko executive business center
2499019,usaha agro sukses,poros minasa upa,7371031001,7371031,poros minasa upa
2499330,samantha nusantara sejahtera,jl aroepala,7371031001,7371031,jl aroepala
2499778,kalfauzan,komp btn minasa upa,7371031001,7371031,komp btn minasa upa
2499892,glowderm anugerah abadi,jl talasalapang eksklusif bussines centre ruko,7371031001,7371031,jl talasalapang eksklusif bussines centre ruko
2500113,ridha mandiri,jl. nipah,7371031004,7371031,jl. nipah
2500385,im tailor,jl monginsidi baru,7371031010,7371031,jl monginsidi baru
2502334,karya ang jaya,jl pelita raya,7371031008,7371031,jl pelita raya
2502865,panrita integra,jl tamalate 6,7371031004,7371031,jl tamalate 6
2502899,bolong mare persada,jl toddopuli 6 puri taman sari,7371031004,7371031,jl toddopuli 6 puri taman sari
2503152,a tiga,jl ap pettarani ruko new zamrud,7371031008,7371031,jl ap pettarani ruko new zamrud
2503315,karsa global,jl timah i,7371031010,7371031,jl timah i
2503430,tiga lima tujuh anugrah,"jl aroepala akses perum taman gosyen no 07, gunung sari",7371031001,7371031,"jl aroepala akses perum taman gosyen no 07, gunung sari"
2503432,anugerah inovasi global mandiri,jl a p pettarani,7371031008,7371031,jl a p pettarani
2505139,putra jaya utama mandiri,jl. pelita raya 5 lr 2/16,7371031008,7371031,jl. pelita raya 5 lr 2/16
2505304,zona auto makassar,jl talasalapang,7371031001,7371031,jl talasalapang
2505510,mitra utama,jl bontocinde,7371031008,7371031,jl bontocinde
2505671,ananda idy bahagia,jl. andi djemma,7371031007,7371031,jl. andi djemma
2506015,ud aroma laut,jl pelita raya,7371031010,7371031,jl pelita raya
2508800,celebes power indonesia,jl rappocini raya lr 6,7371031008,7371031,jl rappocini raya lr 6
2509038,putera komunikasindo,"jl.tamalate i no.25 a rt.003 rw.001, kassi-kassi",7371031004,7371031,"jl.tamalate i no.25 a rt.003 rw.001, kassi-kassi"
2509562,wiradewa widya konsulindo,jl. hertasning baru/aroepala komp pdgi,7371031001,7371031,jl. hertasning baru/aroepala komp pdgi
2509595,induksi kreatif indonesia,jalan tidung iv setapak 7 blok 16 nomor 149,7371031005,7371031,jalan tidung iv setapak 7 blok 16 nomor 149
2509916,batara mandiri,komp griya minasa upa mandiri,7371031,7371031,komp griya minasa upa mandiri
2510137,al buruj,jl ap pettarani,7371031007,7371031,jl ap pettarani
2510755,dahsyat abadi utama 88,jl cokonuri dalam komp rukan,7371031006,7371031,jl cokonuri dalam komp rukan
2511221,karya utama,jl pelita raya,7371031010,7371031,jl pelita raya
2511532,misk international,komp griya kisel,7371031001,7371031,komp griya kisel
2511641,berkat kana abadi,jl hertasning raya,7371031006,7371031,jl hertasning raya
2511993,solusi aman pratama,jl. aroepala nomor 2 hertasning baru,7371031004,7371031,jl. aroepala nomor 2 hertasning baru
2512606,makassar central mobil,jl monginsidi baru,7371031009,7371031,jl monginsidi baru
2513030,cahaya mutiara sejahtera,jl beringin v,7371031004,7371031,jl beringin v
2514295,margah pangan nusantara,graha mapala permai,7371031006,7371031,graha mapala permai
2514338,agro mitra usaha,faisal 9 no.12,7371031007,7371031,faisal 9 no.12
2514476,sukses tera yayat,jl permata hijau permai,7371031004,7371031,jl permata hijau permai
2514509,sumber tani berdikari,jalan faisal raya iii no. 1,7371031007,7371031,jalan faisal raya iii no. 1
2514577,bumi daun mekar,jalan pendidikan raya,7371031006,7371031,jalan pendidikan raya
2516073,amanda utami,"jl.tamalate 3 stp 52 no.49 rt.003 rw.004, kassi-kassi",7371031004,7371031,"jl.tamalate 3 stp 52 no.49 rt.003 rw.004, kassi-kassi"
2516306,amaya integrasi,komplesk mangasa permai,7371031001,7371031,komplesk mangasa permai
2516923,cv oto teman indonesia,rappocini raya lorong,7371031008,7371031,rappocini raya lorong
2517165,focus mitra raya,jl buakana,7371031008,7371031,jl buakana
2517185,golden celebes,jl rsi faisal xii,7371031007,7371031,jl rsi faisal xii
2517607,fadil pratama,jl tamalate i,7371031003,7371031,jl tamalate i
2517645,halik putra wardana,jl komp griya fajar mas regency,7371031001,7371031,jl komp griya fajar mas regency
2518811,lembaga forum kesatuan rakyat sulawesi selatan (fkr sulsel),"jl rsi faisal 14 no a71, banta-bantaeng",7371031007,7371031,"jl rsi faisal 14 no a71, banta-bantaeng"
2518850,mutiara syariah group,jl syekh yusuf,7371031001,7371031,jl syekh yusuf
2519573,mustimah,"jl ruko puri talasalapang no.9 rt.000 rw.000, karunrung",7371031002,7371031,"jl ruko puri talasalapang no.9 rt.000 rw.000, karunrung"
2519579,mitra jyoti,komp pu jeneberang,7371031002,7371031,komp pu jeneberang
2519892,bina agro harapan mandiri,jl syech yusuf perumahan minasa sari,7371031001,7371031,jl syech yusuf perumahan minasa sari
2520518,makro indtim,"jl rappocini raya no 171 rt.002 rw.005, buakana",7371031008,7371031,"jl rappocini raya no 171 rt.002 rw.005, buakana"
2521151,digital smartpro,perum jipang permai,7371031002,7371031,perum jipang permai
2521342,mozavfe makassar sejahtera,jl sungai saddang baru,7371031010,7371031,jl sungai saddang baru
2521620,deyatris husada bersatu,"jl talasalapang ruko bph plaza blok m1/3 rt.004 rw.007, karunrung",7371031002,7371031,"jl talasalapang ruko bph plaza blok m1/3 rt.004 rw.007, karunrung"
2522100,resvan mandiri,jl cokonuri dalam 1,7371031006,7371031,jl cokonuri dalam 1
2522862,media kreasi,jl komplek mangasa permai  skardan,7371031001,7371031,jl komplek mangasa permai  skardan
2523139,arezmah consultant,jl rappocini raya,7371031008,7371031,jl rappocini raya
2523377,ina konsultan,jl kr bontotangnga,7371031002,7371031,jl kr bontotangnga
2524544,genius computer centre,jl sungai saddang baru,7371031010,7371031,jl sungai saddang baru
2526398,herawati,btn minasa upa blk l.5,7371031,7371031,btn minasa upa blk l.5
2526953,energi triple f,jl aroepala perum anging mammiri,7371031002,7371031,jl aroepala perum anging mammiri
2527814,south side,jalan hertasning baru perumahan taman yasmin indah,7371031003,7371031,jalan hertasning baru perumahan taman yasmin indah
2528539,interasean sakti perkasa,jalan sultan alauddin no. 321,7371031001,7371031,jalan sultan alauddin no. 321
2529741,hijau daun cemerlang,"jl. pelita 3 utara no. 1, rt.001 rw.008, balla parang",7371031010,7371031,"jl. pelita 3 utara no. 1, rt.001 rw.008, balla parang"
2529842,putra kallolo utama,jl kacong dg lalang 3 perum pdam tirtasari,7371031001,7371031,jl kacong dg lalang 3 perum pdam tirtasari
2530421,zamrud energi persada,jl aroepala kompleks permata hijau permai,7371031004,7371031,jl aroepala kompleks permata hijau permai
2531105,sinar galesong mulia,"jl ap pettarani no 55 rt 001 rw 003, buakana",7371031008,7371031,"jl ap pettarani no 55 rt 001 rw 003, buakana"
2531593,stwor,jalan. landak baru i,7371031007,7371031,jalan. landak baru i
2531732,ken,jl teduh bersinar komplek lagosi home,7371031001,7371031,jl teduh bersinar komplek lagosi home
2531915,jasa difa,jl. gunung sari komp. minasa upa,7371031001,7371031,jl. gunung sari komp. minasa upa
2531936,vernakural design konsultan,jl btn minasa upa komp. minasa indah,7371031001,7371031,jl btn minasa upa komp. minasa indah
2531958,hana karya konsultan,jl minasa upa,7371031002,7371031,jl minasa upa
2532199,lima lima konsultan,"jl.sungai saddang baru blok a.11 no.10, balla parang",7371031010,7371031,"jl.sungai saddang baru blok a.11 no.10, balla parang"
2532713,zahira putri,jl. tidung 9,7371031003,7371031,jl. tidung 9
2533612,kerabat sejati,"komplek pemda blok e20/13 jl ap pettarani, mappala",7371031003,7371031,"komplek pemda blok e20/13 jl ap pettarani, mappala"
2534548,tiqa cemerlang,jl btn minasa upa,7371031001,7371031,jl btn minasa upa
2534610,erlam,"jl bonto dg ngirate i blok 20/30 rt.001 rw.006, bonto makkio",7371031005,7371031,"jl bonto dg ngirate i blok 20/30 rt.001 rw.006, bonto makkio"
2534738,jasa indah consultant,"komp.skarda n no.13 rt.005 rw.016, gunung sari",7371031001,7371031,"komp.skarda n no.13 rt.005 rw.016, gunung sari"
2534876,infotron,komp kodam gunung sari lama,7371031001,7371031,komp kodam gunung sari lama
2536266,nirwana nusa pasifik,jl pelita raya,7371031010,7371031,jl pelita raya
2536432,ghonim,"jl s jenelata c.3 pu rt 001 rw 005, karunrung",7371031002,7371031,"jl s jenelata c.3 pu rt 001 rw 005, karunrung"
2537490,divanaya,komplek puri taman sari,7371031004,7371031,komplek puri taman sari
2537632,samalona,"jl cilallang raya no 46, buakana",7371031008,7371031,"jl cilallang raya no 46, buakana"
2537928,daulat rakyat,"jl. karunrung raya v no.7 rt.001 rw.009, karunrung",7371031002,7371031,"jl. karunrung raya v no.7 rt.001 rw.009, karunrung"
2538041,dewari balasoka,btn ayu lestari,7371031007,7371031,btn ayu lestari
2538485,smp karya 2,jl. letjen hertasning,7371031004,7371031,jl. letjen hertasning
2542182,adrif duta nazindo,jl kr bontotangnga blok,7371031002,7371031,jl kr bontotangnga blok
2542564,harapan madani,"jl.mongisidi baru ab.5/20, balla parang",7371031010,7371031,"jl.mongisidi baru ab.5/20, balla parang"
2543863,mafira sejahterah,jl rsi faisal xi,7371031007,7371031,jl rsi faisal xi
2544012,jaya karya abadi,jl talasalapang ruko b,7371031001,7371031,jl talasalapang ruko b
2544655,kitakita teknologi indonesia,jl skarda n ii,7371031001,7371031,jl skarda n ii
2544663,wasd labs,btn minasa upa,7371031001,7371031,btn minasa upa
2545177,solusindo group,"jl mappala komplek pemda blok e21/5 rt 005 rw 007, tidung",7371031006,7371031,"jl mappala komplek pemda blok e21/5 rt 005 rw 007, tidung"
2547814,karya dua mata,jl. raya pendidikan 2,7371031006,7371031,jl. raya pendidikan 2
2548113,pelangi paramuda perkasa,"jl hertasning permata hijau lestari blok p7/10 rt 002 rw 014, kassi-kassi",7371031004,7371031,"jl hertasning permata hijau lestari blok p7/10 rt 002 rw 014, kassi-kassi"
2548936,anoa jaya,btn minasa upa,7371031001,7371031,btn minasa upa
2549183,alta mandiri raya,jl trisakti hertasning baru,7371031,7371031,jl trisakti hertasning baru
2549898,agung nisya persada,jl kelapa tiga dua,7371031010,7371031,jl kelapa tiga dua
2549936,reza bangun persada konsultan,jl rappocini raya,7371031008,7371031,jl rappocini raya
2552561,e-studio,jl tidung vi,7371031002,7371031,jl tidung vi
2552588,rasya putra mandiri,"perumahan taman yasmin blok b2/2 rt 001 rw 001, mappala",7371031003,7371031,"perumahan taman yasmin blok b2/2 rt 001 rw 001, mappala"
2553765,hardiyanti 2n,jl kelapa tiga lr berkah,7371031010,7371031,jl kelapa tiga lr berkah
2555226,venom utama persada,jl. rappocini raya,7371031008,7371031,jl. rappocini raya
2555417,multi karya pratama,jl rutan,7371031001,7371031,jl rutan
2555667,witama sanjaya perkasa,jl hertasning baru aroepala,7371031,7371031,jl hertasning baru aroepala
2555773,royal persada properti,jl mon emmy saelan 3,7371031002,7371031,jl mon emmy saelan 3
2556077,delapan mega teknik,jl pelita eaya,7371031010,7371031,jl pelita eaya
2556406,rezky tenri abadi,jl kompleks permata hijau indah,7371031001,7371031,jl kompleks permata hijau indah
2556802,afianet,"jl landak baru lorong 8  no 39 rt 003 rw 066, banta-bantaeng",7371031007,7371031,"jl landak baru lorong 8  no 39 rt 003 rw 066, banta-bantaeng"
2556812,am utama,"btn minasa upa blok ab11/8 rt 002 rw 010, gunung sari",7371031001,7371031,"btn minasa upa blok ab11/8 rt 002 rw 010, gunung sari"
2556901,tigaputra anugrah,jl bonto dg ngirate blok,7371031005,7371031,jl bonto dg ngirate blok
2556910,muara mas niaga,jl rsi faisal xii,7371031007,7371031,jl rsi faisal xii
2557919,vier communication,"btn agraria blok o no. 03 rt.007 rw.002, karunrung",7371031002,7371031,"btn agraria blok o no. 03 rt.007 rw.002, karunrung"
2558147,tri putra abidin,jalan bontotangnga 2,7371031002,7371031,jalan bontotangnga 2
2558172,cv. pangan cahaya sinergi,tamalate iv,7371031004,7371031,tamalate iv
2558330,ananda,jl landak baru lr 6,7371031007,7371031,jl landak baru lr 6
2559007,sentral nusa digitama,jl rappocini raya,7371031009,7371031,jl rappocini raya
2559437,pendidikan nobel indonesia,jl st alauddin,7371031001,7371031,jl st alauddin
2559610,"pt pratama godean jaya - pt adzka utama, kso",jl karaeng bonto tangnga v,7371031002,7371031,jl karaeng bonto tangnga v
2560160,cahaya sejahtera prima,"jl andi pangeran pettarani no 55, buakana",7371031008,7371031,"jl andi pangeran pettarani no 55, buakana"
2560219,samudera sulawesi,jl pelita raya,7371031010,7371031,jl pelita raya
2560819,bintoeng mitra mandiri,jl tidung 2 stp 1,7371031005,7371031,jl tidung 2 stp 1
2561221,pusat kegiatan belajar masyarakat masagena,"jl hertasning 1 blok blok e10 no 11 rt 000 rw 000, tidung",7371031006,7371031,"jl hertasning 1 blok blok e10 no 11 rt 000 rw 000, tidung"
2561391,amanah sejahtera,jl komp. btn agraria,7371031002,7371031,jl komp. btn agraria
2562040,kb finansia multi finance,jl rappocini raya,7371031008,7371031,jl rappocini raya
2562046,kb/tk islam terpadu anak alim makassar,perum griya minasa asri,7371031001,7371031,perum griya minasa asri
2562149,manyoi mandiri indonesia,"komplek bumi permata hijau , jalan bumi 17 blok d nomor 09",7371031001,7371031,"komplek bumi permata hijau , jalan bumi 17 blok d nomor 09"
2562169,tunggal jaya sentosa,jl bonto langkasa i,7371031007,7371031,jl bonto langkasa i
2564793,klinik dian,jl btn minasa upa,7371031001,7371031,jl btn minasa upa
2564872,arya sejahtera mandiri,jl btn bumi bosowa permai,7371031001,7371031,jl btn bumi bosowa permai
2564899,karyawan sipakalebbi kandatel makassar,jl a.p. pettarani,7371031001,7371031,jl a.p. pettarani
2565895,tudda mega buana,jl skarda n 1 komplek mangasa permai,7371031001,7371031,jl skarda n 1 komplek mangasa permai
2566520,cakra indomega jaya,jl. rappocini raya,7371031009,7371031,jl. rappocini raya
2566963,solusi informasi mandiri,jl a.p.pettarani  tidung,7371031006,7371031,jl a.p.pettarani  tidung
2566972,triputra,jl btn minasa upa,7371031001,7371031,jl btn minasa upa
2567243,alkemis movement,jl tidung 9 stp 1,7371031004,7371031,jl tidung 9 stp 1
2567313,ultra kreasi nusantara,jl. sungai saddang baru,7371031010,7371031,jl. sungai saddang baru
2567456,trans nasional teknologi,jl nikel i,7371031010,7371031,jl nikel i
2567787,sinergi edu global,jl talasalapang,7371031002,7371031,jl talasalapang
2567891,celebes mandiri jaya,jl beringin 2,7371031004,7371031,jl beringin 2
2569033,pusat kegiatan belajar masyarakat (pkbm) al fatihah,"jl buakana no 34 rt.002 rw.004, buakana",7371031008,7371031,"jl buakana no 34 rt.002 rw.004, buakana"
2570029,sukses mulia indonesia,jl. tamalate iv,7371031004,7371031,jl. tamalate iv
2570159,nabila tyaga utama,jl cokonuri perumahan grand salemba no 15e  gunung sari,7371031001,7371031,jl cokonuri perumahan grand salemba no 15e  gunung sari
2570442,citra terpadu,"jl.wijaya kusuma ii no.7 rt.011 rw.001, banta-bantaeng",7371031007,7371031,"jl.wijaya kusuma ii no.7 rt.011 rw.001, banta-bantaeng"
2571214,media polhukam indonesia,jl talasalapang,7371031001,7371031,jl talasalapang
2571416,mega ugi utama,jl rsi faisal xiv,7371031007,7371031,jl rsi faisal xiv
2572016,irwin putra mandiri,jl hertasning blok e10/5 rt 001 rw 007,7371031006,7371031,jl hertasning blok e10/5 rt 001 rw 007
2572167,basmala com,monumen emmy saelan iii,7371031002,7371031,monumen emmy saelan iii
2572362,jausyan kabir,"wijaya kusuma v/14 rt.004 rw.001, banta-bantaeng",7371031007,7371031,"wijaya kusuma v/14 rt.004 rw.001, banta-bantaeng"
2573287,kebun teknologi indonesia,jl landak baru bonto langkasa 1,7371031007,7371031,jl landak baru bonto langkasa 1
2573973,khaerul munif,btn minasa upa,7371031001,7371031,btn minasa upa
2574276,"pt adhi karya (persero) tbk-pt bawakaraeng purnama wijaya, jo","jl hertasning blok ii no 2 rt 001 rw 002, kassi-kassi",7371031004,7371031,"jl hertasning blok ii no 2 rt 001 rw 002, kassi-kassi"
2575307,niaga bintang sejahtera,"jalan talasalapang, kompleks ruko talasalapang no. 6",7371031001,7371031,"jalan talasalapang, kompleks ruko talasalapang no. 6"
2575464,oasa anugerah tigatama,"jl.aroepala permata hijau lestari blok p.7 no.12 rt.02 rw.14, kassi-kassi",7371031004,7371031,"jl.aroepala permata hijau lestari blok p.7 no.12 rt.02 rw.14, kassi-kassi"
2576828,bumi sarana mandiri,"kompleks btn griya mandiri blok a/3 rt.005 rw.008, gunung sari",7371031001,7371031,"kompleks btn griya mandiri blok a/3 rt.005 rw.008, gunung sari"
2576829,lintas persada nusantara,jl hertasning baru btn minasa upa,7371031001,7371031,jl hertasning baru btn minasa upa
2577276,fadel utama perkasa,jl monumen emmy saelan ii d blok,7371031006,7371031,jl monumen emmy saelan ii d blok
2579022,upana studio internasional,jl jipang raya iii,7371031002,7371031,jl jipang raya iii
2579683,degrees golf,jl timah,7371031010,7371031,jl timah
2580150,thenet solusindo consultant,jl landak baru lr.4,7371031007,7371031,jl landak baru lr.4
2580755,tumbuh kembang indonesia,jalan raya pendidikan perumahan balla panakkukang,7371031006,7371031,jalan raya pendidikan perumahan balla panakkukang
2580930,astra international tbk,a.p.pettarani,7371031008,7371031,a.p.pettarani
2580961,wisata kelana indonesia,jl. faisal kompleks phinisi nusantara,7371031007,7371031,jl. faisal kompleks phinisi nusantara
2581676,mega karya dwitama,jl bonto lanra lr 2,7371031007,7371031,jl bonto lanra lr 2
2581681,arrahma,"jl monumen emmy saelan komplek ruko blok j no.14 rt 001 rw 016, gunung sari",7371031001,7371031,"jl monumen emmy saelan komplek ruko blok j no.14 rt 001 rw 016, gunung sari"
2582327,panrita rekayasa,komp p & k blok a1,7371031001,7371031,komp p & k blok a1
2582344,karya tunggal utama,jl skardan komp mangasa permai,7371031001,7371031,jl skardan komp mangasa permai
2582708,piramida amanah sakti,jl toddopuli ix perum puri taman sari,7371031004,7371031,jl toddopuli ix perum puri taman sari
2583085,kreasi orang muda,jl btn minasa upa,7371031001,7371031,jl btn minasa upa
2584576,manunggal artha prima,jl pelita raya,7371031010,7371031,jl pelita raya
2584674,mardhati,"jl.skarda n iii no.1 rt.001 rw.002, gunung sari",7371031001,7371031,"jl.skarda n iii no.1 rt.001 rw.002, gunung sari"
2587239,fara teknologi cerdas,btn minasa upa,7371031002,7371031,btn minasa upa
2588565,megaguna sarana mandiri,jl tidung vii stp. 6,7371031003,7371031,jl tidung vii stp. 6
2589636,rayyan putra,jl pelita raya v lr 1,7371031008,7371031,jl pelita raya v lr 1
2589852,yayasan raiders hasanuddin ujungpandang,jl kelapa tiga gang 2,7371031010,7371031,jl kelapa tiga gang 2
2590009,may star persada,btn minasa upa,7371031001,7371031,btn minasa upa
2590331,dago,"jl.btn.minasa upa raya blok.c3/13 rt.001 rw.005, gunung sari",7371031001,7371031,"jl.btn.minasa upa raya blok.c3/13 rt.001 rw.005, gunung sari"
2590751,lima menara raja,jl aroepala komp. harmoni,7371031003,7371031,jl aroepala komp. harmoni
2590762,zama gautama,jl btn minasa upa,7371031,7371031,jl btn minasa upa
2591044,bias monarchy konsultan,jl tidung ix,7371031004,7371031,jl tidung ix
2591580,asri abadi solusi,"perumahan jipang permai blok dp4 no 6 rt 001 rw 008, karunrung",7371031002,7371031,"perumahan jipang permai blok dp4 no 6 rt 001 rw 008, karunrung"
2592236,maupa masagena media kreasindo,jl aroepala btn minasa upa,7371031001,7371031,jl aroepala btn minasa upa
2592795,lembaga pendidikan nayra,jl pengayoman perumahan taman permata sari,7371031008,7371031,jl pengayoman perumahan taman permata sari
2595774,rama jaya,"jl tamalate i blok 18/1, bonto makkio",7371031005,7371031,"jl tamalate i blok 18/1, bonto makkio"
2597047,cahaya mulia,jl rsi faisal,7371031007,7371031,jl rsi faisal
2597866,asy'ari baharuddin,"jl. taman gosyen raya, makassar",7371031,7371031,"jl. taman gosyen raya, makassar"
2598744,arayu clinic indonesia,jl. landak baru,7371031007,7371031,jl. landak baru
2599751,duta ravita ananda makassar,jl. monumen emysaelan komp. graha sari,7371031001,7371031,jl. monumen emysaelan komp. graha sari
2600991,wira mitra usaha,jl jipang raya,7371031002,7371031,jl jipang raya
2601074,nocturnal,btn minasa upa,7371031001,7371031,btn minasa upa
2601145,manajemen pengetahuan,jl tidung 7 stp 6,7371031003,7371031,jl tidung 7 stp 6
2602676,padar mitra persada,jl btn minasa upa,7371031001,7371031,jl btn minasa upa
2602943,raihan media pustaka,jl mon emmy saelan iii,7371031006,7371031,jl mon emmy saelan iii
2603783,annisa putri mandiri,jl sekolah guru perawat tidung,7371031002,7371031,jl sekolah guru perawat tidung
2604551,sera inti makmur sejahtera,perumahan griya maleo indah,7371031,7371031,perumahan griya maleo indah
2604650,andys,jl mappala,7371031006,7371031,jl mappala
2604756,tiga menara sulawesi,btn minasa upa,7371031001,7371031,btn minasa upa
2605940,indra teknik,"jl tamalate 7 stp 40 blok 5/167 rt 007 rw 001, mappala",7371031003,7371031,"jl tamalate 7 stp 40 blok 5/167 rt 007 rw 001, mappala"
2606085,digi pustaka,jl rappocini raya,7371031008,7371031,jl rappocini raya
2607766,cipta prima lestari,jl aroepala komp permata hijau lestari,7371031004,7371031,jl aroepala komp permata hijau lestari
2608209,catur karya rakary,komp griya fajar mas blok,7371031001,7371031,komp griya fajar mas blok
2608355,anugerah teknik,"perumahan citra tidung regency blok i no 3 rt 005 rw 005, karunrung",7371031002,7371031,"perumahan citra tidung regency blok i no 3 rt 005 rw 005, karunrung"
2609315,azzuri engineerring,jl aroepala angin mamiri residence blok g 2,7371031002,7371031,jl aroepala angin mamiri residence blok g 2
2609646,manna sejati,komp. mangasa permai,7371031001,7371031,komp. mangasa permai
2610574,sulawesi agro sukses,jl hertasning vi,7371031006,7371031,jl hertasning vi
2610784,nuna,btn minasa sari raya,7371031001,7371031,btn minasa sari raya
2611188,kencana manakarra,jl tidung ix stp 18 no 186 rt 004 rw 012 mappala,7371031003,7371031,jl tidung ix stp 18 no 186 rt 004 rw 012 mappala
2611492,poma bara nusantara,jl. sungai saddang baru,7371031010,7371031,jl. sungai saddang baru
2611653,geonet indonesia corporation,jl syek yusuf btn minasa upa,7371031001,7371031,jl syek yusuf btn minasa upa
2611734,fajar utama realestate,jl hertasning raya,7371031006,7371031,jl hertasning raya
2612080,khadziyah kamiila putri,jl rappocini raya lr 5,7371031009,7371031,jl rappocini raya lr 5
2612168,rima trijaya,jl tamalate 5,7371031004,7371031,jl tamalate 5
2612304,putra saharu makassar,"ruko ambassador no 2 jl rsi faisal raya rt.006 rw.002, banta-bantaeng",7371031007,7371031,"ruko ambassador no 2 jl rsi faisal raya rt.006 rw.002, banta-bantaeng"
2612355,dara bebika,"perumahan anging mammiri blok d6/4 rt 000 rw 000, karunrung",7371031002,7371031,"perumahan anging mammiri blok d6/4 rt 000 rw 000, karunrung"
2613023,duta mandiri advertising,jl tamalate 4,7371031004,7371031,jl tamalate 4
2613554,tiro kalumpang jaya,jl perumahan pesona pelangi jalan biru,7371031009,7371031,jl perumahan pesona pelangi jalan biru
2613562,hlima saudara,jalan teduh bersinar kompleks bumi bosowa indah,7371031001,7371031,jalan teduh bersinar kompleks bumi bosowa indah
2613902,inti sukses bersama,jl. raya pendidikan,7371031006,7371031,jl. raya pendidikan
2614245,karezo cipta perkasa,komp. villa harmoni minasa upa,7371031,7371031,komp. villa harmoni minasa upa
2614344,teknik eksakta,komp btn minasa upa,7371031,7371031,komp btn minasa upa
2614394,ariyus bersinar lestari jaya,jl. aroepala komp. permata hijau,7371031004,7371031,jl. aroepala komp. permata hijau
2614535,gracia cipta mandiri,jl monginsidi baru,7371031010,7371031,jl monginsidi baru
2615178,dyan abadi karya,"perumnas panakkukang jl tidung 8 blok xi/37 rt.001 rw.008, mappala",7371031003,7371031,"perumnas panakkukang jl tidung 8 blok xi/37 rt.001 rw.008, mappala"
2615189,prakarsa mukti,jl. karaeng bontotangnga,7371031002,7371031,jl. karaeng bontotangnga
2615625,jelajah karsa prima,jl pelita iii,7371031010,7371031,jl pelita iii
2615857,corsela,jl tidung 3,7371031005,7371031,jl tidung 3
2616118,aulia arsyi utama,ap pettarani,7371031006,7371031,ap pettarani
2616640,rasiah megacom,"jl.sultan alauddin komp.ruko permata sari no.31 rt.001 rw.003, gunung sari",7371031001,7371031,"jl.sultan alauddin komp.ruko permata sari no.31 rt.001 rw.003, gunung sari"
2617250,alfalah jaya mandiri,btn minasaupa,7371031,7371031,btn minasaupa
2618705,naeing putra grup,jl sultan alauddin komp bph ruko ii,7371031001,7371031,jl sultan alauddin komp bph ruko ii
2619275,manna cahaya terang logistik,jl talasalapang komp djipang permai,7371031002,7371031,jl talasalapang komp djipang permai
2620531,trias anugerah mulia,"jl. palm raja no, 49 b/9 (baru)",7371031004,7371031,"jl. palm raja no, 49 b/9 (baru)"
2620680,karya aganta sukses,jl btn minasa upa blok m8,7371031,7371031,jl btn minasa upa blok m8
2621023,ridwan rizky utama,"btn.minasa upa blok. g.9 no.4, gunung sari",7371031001,7371031,"btn.minasa upa blok. g.9 no.4, gunung sari"
2621046,satya graha,"komplek permata hijau lestari blk p12/6 jlaroepala, kassi-kassi",7371031004,7371031,"komplek permata hijau lestari blk p12/6 jlaroepala, kassi-kassi"
2621456,kudo sukses jaya,jl ap pettarani 90,7371031008,7371031,jl ap pettarani 90
2621820,syakir media press,kelapa tiga,7371031010,7371031,kelapa tiga
2621900,agro global sentosa,jl. rsi faizal xii no.7,7371031007,7371031,jl. rsi faizal xii no.7
2621964,aulia khansa wisata,jalan rsi faisal 14 nomor 13,7371031007,7371031,jalan rsi faisal 14 nomor 13
2622331,musyawarah guru mata pelajaran pendidikan agama kristen kota makassar,jl rappocini raya,7371031008,7371031,jl rappocini raya
2622383,samudera teknik persada,jl akasia,7371031004,7371031,jl akasia
2622483,mustika karya pratama,jl hertasning kompleks palm mas,7371031008,7371031,jl hertasning kompleks palm mas
2622495,baruga cipta lestari,"jl komplek puri taman sari blok e2/1 rt.004 rw.012, kassi-kassi",7371031004,7371031,"jl komplek puri taman sari blok e2/1 rt.004 rw.012, kassi-kassi"
2622564,oryza,"jl pendidikan iii  blok blok d i  no 11 rt 004 rw 004, tidung",7371031006,7371031,"jl pendidikan iii  blok blok d i  no 11 rt 004 rw 004, tidung"
2623373,malino inti media,btn minasa upa,7371031001,7371031,btn minasa upa
2625030,pendidikan nurul bunga harapan,"jl.minasa upa blok.c4/3, karunrung",7371031002,7371031,"jl.minasa upa blok.c4/3, karunrung"
2625702,aqila sarana tehnik,jl pelita ii lr.3,7371031008,7371031,jl pelita ii lr.3
2625780,anakmuda development,btn minasa upa blok,7371031,7371031,btn minasa upa blok
2625960,manggala karya,jl wijaya kusuma komp kesehatan,7371031007,7371031,jl wijaya kusuma komp kesehatan
2625966,boss brother indonesia,jl banta-bantaeng raya,7371031007,7371031,jl banta-bantaeng raya
2626137,semestadata,"jl landak baru no 58a rt.004 rw.003, banta-bantaeng",7371031007,7371031,"jl landak baru no 58a rt.004 rw.003, banta-bantaeng"
2626758,adi sukses mandiri,jl toddopuli 1 blok 25,7371031004,7371031,jl toddopuli 1 blok 25
2626836,pinisi radja utama,btn minasa upa blok f14/6,7371031001,7371031,btn minasa upa blok f14/6
2628498,maupa masagena (masa),"btn minasa upa jl aroepala blok ab16/1a rt.006 rw.021, gunung sari",7371031001,7371031,"btn minasa upa jl aroepala blok ab16/1a rt.006 rw.021, gunung sari"
2628680,tujuh - tujuh,jl komp. p & k,7371031001,7371031,jl komp. p & k
2629476,pt. mediatani cita indonesia,btn minasa upa,7371031,7371031,btn minasa upa
2629677,peraja enterprise tents and decoration,jl tidung mariolo,7371031006,7371031,jl tidung mariolo
2630380,bunga bangsa indonesia,"jl.m.upa blok.c4/3, karunrung",7371031002,7371031,"jl.m.upa blok.c4/3, karunrung"
2630624,anugerah sejati mandiri,perumahan btn minasa upa,7371031001,7371031,perumahan btn minasa upa
2631363,kelompok umkm berkarya,jl tamalate 2,7371031003,7371031,jl tamalate 2
2631876,ipro celebes consultant,anging mammiri residence,7371031002,7371031,anging mammiri residence
2633366,cv. sofya mitra niaga,jl. andi djemma lr. 6 perumahan pesona landak indah,7371031007,7371031,jl. andi djemma lr. 6 perumahan pesona landak indah
2633367,beranda digital kreasi,jl. monginsidi baru 44,7371031009,7371031,jl. monginsidi baru 44
2634289,almas faida utama,"jl mon emmy saelan  blok blok iii c no 12 b rt 004 rw 002, tidung",7371031006,7371031,"jl mon emmy saelan  blok blok iii c no 12 b rt 004 rw 002, tidung"
2635689,anugerah aset utama,jl. aroepala,7371031004,7371031,jl. aroepala
2636246,bangun inti gemilang,jl. rappocini raya,7371031009,7371031,jl. rappocini raya
2636397,aura karya,jl salekowa raya,7371031,7371031,jl salekowa raya
2636468,putra mandiri,"jl bonto dg ngirate i stp 4 blok 20/54 rt.002 rw.006, bonto makkio",7371031005,7371031,"jl bonto dg ngirate i stp 4 blok 20/54 rt.002 rw.006, bonto makkio"
2636937,neshia pratama,jl landak baru,7371031007,7371031,jl landak baru
2637832,sulawesi community foundation,jl taman gosen raya ii (permata hijau tegal),7371031004,7371031,jl taman gosen raya ii (permata hijau tegal)
2638823,majelis taklim ummu - sholehah kantor kementerian agama kota makassar,jl rappocini raya,7371031008,7371031,jl rappocini raya
2639582,alfazza jaya amanah,jl bumi bosowa permai,7371031,7371031,jl bumi bosowa permai
2640328,agung sukses medika,"jl.tidung 8 no.160 rt.003 rw.009, mappala",7371031003,7371031,"jl.tidung 8 no.160 rt.003 rw.009, mappala"
2642215,pt. sumber alam rezeki group,jalan hertasning vi blok e.8 nomor 12. m.,7371031006,7371031,jalan hertasning vi blok e.8 nomor 12. m.
2642295,arya jaya,"jl yusuf dg ngawing no 1 rt.003 rw.006, tidung",7371031006,7371031,"jl yusuf dg ngawing no 1 rt.003 rw.006, tidung"
2642363,trimegah energi prima tama,jl ap pettarani,7371031008,7371031,jl ap pettarani
2642387,prima jaya karya,"jl.emmy saelan iii no.48, karunrung",7371031002,7371031,"jl.emmy saelan iii no.48, karunrung"
2642396,lkp nur mukhlisah,jl. skarda lr.04,7371031001,7371031,jl. skarda lr.04
2642443,lingkar akses nusantara,jl. pelita ii lr. 2 no. 122 makassar,7371031008,7371031,jl. pelita ii lr. 2 no. 122 makassar
2642486,ss arsinesia,jl btn minasa upa,7371031001,7371031,jl btn minasa upa
2643841,untuk kita sulawesi,jl raya pendidikan kompleks royal,7371031006,7371031,jl raya pendidikan kompleks royal
2644523,anoa alam jaya,"komplek puri taman sari blok b7/7 rt 001 rw 012, kassi-kassi",7371031004,7371031,"komplek puri taman sari blok b7/7 rt 001 rw 012, kassi-kassi"
2644915,east star logistics,jl monumen emmy saelan komplek graha sari,7371031001,7371031,jl monumen emmy saelan komplek graha sari
2645416,"pt. gunung raya bulukumba - pt. dua delapan propertindo, kso",jl timah ii,7371031010,7371031,jl timah ii
2646639,lima teknologi global,jl landak baru lorong 3,7371031007,7371031,jl landak baru lorong 3
2647554,belle emilie,"jl hertasning raya no 36 rt 002 rw 007, tidung",7371031006,7371031,"jl hertasning raya no 36 rt 002 rw 007, tidung"
2647597,mitrasel inti utama,jl nikel i,7371031010,7371031,jl nikel i
2647698,enersi tehnik,"jl.bonto mene i no.6, banta-bantaeng",7371031007,7371031,"jl.bonto mene i no.6, banta-bantaeng"
2649152,yayasan arrahmah,komplek pemda blok e28/21 jl ap pettarani rt 003 rw 005 tidung,7371031006,7371031,komplek pemda blok e28/21 jl ap pettarani rt 003 rw 005 tidung
2649464,pengkajian pemberdayaan masyarakat (ykpm),jl hertasning baru perum taman yasmin indah blok a1,7371031003,7371031,jl hertasning baru perum taman yasmin indah blok a1
2649978,darma citra utama,jl btn minasa upa,7371031001,7371031,jl btn minasa upa
2649979,tusindo global utama,permata hijau lestari blok p2 nomor 19,7371031004,7371031,permata hijau lestari blok p2 nomor 19
2650152,perkasa bank consultan,jl. rappocini raya,7371031008,7371031,jl. rappocini raya
2650192,surya buana mandiri,"komp.villa mega sari blok f no.12,rt.008/rw.003,gunung sari",7371031001,7371031,"komp.villa mega sari blok f no.12,rt.008/rw.003,gunung sari"
2650206,insthink 3d studio,btn minasa upa,7371031001,7371031,btn minasa upa
2650921,hijrah haniyah oleum,jalan karunrung raya v blok f / 08,7371031002,7371031,jalan karunrung raya v blok f / 08
2652320,adinalta,btn minasa upa blok,7371031001,7371031,btn minasa upa blok
2652722,yayasan indonesia timur (yayasan intim),"jl rappocini raya no 171 rt.002 rw.005, buakana",7371031008,7371031,"jl rappocini raya no 171 rt.002 rw.005, buakana"
2653447,kompak mitra berjaya,jl a.p pettarani,7371031010,7371031,jl a.p pettarani
2655113,sahabat karza agro utama,jl rappocini raya,7371031008,7371031,jl rappocini raya
2655354,forum kerukunan umat beragama kota makassar,perum griya fajar mas blok a/6,7371031,7371031,perum griya fajar mas blok a/6
2655618,langkasa global media komunikasi,jl talasalapang kompleks mangasa village,7371031001,7371031,jl talasalapang kompleks mangasa village
2657348,beritaini media internusa,jl tidung vii stp i,7371031003,7371031,jl tidung vii stp i
2658251,garis siluet konsultan,jl toddopuli 6 puri taman sari,7371031004,7371031,jl toddopuli 6 puri taman sari
2659250,permata aksara,"jl.aroepala samping smp 40 tembusan komp. anggrek minasa upa,rt.004/rw.010,gunung sari",7371031001,7371031,"jl.aroepala samping smp 40 tembusan komp. anggrek minasa upa,rt.004/rw.010,gunung sari"
2659339,setya abadi,"jl. jipang raya no. 13 kel. karunrung, kec. rappocini, kota makassar",7371031002,7371031,"jl. jipang raya no. 13 kel. karunrung, kec. rappocini, kota makassar"
2659340,rajamawellang,jl cokonuri,7371031002,7371031,jl cokonuri
2661500,berkah lima tujuh,raya pendidikan,7371031006,7371031,raya pendidikan
2661597,nur berkah,rappocini raya lr.5g,7371031009,7371031,rappocini raya lr.5g
2661957,nasrat trans sejahtera,komp btn minasa upa,7371031001,7371031,komp btn minasa upa
2663886,nadi pati,komp btn minasa upa blok,7371031001,7371031,komp btn minasa upa blok
2664196,reaksi consulindo,jl buakana,7371031008,7371031,jl buakana
2664438,arunima sukses,jl bonto manai,7371031007,7371031,jl bonto manai
2664470,mega lestari cita,"ruko permata sari no 31 jl sultan alauddin, gunung sari",7371031001,7371031,"ruko permata sari no 31 jl sultan alauddin, gunung sari"
2664720,mujizat,"jl.rsi.faizal xiv blok a.32, banta-bantaeng",7371031007,7371031,"jl.rsi.faizal xiv blok a.32, banta-bantaeng"
2665175,lestari mega wisata,jalan hertasning baru nomor 7,7371031004,7371031,jalan hertasning baru nomor 7
2665304,cv karina citra mandiri,jalan sakrda,7371031001,7371031,jalan sakrda
2665713,metropolitan anugerah indonesia,jl andi djemma (ex landak baru),7371031007,7371031,jl andi djemma (ex landak baru)
2665890,danu karya dwitama,jl yusuf daeng ngawing,7371031006,7371031,jl yusuf daeng ngawing
2666076,booble mitra kreatif,jl mon emmy saelan,7371031006,7371031,jl mon emmy saelan
2666264,estina media,"jl.aroepala samping smp 40 tembusan komp. anggrek minasa upa,rt.004/rw.010,gunung sari",7371031001,7371031,"jl.aroepala samping smp 40 tembusan komp. anggrek minasa upa,rt.004/rw.010,gunung sari"
2666348,jauhary perkasa,jl sultan alauddin komp permata sari ruko,7371031001,7371031,jl sultan alauddin komp permata sari ruko
2668058,an nuur,"jl.mongisidi baru lr.2 no.1 rt.004 rw.005, balla parang",7371031010,7371031,"jl.mongisidi baru lr.2 no.1 rt.004 rw.005, balla parang"
2668404,tkit albiruni mandiri jipang,jl jipang raya kompleks ruko,7371031002,7371031,jl jipang raya kompleks ruko
2669155,diaz global mulia,jl btn agraria,7371031002,7371031,jl btn agraria
2669898,karya lisendo membangun,komp anging mammiri residence,7371031006,7371031,komp anging mammiri residence
2670467,ginan media wisata,jalan andi pangeran pettarani ruko new zamrud blok f no. 5,7371031008,7371031,jalan andi pangeran pettarani ruko new zamrud blok f no. 5
2670564,abadi redena,perumahan permata sudiang raya blok f6,7371031010,7371031,perumahan permata sudiang raya blok f6
2671370,dua dua karya,"jl mappala blok a5 no 2 rt 003 rw 008, tidung",7371031006,7371031,"jl mappala blok a5 no 2 rt 003 rw 008, tidung"
2671411,rumah nutrisi indonesia,"perumahan gubernur blok e15/9, jalan hertasning 9",7371031006,7371031,"perumahan gubernur blok e15/9, jalan hertasning 9"
2671605,bintang agri jaya,jl hertasning baru komp permata hijau lestari p10/12,7371031004,7371031,jl hertasning baru komp permata hijau lestari p10/12
2672119,azzihra anugerah,jl talasalapang 3,7371031002,7371031,jl talasalapang 3
2673596,jaya mandiri makassar,jl. tamalate 5,7371031004,7371031,jl. tamalate 5
2673938,karya semesta persada,jl bumi 10 komp bph alauddin,7371031001,7371031,jl bumi 10 komp bph alauddin
2674316,gegap gempita,"jl skarda n iii blok c/30 rt.006 rw.016, gunung sari",7371031001,7371031,"jl skarda n iii blok c/30 rt.006 rw.016, gunung sari"
2674364,agtar jaya prima,jl raya pendidikan blok,7371031006,7371031,jl raya pendidikan blok
2674378,toyota astra financial services,jl sultan alauddin ruko alauddin blok,7371031001,7371031,jl sultan alauddin ruko alauddin blok
2674432,pelayaran spectra tirtasegaraline,jl btn minasa upa,7371031002,7371031,jl btn minasa upa
2676877,amedika utama sejahtera,"jl landak baru no 120 rt 007 rw 006, banta-bantaeng",7371031007,7371031,"jl landak baru no 120 rt 007 rw 006, banta-bantaeng"
2677163,slv modern travelido,jalan ap pettarani ruko new zamrud a/25,7371031008,7371031,jalan ap pettarani ruko new zamrud a/25
2678354,tire solution,jl hertasning baru,7371031002,7371031,jl hertasning baru
2680300,mitra mandiri,minasa upa,7371031001,7371031,minasa upa
2680329,aset akhirat indonesia,"jl hertasning barat 2, kompleks griya panakkukang indah",7371031005,7371031,"jl hertasning barat 2, kompleks griya panakkukang indah"
2681946,karya mujur prasetya,jl rappocini raya,7371031008,7371031,jl rappocini raya
2683482,ahnur radha mandiri,jl minasa sari perum griya minasa sari,7371031001,7371031,jl minasa sari perum griya minasa sari
2684092,tata dwi putra,"jl.talasalapang no.44, gunung sari",7371031001,7371031,"jl.talasalapang no.44, gunung sari"
2684806,pelita abadi nusantara,"jl pelita raya tengah a2 no 3a rt.003 rw.009, balla parang",7371031010,7371031,"jl pelita raya tengah a2 no 3a rt.003 rw.009, balla parang"
2685012,graha edukasi makassar,jl btn minasa upa,7371031001,7371031,jl btn minasa upa
2685594,r6 jaya,"jl.tidung ix stp 21 no.251, mappala",7371031003,7371031,"jl.tidung ix stp 21 no.251, mappala"
2686760,sdit al biruni jipang,jl jipang raya kompleks ruko,7371031002,7371031,jl jipang raya kompleks ruko
2688338,mumtaz kara sadajiwa,jl aroeppala anging mammiri residence,7371031002,7371031,jl aroeppala anging mammiri residence
2688558,tiga a perdana,jl cilallang jaya,7371031008,7371031,jl cilallang jaya
2689275,hurairah sejahtera nusantara,jalan bontomene,7371031007,7371031,jalan bontomene
2689759,gahara putra perkasa,jl hertasning,7371031006,7371031,jl hertasning
2690289,elvira satu nusa,jl. aroepala no. 2,7371031004,7371031,jl. aroepala no. 2
2691732,warteg selera,jl talasalapang raya,7371031001,7371031,jl talasalapang raya
2693083,anugerah prima jaya,"jl aroepala perum permata hijau lestari blok q5/6 rt 002 rw 002, kassi-kassi",7371031004,7371031,"jl aroepala perum permata hijau lestari blok q5/6 rt 002 rw 002, kassi-kassi"
2694290,lembaga lintas indonesia,"kompleks permata hijau jl palem raya blok a/3 rt.001 rw.011, kassi-kassi",7371031004,7371031,"kompleks permata hijau jl palem raya blok a/3 rt.001 rw.011, kassi-kassi"
2695562,ghifarindo,"jl hertasning baru komplek anging mammiri recidence blok f1/6 rt 001 rw 001, kassi-kassi",7371031004,7371031,"jl hertasning baru komplek anging mammiri recidence blok f1/6 rt 001 rw 001, kassi-kassi"
2696295,induk sulmapa kekar,jl. tidung mariolo lr.1,7371031006,7371031,jl. tidung mariolo lr.1
2698002,dayu putrindo,jl mappala raya,7371031006,7371031,jl mappala raya
2698129,sahabat randa,"jl.rappocini raya no.186, buakana",7371031008,7371031,"jl.rappocini raya no.186, buakana"
2698188,kencana jaya,jl monumen emmy saelan,7371031006,7371031,jl monumen emmy saelan
2698435,pusat layanan konseling dan psikologi makassar,komp. unm,7371031006,7371031,komp. unm
2698801,aimma kasih sayang,jalan skarda n 3 nomor 19,7371031002,7371031,jalan skarda n 3 nomor 19
2698978,rejeki sukses mandiri indotama,jl tamalate 1 blok,7371031005,7371031,jl tamalate 1 blok
2699088,val ray multimedia,jalan rsi faisal ii blok b nomor 17,7371031007,7371031,jalan rsi faisal ii blok b nomor 17
2699303,celebes bangun nusantara,btn minasa upa blok ab. 14 nomor 8,7371031001,7371031,btn minasa upa blok ab. 14 nomor 8
2699662,rezky multazam,"jl.ap pettarani komp.new zamrud blok.e no.14, buakana",7371031008,7371031,"jl.ap pettarani komp.new zamrud blok.e no.14, buakana"
2699908,lembaga pendidikan try dhiska,"jl.tamalate v stp xi no.167 rt.006 rw.003, kassi-kassi",7371031004,7371031,"jl.tamalate v stp xi no.167 rt.006 rw.003, kassi-kassi"
2701546,megatama buana,jl cilalang jaya vii,7371031008,7371031,jl cilalang jaya vii
2702247,nira manis,jl ap pettarani ruko new zamrud,7371031008,7371031,jl ap pettarani ruko new zamrud
2703057,meraki berkat iraya,sultan alauddin ruko alauddin plaza,7371031001,7371031,sultan alauddin ruko alauddin plaza
2703181,zap utama,jl btn minasa upa,7371031001,7371031,jl btn minasa upa
2703827,aura alam rezeky,btn minasa upa blok e6/2,7371031001,7371031,btn minasa upa blok e6/2
2703950,bussan auto finance,kompleks alauddin plaza ruko soho,7371031001,7371031,kompleks alauddin plaza ruko soho
2704332,segerindo,"jl. tidung 9 blok 9 stp. 5 no. 152 rt. 002 rw. 012, mappala",7371031003,7371031,"jl. tidung 9 blok 9 stp. 5 no. 152 rt. 002 rw. 012, mappala"
2705501,mitra bosi intercontinental,jl yusuf dg ngawing,7371031006,7371031,jl yusuf dg ngawing
2708490,indofatih berkah mulia,jl. minasa upa blok m1 btn minasa indah residence blok c/10,7371031001,7371031,jl. minasa upa blok m1 btn minasa indah residence blok c/10
2708778,roes paduwai,jl kelapa tiga no 24 rt 003 rw 006 balla parang,7371031010,7371031,jl kelapa tiga no 24 rt 003 rw 006 balla parang
2708812,ide kreasi parakita,tidung vii stp 1,7371031003,7371031,tidung vii stp 1
2709105,muda tehnik,jl pandan blok b2/2 rt 001 rw 010 kassi-kassi,7371031004,7371031,jl pandan blok b2/2 rt 001 rw 010 kassi-kassi
2709131,almaira,jl hertasning perum halmin residence,7371031003,7371031,jl hertasning perum halmin residence
2709260,smart international indonesia,jl sungai saddang baru no 26 rt. 004 rw. 002 balla parang,7371031010,7371031,jl sungai saddang baru no 26 rt. 004 rw. 002 balla parang
2710884,pupuk sari tani,"jl.m.emmy saelan no.99, karunrung",7371031002,7371031,"jl.m.emmy saelan no.99, karunrung"
2711265,join mediasiber indonesia,jl komp minasa upa,7371031,7371031,jl komp minasa upa
2712445,sarana sukses medika,"jl.rappocini raya no.93 rt.001 rw.004, rappocini",7371031009,7371031,"jl.rappocini raya no.93 rt.001 rw.004, rappocini"
2713817,zelda kharisma pratama,btn minasa upa blok,7371031001,7371031,btn minasa upa blok
2715721,yayasan toli toli utara,jl. beringin raya,7371031004,7371031,jl. beringin raya
2716165,pataka truput dharmadyaksa,jl landak baru lr 1,7371031007,7371031,jl landak baru lr 1
2716393,phinisi citra nusantara,jl rsi faisal raya blok,7371031007,7371031,jl rsi faisal raya blok
2717155,lembaga bantuan hukum makassar,"jl pelita raya vi blok a34/9, buakana",7371031008,7371031,"jl pelita raya vi blok a34/9, buakana"
2717655,haryudina indonesia,jl banta-bantaeng raya,7371031007,7371031,jl banta-bantaeng raya
2717870,sugong,jl tamalate 4 stp 15 blok,7371031004,7371031,jl tamalate 4 stp 15 blok
2718578,duta perkasa,"jl pelita raya 9 no 28, balla parang",7371031010,7371031,"jl pelita raya 9 no 28, balla parang"
2719566,asap edit station,jl.toddopuli i stp 1,7371031004,7371031,jl.toddopuli i stp 1
2719639,annajah raja wisata,regency fajar mas c.6,7371031001,7371031,regency fajar mas c.6
2719877,citra ibu,"komp.kesehatan banta-bantaeng blok a/62, banta-bantaeng",7371031007,7371031,"komp.kesehatan banta-bantaeng blok a/62, banta-bantaeng"
2720595,pb. hmi,jl tamalate v,7371031004,7371031,jl tamalate v
2720618,indonesian crisis center (icc),btn minasa upa,7371031001,7371031,btn minasa upa
2721549,zarindah perdana,jalan pelita raya no 42 rt: 02 rw: 02,7371031010,7371031,jalan pelita raya no 42 rt: 02 rw: 02
2722195,rachmat abadi,perumahan btn minasa upa,7371031001,7371031,perumahan btn minasa upa
2722253,aqsa talenta mandiri,jl aroepala komp permata hijau lestari,7371031004,7371031,jl aroepala komp permata hijau lestari
2722505,forum kampung bahasa sulawesi (fkbs),komp btn minasa upa,7371031001,7371031,komp btn minasa upa
2723320,resopa mitra global,"jl hertasning kompleks permata hijau permai blok b no 21 rt 001 rw 011, kassi-kassi",7371031004,7371031,"jl hertasning kompleks permata hijau permai blok b no 21 rt 001 rw 011, kassi-kassi"
2724874,tk teratai unm,jl. bonto langkasa kampus pascasarjana unm,7371031007,7371031,jl. bonto langkasa kampus pascasarjana unm
2724939,raudhatul athfaal mardhati,jl skarda n 3,7371031001,7371031,jl skarda n 3
2724954,tk bidarayya,btn minasa upa,7371031002,7371031,btn minasa upa
2725492,eka surya dwimega,kompleks permata sari ps iv/1,7371031001,7371031,kompleks permata sari ps iv/1
2725915,alpromosindo,"jl tamalate i no 26 rt 002 rw 002, kassi-kassi",7371031004,7371031,"jl tamalate i no 26 rt 002 rw 002, kassi-kassi"
2725916,smart english training,"jl.raya pendidikan komp.perumnas ikip blk a3 18/19 rt.000 rw.000, tidung",7371031006,7371031,"jl.raya pendidikan komp.perumnas ikip blk a3 18/19 rt.000 rw.000, tidung"
2726102,ghaniy putra perkasa,btn minasa upa blok l5/22 rt 002 rw 008 gunung sari,7371031001,7371031,btn minasa upa blok l5/22 rt 002 rw 008 gunung sari
2726881,surya kencana prakarsa,jl. sultan alauddin,7371031001,7371031,jl. sultan alauddin
2727682,solusi inti media,jalan tidung v blok 16 no.3,7371031006,7371031,jalan tidung v blok 16 no.3
2727696,sajadah putih mama,btn minasa upa blok f 17 no.31,7371031001,7371031,btn minasa upa blok f 17 no.31
2727766,karya agung mandiri,"jl hertasning vi no 2 rt 006 rw 005, tidung",7371031006,7371031,"jl hertasning vi no 2 rt 006 rw 005, tidung"
2728643,mega citra nusantara,jl andi djemma,7371031007,7371031,jl andi djemma
2729336,bank btpn syariah tbk,jl hertasning,7371031006,7371031,jl hertasning
2729502,divaza insani sejahtera,btn minasa upa,7371031001,7371031,btn minasa upa
2729660,mayasa archipology consultant,komp makassar town house,7371031006,7371031,komp makassar town house
2729700,anugerah mitra sejahtera bersama,jl ap pettarani,7371031008,7371031,jl ap pettarani
2730231,perkumpulan manguni indonesia,btn minasa upa,7371031001,7371031,btn minasa upa
2730304,sugih berjasa,jl monginsidi baru,7371031009,7371031,jl monginsidi baru
2730493,megarezky digital publika,jl inspeksi waduk bitoa makassar,7371031004,7371031,jl inspeksi waduk bitoa makassar
2730535,lsm sekoci indoratu dpc kota makassar,komp minasa upa blok,7371031001,7371031,komp minasa upa blok
2730933,pos keadilan peduli ummat (pkpu),jl tamalate 1 blok 17,7371031005,7371031,jl tamalate 1 blok 17
2731775,sma raiders makassar,"jl kelapa tiga gang 2 no 21 rt 005 rw 007, balla parang",7371031010,7371031,"jl kelapa tiga gang 2 no 21 rt 005 rw 007, balla parang"
2732031,kekasih aqsha forum,komp btn minasa upa blok j6,7371031,7371031,komp btn minasa upa blok j6
2735886,budi mulya,jl.nipah,7371031004,7371031,jl.nipah
2736063,marga digjaya,jl sultan alauddin (ruko alauddin plaza office 05),7371031001,7371031,jl sultan alauddin (ruko alauddin plaza office 05)
2736799,empatputra media sejati,jl tamalate 7 stp 24,7371031003,7371031,jl tamalate 7 stp 24
2737290,asep hendro racing sports,jl sultan alauddin boulevard blok,7371031001,7371031,jl sultan alauddin boulevard blok
2738940,eternal agriculture indonesia,jl. sungai saddang no.44,7371031009,7371031,jl. sungai saddang no.44
2739475,an nuur,jl monginsidi baru lr 2,7371031010,7371031,jl monginsidi baru lr 2
2739896,lambda kreasindo,jl karunrung asri blok e no.14 rt/rw /,7371031002,7371031,jl karunrung asri blok e no.14 rt/rw /
2740192,perkumpulan sanggar celebes indonesia performing arts,jl talasalapang bph plaza,7371031002,7371031,jl talasalapang bph plaza
2740474,putri adinda,"jl.rappocini raya 3 no.59 b rt.001 rw.001, rappocini",7371031009,7371031,"jl.rappocini raya 3 no.59 b rt.001 rw.001, rappocini"
2741439,media liput grup,jalan minasa sari raya blok,7371031001,7371031,jalan minasa sari raya blok
2741480,anugrah makmur persada,mappala,7371031006,7371031,mappala
2742914,pegawai negeripengayomanlemb pemasyarakatan kelas i,"jl.st alauddin no.191, gunung sari",7371031001,7371031,"jl.st alauddin no.191, gunung sari"
2743122,mitra indonesia desain cemerlang,jl yusuf dg ngawing,7371031006,7371031,jl yusuf dg ngawing
2744412,antara raya,rsi faisal x,7371031007,7371031,rsi faisal x
2745282,lkp andika,jl pelita raya lr 5,7371031008,7371031,jl pelita raya lr 5
2745448,taman kanak-kanak tiara,jl pelita v,7371031008,7371031,jl pelita v
2745705,adipura service indo,anging mammiri residence,7371031002,7371031,anging mammiri residence
2746675,yayasan pendidikan mitra syah,"jl hertasning no 84 rt 000 rw 000, tidung",7371031006,7371031,"jl hertasning no 84 rt 000 rw 000, tidung"
2746777,wankom jatam pura,jl gunung sari  komp.kodam,7371031001,7371031,jl gunung sari  komp.kodam
2746831,yayasan luqmanul hakim,komplek minasa upa blok h7 perumahan griya minasa asri no 20 rt 003 rw 024 gunung sari,7371031001,7371031,komplek minasa upa blok h7 perumahan griya minasa asri no 20 rt 003 rw 024 gunung sari
2747387,yayasan pendidikan aswajah al asyariyah,jalan kelapa tiga,7371031010,7371031,jalan kelapa tiga
2748075,andhika,"jl.rappocini raya lr.5 no.27 a, rappocini",7371031009,7371031,"jl.rappocini raya lr.5 no.27 a, rappocini"
2748719,malaka anugerah perkasa,jl aroepala komp permata hijau permai,7371031004,7371031,jl aroepala komp permata hijau permai
2749194,lembaga swadaya masyarakat dwi karya mandiri,"komplek puri taman sari blok d7/7 jl toddopuli 6 rt.006 rw.012, kassi-kassi",7371031004,7371031,"komplek puri taman sari blok d7/7 jl toddopuli 6 rt.006 rw.012, kassi-kassi"
2749619,tk dan kb adilika,jl. hertasning baru komp permata hijau lestari,7371031003,7371031,jl. hertasning baru komp permata hijau lestari
2749758,tk anggrek permata,komp. permata hijau hertasning jl. palm raja,7371031004,7371031,komp. permata hijau hertasning jl. palm raja
2750482,muafa cahaya mandiri,jl skarda n 3,7371031001,7371031,jl skarda n 3
2751124,intraco penta wahana,jl pelita raya,7371031010,7371031,jl pelita raya
2751126,kb lestari,jl kr bonto tangnga,7371031002,7371031,jl kr bonto tangnga
2751774,lembaga pelatihan dan kursus andira,"jl syech yusuf btn minasa upa blok f3 no 2 rt 002 rw 011, gunung sari",7371031001,7371031,"jl syech yusuf btn minasa upa blok f3 no 2 rt 002 rw 011, gunung sari"
2753284,yayasan andi sarefe,"jl tidung ix blok 9 no 57 rt.03 rw.05, kassi-kassi",7371031004,7371031,"jl tidung ix blok 9 no 57 rt.03 rw.05, kassi-kassi"
2754169,multi dimensi project,"jl hertasning blok e16/2 rt 002 rw 004, mappala",7371031003,7371031,"jl hertasning blok e16/2 rt 002 rw 004, mappala"
2754926,beritaini.com,jl tidung 7 stp 1,7371031003,7371031,jl tidung 7 stp 1
2755209,doctor utama indonesia,jl ap pettarani komp ruko zamrud,7371031008,7371031,jl ap pettarani komp ruko zamrud
2757216,saoda pandari,perum anging mamiri,7371031002,7371031,perum anging mamiri
2757398,indri samudera lines,jl pelita raya 317,7371031010,7371031,jl pelita raya 317
2757522,sikamali,"jl banta-bantaeng wijaya kusuma i blok k7/18 rt.018 rw.001, banta-bantaeng",7371031007,7371031,"jl banta-bantaeng wijaya kusuma i blok k7/18 rt.018 rw.001, banta-bantaeng"
2757593,glori sukses makmur,jl landak baru lr.8,7371031007,7371031,jl landak baru lr.8
2757961,pensa global agromandiri (yapensa),"jl.rsi.faisal xii no.15, banta-bantaeng",7371031007,7371031,"jl.rsi.faisal xii no.15, banta-bantaeng"
2758130,anak indonesia sukses,jl pelita raya,7371031010,7371031,jl pelita raya
2759853,jelajah negeri nusantara,jl aroepala halmin residence,7371031003,7371031,jl aroepala halmin residence
2760491,ady putra prima kencana,jl pandan blok,7371031004,7371031,jl pandan blok
2761028,sinar abadi sentosa,jl.mon emmy saelan komp p&k,7371031001,7371031,jl.mon emmy saelan komp p&k
2761148,mandiri tunas finance,jl ap pettarani kav 18 ruko pettarani bussines centre,7371031006,7371031,jl ap pettarani kav 18 ruko pettarani bussines centre
2761396,solidaritas suku makassar,"jl aroepala, komp. permata hijau permai",7371031003,7371031,"jl aroepala, komp. permata hijau permai"
2763462,bintang sarana teknik,jl sungai saddang baru,7371031010,7371031,jl sungai saddang baru
2765894,tanniewa putra,btn minasa upa,7371031001,7371031,btn minasa upa
2766104,aicomp,jl. karunrung raya ii,7371031002,7371031,jl. karunrung raya ii
2766284,lima perkasa konstruksi,jl sungai saddang baru blok,7371031010,7371031,jl sungai saddang baru blok
2766495,creative project,komplek pemda blok e20/16 rt 001 rw 005 tidung,7371031006,7371031,komplek pemda blok e20/16 rt 001 rw 005 tidung
2767327,dua sukses jaya,jl metropolitan residen,7371031007,7371031,jl metropolitan residen
2767580,raja multi sarana,jl monumen emmy saelan 3d,7371031006,7371031,jl monumen emmy saelan 3d
2767675,teknologi tanah air,hertasning 1,7371031006,7371031,hertasning 1
2768656,airtech,btn minasa upa blok f.7 no.12,7371031,7371031,btn minasa upa blok f.7 no.12
2769484,ara citra abadi,jalan kompleks griya minasa sari blok d nomor 12,7371031001,7371031,jalan kompleks griya minasa sari blok d nomor 12
2769596,lembaga pendidikan dan kursus (lpk) annie,"btn minasa upa blok ab10a/1 rt.006 rw.021, gunung sari",7371031001,7371031,"btn minasa upa blok ab10a/1 rt.006 rw.021, gunung sari"
2769906,cv. kembar maju sejahtera,btn minasa upa,7371031001,7371031,btn minasa upa
2769909,a2 medika,kompleks unm blok a2 no. 21,7371031006,7371031,kompleks unm blok a2 no. 21
2772035,adsa timur raya,"jl ap pettarani komp. pettarani center blok b no27 rt.002 rw.001, buakana",7371031008,7371031,"jl ap pettarani komp. pettarani center blok b no27 rt.002 rw.001, buakana"
2772949,kk indonesia,jl sultan alauddin ruko alauddin plaza,7371031001,7371031,jl sultan alauddin ruko alauddin plaza
2772972,sukses jaya medika,"jl.tala'salapang raya no.47 b, karunrung",7371031002,7371031,"jl.tala'salapang raya no.47 b, karunrung"
2773287,"pt sarana bangun utama - pt bawakaraeng purnama wijaya, kso","jl timah 1 blok blok a24 no 20 rt 000 rw 000, balla parang",7371031010,7371031,"jl timah 1 blok blok a24 no 20 rt 000 rw 000, balla parang"
2773616,belian cahya utama,jl pelita raya,7371031010,7371031,jl pelita raya
2773846,jonathan makmur sejahtera,"jl rappocini no 112 rt 000 rw 000, buakana",7371031008,7371031,"jl rappocini no 112 rt 000 rw 000, buakana"
2774612,al-ikhwan fara boga,kr bonto tangga ii,7371031002,7371031,kr bonto tangga ii
2775415,lingkar nusantara mandiri,jl talasalapang,7371031001,7371031,jl talasalapang
2775547,liputan makassar,jl ap pettarani ruko new zamrud,7371031008,7371031,jl ap pettarani ruko new zamrud
2775979,berkah sejahtera,"jl.tidung ix stp.14 no.161 a rt.004 rw.011, mappala",7371031003,7371031,"jl.tidung ix stp.14 no.161 a rt.004 rw.011, mappala"
2776530,cv. zam-zamy furniture,jl. jipang raya karunrung,7371031002,7371031,jl. jipang raya karunrung
2777568,sinar gemilang prima,jl ap pettarani,7371031008,7371031,jl ap pettarani
2778212,keluarga sejahtera bersama,"jl ap pettarani no 55, buakana",7371031008,7371031,"jl ap pettarani no 55, buakana"
2779297,auraa mekar jaya,komp graha hasirah permai d,7371031001,7371031,komp graha hasirah permai d
2780744,bina utama persada,a.p.pettarani kompleks ruko zamrud,7371031008,7371031,a.p.pettarani kompleks ruko zamrud
2782179,fabio citra persada,rappocini raya,7371031005,7371031,rappocini raya
2782268,bulu moto delapan-delapan,jl wijaya kusuma raya,7371031007,7371031,jl wijaya kusuma raya
2782922,muflih inti konsultan,"komp. mangasa permai blok w.1 no. 4 rt.001 rw.009, gunung sari",7371031001,7371031,"komp. mangasa permai blok w.1 no. 4 rt.001 rw.009, gunung sari"
2782984,karya bintang inspirasi,jl rappocini raya lr 6,7371031009,7371031,jl rappocini raya lr 6
2783634,energi indonesia jaya,komp btn minasa upa,7371031001,7371031,komp btn minasa upa
2784166,geomatik consultant,jl ap pettarani ruko pettarani center,7371031008,7371031,jl ap pettarani ruko pettarani center
2784564,fariska mandiri corporation,"toddopuli 6 komp. puri taman sari blok b3 no.3 rt.001 rw.012, kassi-kassi",7371031004,7371031,"toddopuli 6 komp. puri taman sari blok b3 no.3 rt.001 rw.012, kassi-kassi"
2784790,vivo jaya sejahtera,jl kelapa tiga,7371031010,7371031,jl kelapa tiga
2785449,pena media mandiri,jl monumen emmy saelan kompleks skarda n,7371031001,7371031,jl monumen emmy saelan kompleks skarda n
2785686,wardhana indah wisata,"jl.cokonuri dalam ii no.5 rt.001 rw.004, karunrung",7371031002,7371031,"jl.cokonuri dalam ii no.5 rt.001 rw.004, karunrung"
2786968,skala cipta lestari,komplek p&k mangasa permai,7371031001,7371031,komplek p&k mangasa permai
2787608,pendidikan sari buana,"jl.a.p.pettarani iv no.57, buakana",7371031008,7371031,"jl.a.p.pettarani iv no.57, buakana"
2790981,lembaga informasi estetika dan sosial (infesso),jl tidung 2 stp i blok,7371031005,7371031,jl tidung 2 stp i blok
2791044,sanggar ininnawa,"jl sultan alauddin lr al azhar i no 10 rt 001 rw 016, gunung sari",7371031001,7371031,"jl sultan alauddin lr al azhar i no 10 rt 001 rw 016, gunung sari"
2792198,cipta hirarchy konsultan,jl rappocini,7371031008,7371031,jl rappocini
2792546,jaya abadi sentosa,jl hertasning barat iv,7371031005,7371031,jl hertasning barat iv
2793186,orens perdana mandiri,jl. monumen emmy saelan iii komp. agraria,7371031002,7371031,jl. monumen emmy saelan iii komp. agraria
2793335,adi surya pratama,"jalan monumen emmy saelan 3, kompleks pu. jeneberang",7371031002,7371031,"jalan monumen emmy saelan 3, kompleks pu. jeneberang"
2793362,nasda bersaudara group,"jl.pengayoman i/iv, buakana",7371031008,7371031,"jl.pengayoman i/iv, buakana"
2794178,radifha arts,btn minasa upa,7371031001,7371031,btn minasa upa
2795582,napoleon persada,jl landak baru lr 10,7371031007,7371031,jl landak baru lr 10
2795874,zeinta intan kalimantan,jl ap pettarani komp. new zamrud blok,7371031008,7371031,jl ap pettarani komp. new zamrud blok
2796049,abdi sirah megatama,jl landak baru lr ii,7371031007,7371031,jl landak baru lr ii
2796794,musyawarah guru tata boga kota makassar,"smk negeri 6 makassar jl landak baru no 132, banta-bantaeng",7371031007,7371031,"smk negeri 6 makassar jl landak baru no 132, banta-bantaeng"
2797104,addaraen,jl sultan alauddin,7371031001,7371031,jl sultan alauddin
2797142,karya celebes,jl rsi faisal xvi,7371031007,7371031,jl rsi faisal xvi
2797287,selera mitra mandiri,jl syech yusuf,7371031001,7371031,jl syech yusuf
2797426,al fath mandiri,jl kr bontotangnga,7371031002,7371031,jl kr bontotangnga
2797716,millenium,jl rutan salemba,7371031001,7371031,jl rutan salemba
2797800,iramasuka intan nusantara,"jl pelita ii no 17 rt.004 rw.007, buakana",7371031008,7371031,"jl pelita ii no 17 rt.004 rw.007, buakana"
2799033,archindo pratama international,jl monumen emmy saelan,7371031001,7371031,jl monumen emmy saelan
2799085,lingkar persada,btn. minasa sari,7371031001,7371031,btn. minasa sari
2799171,para kita bersaudara,jl minasa upa tengah btn minasa sari,7371031001,7371031,jl minasa upa tengah btn minasa sari
2799270,sinar galesong perkasa,"jl ap pettarani no 55, buakana",7371031008,7371031,"jl ap pettarani no 55, buakana"
2799613,rangga medika putera,jl aroepala,7371031004,7371031,jl aroepala
2799975,karya jasa bersama,btn minasa upa blok n 17 / 6,7371031001,7371031,btn minasa upa blok n 17 / 6
2800282,lemb kajian pengembangan olahraga&kesehatan ind,"jl mahoni no 133, kassi-kassi",7371031004,7371031,"jl mahoni no 133, kassi-kassi"
2800495,mulya sakti wijaya,komplek permata hijau permai blok j/12 rt 005 rw 011 kassi-kassi,7371031004,7371031,komplek permata hijau permai blok j/12 rt 005 rw 011 kassi-kassi
2800512,multi analis perencana,jl minasa upa btn minasa upa,7371031,7371031,jl minasa upa btn minasa upa
2800567,tappu magaretta berkah,jl. a.p. pettarani ruko new zamrud blok b no. 7,7371031008,7371031,jl. a.p. pettarani ruko new zamrud blok b no. 7
2800629,mutiara qayya,perumahan btn minasa upa,7371031001,7371031,perumahan btn minasa upa
2800868,alfa ar-sittah consultant,jl aroepala komp permata hijau lestari,7371031004,7371031,jl aroepala komp permata hijau lestari
2800886,oval delapan enam,ruko new zamrud jl ap pettarani,7371031008,7371031,ruko new zamrud jl ap pettarani
2801087,emir konsultan,"btn minasa upa blok b1/4 rt.001 rw.003, karunrung",7371031002,7371031,"btn minasa upa blok b1/4 rt.001 rw.003, karunrung"
2803731,hajjah fatimah tjakka,jln. bontolanra,7371031007,7371031,jln. bontolanra
2803984,luwuk anugerah mineral abadi,bumi permata hijau jl bumi 17 blok d no 9,7371031001,7371031,bumi permata hijau jl bumi 17 blok d no 9
2804822,kencana pradana abadi,jl timah v,7371031010,7371031,jl timah v
2805359,profesional indonesia utama global mulia,jl pelita raya tengah 3,7371031010,7371031,jl pelita raya tengah 3
2805824,surya prima mandiri,jl mappala,7371031006,7371031,jl mappala
2806234,bima rancang nusantara,jl karunrung karunrung raya 11,7371031002,7371031,jl karunrung karunrung raya 11
2806333,takkona sejahtera,jl rsi faisal,7371031007,7371031,jl rsi faisal
2806440,ansan osaka mandiri,btn mangasa permai,7371031001,7371031,btn mangasa permai
2808557,bca finance,komplek alauddin plaza,7371031001,7371031,komplek alauddin plaza
2809752,cisco sinar jaya,jl mappala,7371031003,7371031,jl mappala
2810005,hasta usaha mandiri,jl hertasning ix,7371031006,7371031,jl hertasning ix
2810011,jendela nusantara (jenus),"jl ap pettarani blok e20/23 rt 002 rw 005, tidung",7371031006,7371031,"jl ap pettarani blok e20/23 rt 002 rw 005, tidung"
2810280,armina sari mustari,jl pelita raya,7371031010,7371031,jl pelita raya
2811299,nur ningrat medika,komplek btn minasa upa,7371031001,7371031,komplek btn minasa upa
2811516,megatama buana nusa indah,jl kompleks perumahan bumi tirta nusantara,7371031009,7371031,jl kompleks perumahan bumi tirta nusantara
2811745,phinisi media indonesia,jl tamalate i,7371031006,7371031,jl tamalate i
2812246,mitra cemerlang,"jl.rappocini raya 3 no.59 b rt.001 rw.001, rappocini",7371031009,7371031,"jl.rappocini raya 3 no.59 b rt.001 rw.001, rappocini"
2813437,lembaga pendididikan dan kursus arini,"jl tamalate 5 no 76 rt.001 rw.003, kassi-kassi",7371031004,7371031,"jl tamalate 5 no 76 rt.001 rw.003, kassi-kassi"
2813507,kazaki art school,jl rsi faisal 2,7371031007,7371031,jl rsi faisal 2
2813512,resopa anaqata perkasa,jl komplek permata hijau lestari,7371031004,7371031,jl komplek permata hijau lestari
2813604,ghaniyy arrazzaaq pratama,btn minasa upa blok k2 nomor 22,7371031,7371031,btn minasa upa blok k2 nomor 22
2813755,adil technology mandiri,"jl cilallang jaya 7 blok a/17 rt 004 rw 002, buakana",7371031008,7371031,"jl cilallang jaya 7 blok a/17 rt 004 rw 002, buakana"
2813781,surya fitrah,"jl raya pendidikan komp balla panakkukang blok blok c no 3 rt 005 rw 004, tidung",7371031006,7371031,"jl raya pendidikan komp balla panakkukang blok blok c no 3 rt 005 rw 004, tidung"
2814586,zahra ridho ilahi,jl btn minasa upa,7371031,7371031,jl btn minasa upa
2815599,mylinha,"jl.mapala blok a 3 no.20 rt.000 rw.000, mappala",7371031003,7371031,"jl.mapala blok a 3 no.20 rt.000 rw.000, mappala"
2815981,bersaudara oke sekali,komp. btn minasa upa,7371031,7371031,komp. btn minasa upa
2816268,family,btn minasa upa blok,7371031001,7371031,btn minasa upa blok
2817263,gunata abadi perkasa,jl. aroepala komp permata hijau permai blok n4 no. 9,7371031004,7371031,jl. aroepala komp permata hijau permai blok n4 no. 9
2817387,berkah putri mandiri,jl landak baru,7371031007,7371031,jl landak baru
2817403,delapan sembilan,"komplek mangasa permai blok q1/3 jl skarda'n rt.005 rw.019, gunung sari",7371031001,7371031,"komplek mangasa permai blok q1/3 jl skarda'n rt.005 rw.019, gunung sari"
2818893,nusantara,"jl.tamalate i no.8 rt 001 rw 002 , bonto makkio",7371031005,7371031,"jl.tamalate i no.8 rt 001 rw 002 , bonto makkio"
2819163,mitra patria konsultan,btn minasa upa,7371031001,7371031,btn minasa upa
2819170,garuda sakti engineering,"jl tamalate iv stp 16 no 73 rt 002 rw 001, kassi-kassi",7371031004,7371031,"jl tamalate iv stp 16 no 73 rt 002 rw 001, kassi-kassi"
2820486,cipta solusindo mandiri,"jl teduh bersinar komplek griya fajar mas blok d/13 rt 001 rw 022, gunung sari",7371031001,7371031,"jl teduh bersinar komplek griya fajar mas blok d/13 rt 001 rw 022, gunung sari"
2820966,bimpnt eaga sport council sul-sel,jl wijaya kusuma raya,7371031007,7371031,jl wijaya kusuma raya
2822070,indo bangun,jl komp permata hijau permai,7371031004,7371031,jl komp permata hijau permai
2823052,atiqah tahta mandiri,jl rappocini raya,7371031008,7371031,jl rappocini raya
2823561,pangan segar nusantara,landak baru lorong 1,7371031007,7371031,landak baru lorong 1
2823969,jeka turatea,pelita raya vii lorong 1,7371031008,7371031,pelita raya vii lorong 1
2824227,usaha lestarai food,jl aroepala komp phl,7371031004,7371031,jl aroepala komp phl
2824677,bunda,perumahan btn minasa upa,7371031001,7371031,perumahan btn minasa upa
2824691,sky project official,jl talasalapang,7371031002,7371031,jl talasalapang
2824782,pembangunan indonesia makassar (yaspim),jl andi pangeran pettarani,7371031008,7371031,jl andi pangeran pettarani
2824931,bizmak karya utama,jl rsi faisal xv,7371031007,7371031,jl rsi faisal xv
2825192,rabin & partners,jl landak baru graha quality,7371031007,7371031,jl landak baru graha quality
2825420,sembada indonesia,jl skarda n 1,7371031001,7371031,jl skarda n 1
2825500,halaqa fajar pratama,jalan alauddin kompleks permatasari i nomor 5,7371031001,7371031,jalan alauddin kompleks permatasari i nomor 5
2825673,bizmak tata persada,jl rsi faisal xv,7371031007,7371031,jl rsi faisal xv
2826481,tritas jaya makassar,btn minasa upa,7371031001,7371031,btn minasa upa
2826653,gasindo jaya komunika,jl timah 5,7371031010,7371031,jl timah 5
2827081,pino mandiri indonesia,btn minasa upa,7371031,7371031,btn minasa upa
2827996,pensiunan pt telekomunikasi(kopentel) siporio,jl. ap. pettarani no.2a,7371031001,7371031,jl. ap. pettarani no.2a
2828199,lembaga i-sportpreneur,jl tamalate viii stp 2,7371031001,7371031,jl tamalate viii stp 2
2828655,tiga putri pratama,"jl toddopuli vi komplek puri taman sari blok d.2/10 rt 005 rw 012, kassi-kassi",7371031004,7371031,"jl toddopuli vi komplek puri taman sari blok d.2/10 rt 005 rw 012, kassi-kassi"
2830899,annisa berkah mandiri,minasa upa 2 perumahan minasa indah residence,7371031001,7371031,minasa upa 2 perumahan minasa indah residence
2832296,lembaga idea cita,"komplek permata hijau permai blok b/8, kassi-kassi",7371031004,7371031,"komplek permata hijau permai blok b/8, kassi-kassi"
2836348,karya perdana konstruksindo,jl aroepala perum belmont residence,7371031004,7371031,jl aroepala perum belmont residence
2836752,wija virgo,"jl landak baru no 94b rt 006 rw 003, banta-bantaeng",7371031007,7371031,"jl landak baru no 94b rt 006 rw 003, banta-bantaeng"
2836869,inas muradha,"btn minasa upa blok h4/8 rt.001 rw.002, gunung sari",7371031001,7371031,"btn minasa upa blok h4/8 rt.001 rw.002, gunung sari"
2837515,natiro nita,jl sungai saddang baru lr mu'min,7371031010,7371031,jl sungai saddang baru lr mu'min
2837550,poma mineral sejahtera,jl. sungai saddang baru,7371031010,7371031,jl. sungai saddang baru
2837791,medic engineering,btn minasa upa,7371031001,7371031,btn minasa upa
2838707,bintang 85 media,komp btn minasa upa,7371031,7371031,komp btn minasa upa
2839652,tribox media utama,jl monginsidi baru,7371031009,7371031,jl monginsidi baru
2839777,new arrival production,btn minasa upa,7371031,7371031,btn minasa upa
2840285,yafie utama sejahtera sentosa,jl bumi 8 blok,7371031001,7371031,jl bumi 8 blok
2840291,reza karya pembangunan,perumahan btn minasa upa,7371031001,7371031,perumahan btn minasa upa
2840442,suara mercurius kencana,jl. pengayoman tps.iv no.5 rt/rw 003/003,7371031008,7371031,jl. pengayoman tps.iv no.5 rt/rw 003/003
2840952,coldair indonesia,jl ap pettarani ruko new zamrud,7371031008,7371031,jl ap pettarani ruko new zamrud
2840954,bisanta bintang prima,btn. mangasa,7371031001,7371031,btn. mangasa
2841041,infrastruktur general abadi,jl landak baru lr 3,7371031007,7371031,jl landak baru lr 3
2841386,revayah perdana jaya,jl bonto dg ngirate,7371031005,7371031,jl bonto dg ngirate
2842591,fakih ayura,"komp ibb jl.teduh bersinar blok q no.14, gunung sari",7371031001,7371031,"komp ibb jl.teduh bersinar blok q no.14, gunung sari"
2842679,matra desain,jl sungai saddang baru,7371031001,7371031,jl sungai saddang baru
2843280,vifa digital pro,pelita raya,7371031010,7371031,pelita raya
2843327,noor rafi ayadi,komp btn minasa upa blok,7371031001,7371031,komp btn minasa upa blok
2844555,bakri jaya propertindo,jalan aroepala ruko pdgi no. 6 depan sekolah al azhar,7371031001,7371031,jalan aroepala ruko pdgi no. 6 depan sekolah al azhar
2844608,universitas muhammadiyah makassar,jl. talasalapang,7371031001,7371031,jl. talasalapang
2844828,chamsiah/tk islam uminda,jl talasalapang,7371031001,7371031,jl talasalapang
2845440,lembaga bimbingan belajar master edukasi indonesia,jl makkiobaji iii,7371031001,7371031,jl makkiobaji iii
2845762,tritunggal,"jl.rappocini raya citra griyatama blk.b no.9 rt.0 rw. 0, rappocini",7371031009,7371031,"jl.rappocini raya citra griyatama blk.b no.9 rt.0 rw. 0, rappocini"
2846258,rumah indah,jl sultan alauddin al azhar i,7371031001,7371031,jl sultan alauddin al azhar i
2846938,tritasjaya,jl banta-bantaeng lr.8,7371031007,7371031,jl banta-bantaeng lr.8
2847186,bunga daeng,jl banta-bantaeng,7371031007,7371031,jl banta-bantaeng
2848134,rezky utama,"komp.pemda blok.y 2/1 rt.006 rw.015, gunung sari",7371031001,7371031,"komp.pemda blok.y 2/1 rt.006 rw.015, gunung sari"
2848789,uwena pati rangga,jl yusuf dg ngawing lr 1,7371031006,7371031,jl yusuf dg ngawing lr 1
2849245,nuansa karya,btn minasa upa,7371031,7371031,btn minasa upa
2849314,rini lorenza kambey,jl. hertasning,7371031006,7371031,jl. hertasning
2849435,ramayana lestari sentosa tbk,jl p. kemerdekaan gedung makassar town square,7371031009,7371031,jl p. kemerdekaan gedung makassar town square
2849718,star upa indo,kompleks mangasa permai blok v no. 6,7371031001,7371031,kompleks mangasa permai blok v no. 6
2850212,cv ardazz abdi utama,"jl beringin v no 13 rt.004 rw.010, kassi-kassi",7371031004,7371031,"jl beringin v no 13 rt.004 rw.010, kassi-kassi"
2852195,ria agri jaya,"jl.buakana a.5, buakana",7371031008,7371031,"jl.buakana a.5, buakana"
2852523,fuad jaya perkasa,jl btn minasa upa komp. pdgi,7371031,7371031,jl btn minasa upa komp. pdgi
2853000,celebes global energy,komp btn minasa upa blok,7371031001,7371031,komp btn minasa upa blok
2853040,pendidikan aimskilful indonesia,jl tidung 7 stp 10,7371031003,7371031,jl tidung 7 stp 10
2853111,rumah koki catering,raya pendidikan,7371031006,7371031,raya pendidikan
2853727,rakyat sulawesi selatan intermedia,"jl hertasning raya no 54, tidung",7371031006,7371031,"jl hertasning raya no 54, tidung"
2853920,pelita tanjung sehati,jalan pendidikan perumahan griya ayu mas b10,7371031001,7371031,jalan pendidikan perumahan griya ayu mas b10
2854933,solagracia quary sejati,"komp btn minasa upa blok e no 1 rt.001 rw.006, gunung sari",7371031001,7371031,"komp btn minasa upa blok e no 1 rt.001 rw.006, gunung sari"
2855265,radja idea komunika,"aroepala ruko pdgi, hertasning baru",7371031,7371031,"aroepala ruko pdgi, hertasning baru"
2856513,selatan abadi jaya,jl rappocini raya komp citra griyatama estate,7371031008,7371031,jl rappocini raya komp citra griyatama estate
2857034,karya buana,"jl.karunrung raya 4 no.6 rt.004 rw.001, karunrung",7371031002,7371031,"jl.karunrung raya 4 no.6 rt.004 rw.001, karunrung"
2857420,multicipta adhirancana konsultan,jl rsi faisal vi,7371031007,7371031,jl rsi faisal vi
2857421,juhar multi cakrawala,"kompleks graha lestari blok a6/27, kassi-kassi",7371031004,7371031,"kompleks graha lestari blok a6/27, kassi-kassi"
2857602,design struktur consultan,jl rappocini raya lr. 6a,7371031009,7371031,jl rappocini raya lr. 6a
2857621,tiga persada manajemen,jl minasa upa raya btn minasa upa,7371031001,7371031,jl minasa upa raya btn minasa upa
2857725,sandy saputra,jl jipang raya,7371031002,7371031,jl jipang raya
2857951,hs.consultant,jl karunrung raya v,7371031002,7371031,jl karunrung raya v
2858239,musdalifah hatib,jl. landak baru,7371031007,7371031,jl. landak baru
2858999,thirfa medina mandiri,bumi bosowa indah blok r nomor 23,7371031001,7371031,bumi bosowa indah blok r nomor 23
2859474,multi guna abadi,"komplek puri taman sari blok e2 no 02 jl toddopuli rt.004 rw.012, kassi-kassi",7371031004,7371031,"komplek puri taman sari blok e2 no 02 jl toddopuli rt.004 rw.012, kassi-kassi"
2859808,booming jaya abadi,jl ap pettarani,7371031008,7371031,jl ap pettarani
2860388,sajita perdana,"jl.btn.mangasa permai blok.m/1 rt.004 rw.019, gunung sari",7371031001,7371031,"jl.btn.mangasa permai blok.m/1 rt.004 rw.019, gunung sari"
2861710,karunia segar tiga,"jl. tamalate 1 (samping masjid nurul mujtahidah) kel. mappala kec. rappocini kota makassar, sulawesi selatan 9222",7371031003,7371031,"jl. tamalate 1 (samping masjid nurul mujtahidah) kel. mappala kec. rappocini kota makassar, sulawesi selatan 9222"
2862670,yasa inti konsultan,jl st alauddin komp. permata sari iii,7371031001,7371031,jl st alauddin komp. permata sari iii
2862726,celebes jaya putri,jl  wijaya kusuma i,7371031007,7371031,jl  wijaya kusuma i
2863716,jo pt makmur jaya emulsi & pt izza sarana karsa,jl raya pendidikan komp balla panakkukang blok,7371031006,7371031,jl raya pendidikan komp balla panakkukang blok
2863815,inti abadi,jl tala salapang,7371031001,7371031,jl tala salapang
2864284,hanum sejahtera,"jl. skarda n btn mangasa permai blok u/3 rt 003 rw 019, gunung sari",7371031001,7371031,"jl. skarda n btn mangasa permai blok u/3 rt 003 rw 019, gunung sari"
2864488,ratu lingga jaya,jl hertasning baru komp. anging mammiri blok,7371031002,7371031,jl hertasning baru komp. anging mammiri blok
2864889,media sipadupa promosindo,"a.p pettarani, claro hotel makassar lantai 6",7371031001,7371031,"a.p pettarani, claro hotel makassar lantai 6"
2865783,fajar hijau lestari,jl hertasning raya,7371031006,7371031,jl hertasning raya
2865868,dua sembilan,"jl monginsidi baru no 77 rt.006 rw.005, balla parang",7371031010,7371031,"jl monginsidi baru no 77 rt.006 rw.005, balla parang"
2866167,rezki utama,"komp. kesehatan banta-bantaeng no a 32 rt 013 rw 001, banta-bantaeng",7371031007,7371031,"komp. kesehatan banta-bantaeng no a 32 rt 013 rw 001, banta-bantaeng"
2866524,mutiara rejeki nusantara,jl mapala,7371031006,7371031,jl mapala
2866966,perkumpulan sekolah legislatif indonesia (sli),jl rsi faisal xiv,7371031007,7371031,jl rsi faisal xiv
2867763,amelia reski catering,toddopuli vi komp. puri taman sari,7371031004,7371031,toddopuli vi komp. puri taman sari
2869187,ferish future international,jl sungai saddang baru,7371031010,7371031,jl sungai saddang baru
2870092,emas cahaya energi,anging mammiri residence blok b.1 nomor 2,7371031004,7371031,anging mammiri residence blok b.1 nomor 2
2870107,nur reski,btn minasa upa blok,7371031,7371031,btn minasa upa blok
2870167,lembaga peduli sosial makassar,komp mangasa village kav,7371031001,7371031,komp mangasa village kav
2870205,nurza jaya,"jl tamalate v stp 7 no 37 rt 003 rw 002, kassi-kassi",7371031004,7371031,"jl tamalate v stp 7 no 37 rt 003 rw 002, kassi-kassi"
2870370,chatra perdana mandiri,komp griya minasa sari 2,7371031001,7371031,komp griya minasa sari 2
2871355,maha multi,jl raya pendidikan,7371031006,7371031,jl raya pendidikan
2871510,ian clean cemerlang,jl bontocinde,7371031008,7371031,jl bontocinde
2871621,muhammad fadly,"jl.hertasning iii no.3 rt.000 rw.000, tidung",7371031006,7371031,"jl.hertasning iii no.3 rt.000 rw.000, tidung"
2871826,tat twan asi (kanwil depsos)sulawesi selatan,jl ap.pettarani,7371031008,7371031,jl ap.pettarani
2871958,atreek anugrah kencana,jl nikel i,7371031010,7371031,jl nikel i
2872218,coconut berkarya,jalan monumen emmy saelan iii no 70,7371031002,7371031,jalan monumen emmy saelan iii no 70
2873122,lembaga pengembangan anak usia dini khalifah 47,"komplek pemda blok g1/5 jl talasalapang 2 rt.005 rw.015, gunung sari",7371031001,7371031,"komplek pemda blok g1/5 jl talasalapang 2 rt.005 rw.015, gunung sari"
2873311,yayasan arrahmanarrahim,"jl toddopuli 1 stp 10/11 rt.001 rw.007, kassi-kassi",7371031004,7371031,"jl toddopuli 1 stp 10/11 rt.001 rw.007, kassi-kassi"
2876015,jaya barokah teknik,jalan hertasning timur no.6,7371031004,7371031,jalan hertasning timur no.6
2877321,kjpp sugianto prasodjo dan rekan,jl rsi faisal xii,7371031007,7371031,jl rsi faisal xii
2877406,program studi ilmu pemerintahan s1 unismuh makassar,jl. sultan alauddin,7371031001,7371031,jl. sultan alauddin
2877523,multi karya abadi,"btn bosowa permai blok b0/12 rt.004 rw.026, gunung sari",7371031001,7371031,"btn bosowa permai blok b0/12 rt.004 rw.026, gunung sari"
2878296,jokkajokka,jl andi djemma (ex landak baru),7371031007,7371031,jl andi djemma (ex landak baru)
2878591,bhakti sri lestari,jalan sultan alauddin kompleks ruko permata sari nomor 33,7371031001,7371031,jalan sultan alauddin kompleks ruko permata sari nomor 33
2879549,cipta abadi,"komp.kodam gunung sari no.6, gunung sari",7371031001,7371031,"komp.kodam gunung sari no.6, gunung sari"
2880707,ali imran,jl. wijaya kusuma,7371031007,7371031,jl. wijaya kusuma
2881232,mata angin,jl rappocini raya lr.5,7371031009,7371031,jl rappocini raya lr.5
2881879,lembaga pemberdayaan rakyat nusantara (l.peran),"komp.p & k blok o no.4 makassar rt.000 rw.000, gunung sari",7371031001,7371031,"komp.p & k blok o no.4 makassar rt.000 rw.000, gunung sari"
2883233,anugrah jaya sentosa,jl ap pettarani,7371031006,7371031,jl ap pettarani
2883527,ghazi orion logistik,jl cilalang jaya 1 blok,7371031008,7371031,jl cilalang jaya 1 blok
2883675,analexa cooperation,jl tamalate ii,7371031003,7371031,jl tamalate ii
2884306,sawerigading internasional group,jl sultan alauddin komp bph ruko ii,7371031001,7371031,jl sultan alauddin komp bph ruko ii
2884767,agro bina lestari,jl teduh bersinar komp bosowa indah,7371031001,7371031,jl teduh bersinar komp bosowa indah
2884925,poleboja,mappala ii,7371031006,7371031,mappala ii
2885073,trilogy consultant,btn minasa upa,7371031001,7371031,btn minasa upa
2886367,kiwal garuda hitam,jl ap pettarani kompleks ruko new zamrud,7371031008,7371031,jl ap pettarani kompleks ruko new zamrud
2886467,proteknik abadi,"hertasning baru, aroepala, perumahan anging mamiri",7371031002,7371031,"hertasning baru, aroepala, perumahan anging mamiri"
2887059,lembaga sertifikasi kompetensi pengelola lembaga kursus dan pelatihan cabang tuk-plkp sul-sel,jl aroepala komp permata hijau lestari blok,7371031004,7371031,jl aroepala komp permata hijau lestari blok
2888147,patra 15,perum permata hijau permai blok,7371031004,7371031,perum permata hijau permai blok
2888486,sinar amaly pratama,jl ap pettarani,7371031008,7371031,jl ap pettarani
2888495,dias konsultan,jl. rsi faisal raya blok b.25 c no.6 rt/rw 009/002,7371031007,7371031,jl. rsi faisal raya blok b.25 c no.6 rt/rw 009/002
2891412,gasindo teknik,jl syech yusuf lr 2,7371031001,7371031,jl syech yusuf lr 2
2891798,sma celebes global school,jl talasalapang,7371031002,7371031,jl talasalapang
2893664,makassar gowa maros jaya,jl hertasning ix,7371031006,7371031,jl hertasning ix
2893748,sentradesain konsultan,jl hertasning barat 4 blok,7371031005,7371031,jl hertasning barat 4 blok
2893781,asa karya,jl komp griya minasa sari,7371031001,7371031,jl komp griya minasa sari
2894171,sulawesi graha sejahtera,jl pelita raya vi no 8 rt 000 rw 000 buakana,7371031008,7371031,jl pelita raya vi no 8 rt 000 rw 000 buakana
2894489,mitra makassar,buakana komp.palm crystal b/6,7371031008,7371031,buakana komp.palm crystal b/6
2895132,nayla cantika jaya,jl aroepala hertasning baru,7371031004,7371031,jl aroepala hertasning baru
2895885,puang salsavira,jl aroepala hertasning baru,7371031004,7371031,jl aroepala hertasning baru
2896570,sd berbantuan muhammadiyah rappocini,jl. rappocini raya,7371031009,7371031,jl. rappocini raya
2897313,balanipa property,jl minasa upa raya blok,7371031001,7371031,jl minasa upa raya blok
2897364,karaeng polongbangkeng,jl permata sari ps iv,7371031001,7371031,jl permata sari ps iv
2897620,delima,"jl rsi faisal xv no 31 r rt 006 rw 006, banta-bantaeng",7371031007,7371031,"jl rsi faisal xv no 31 r rt 006 rw 006, banta-bantaeng"
2897701,anak sehat makassar indonesia ( yasmin ),"jl.hertasning raya no.100, bonto makkio",7371031005,7371031,"jl.hertasning raya no.100, bonto makkio"
2901302,bumi griya mutiara,jl m. e saelan monumen mutiara town house,7371031001,7371031,jl m. e saelan monumen mutiara town house
2901427,celebes pratama konsultan,jl aroepala (halmin residence),7371031003,7371031,jl aroepala (halmin residence)
2902684,azardhan kamal,jalan tidung mariolo i/25 b,7371031006,7371031,jalan tidung mariolo i/25 b
2903427,dermah karya insani,jl talasalapang iv,7371031002,7371031,jl talasalapang iv
2904289,rudhio dwiputra,komplek regency jl pelita raya ii,7371031008,7371031,komplek regency jl pelita raya ii
2905507,pt. solusi aman pratama,jl. aroepala,7371031004,7371031,jl. aroepala
2905980,arya,komp kodam katangka,7371031001,7371031,komp kodam katangka
2906384,pusat pendidikan al-qur'an,jl tidung mariolo,7371031006,7371031,jl tidung mariolo
2906585,sarana usaha sejahtera insanpalapa,jl ap.pettarani,7371031001,7371031,jl ap.pettarani
2907535,madani jaya abadi,jl karunrung raya,7371031002,7371031,jl karunrung raya
2908080,kkg-ra kec.rappocini vii,btn minasa upa,7371031,7371031,btn minasa upa
2909536,nur rasuli,btn minasa upa blok n2,7371031001,7371031,btn minasa upa blok n2
2909573,karya bumi sulawesi,jalan jipang raya komp bumi palem,7371031001,7371031,jalan jipang raya komp bumi palem
2910511,raisa mineral indonesia,kompleks agraria blok a no.15,7371031002,7371031,kompleks agraria blok a no.15
2911054,surya mart,"jl.m.emmy saelan no.25a, gunung sari",7371031001,7371031,"jl.m.emmy saelan no.25a, gunung sari"
2911075,mina timur indonesia,"tamalte ii stp.i/jl.tidung vi stp.i no.17, mappala",7371031003,7371031,"tamalte ii stp.i/jl.tidung vi stp.i no.17, mappala"
2911952,distaka prima jaya,jl jipang raya iv,7371031002,7371031,jl jipang raya iv
2912238,ciputra victory mitra,jl a p pettarani,7371031008,7371031,jl a p pettarani
2913109,toys games indonesia,jl andi pangeran pettarani lantai 1,7371031006,7371031,jl andi pangeran pettarani lantai 1
2914893,karyacipta,bumi permata hijau lestari,7371031004,7371031,bumi permata hijau lestari
2916363,mandalika eru rindang,jl pelita raya kompleks btn timurama,7371031010,7371031,jl pelita raya kompleks btn timurama
2916618,jaz global,jl hertasning baru komp. anging mammiri residence,7371031002,7371031,jl hertasning baru komp. anging mammiri residence
2916917,asmi mandiri sejahtera,jl. minasa karya,7371031002,7371031,jl. minasa karya
2922219,berkat menara inti,mongisidi baru komp puri mutiara,7371031009,7371031,mongisidi baru komp puri mutiara
2922652,marannu megah cosmetik,"palm raya, permata hijau",7371031004,7371031,"palm raya, permata hijau"
2923496,vertikal horizon engineering,jl komp p&k,7371031001,7371031,jl komp p&k
2924143,ws nusantara,"jl hertasning v no 11 rt 003 rw 006, tidung",7371031006,7371031,"jl hertasning v no 11 rt 003 rw 006, tidung"
2925347,tri lingkar perkasa,"jl skarda n m permai blok x/1 rt 009 rw 019, gunung sari",7371031001,7371031,"jl skarda n m permai blok x/1 rt 009 rw 019, gunung sari"
2926729,rezpa consultant,jl permata hijau lestari,7371031004,7371031,jl permata hijau lestari
2926780,nifira wahana injineering,jl. hertasning viii,7371031006,7371031,jl. hertasning viii
2926861,multi sarana indotani,jl bontolanra,7371031007,7371031,jl bontolanra
2927116,point plan engineering,jl bontotangnga,7371031002,7371031,jl bontotangnga
2928196,ikatan sarjana asal sidrap,tun abdul razak (hertasning baru) makassar,7371031009,7371031,tun abdul razak (hertasning baru) makassar
2928249,tanindo intertraco,jl bonto lanra,7371031007,7371031,jl bonto lanra
2929254,pupuk kalimantan timur,"jl.ap.pettarani komp.gedung pusri, bira",7371031008,7371031,"jl.ap.pettarani komp.gedung pusri, bira"
2929309,tk rahmah,jl ap pettarani komp pemda,7371031006,7371031,jl ap pettarani komp pemda
2929489,kita indonesia project,komp btn minasa upa,7371031,7371031,komp btn minasa upa
2930087,katana global indonesia,jalan pendidikan kompleks griya ayu mas blk a/10,7371031006,7371031,jalan pendidikan kompleks griya ayu mas blk a/10
2930558,arya sejahtera,"jl.tidung iv blok 16 stp.x no.115 rt.001 rw.004, bonto makkio",7371031005,7371031,"jl.tidung iv blok 16 stp.x no.115 rt.001 rw.004, bonto makkio"
2930776,poleboja karya perdana,jl mappala ii,7371031006,7371031,jl mappala ii
2931430,kelompok pemuda kreatif malabbiri,minasa upa,7371031,7371031,minasa upa
2931491,citra kapalo,komp. skarda,7371031001,7371031,komp. skarda
2931559,bizkid indonesia,jl tidung 7 stp 10,7371031003,7371031,jl tidung 7 stp 10
2931968,yotta berkah mulia,jl tamalate 1,7371031005,7371031,jl tamalate 1
2932743,cv. azka nadhifah laboratorium,wijaya kusuma raya,7371031007,7371031,wijaya kusuma raya
2933899,hubario,"jl talasalapang 2, perum mangasa village",7371031001,7371031,"jl talasalapang 2, perum mangasa village"
2934023,tatap kreatif indonesia,jl. jipang raya,7371031002,7371031,jl. jipang raya
2936017,forum sipakatau berbagi,buakana,7371031008,7371031,buakana
2936273,paud babul jannah,jl rappocini raya lr 3,7371031009,7371031,jl rappocini raya lr 3
2936348,tiga sahabat berjaya,jl. yusuf dg ngawing,7371031006,7371031,jl. yusuf dg ngawing
2936426,visual enterpreneur development,btn minasa upa,7371031001,7371031,btn minasa upa
2936770,virsanindo arung mandiri,jl hertasning komp griya blok,7371031005,7371031,jl hertasning komp griya blok
2937226,negara hukum associates,borong indah 10,7371031004,7371031,borong indah 10
2938926,fitra mandiri persada,banta bantaeng,7371031007,7371031,banta bantaeng
2939412,lembaga peduli masyarakat siammasei makassar,btn minasa upa blok,7371031001,7371031,btn minasa upa blok
2940743,mhi istiqomah putra,jl skarda n 2,7371031001,7371031,jl skarda n 2
2941209,putra timur gemilang,jl ap pettarani komp ruko bisnis centre,7371031008,7371031,jl ap pettarani komp ruko bisnis centre
2942026,semento pratama,jl ap pettarani,7371031007,7371031,jl ap pettarani
2943464,sahara engineering,jl monumen emmy saelan kompleks p & k,7371031001,7371031,jl monumen emmy saelan kompleks p & k
2943866,ciptakarya mandiri indonesia,jl talasalapang komp graha asri,7371031001,7371031,jl talasalapang komp graha asri
2944059,azka bangun rancana,jl monumen emmy saelan iii,7371031006,7371031,jl monumen emmy saelan iii
2944183,mitra mandiri usaha,btn minasa upa blok,7371031001,7371031,btn minasa upa blok
2944846,sainab tour and travel,komp permata sari ruko 12,7371031001,7371031,komp permata sari ruko 12
2945365,lembaga fasco indonesia,komp btn minasa upa,7371031002,7371031,komp btn minasa upa
2945502,arkhaer bahtera mobilindo,jl aroepala komp harmoni,7371031003,7371031,jl aroepala komp harmoni
2945716,hexa mulia cendekia,jl rs faisal perkantoran,7371031007,7371031,jl rs faisal perkantoran
2945806,ari ciputra,jl pakis,7371031004,7371031,jl pakis
2946450,djalaluddin mulbar,"jl.tamalate 2 blok 9 no.88 rt.001 rw.011, mappala",7371031003,7371031,"jl.tamalate 2 blok 9 no.88 rt.001 rw.011, mappala"
2946590,law firm abdul muttalib and partners,jl landak baru lr 7,7371031007,7371031,jl landak baru lr 7
2947310,kinanti,"komp pu jeneberang jl.sungai jenelata 3, rt. 001 rw 005, karunrung",7371031002,7371031,"komp pu jeneberang jl.sungai jenelata 3, rt. 001 rw 005, karunrung"
2947472,fikran,"jl.toddopuli vi borong indah no.7, kassi-kassi",7371031004,7371031,"jl.toddopuli vi borong indah no.7, kassi-kassi"
2947710,patani indonesia,jl pelita v,7371031008,7371031,jl pelita v
2947934,media pustaka,jl rs faisal xii,7371031007,7371031,jl rs faisal xii
2948450,arthaasia finance,jl sultan alauddin ruko alauddin plaza ba 20,7371031001,7371031,jl sultan alauddin ruko alauddin plaza ba 20
2948491,isyana karya gemilang,jl hertasning barat ii komplek gpi,7371031005,7371031,jl hertasning barat ii komplek gpi
2949141,aganta,btn minasa upa,7371031,7371031,btn minasa upa
2950741,resota,jl hertasning blok e16,7371031006,7371031,jl hertasning blok e16
2950838,aurama karya konsultan,jl komp. permata hijau permai,7371031004,7371031,jl komp. permata hijau permai
2951209,cv. adhiputeri,jalan raya pendidikan komp. royal,7371031006,7371031,jalan raya pendidikan komp. royal
2951918,guci emas pratama,jl tamalate vii,7371031003,7371031,jl tamalate vii
2952880,poros trinergi teknik,ruko zamrud,7371031008,7371031,ruko zamrud
2953063,karya 21,"jl rappocini raya 5 no 8 rt 005 rw 001, rappocini",7371031009,7371031,"jl rappocini raya 5 no 8 rt 005 rw 001, rappocini"
2953268,dua april,jl hertasning vi,7371031006,7371031,jl hertasning vi
2954458,sanjaya pratama,jl mon emmy saelan lr 5,7371031006,7371031,jl mon emmy saelan lr 5
2954799,titanium mandiri sejahtera,"jl tidung viii stp 7 no 54 rt 002 rw 008, mappala",7371031003,7371031,"jl tidung viii stp 7 no 54 rt 002 rw 008, mappala"
2955601,murni abadi jaya,jl rsi faisal raya 1,7371031007,7371031,jl rsi faisal raya 1
2955991,anfi maju bersama,jl tidung 8 stp 2,7371031003,7371031,jl tidung 8 stp 2
2956545,energi kreativitas rakyat indonesia,jalan nikel 1 blok a - 22 nomor 26 a,7371031010,7371031,jalan nikel 1 blok a - 22 nomor 26 a
2957079,purnamuda mandiri,jl toddopuli 1 stp 5,7371031004,7371031,jl toddopuli 1 stp 5
2958416,hidayah anugerah,jl monumen emmy saelan iii komp griya mulya asri ruko blok,7371031002,7371031,jl monumen emmy saelan iii komp griya mulya asri ruko blok
2958627,purita laksana,jl. cilallang jaya,7371031008,7371031,jl. cilallang jaya
2958969,surveyor indonesia (persero),jl hertasning raya komplek palm mas,7371031008,7371031,jl hertasning raya komplek palm mas
2959913,persada pratama,"jl raya pendidikan blok g3/17c rt.003 rw.004, tidung",7371031006,7371031,"jl raya pendidikan blok g3/17c rt.003 rw.004, tidung"
2960641,yusril mandiri jaya,jl toddopuli 6 puri taman sari,7371031004,7371031,jl toddopuli 6 puri taman sari
2960682,dian tiara lestari,"jl.tamalate vi stp.5 no.317 rt.005 rw.003, kassi-kassi",7371031004,7371031,"jl.tamalate vi stp.5 no.317 rt.005 rw.003, kassi-kassi"
2960754,triska widya tama,"jl.perum puri taman sari blok e.1/1 rt.005 rw.012, kassi-kassi",7371031004,7371031,"jl.perum puri taman sari blok e.1/1 rt.005 rw.012, kassi-kassi"
2960806,karya mandiri,jl hertasning baru perum goseng indah,7371031001,7371031,jl hertasning baru perum goseng indah
2961695,widyah mitra konsultan,"jl.bung no.7/9, tamalanrea jaya",7371031006,7371031,"jl.bung no.7/9, tamalanrea jaya"
2961817,karya aqila utama,jl buakana raya,7371031008,7371031,jl buakana raya
2961895,asia power enjiniiring,jl ap pettarani,7371031006,7371031,jl ap pettarani
2962629,hamdana sukses sejati,btn minasa upa,7371031001,7371031,btn minasa upa
2962868,az-zahra raja renoy,jl tidung 7,7371031003,7371031,jl tidung 7
2963690,menara gunung sari,jl monginsidi baru,7371031010,7371031,jl monginsidi baru
2963720,mhi,jl. skarda n2,7371031001,7371031,jl. skarda n2
2964007,razvan bangunindo,jl hertasning barat 2 komp griya panakkukang ndah,7371031005,7371031,jl hertasning barat 2 komp griya panakkukang ndah
2964214,dwi mandiri sejahtera,jl rsi faisal viii,7371031007,7371031,jl rsi faisal viii
2964541,andhika putra,komp ikip,7371031006,7371031,komp ikip
2964623,saka javindo,"jl.rsi faisal xiv no.23a, banta-bantaeng",7371031007,7371031,"jl.rsi faisal xiv no.23a, banta-bantaeng"
2964785,putra rahim,btn minasa upa blok,7371031001,7371031,btn minasa upa blok
2967606,tonggak sanitasi indonesia,komplek btn minasa upa,7371031001,7371031,komplek btn minasa upa
2968019,karya teduh bersinar,jl teduh bersinar lagoosi home,7371031001,7371031,jl teduh bersinar lagoosi home
2969285,amirah utama,jl wijaya kusuma i,7371031007,7371031,jl wijaya kusuma i
2969459,multi jaya ainun,jl.wijaya kusuma kompleks kesehatan banta bantaeng,7371031007,7371031,jl.wijaya kusuma kompleks kesehatan banta bantaeng
2969812,martin potaru tech,"btn minasa upa blok g 3 nmr 19, kel. minasa upa, kec. rappocini",7371031005,7371031,"btn minasa upa blok g 3 nmr 19, kel. minasa upa, kec. rappocini"
2970349,raka,jl hertasning baru komp pdgi,7371031,7371031,jl hertasning baru komp pdgi
2970697,andalan arthalestari,jl a.p.pettarani,7371031006,7371031,jl a.p.pettarani
2971025,berkah dodi jaya,jl. tidung 9 no. 106,7371031003,7371031,jl. tidung 9 no. 106
2973468,bumi rezkita,jl sultan alauddin bph bumi 19,7371031001,7371031,jl sultan alauddin bph bumi 19
2973693,puncak gunung berlian,jl jipang raya ruko villa mega sari,7371031002,7371031,jl jipang raya ruko villa mega sari
2973759,cahaya print,jl sungai saddang baru lr 10,7371031010,7371031,jl sungai saddang baru lr 10
2974312,kaisar grup,jl minasa upa,7371031001,7371031,jl minasa upa
2975504,sulawesi mitra mandiri,jl jipang raya villa megasari blok,7371031001,7371031,jl jipang raya villa megasari blok
2975602,famcom abadi,jl jipang raya komp villa megasari,7371031001,7371031,jl jipang raya komp villa megasari
2975787,graha andhika pratama,jl rs islam faisal 5,7371031007,7371031,jl rs islam faisal 5
2976995,lestari jaya,jl.tamalate i,7371031004,7371031,jl.tamalate i
2979010,sebelas digit indonesia,jl andi djemma,7371031007,7371031,jl andi djemma
2979585,baiduri inti sejahtera,jl bumi 15 blok,7371031001,7371031,jl bumi 15 blok
2981577,pt. xclusive desain konsultan,kompleks permata hijau permai blok b12,7371031004,7371031,kompleks permata hijau permai blok b12
2981764,kumala sukses cemerlang,jl. a. p. pettarani kav. e18 no. 12,7371031006,7371031,jl. a. p. pettarani kav. e18 no. 12
2982632,noris rinra,jl tamalate iv,7371031004,7371031,jl tamalate iv
2984784,multi adi perkasa,jl sultan alauddin lr. al-azhar i,7371031001,7371031,jl sultan alauddin lr. al-azhar i
2986975,kenanga indah,jl aroepala/hertasning baru,7371031004,7371031,jl aroepala/hertasning baru
2986996,surya putra,jl toddopuli i setapak 1,7371031004,7371031,jl toddopuli i setapak 1
2987890,putra jaya mandiri,jl pandan,7371031004,7371031,jl pandan
2988566,cv. andidi bagus,karaeng bontotangnga,7371031002,7371031,karaeng bontotangnga
2988771,radjia lasinrang,jl. aroe pala komp. permata hijau lestari,7371031004,7371031,jl. aroe pala komp. permata hijau lestari
2989001,a tiga konsultan rumah sakit,pendidikan 3 komp. unm,7371031006,7371031,pendidikan 3 komp. unm
2989138,umkm sipakammase,btn minasa upa,7371031,7371031,btn minasa upa
2990394,muthia construksi,jl perumahan btn minasa upa,7371031001,7371031,jl perumahan btn minasa upa
2991024,surya kencana bimasakti,jl syech yusuf komp kodam katangka lr 2,7371031,7371031,jl syech yusuf komp kodam katangka lr 2
2992023,cv. putri jaya selatan,jl. aroepala kompleks php,7371031004,7371031,jl. aroepala kompleks php
2992881,abadi gowa perkasa,jl talasalapang,7371031002,7371031,jl talasalapang
2992887,ishadi multi sarana,"jl.asoka no.158 rt.001 rw.009, kassi-kassi",7371031004,7371031,"jl.asoka no.158 rt.001 rw.009, kassi-kassi"
2993042,abitama karya konsultan,jl aroepala komp permata hijau permai blok,7371031004,7371031,jl aroepala komp permata hijau permai blok
2993197,mustika jaya,"komplek p&k blok n1/5 rt.006 rw.015, gunung sari",7371031001,7371031,"komplek p&k blok n1/5 rt.006 rw.015, gunung sari"
2993329,kurnia apik mandiri,jl. pelita vi,7371031008,7371031,jl. pelita vi
2993476,anugerah tehnik mandiri,jl. landak baru,7371031007,7371031,jl. landak baru
2993754,trasindo internusa,komp anging mamiri residence,7371031002,7371031,komp anging mamiri residence
2994186,sany sejahtera,jl talasalapang,7371031001,7371031,jl talasalapang
2994464,pelita sejahtera,jl pelita raya blok,7371031010,7371031,jl pelita raya blok
2994851,mac (mappangaja architect consultant),jl mappala raya,7371031006,7371031,jl mappala raya
2995180,lanish rizki,jl rsi faisal iv,7371031007,7371031,jl rsi faisal iv
2996166,phinisi multi persada,jl pengayoman komp permata sari,7371031008,7371031,jl pengayoman komp permata sari
2997122,putra jongaya,jl bumi 22 komp bumi permata hijau blok,7371031001,7371031,jl bumi 22 komp bumi permata hijau blok
2997474,mahkota timur indonesia,jalan mapala raya nomor e29,7371031003,7371031,jalan mapala raya nomor e29
2997907,firma kjskb h. arman hasanuddin dan rekan,jl. rsi faisal perum phinisi residence,7371031007,7371031,jl. rsi faisal perum phinisi residence
2998401,lembaga pendidikan anak usia dini (lpaud),"jl tamalate iii stp 49 (pos posyandu) rt.00b rw.003, mappala",7371031003,7371031,"jl tamalate iii stp 49 (pos posyandu) rt.00b rw.003, mappala"
2998436,maharani pratama,jl btn minasa upa,7371031001,7371031,jl btn minasa upa
2998907,segitiga permata,jl skarda n,7371031001,7371031,jl skarda n
2999235,inna rivano,raya pendidikan komp. unm,7371031006,7371031,raya pendidikan komp. unm
2999247,panrita karya,ballaparang iii makassar,7371031010,7371031,ballaparang iii makassar
2999262,dwi daya insan,jl hertasning baru (aroepala) komp phl blok,7371031004,7371031,jl hertasning baru (aroepala) komp phl blok
2999647,bintang tujuh,jl toddopuli 1 stp 1,7371031004,7371031,jl toddopuli 1 stp 1
2999730,tilsy,jl hertasning vi blok,7371031006,7371031,jl hertasning vi blok
3000304,tiga sembilan,jl raya pendidikan komp unm,7371031006,7371031,jl raya pendidikan komp unm
3000525,pusat penelitian dan pemberdayaan perempuan,"kampus univ.negeri makassar gunungsari baru, mappala",7371031003,7371031,"kampus univ.negeri makassar gunungsari baru, mappala"
3000588,aplikanusa lintasarta,jl raya pendidikan,7371031006,7371031,jl raya pendidikan
3001271,abimantrana brayat gemilang,jl raya pendidikan perum royal town house,7371031006,7371031,jl raya pendidikan perum royal town house
3001911,mutiara sittah,jl rappocini raya,7371031009,7371031,jl rappocini raya
3002283,alya mandiri,"jl.tamalate ii no.89/77 rt.000 rw.000, kassi-kassi",7371031004,7371031,"jl.tamalate ii no.89/77 rt.000 rw.000, kassi-kassi"
3003427,karaeng panritaya,jl tamalate ix,7371031004,7371031,jl tamalate ix
3003883,dampang toraya,komp btn minasa upa blok,7371031002,7371031,komp btn minasa upa blok
3004135,fasara alam rejeki,jl yusuf dg ngawi,7371031006,7371031,jl yusuf dg ngawi
3004162,lembaga pengembangan ekonomi pasar tradisional,"perum taman jasmine jl hertasning baru  blok a2/1, mappala",7371031003,7371031,"perum taman jasmine jl hertasning baru  blok a2/1, mappala"
3004285,samalona mitra sejahtera,jalan andi djemma nomor 11-a,7371031007,7371031,jalan andi djemma nomor 11-a
3004740,muzammar,jl rappocini raya,7371031008,7371031,jl rappocini raya
3004999,surya eka cipta,jl raya pendidikan a2 rt 003 rw 004,7371031003,7371031,jl raya pendidikan a2 rt 003 rw 004
3005930,saudagar bugis bone,jl bumi 5,7371031001,7371031,jl bumi 5
3006208,tk khalifah 47,jl talasalapang ii komp pemda,7371031001,7371031,jl talasalapang ii komp pemda
3006713,putra pratama,"jl.a.p pettarani blok f8/14, buakana",7371031008,7371031,"jl.a.p pettarani blok f8/14, buakana"
3006753,pelita star mandiri,jl pelita raya,7371031008,7371031,jl pelita raya
3006979,anika trijaya realty,"jl komplek makassar town house kav 28, tidung",7371031006,7371031,"jl komplek makassar town house kav 28, tidung"
3007487,panca ulu mandiri ati,jl sungai saddang baru,7371031010,7371031,jl sungai saddang baru
3007492,malis,jalan pelita raya ii kompleks regency,7371031008,7371031,jalan pelita raya ii kompleks regency
3008781,mitra sulawesi,jl andi djemma,7371031007,7371031,jl andi djemma
3009085,coordinate sembilan consultant,jl kelapa dua,7371031010,7371031,jl kelapa dua
3010129,abdiel,jl mahoni,7371031004,7371031,jl mahoni
3010230,treemas sukses bersama,jl hertasning vii blok,7371031006,7371031,jl hertasning vii blok
3010303,zafran mulya,btn minasa upa blok,7371031001,7371031,btn minasa upa blok
3010507,pratama sulawesi jaya,jl rsi faisal 14 lr,7371031007,7371031,jl rsi faisal 14 lr
3010976,axel sipil perkasa jaya,jl rappocini raya lr 5 c,7371031009,7371031,jl rappocini raya lr 5 c
3011030,alief karya tehnik,jl kr bontotangnga i,7371031002,7371031,jl kr bontotangnga i
3011088,wisama cahaya rezky,jl karunrung raya,7371031002,7371031,jl karunrung raya
3011288,laba tappa jayaraya,jl bonto mene i/28,7371031007,7371031,jl bonto mene i/28
3011297,karampuang jaya utama,jl jipang raya,7371031001,7371031,jl jipang raya
3011660,anugerah dewa utama,jl monumen emmy saelan iii,7371031002,7371031,jl monumen emmy saelan iii
3013181,ari anugrah,jl mappala,7371031006,7371031,jl mappala
3013348,zafa karya mandiri,jl talasalapang,7371031001,7371031,jl talasalapang
3013531,intim jaya konstruksi,jl raya pendidikan komplek unm,7371031006,7371031,jl raya pendidikan komplek unm
3013728,"pt haka utama dan pt malista konstruksi, kso","jl ap pettarani new zamrud blok a/23 rt 002 rw 003, buakana",7371031008,7371031,"jl ap pettarani new zamrud blok a/23 rt 002 rw 003, buakana"
3014563,pt. makmur jaya emulsi & pt. putra jaya,jl. raya pendidikan kom balla panakukang,7371031006,7371031,jl. raya pendidikan kom balla panakukang
3015597,surya abadi sukses,jl letnan hertasning,7371031006,7371031,jl letnan hertasning
3015750,tola plan consultant,jl. karunrung raya ii,7371031002,7371031,jl. karunrung raya ii
3015792,mitra solusi persada,jl pelita raya a 5,7371031008,7371031,jl pelita raya a 5
3017400,industri jaya bersama,rappocini raya,7371031008,7371031,rappocini raya
3017966,rekayasa jasa konstruksi,sultan aluddin,7371031001,7371031,sultan aluddin
3019365,kartika cipta mandiri,jl jipang raya komp ruko jipang,7371031002,7371031,jl jipang raya komp ruko jipang
3019485,arta pratiwi jaya,jl tamalate i,7371031004,7371031,jl tamalate i
3020433,oceana jayamahe konsultan,komp kodam katangka,7371031001,7371031,komp kodam katangka
3020488,akses media rezky,jl landak baru,7371031007,7371031,jl landak baru
3020813,aqilah perdana,jl btn minasa upa,7371031,7371031,jl btn minasa upa
3020817,general konsultan,jl minasa upa btn minasa upa,7371031001,7371031,jl minasa upa btn minasa upa
3020920,ganteng ganteng sekopang,wijaya kusuma raya no. 8,7371031007,7371031,wijaya kusuma raya no. 8
3021308,durasi global,"jl.landak baru no.112 j makassar, banta-bantaeng",7371031007,7371031,"jl.landak baru no.112 j makassar, banta-bantaeng"
3021387,mawaddah,"jl makkio baji no 3 rt 004 rw 003, tidung",7371031006,7371031,"jl makkio baji no 3 rt 004 rw 003, tidung"
3021795,arta amar mandiri,jl kompleks btn minasa upa,7371031002,7371031,jl kompleks btn minasa upa
3022442,azzam meufa utama,komp permata hijau permai blok,7371031004,7371031,komp permata hijau permai blok
3022757,kin media production,jl monumen emmy saelan iii blok,7371031006,7371031,jl monumen emmy saelan iii blok
3022902,rizqi advertising,komp. bumi permata hijau bph plaza,7371031002,7371031,komp. bumi permata hijau bph plaza
3023195,lembaga ciptakarya mandiri indonesia,jl. komp. emmy saelan perumahan graha hasirah permai blok i/5,7371031005,7371031,jl. komp. emmy saelan perumahan graha hasirah permai blok i/5
3023443,guna karya,jl. pelita raya,7371031010,7371031,jl. pelita raya
3025835,erando,jl tamalate,7371031004,7371031,jl tamalate
3025895,tiga rajawali perkasa,jl talasalapang komp ruko store talasalapang,7371031002,7371031,jl talasalapang komp ruko store talasalapang
3027009,mandiri land konstruksi,jl pelita raya,7371031008,7371031,jl pelita raya
3027051,rohadi ilham putra,jl monumen emmy saelan,7371031006,7371031,jl monumen emmy saelan
3027413,almira sukses sejati,"jl.tidung 8 no.185 rt.000 rw.000, tidung",7371031003,7371031,"jl.tidung 8 no.185 rt.000 rw.000, tidung"
3027473,am tri,jl toddopuli puri taman sari blok,7371031004,7371031,jl toddopuli puri taman sari blok
3028678,varash mulia nusantara,jl tidung 6 stp 11,7371031003,7371031,jl tidung 6 stp 11
3030541,anindya putri,"jl tamalate 4 stp 21 no 151 rt 004 rw 001, kassi-kassi",7371031004,7371031,"jl tamalate 4 stp 21 no 151 rt 004 rw 001, kassi-kassi"
3031009,"kantor jasa penilai publik guntur, eki, andri dan rekan",jl raya pendidikan 1 blok,7371031006,7371031,jl raya pendidikan 1 blok
3032324,putra mandiri sakti,jl cilallang jaya 7,7371031008,7371031,jl cilallang jaya 7
3032809,karya balanipa pratama,jl btn minasa upa,7371031,7371031,jl btn minasa upa
3032890,sangga pilar utama,jl ap pettarani ruko pettarani centre,7371031008,7371031,jl ap pettarani ruko pettarani centre
3032894,karya arnia mandiri,jl btn minasa upa,7371031,7371031,jl btn minasa upa
3033408,anuta pura konsultan,jl tidung 9 perum citra tidung regency,7371031002,7371031,jl tidung 9 perum citra tidung regency
3033459,batari anugrah sejahtera,jl hertasning baru perum anging mammiri,7371031002,7371031,jl hertasning baru perum anging mammiri
3033504,lubuk kapundung sejahtera,btn minasa upa blok l.13,7371031001,7371031,btn minasa upa blok l.13
3034337,ika pele'en abadi,jl letjen hertasning gedung pt pln (persero),7371031006,7371031,jl letjen hertasning gedung pt pln (persero)
3034439,bengkelpedia group,jl tamalate i stp 36,7371031003,7371031,jl tamalate i stp 36
3034602,kesuma jaya,jl rappocini raya lr 7a,7371031009,7371031,jl rappocini raya lr 7a
3034612,tirta mahardhika utama,jl pelita raya kompleks btn timurama,7371031010,7371031,jl pelita raya kompleks btn timurama
3034619,mudika mandiri karya,kompleks btn mangasa permai,7371031001,7371031,kompleks btn mangasa permai
3035249,cuatro mineral tama,"jalan andi pettarani, ruko bussiness centre blok e nomor 3-5",7371031006,7371031,"jalan andi pettarani, ruko bussiness centre blok e nomor 3-5"
3035801,alam nusantara maminasata,jl aroepala,7371031,7371031,jl aroepala
3036626,lapatau manai mandiri,jl aroepala komp pdgi,7371031001,7371031,jl aroepala komp pdgi
3036648,"pratama - takabea, kso",jl karaeng bonto tangnga 2,7371031002,7371031,jl karaeng bonto tangnga 2
3038778,makassar indo pratama,jl komplek chrysant,7371031008,7371031,jl komplek chrysant
3039431,adytia pratama,btn minasa upa blok c1/14 rt 000 rw 000 karunrung,7371031002,7371031,btn minasa upa blok c1/14 rt 000 rw 000 karunrung
3039990,samrani,jl talasalapang ii,7371031001,7371031,jl talasalapang ii
3040037,markaz bilquran ihtada,btn minasa upa,7371031,7371031,btn minasa upa
3040350,alief mandiri,komp puri taman sari,7371031004,7371031,komp puri taman sari
3040744,innaldy,"jl.puri taman sari blok b.3 no.5, kassi-kassi",7371031004,7371031,"jl.puri taman sari blok b.3 no.5, kassi-kassi"
3041821,citra nisha lestari,jl hertasning i,7371031006,7371031,jl hertasning i
3042266,fitra utama,btn mangasa permai,7371031001,7371031,btn mangasa permai
3042293,kelapa mas abadi,minasa sari salekoa raya,7371031,7371031,minasa sari salekoa raya
3042808,alam sejahtera,komp permata hijau lestari blok,7371031004,7371031,komp permata hijau lestari blok
3042999,ghaisan mulia utama,jl pelita raya 6,7371031008,7371031,jl pelita raya 6
3043007,archimart,btn minasa upa,7371031,7371031,btn minasa upa
3043113,beston bumi celebes,jl pelita raya,7371031010,7371031,jl pelita raya
3044238,mitra pradapa sejahtera,jl bumi 8 komp bumi permata hijau,7371031001,7371031,jl bumi 8 komp bumi permata hijau
3044536,platform propertindo,jl btn agraria,7371031002,7371031,jl btn agraria
3045279,kantor jasa penilai publik iki paseru dan rekan,jl timah 1,7371031010,7371031,jl timah 1
3045282,mitra konsultan,jl landak baru,7371031007,7371031,jl landak baru
3046599,asah gemilang esamandiri,jl pelita raya vi,7371031008,7371031,jl pelita raya vi
3046660,esa mahkota abadi,jl pelita raya 5,7371031008,7371031,jl pelita raya 5
3047188,equalita,jl raya pendidikan,7371031006,7371031,jl raya pendidikan
3048294,marannu,jl rsi faisal xvii lr.1,7371031004,7371031,jl rsi faisal xvii lr.1
3048469,"pt millenium persada-pt alam lintas indonesia, kso",jl skarda n komp mangasa permai,7371031001,7371031,jl skarda n komp mangasa permai
3048685,remaja insan mandiri,jl mappala,7371031006,7371031,jl mappala
3049914,multi alda persada,jl btn minasa upa,7371031001,7371031,jl btn minasa upa
3050011,"wijaya karya semest - dua delapan propertindo, kso",jl timah 2,7371031010,7371031,jl timah 2
3053191,rahayu transport indonesia,jl btn minasa upa,7371031,7371031,jl btn minasa upa
3054172,tirta adhi raya,jl aroepala komp php,7371031004,7371031,jl aroepala komp php
3054679,ashri development,"komplek permata hijau permai blok n 2 no 8 c, kassi-kassi",7371031004,7371031,"komplek permata hijau permai blok n 2 no 8 c, kassi-kassi"
3055731,sam smartindo,"jl.hertasning raya no.71 rt.005 rw.003, bonto makkio",7371031005,7371031,"jl.hertasning raya no.71 rt.005 rw.003, bonto makkio"
3056435,abidah karya,jl jipang raya lr.2 a,7371031002,7371031,jl jipang raya lr.2 a
3056770,inti rezki utama,jl sultan alauddin lr.3,7371031001,7371031,jl sultan alauddin lr.3
3056826,"muhammad imran, s.pd",jl. rappocini raya no. 223 makassar,7371031009,7371031,jl. rappocini raya no. 223 makassar
3056859,khalifah mandiri,jl timah 5,7371031010,7371031,jl timah 5
3056928,issu medika veterindo,jl aroepala perum phl p11,7371031004,7371031,jl aroepala perum phl p11
3058046,cv. andalan berkah cemerlang,andi djemma,7371031007,7371031,andi djemma
3058811,trindo telecom,ruko hertasning baru (aroepala),7371031003,7371031,ruko hertasning baru (aroepala)
3059147,mitra bahari,"jl.mapala blok e 29/22, tidung",7371031006,7371031,"jl.mapala blok e 29/22, tidung"
3059481,mandala multifinance tbk.,jl pelita raya blok,7371031010,7371031,jl pelita raya blok
3059934,cv. megah berlian,btn minasa upa,7371031002,7371031,btn minasa upa
3060623,litaay jaya energi,btn minasa upa,7371031002,7371031,btn minasa upa
3060824,etania ekakarsa mulia,jl kompleks puri taman sari,7371031004,7371031,jl kompleks puri taman sari
3060967,persaudaraan berkah sejahtera,perumahan btn minasa upa,7371031001,7371031,perumahan btn minasa upa
3061526,atrindo utama,jl rsi faisal,7371031007,7371031,jl rsi faisal
3061531,budi utama mahakarya,jl tamalate 3 stp 32,7371031003,7371031,jl tamalate 3 stp 32
3061732,pelita raya,"jl.sungai saddang baru lr.mu'min ii no.3 rt.004/rw.002, balla parang",7371031010,7371031,"jl.sungai saddang baru lr.mu'min ii no.3 rt.004/rw.002, balla parang"
3062363,jo pt adhi karya (persero) tbk-pt mega benteng utama,jl letjen hertasning blok,7371031004,7371031,jl letjen hertasning blok
3064880,kencana sukses jaya,komp perumahan permata hijau blok b,7371031004,7371031,komp perumahan permata hijau blok b
3065409,utama gemilang,"jl.tidung vii stp 9 blok 12 no.159 rt.02 rw.07, mappala",7371031003,7371031,"jl.tidung vii stp 9 blok 12 no.159 rt.02 rw.07, mappala"
3065477,menara unggul sulawesi,"jl.asoka no.158, kassi-kassi",7371031004,7371031,"jl.asoka no.158, kassi-kassi"
3065647,"pt.adhi karya-pt.passokorang-pt.bangun cipta, kso","hertasning b.ii nomor 02, kassi-kassi",7371031004,7371031,"hertasning b.ii nomor 02, kassi-kassi"
3065895,bintan pesona wisata indonsia,jl raya pendidikan,7371031006,7371031,jl raya pendidikan
3066095,sinar indonesia hotel,jl ap pettarani,7371031008,7371031,jl ap pettarani
3067081,wana satria komputindo,jalan tamalate ii,7371031004,7371031,jalan tamalate ii
3067640,mitra bosi indonesia,komplek taman permata sari jl pengayoman,7371031008,7371031,komplek taman permata sari jl pengayoman
3068498,asuransi tokio marine indonesia,jl ap pettarani ruko bisnis centre no. 18,7371031006,7371031,jl ap pettarani ruko bisnis centre no. 18
3068635,bpjs kesehatan,jl boulevard jasfer ii,7371031010,7371031,jl boulevard jasfer ii
3068874,cv. langit biru tanete,btn agraria jl. monumen emmy saelan iii,7371031002,7371031,btn agraria jl. monumen emmy saelan iii
3069473,amanah logistik perkasa,jl makkio baji komplek makkio baji,7371031006,7371031,jl makkio baji komplek makkio baji
3069822,ballalompoa mandiri sejahtera,jl pelita raya (hotel maleo),7371031008,7371031,jl pelita raya (hotel maleo)
3069926,anter ikan indonesia,"hertasning baru, halmin residence",7371031003,7371031,"hertasning baru, halmin residence"
3070656,satria buana semesta,"jl. urip sumoharjo 239, karuwisi",7371031001,7371031,"jl. urip sumoharjo 239, karuwisi"
3071014,pesona natasha gemilang,jl hertasning raya,7371031006,7371031,jl hertasning raya
3072214,qonita mandiri batara,jl syech yusuf komp villa megasari b1,7371031001,7371031,jl syech yusuf komp villa megasari b1
3072494,rantin berdiri,komp perumahan jipang permai,7371031002,7371031,komp perumahan jipang permai
3072593,dwiputra wahana nugraha,jl bontolangkasa i,7371031007,7371031,jl bontolangkasa i
3072628,ridha mandiri,"jl nipah no 57 rt.004 rw.009, kassi-kassi",7371031004,7371031,"jl nipah no 57 rt.004 rw.009, kassi-kassi"
3075059,bosowa multi finance,jl ap. pettarani bcd,7371031008,7371031,jl ap. pettarani bcd
3075686,trimegah anugrah utama,jl mappala iv blok,7371031006,7371031,jl mappala iv blok
3076170,surya citra mentari,jalan monumen emmy saelan no. 25 b,7371031001,7371031,jalan monumen emmy saelan no. 25 b
3077001,mutiara mas,"jl.tidung mariolo no.8e, tidung",7371031006,7371031,"jl.tidung mariolo no.8e, tidung"
3077552,alam putra,"jl.mappala e.28/14, tidung",7371031006,7371031,"jl.mappala e.28/14, tidung"
3077582,delta nusantara,komplek pemda blok e28/9 jl ap pettarani rt.004 rw.005 tidung,7371031006,7371031,komplek pemda blok e28/9 jl ap pettarani rt.004 rw.005 tidung
3077680,empat bersaudara,jl landak baru,7371031007,7371031,jl landak baru
3077881,amera pesona karya,jl. talasalapang 1 no. 17,7371031001,7371031,jl. talasalapang 1 no. 17
3077983,cv.putra nakama strukturindo,hertasning komp.griya panakkukang indah,7371031005,7371031,hertasning komp.griya panakkukang indah
3078432,gemala artha graha,jl landak baru,7371031007,7371031,jl landak baru
3078455,ramedo wisata hotelindo,jl landak baru,7371031007,7371031,jl landak baru
3079239,cherubim jaya,jl  talasalapang kompleks bph plaza,7371031002,7371031,jl  talasalapang kompleks bph plaza
3079339,dr technocom,"jl tamalate i no 25a rt 006 rw 001, kassi-kassi",7371031004,7371031,"jl tamalate i no 25a rt 006 rw 001, kassi-kassi"
3081921,home center indonesia,jl andi pangeran pettarani kav 1,7371031006,7371031,jl andi pangeran pettarani kav 1
3082824,antar kiat,"komp.permata sari ps vi no.10 rt.002 rw.018, gunung sari",7371031001,7371031,"komp.permata sari ps vi no.10 rt.002 rw.018, gunung sari"
3083650,warung gardi enambelas,sultan alauddin,7371031001,7371031,sultan alauddin
3083739,sambal cobek,jl hertasning raya,7371031006,7371031,jl hertasning raya
3084073,tri ariani,jl rappocini raya,7371031008,7371031,jl rappocini raya
3084596,wahana royal mandiri,kompleks mangasa permai blok z3 no. 7,7371031001,7371031,kompleks mangasa permai blok z3 no. 7
3085185,freshidea digital media,jl andi djemma lr. 8,7371031007,7371031,jl andi djemma lr. 8
3085656,athmar makruf bintang,jl rappocini raya,7371031009,7371031,jl rappocini raya
3085849,cahaya rezkita,btn minasa upa,7371031001,7371031,btn minasa upa
3085898,ekho pratama karya,jl hertasning gpi,7371031005,7371031,jl hertasning gpi
3086259,sitonra convia,jl talasalapang i,7371031001,7371031,jl talasalapang i
3086845,graha family,"jl.ap. pettarani blok e.22 no.17 rt.003 rw.005, tidung",7371031006,7371031,"jl.ap. pettarani blok e.22 no.17 rt.003 rw.005, tidung"
3087080,akuntabilita management consulting,"komplek bumi permata hijau jl bumi 21 blok d4/15, gunung sari",7371031001,7371031,"komplek bumi permata hijau jl bumi 21 blok d4/15, gunung sari"
3087130,rosalindo nusantara,jl pakis,7371031004,7371031,jl pakis
3087199,solusi perdana mandiri,jipang raya ruko mustika mega sari,7371031001,7371031,jipang raya ruko mustika mega sari
3087350,kalila inti logam,jl tamalate 1,7371031004,7371031,jl tamalate 1
3087390,graha global mandiri,jl pelita 2,7371031008,7371031,jl pelita 2
3087446,smart jaya persada,jl jipang raya bumi palem,7371031001,7371031,jl jipang raya bumi palem
3089216,mega permata sari,jl st alauddin komp ruko permata sari,7371031001,7371031,jl st alauddin komp ruko permata sari
3090504,idola gemilang pratama,jl rappocini raya,7371031008,7371031,jl rappocini raya
3091149,batara mandiri perkasa,graha mandiri 2 blok c.7,7371031001,7371031,graha mandiri 2 blok c.7
3091586,"badan pengelola pt.sinar galesong perkasa-pt.ciputra victory mitra, jo",jl a.p. pettarani,7371031008,7371031,jl a.p. pettarani
3091917,gema abadi,"btn mangasa permai blok z.2 rt.004 rw.014, gunung sari",7371031001,7371031,"btn mangasa permai blok z.2 rt.004 rw.014, gunung sari"
3092532,turaya,jl hertasning barat i,7371031005,7371031,jl hertasning barat i
3092567,graha nusantara lestari,jl skarda komplek mangasa permai,7371031001,7371031,jl skarda komplek mangasa permai
3093163,mega cahaya abadi,"topaz raya i ruko zamrud blok b1/14, karunrung",7371031002,7371031,"topaz raya i ruko zamrud blok b1/14, karunrung"
3093185,asyifa asyafi education,"komp puri taman sari blok d9 no.6 rt.05 rw.12, kassi-kassi",7371031004,7371031,"komp puri taman sari blok d9 no.6 rt.05 rw.12, kassi-kassi"
3093660,litologi indonesia jaya,jl tamalate viii setapak 1,7371031004,7371031,jl tamalate viii setapak 1
3094729,tk mitra bunda,jl borong indah perumahan pondok asri,7371031004,7371031,jl borong indah perumahan pondok asri
3095031,citra adi bangsa,jl mon emmy saelan skarda n,7371031001,7371031,jl mon emmy saelan skarda n
3096059,rahaditya mitra abadi,jl jipang raya ruko mustika mega sari,7371031001,7371031,jl jipang raya ruko mustika mega sari
3096710,lembaga layanan psikologi psikomorfosa,jl rsi faisal 7 no. 24,7371031007,7371031,jl rsi faisal 7 no. 24
3097208,surindo utama persada,jl perum bumi bosowa permai blok b5,7371031,7371031,jl perum bumi bosowa permai blok b5
3098587,jabarindo,jl syech yusuf,7371031001,7371031,jl syech yusuf
3098609,cipta risqy utama,"komplek puri taman sari blok 7/2 jl toddopuli vi rt.00a rw.022, kassi-kassi",7371031004,7371031,"komplek puri taman sari blok 7/2 jl toddopuli vi rt.00a rw.022, kassi-kassi"
3099940,cv.andi utama mandiri,komp.puri mutiara iii no.18,7371031009,7371031,komp.puri mutiara iii no.18
3101100,sultan alauddin makassar,jl monumen emmy saelan,7371031006,7371031,jl monumen emmy saelan
3101435,mario pulana,jl pelita ii,7371031008,7371031,jl pelita ii
3101656,rafa utama,rappocini raya,7371031008,7371031,rappocini raya
3102020,saghuna jaya utama,jl hertasning raya perumahan bumi permata hijau jl bumi 9,7371031001,7371031,jl hertasning raya perumahan bumi permata hijau jl bumi 9
3102187,malomo megah lestari makassar,jl hertasning brt ii griya panakkukang indah,7371031005,7371031,jl hertasning brt ii griya panakkukang indah
3103874,uttu truntung suprana,jl jipang raya ruko a1,7371031001,7371031,jl jipang raya ruko a1
3104934,pt.waskita karya(persero) - pt.brantas abipraya(persero),"jl.ap.pettarani no.88 rt.000 rw.000, buakana",7371031008,7371031,"jl.ap.pettarani no.88 rt.000 rw.000, buakana"
3105063,loe,jl pelita iv,7371031010,7371031,jl pelita iv
3105212,yuki global manajemen investasi indonesia,jl hertasning baru perum permata hijau permai,7371031004,7371031,jl hertasning baru perum permata hijau permai
3106598,indoturk prima energi,jalan bumi 12 blok a.11 nomor 6 bph,7371031001,7371031,jalan bumi 12 blok a.11 nomor 6 bph
3107297,bumi lestari teknik,jl.bumi 15 blok c 3 no.9 komp bph,7371031001,7371031,jl.bumi 15 blok c 3 no.9 komp bph
3107731,cipta kreasi konsultan,jl aroepala komp permata hijau,7371031004,7371031,jl aroepala komp permata hijau
3108123,pendawa intinusa pratama,jl. monumen emmy saelan iii e,7371031006,7371031,jl. monumen emmy saelan iii e
3108148,intim bakti persada,"rappocici raya lr.vi no.2, rappocini",7371031009,7371031,"rappocici raya lr.vi no.2, rappocini"
3108361,goro arena sport,yusuf daeng ngawing,7371031006,7371031,yusuf daeng ngawing
3108408,pt. gasindo abadi sentosa,jalan a. p. pettarani,7371031008,7371031,jalan a. p. pettarani
3108877,rezeki hd,monumen emmy saelan btn agraria,7371031002,7371031,monumen emmy saelan btn agraria
3109170,multi djasa sarana,komplek puri mutiara blok v/27,7371031009,7371031,komplek puri mutiara blok v/27
3111913,torindo nusantara,jl rappocini raya lr.9,7371031009,7371031,jl rappocini raya lr.9
3111917,ersa macora,"jl.komp.permata hijau blok.n6/6a, mappala",7371031003,7371031,"jl.komp.permata hijau blok.n6/6a, mappala"
3112651,sulawesi wali pitue,komp kodam katangka blok,7371031001,7371031,komp kodam katangka blok
3113026,tiga putra utama,"jl landak baru no 85d, banta-bantaeng",7371031007,7371031,"jl landak baru no 85d, banta-bantaeng"
3113446,artiluca puncak mandiri,komplek btn minasa upa,7371031,7371031,komplek btn minasa upa
3113558,pusat koperasi pengrajin ikan (puskopin),jl tamalate i blok 5 no 05 rt 002 rw 001,7371031003,7371031,jl tamalate i blok 5 no 05 rt 002 rw 001
3114504,lativi mediakarya makassar & ambon,jl bontomene,7371031007,7371031,jl bontomene
3116701,blessing network,jl tamalate 3,7371031003,7371031,jl tamalate 3
3117211,sinar mogilolang,komplek graha quality,7371031007,7371031,komplek graha quality
3117636,fuad pratama perkasa,"jl raya pendidikan blok g5/5 rt.001 rw.003, tidung",7371031006,7371031,"jl raya pendidikan blok g5/5 rt.001 rw.003, tidung"
3118384,ridho amanah bersama,jl. hertasning baru blok n/6 kota makassar,7371031009,7371031,jl. hertasning baru blok n/6 kota makassar
3119551,lembaga pendidikan tk taman paud doa ibu,jl tamalate i kampus fip unm,7371031006,7371031,jl tamalate i kampus fip unm
3120173,exclusive art group,btn minasa upa blok l/10 kota makasar,7371031010,7371031,btn minasa upa blok l/10 kota makasar
3120884,yusran karya pratama,jl palm merah,7371031004,7371031,jl palm merah
3121222,global perkasa consultan,"jl.tamalate v stp 7 no.22, kassi-kassi",7371031004,7371031,"jl.tamalate v stp 7 no.22, kassi-kassi"
3121329,cozy construction,tidung 1 setapak 1 perumnas,7371031005,7371031,tidung 1 setapak 1 perumnas
3121855,abdi pena maharani,btn minasa upa,7371031,7371031,btn minasa upa
3122296,mahamu utama intermedia,jl sultan alauddin komp permatasari ruko 25 makassar,7371031001,7371031,jl sultan alauddin komp permatasari ruko 25 makassar
3123076,trisuma,"jl rsi faisal raya blok 25b no 6 rt 001 rw 002, banta-bantaeng",7371031007,7371031,"jl rsi faisal raya blok 25b no 6 rt 001 rw 002, banta-bantaeng"
3123175,pinang madani,"jl. asam karanji no. 196 rt.001 rw.009, kassi-kassi",7371031004,7371031,"jl. asam karanji no. 196 rt.001 rw.009, kassi-kassi"
3123529,safizi jaya,komp mangasa village,7371031001,7371031,komp mangasa village
3123606,karya arifsah,"komplek cokonuri no 1 jl monumen emmy saelan rt 004 rw 002, karunrung",7371031002,7371031,"komplek cokonuri no 1 jl monumen emmy saelan rt 004 rw 002, karunrung"
3124906,lumagada estetika konsultan,"jl makkio baji 4 no 5-7 rt.004 rw.003, tidung",7371031006,7371031,"jl makkio baji 4 no 5-7 rt.004 rw.003, tidung"
3124952,pusat penelitian ikipujung pandang,"kampus ikip gunung sari baru, mappala",7371031003,7371031,"kampus ikip gunung sari baru, mappala"
3125839,tiga berkah,btn minasa upa,7371031002,7371031,btn minasa upa
3127071,gosal bangkit jaya,jl landak baru 10 ruko i,7371031007,7371031,jl landak baru 10 ruko i
3127254,tri delta lestari,jl mesjid mu'min,7371031010,7371031,jl mesjid mu'min
3127267,kwarta energi sejati,jl perumahan btn minasa upa,7371031001,7371031,jl perumahan btn minasa upa
3128122,jo. pt. adhi karya (persero) tbk - pt karya pare sejahtera,"jl. hertasning b.ii/02, rt.001/rw.001,kassi-kassi",7371031004,7371031,"jl. hertasning b.ii/02, rt.001/rw.001,kassi-kassi"
3128654,oto multiartha,jl pelita raya,7371031010,7371031,jl pelita raya
3128882,ayu lestari,"jl.banta-bantaeng ayu lestari no.1 rt.007 rw.005, banta-bantaeng",7371031007,7371031,"jl.banta-bantaeng ayu lestari no.1 rt.007 rw.005, banta-bantaeng"
3128943,bambutama,"jl sultan alauddin komplek bumi permata hijau blok d9/7, gunung sari",7371031001,7371031,"jl sultan alauddin komplek bumi permata hijau blok d9/7, gunung sari"
3129074,septi nugraha perkasa,jl pelita raya,7371031010,7371031,jl pelita raya
3129529,sanga karsa,"btn agraria blok q no.21 rt.005 rw.002, karunrung",7371031002,7371031,"btn agraria blok q no.21 rt.005 rw.002, karunrung"
3129571,mega sarana cipta,"btn agraria blok a no.1, karunrung",7371031002,7371031,"btn agraria blok a no.1, karunrung"
3129642,caesar satria abadi,jl aroepala komp permata hijau lestari,7371031004,7371031,jl aroepala komp permata hijau lestari
3130815,radio venus nusantara,jl komp. permata hijau,7371031001,7371031,jl komp. permata hijau
3131526,al-hasmi lestari,"btn minasa upa blok m18/26 rt 005 rw 009, gunung sari",7371031001,7371031,"btn minasa upa blok m18/26 rt 005 rw 009, gunung sari"
3131559,adhitya pratama,btn minasa upa blok k14/28 rt 004 rw 010 gunung sari,7371031001,7371031,btn minasa upa blok k14/28 rt 004 rw 010 gunung sari
3132348,rekayasa bangun nusantara,"komp.permata hijau permai blok x no.6 rt.02 rw.11, kassi-kassi",7371031004,7371031,"komp.permata hijau permai blok x no.6 rt.02 rw.11, kassi-kassi"
3132722,karya anugerah pasifik,btn minasa upa blok b 5 nomor 19,7371031001,7371031,btn minasa upa blok b 5 nomor 19
3132911,dian utama mapan sejahtera,jl raya pendidikan i komp.unm blok b ii,7371031006,7371031,jl raya pendidikan i komp.unm blok b ii
3133003,refan bangun persada,jl emmy saelan komplek graha hazirah permai,7371031001,7371031,jl emmy saelan komplek graha hazirah permai
3133356,harmoni mitra utama,hertasning baru aroepala,7371031,7371031,hertasning baru aroepala
3133675,sasadih harapan nusantara,btn minasa upa blok,7371031,7371031,btn minasa upa blok
3134152,fakultas hukum universitas indonesia timur,jl. rappoconi raya,7371031008,7371031,jl. rappoconi raya
3134506,bank mandiri (persero),jl bonto langkasa kampus unm ged.4 c,7371031007,7371031,jl bonto langkasa kampus unm ged.4 c
3135985,karya enam-enam konstruksi,jl btn minasa upa blok,7371031001,7371031,jl btn minasa upa blok
3136110,kharindo persada,jl aroepala komp bumi permata hijau bumi 12,7371031001,7371031,jl aroepala komp bumi permata hijau bumi 12
3136263,rachmad anugrah,jl btn minasa upa,7371031001,7371031,jl btn minasa upa
3136661,gerbang timur indonesia,"jl. mon. emmy saelan iii, ruko corner",7371031006,7371031,"jl. mon. emmy saelan iii, ruko corner"
3136838,gelora bangun persada,jl cilallang jaya,7371031008,7371031,jl cilallang jaya
3138558,arba annisa,"jl.bonto langkasa i/47, banta-bantaeng",7371031007,7371031,"jl.bonto langkasa i/47, banta-bantaeng"
3139066,jantung madani makassar,jl ap pettarani ruko pettarani centre blok,7371031008,7371031,jl ap pettarani ruko pettarani centre blok
3139420,fayruz raodah,"jl.monumen emmy saelan 3d blok i no.2, tidung",7371031006,7371031,"jl.monumen emmy saelan 3d blok i no.2, tidung"
3140313,lesehan ayam gp (gila pedas),jl tamalate i,7371031006,7371031,jl tamalate i
3141166,tiga bintang,"ko pettarani centre blk c 22, buakana",7371031008,7371031,"ko pettarani centre blk c 22, buakana"
3141360,perkasa jaya konstruksi,jl btn minasa upa,7371031,7371031,jl btn minasa upa
3141386,kencana mas,jl monginsidi komp puri mutiara iii,7371031009,7371031,jl monginsidi komp puri mutiara iii
3142327,ardhana celebes teknik,jl. rsi faisal raya,7371031007,7371031,jl. rsi faisal raya
3142453,nevy james tonggiroh,komp. btn agraria,7371031002,7371031,komp. btn agraria
3143007,cahaya buana jaya,jl pelita ii lr.3a,7371031008,7371031,jl pelita ii lr.3a
3143169,deva karunia pratama,"jl yusuf dg ngawing blok e/27 no 11a rt.001 rw.004, rappocini",7371031009,7371031,"jl yusuf dg ngawing blok e/27 no 11a rt.001 rw.004, rappocini"
3144102,berkat abadi sentosa,jl berkah,7371031010,7371031,jl berkah
3144622,shankara abadi,jl landak baru lr 6,7371031007,7371031,jl landak baru lr 6
3144705,sukma,"btn.minasa upa blok l.6/iic rt.002 rw.008, gunung sari",7371031001,7371031,"btn.minasa upa blok l.6/iic rt.002 rw.008, gunung sari"
3145813,serba usaha lorosae,"puri taman sari blok c.7, kassi-kassi",7371031004,7371031,"puri taman sari blok c.7, kassi-kassi"
3145840,jasa wisata kreasi rihlah,jl wijaya kusuma iv,7371031007,7371031,jl wijaya kusuma iv
3145906,lembaga pendidikan anak usia dini (paud) terpadu dharma wanita (dw) binaan lpmp sulsel,jl ap pettarani (lpmp) makassar,7371031007,7371031,jl ap pettarani (lpmp) makassar
3146174,mega dina tama,jl tidung x,7371031003,7371031,jl tidung x
3147157,lintas mandiri,"jl beringin ii no 4 rt.002 rw.010, kassi-kassi",7371031004,7371031,"jl beringin ii no 4 rt.002 rw.010, kassi-kassi"
3148053,anindita project,perum minasa indah residence,7371031,7371031,perum minasa indah residence
3149616,sakinah indah cemerlang,jalan talasalapang,7371031001,7371031,jalan talasalapang
3149935,cahaya tunas mandiri,jl. tamalate 4 setapak 4 no 21 perumnas makassar,7371031004,7371031,jl. tamalate 4 setapak 4 no 21 perumnas makassar
3150581,citra elektrik,jl jipang raya,7371031002,7371031,jl jipang raya
3152614,indra,"jl toddopuli 1 blok  blok 25 no 75 rt 003 rw 007, kassi-kassi",7371031004,7371031,"jl toddopuli 1 blok  blok 25 no 75 rt 003 rw 007, kassi-kassi"
3153310,rasya rezky perdana,kompleks bph jl bumi 9 blok a6/1 rt 001 rw 001 gunung sari,7371031001,7371031,kompleks bph jl bumi 9 blok a6/1 rt 001 rw 001 gunung sari
3153729,ubaidil surya indonesia,btn minasa upa blok g. 14 no. 9,7371031,7371031,btn minasa upa blok g. 14 no. 9
3154609,bintang perkasa multikonstruksi,jl letjen hertasning,7371031006,7371031,jl letjen hertasning
3154918,annisa,"jl.landak baru lr.5 no.2 rt.000 rw.000, banta-bantaeng",7371031007,7371031,"jl.landak baru lr.5 no.2 rt.000 rw.000, banta-bantaeng"
3155140,oki perdana baru,"jl.monumen emmy saelan iii komp.agraria blok b/11 rt.001 rw.002, karunrung",7371031002,7371031,"jl.monumen emmy saelan iii komp.agraria blok b/11 rt.001 rw.002, karunrung"
3156787,tisya engineering konsultan,jl beringin vii,7371031004,7371031,jl beringin vii
3157216,gallery lontara,jl ap pettarani ruko new zamrud g6,7371031008,7371031,jl ap pettarani ruko new zamrud g6
3157379,tujuh putri utama,jl hertasning baru kompleks angin mamiri,7371031002,7371031,jl hertasning baru kompleks angin mamiri
3157615,antelop raya konstruksi,"jl. tidung 8, perumnas panakukkang",7371031003,7371031,"jl. tidung 8, perumnas panakukkang"
3158685,sabar abadi jaya,"jl talasalapang komplek p & k blok d/7 rt 001 rw 001, gunung sari",7371031001,7371031,"jl talasalapang komplek p & k blok d/7 rt 001 rw 001, gunung sari"
3158791,lembaga kantor berita nasional antara biro sulsel,jl. ap.pettarani blok a 30 makassar,7371031010,7371031,jl. ap.pettarani blok a 30 makassar
3159267,lambda mulia kreasindo,jl karunrung asri,7371031002,7371031,jl karunrung asri
3160467,rezki prima,jl. ap. pettarani komp pemda blok e28/09,7371031006,7371031,jl. ap. pettarani komp pemda blok e28/09
3161128,asia indo makmur sentosa,komp btn pt bad,7371031006,7371031,komp btn pt bad
3161595,tri wahyu winata,jl. pelita raya tengah i a 3/2,7371031010,7371031,jl. pelita raya tengah i a 3/2
3161713,pt. tujuh dua astra mandiri,jl. monumen emmy saelan lr 50 perum harmoni residen,7371031001,7371031,jl. monumen emmy saelan lr 50 perum harmoni residen
3163489,safir sumber plastik,jalan sultan alauddin kompleks ruko permata sari nomor 33,7371031001,7371031,jalan sultan alauddin kompleks ruko permata sari nomor 33
3163555,linoa internasional konsulindo,perumahan kompleks kodam katangka,7371031001,7371031,perumahan kompleks kodam katangka
3164554,agung sejati,"jl.bonto lanra iii no.17, banta-bantaeng",7371031007,7371031,"jl.bonto lanra iii no.17, banta-bantaeng"
3164771,cv awan independent,jalan talasalapang komp. p&k,7371031001,7371031,jalan talasalapang komp. p&k
3165267,niaga indoguna yasa,jl. aeropala,7371031001,7371031,jl. aeropala
3165369,jonjoro panrita kampong,jl btn minasa upa,7371031,7371031,jl btn minasa upa
3165419,fitria globe mandiri,jl bumi 22 bph,7371031001,7371031,jl bumi 22 bph
3165459,abadi pratama samudra,jl landak baru,7371031007,7371031,jl landak baru
3166025,sma nahdiyat makassar,jl. rappocini raya,7371031008,7371031,jl. rappocini raya
3166112,bahta pratama,jl hertasning iv no 21 rt 001 rw 001 tidung,7371031006,7371031,jl hertasning iv no 21 rt 001 rw 001 tidung
3166988,sao lebbi,btn minasa sari blok,7371031001,7371031,btn minasa sari blok
3167005,karyatama manunggal perkasa,jl hertasning,7371031006,7371031,jl hertasning
3168662,lembaga kajian dan riset sulawesi selatan,jl sultan alauddin salemba,7371031001,7371031,jl sultan alauddin salemba
3168788,dinamis global makmur,"jl mon emmy saelan iii komplek graha sari town house no 1 rt 001 rw 001, tidung",7371031006,7371031,"jl mon emmy saelan iii komplek graha sari town house no 1 rt 001 rw 001, tidung"
3169839,amanah engineering,jl bumi 22 komp bumi permata hijau,7371031001,7371031,jl bumi 22 komp bumi permata hijau
3169892,nuri inti consultant,jl tamalate 1 blok,7371031005,7371031,jl tamalate 1 blok
3171101,toko taufiq,minasa upa,7371031,7371031,minasa upa
3171350,taufikah karya perkasa,"jl hertasning perumahan anging mammiri residence blok e4/9 rt 003 rw 001, karunrung",7371031002,7371031,"jl hertasning perumahan anging mammiri residence blok e4/9 rt 003 rw 001, karunrung"
3171401,jafan tiga,"jl monumen emmy saelan iii no 55 rt.003 rw.005, karunrung",7371031002,7371031,"jl monumen emmy saelan iii no 55 rt.003 rw.005, karunrung"
3171535,sulisa matra bangsa,btn minasa upa,7371031002,7371031,btn minasa upa
3173893,insan unggul indonesia,jl aroepala komp php,7371031004,7371031,jl aroepala komp php
3173896,hero graha utama,"jl.aroepala no.7 rt.004 rw.015, gunung sari",7371031001,7371031,"jl.aroepala no.7 rt.004 rw.015, gunung sari"
3174632,syafa persada,komplek puri taman sari,7371031004,7371031,komplek puri taman sari
3174694,jardas global indonesia,jl aroepala (hertasning baru),7371031004,7371031,jl aroepala (hertasning baru)
3174695,rezky tri tunggal,"komplek puri taman sari blok b3/3 jl borong raya rt.001 rw.012, kassi-kassi",7371031004,7371031,"komplek puri taman sari blok b3/3 jl borong raya rt.001 rw.012, kassi-kassi"
3176426,kane mooke,jl mahoni,7371031004,7371031,jl mahoni
3176538,poma mitra kontraktor,jl. sungai saddang baru,7371031010,7371031,jl. sungai saddang baru
3176931,baruga news,btn minasa upa,7371031001,7371031,btn minasa upa
3177272,serasi logistics indonesia,jl. hertasning baru aeropala,7371031,7371031,jl. hertasning baru aeropala
3177724,star food industry,jl ap pettarani komp pemda blok e27,7371031006,7371031,jl ap pettarani komp pemda blok e27
3177915,putra utama,"jl.tamalate ii blok 11 no.1b, mappala",7371031003,7371031,"jl.tamalate ii blok 11 no.1b, mappala"
3178197,wiratama mitra perkasa,permata hijau permai blok j/11,7371031004,7371031,permata hijau permai blok j/11
3178304,cv. surya muda mandiri,jl. btn agraria,7371031002,7371031,jl. btn agraria
3180174,panca putra,"jl minasa upa raya iii blok b9/6 rt.003 rw.005, gunung sari",7371031001,7371031,"jl minasa upa raya iii blok b9/6 rt.003 rw.005, gunung sari"
3180291,zafasa konsultan,"btn minasa upa blok.m 8 no.9, gunung sari",7371031001,7371031,"btn minasa upa blok.m 8 no.9, gunung sari"
3180294,raditya ciptarencana,jl sungai saddang baru btn timurama,7371031010,7371031,jl sungai saddang baru btn timurama
3180435,argeo konsultan,"jl.rappocini raya no.96 rt.003 rw.003, rappocini",7371031009,7371031,"jl.rappocini raya no.96 rt.003 rw.003, rappocini"
3180757,perkumpulan kepal tangan kita indonesia,jl btn minasa upa,7371031001,7371031,jl btn minasa upa
3181223,mila utama,jl aroepala samping smp 40 tembusan komp. anggrek minasa upa,7371031001,7371031,jl aroepala samping smp 40 tembusan komp. anggrek minasa upa
3181447,reka perdana indonesia,jl. bonto manai,7371031007,7371031,jl. bonto manai
3181542,lebau pase indonesia,jl aroepala permata hijau lestari,7371031004,7371031,jl aroepala permata hijau lestari
3181990,pojok kuliner pettarani,jalan ap pettarani,7371031008,7371031,jalan ap pettarani
3182274,rama,"jl jipang raya no 25e rt.003 rw.004, karunrung",7371031002,7371031,"jl jipang raya no 25e rt.003 rw.004, karunrung"
3182324,cv mahesaputera,jalan tamalate 3,7371031003,7371031,jalan tamalate 3
3182704,adhi karya (persero) tbk.,jl hertasning  ii,7371031004,7371031,jl hertasning  ii
3183486,chamandini,"jl.tamalate ix stp.2 no.155 rt.000 rw.000, kassi-kassi",7371031004,7371031,"jl.tamalate ix stp.2 no.155 rt.000 rw.000, kassi-kassi"
3185911,samudera jaya mandiri,"jl.a.p.pettarani ruko new zamrud blok c.10, buakana",7371031008,7371031,"jl.a.p.pettarani ruko new zamrud blok c.10, buakana"
3185985,surya permata sejahtera,jl btn minasa upa,7371031,7371031,jl btn minasa upa
3187010,alma group,jl. monumen emmy saelan,7371031006,7371031,jl. monumen emmy saelan
3187195,"adhi-abipraya, kso",jl hertasning blok b ii,7371031004,7371031,jl hertasning blok b ii
3187218,faysa anugrah,"jl monumen emmy saelan no 20 rt.003 rw.016, gunung sari",7371031001,7371031,"jl monumen emmy saelan no 20 rt.003 rw.016, gunung sari"
3187936,syauqi rahman,"jl.rsi faisal iv no.15, banta-bantaeng",7371031007,7371031,"jl.rsi faisal iv no.15, banta-bantaeng"
3188587,puteri jaya sejahtera,"jl.skarda n lr.iii no.30, gunung sari",7371031001,7371031,"jl.skarda n lr.iii no.30, gunung sari"
3189079,persyarikatan muhammadiyah cab sma muhammadiyah 9,"jl bonto daeng ngirate no 22 rt 003 rw 006, bonto makkio",7371031005,7371031,"jl bonto daeng ngirate no 22 rt 003 rw 006, bonto makkio"
3190680,wira karya abadi mandiri,jl ap pettarani ruko pettarani centre,7371031008,7371031,jl ap pettarani ruko pettarani centre
3191776,makmur janna,"jl.faisal xvi no.77 rt.002 rw.001, banta-bantaeng",7371031007,7371031,"jl.faisal xvi no.77 rt.002 rw.001, banta-bantaeng"
3191855,suara cipta mandiri,btn minasa upa,7371031001,7371031,btn minasa upa
3192899,samawa,jl sultan alauddin lr alazhar 1,7371031001,7371031,jl sultan alauddin lr alazhar 1
3194351,faiqal utama berkah,jl monumen emmy saelan iiid,7371031006,7371031,jl monumen emmy saelan iiid
3194798,hiramas,jl aroepala utara,7371031,7371031,jl aroepala utara
3195639,almira,"jl emmy saelan iii komp pu jeneberang no 4 rt.05 rw.01, karunrung",7371031002,7371031,"jl emmy saelan iii komp pu jeneberang no 4 rt.05 rw.01, karunrung"
3196350,maraddia utama konstruksi,jl cilallang jaya vii,7371031008,7371031,jl cilallang jaya vii
3196372,triputra tehnik,jl wijaya kusuma,7371031007,7371031,jl wijaya kusuma
3197512,fayyadh putra indonesia,"kompleks bumi permata hijau blok a10/3, gunung sari",7371031001,7371031,"kompleks bumi permata hijau blok a10/3, gunung sari"
3197718,gowamo media indonesia,jl minasa upa,7371031001,7371031,jl minasa upa
3197821,agsaratama contrindo,"jl.kelapa tiga no.4 rt.006 rw.006, balla parang",7371031010,7371031,"jl.kelapa tiga no.4 rt.006 rw.006, balla parang"
3198014,26 multi karya,"jl talasalapang no 26 rt.002 rw.014, gunung sari",7371031001,7371031,"jl talasalapang no 26 rt.002 rw.014, gunung sari"
3198348,rezki amalia konstruksi,"jl.pelita raya tengah blok a.2 no.4 a rt.003 rw.009, balla parang",7371031010,7371031,"jl.pelita raya tengah blok a.2 no.4 a rt.003 rw.009, balla parang"
3199016,ika farma,"jl ansana no 149, kassi-kassi",7371031004,7371031,"jl ansana no 149, kassi-kassi"
3199613,jaya sampurna,"jl. monumen emmy saelan no. 106 rt.002 rw.002, tidung",7371031006,7371031,"jl. monumen emmy saelan no. 106 rt.002 rw.002, tidung"
3200386,fauzan perdana,"jl.banta-bantaeng no.60 rt.003 rw.004, banta-bantaeng",7371031007,7371031,"jl.banta-bantaeng no.60 rt.003 rw.004, banta-bantaeng"
3200507,dwi rezkyta utami,btn minasa upa,7371031,7371031,btn minasa upa
3202876,lembaga swadaya masyarakat cakram,jl tidung 2,7371031005,7371031,jl tidung 2
3203936,mariolo yamasei,btn minasa upa blok,7371031001,7371031,btn minasa upa blok
3204097,sibatek bersinar terang,jl minasa upa utara,7371031001,7371031,jl minasa upa utara
3204302,angkasa lentera madani,andi pangeran pettarani ruko new zamrud,7371031008,7371031,andi pangeran pettarani ruko new zamrud
3204439,forum makassar kita,jl andi djemma perum metropolitan residence,7371031007,7371031,jl andi djemma perum metropolitan residence
3206216,nindya minanga karya,jl mappala,7371031006,7371031,jl mappala
3206255,takkalasi inti pustaka,"jl.aroepala samping smp 40 tembusan komp. anggrek minasa upa,rt.004/rw.010,gunung sari",7371031001,7371031,"jl.aroepala samping smp 40 tembusan komp. anggrek minasa upa,rt.004/rw.010,gunung sari"
3206351,pt. adhi karya & pt. passokorang,"jl. hertasning b.11 no.2, kassi-kassi",7371031004,7371031,"jl. hertasning b.11 no.2, kassi-kassi"
3206974,nappa indonesia,jl rappocini raya lr 1,7371031009,7371031,jl rappocini raya lr 1
3208683,soananto,"jl toddopuli raya no 24 rt.001 rw.007, kassi-kassi",7371031004,7371031,"jl toddopuli raya no 24 rt.001 rw.007, kassi-kassi"
3208961,cipta fida persada,"btn agraria blok c no.5 rt.004 rw.002, karunrung",7371031002,7371031,"btn agraria blok c no.5 rt.004 rw.002, karunrung"
3208987,sony dianda sejahtera,jl pengayoman ruko permata sari,7371031008,7371031,jl pengayoman ruko permata sari
3209218,taswing,jl cilallang jaya,7371031008,7371031,jl cilallang jaya
3209442,berkah sosial tiga delapan delapan,jl wijaya kusuma raya,7371031007,7371031,jl wijaya kusuma raya
3209505,rezky utama,"komp.indah bumi bosowa a3/22 rt.007 rw.008, gunung sari",7371031001,7371031,"komp.indah bumi bosowa a3/22 rt.007 rw.008, gunung sari"
3210210,sinergi wahana persada,jl sungai saddang baru,7371031010,7371031,jl sungai saddang baru
3210246,karya maspul nusantara,jl tidung 3blok,7371031005,7371031,jl tidung 3blok
3211574,nexcom bhakti nusindo,ko griya kisel damai blok b no.1,7371031001,7371031,ko griya kisel damai blok b no.1
3211576,fayyadh putra,"komplek bph jl bumi raya blok a10/3, gunung sari",7371031001,7371031,"komplek bph jl bumi raya blok a10/3, gunung sari"
3211981,cantik jaya abadi,"jalan sultan alauddin, ruko alauddin plaza (cantik salon bali)",7371031001,7371031,"jalan sultan alauddin, ruko alauddin plaza (cantik salon bali)"
3213511,rajalangit akses,jl tidung v stp 9,7371031005,7371031,jl tidung v stp 9
3213880,makassar visual nusantara,jl raya pendidikan,7371031006,7371031,jl raya pendidikan
3213928,lembaga asset & keuangan sunda nusantara segitiga emas pusat nusantara indonesia provinsi sulawesi selatan,"btn minasa upa blok m4 no 8 rt 001 rw 009, gunung sari",7371031001,7371031,"btn minasa upa blok m4 no 8 rt 001 rw 009, gunung sari"
3214023,kartini,perumahan btn minasa upa,7371031001,7371031,perumahan btn minasa upa
3215052,dua putra mandiri,"jl.cilallang jaya vii no 5 rt.004 rw.002, buakana",7371031008,7371031,"jl.cilallang jaya vii no 5 rt.004 rw.002, buakana"
3215473,dua sisi home,"komplek zamrud blok h/16 rt.001 rw.003, buakana",7371031008,7371031,"komplek zamrud blok h/16 rt.001 rw.003, buakana"
3215709,airindo sakti,jl sultan alauddin ruko alauddin plaza boulevard,7371031001,7371031,jl sultan alauddin ruko alauddin plaza boulevard
3215929,akses sarana,jl btn ayu lestari,7371031007,7371031,jl btn ayu lestari
3217101,maghfirah azizah mandiri,perumahan minasa indah residence blok a no. 20,7371031001,7371031,perumahan minasa indah residence blok a no. 20
3217586,internusa global energy,perumahan graha asri estate,7371031001,7371031,perumahan graha asri estate
3217649,anugrah,"btn minasa upa blok k.3 no.14 rt.002 rw.010, gunung sari",7371031001,7371031,"btn minasa upa blok k.3 no.14 rt.002 rw.010, gunung sari"
3217906,sewang berlian abadi,perumahan puri mutiara 1 nomor 26,7371031010,7371031,perumahan puri mutiara 1 nomor 26
3217941,empat warna perkasa,jalan tidung 2 setapak 1 blok 21 nomor 14,7371031005,7371031,jalan tidung 2 setapak 1 blok 21 nomor 14
3218230,maju makmur tigatiga,"perumahan graha mappala permai blok a/1 rt.005 rw.008, tidung",7371031006,7371031,"perumahan graha mappala permai blok a/1 rt.005 rw.008, tidung"
3218644,geospatial indonesia,jl tamalate 2 no.7a rt/rw /,7371031003,7371031,jl tamalate 2 no.7a rt/rw /
3221054,sembilan enam konsultan,jl tidung x,7371031003,7371031,jl tidung x
3221115,mustimah,jl jipang raya blok,7371031001,7371031,jl jipang raya blok
3221142,pelita mahkota hotelindo,jl pelita raya 8,7371031008,7371031,jl pelita raya 8
3221340,bina insani sulawesi,jl raya pendidikan balla panakukkang blok,7371031006,7371031,jl raya pendidikan balla panakukkang blok
3222520,rahma darma jaya,jl hertasning baru,7371031004,7371031,jl hertasning baru
3223431,yayasan swadaya mitra bangsa (yasmib),"jl tamalate iv no 9 rt.003 rw.002, kassi-kassi",7371031004,7371031,"jl tamalate iv no 9 rt.003 rw.002, kassi-kassi"
3223508,vasitive mandiri mining,buakana vii nomor 25,7371031008,7371031,buakana vii nomor 25
3224048,makassar cipta kreatif,"jl rappocini raya lr 6 no 9 rt.005 rw.001, buakana",7371031008,7371031,"jl rappocini raya lr 6 no 9 rt.005 rw.001, buakana"
3224440,indomobil finance indonesia,jl hertasning timur,7371031004,7371031,jl hertasning timur
3224878,sawerigading bumi nusantara,"anging mammiri residence, blok d4 nomor 5, jl. letjend hertasning",7371031004,7371031,"anging mammiri residence, blok d4 nomor 5, jl. letjend hertasning"
3225159,pusaka teknik,komp jipang permai dp 8,7371031002,7371031,komp jipang permai dp 8
3225329,global citra konstruksi,jl hertasning,7371031006,7371031,jl hertasning
3225898,bintang raja,btn minasa upa,7371031001,7371031,btn minasa upa
3226478,makassar tanning,btn minasa upa,7371031001,7371031,btn minasa upa
3228949,cinta satwa,a.p. pettarani,7371031008,7371031,a.p. pettarani
3229190,ichalung gosi abadi,jl. bonto dg. ngirate i,7371031006,7371031,jl. bonto dg. ngirate i
3229399,indra jaya persada,"jl landak baru lr 1 no 7f rt.004 rw.003, banta-bantaeng",7371031007,7371031,"jl landak baru lr 1 no 7f rt.004 rw.003, banta-bantaeng"
3229533,mitra utama,jl tidung i stp 3,7371031005,7371031,jl tidung i stp 3
3230234,ekometrikal widyatama,jl tamalate iv stp 16,7371031009,7371031,jl tamalate iv stp 16
3230324,avos,jl ap pettarani,7371031008,7371031,jl ap pettarani
3234289,cahaya multimedia entertainment,komp btn minasa upa,7371031001,7371031,komp btn minasa upa
3234444,dinkyza celebes powerindo,jl teduh bersinar komp griya kisel damai a.12,7371031001,7371031,jl teduh bersinar komp griya kisel damai a.12
3234936,milagros indonesia megah,jl pelita raya,7371031010,7371031,jl pelita raya
3235031,ar raudhah,jl syekh yusuf btn tirtasari,7371031,7371031,jl syekh yusuf btn tirtasari
3235114,green energy investama,"kompleks permata hijau permai blok j no. 34, hertasning baru",7371031004,7371031,"kompleks permata hijau permai blok j no. 34, hertasning baru"
3235240,trimitra utama rekatama,jl jipang raya ruko mustika megasari,7371031001,7371031,jl jipang raya ruko mustika megasari
3236483,yayasan pendidikan rizky makassar,"jl syeh yusuf-minasa upa raya no 4 rt.001 rw.001, gunung sari",7371031001,7371031,"jl syeh yusuf-minasa upa raya no 4 rt.001 rw.001, gunung sari"
3236497,sun televisi makassar,jl st alauddin (ruko alauddin plaza),7371031001,7371031,jl st alauddin (ruko alauddin plaza)
3238891,akmal akbar sejahtera,btn minasa upa,7371031001,7371031,btn minasa upa
3239909,cv. walasuji apta marasang,"jl. andi jemme no.48, kelurahan banta-bantaeng, kecamatan rappocini, kota makassar",7371031007,7371031,"jl. andi jemme no.48, kelurahan banta-bantaeng, kecamatan rappocini, kota makassar"
3239926,masyarakat profesi penilai indonesia,jl raya pendidikan 1,7371031006,7371031,jl raya pendidikan 1
3240058,konsuil perdana indonesia,jl toddopuli raya,7371031004,7371031,jl toddopuli raya
3240632,kencana auto raya,jl. ap pettarano komplek business centre no 15,7371031006,7371031,jl. ap pettarano komplek business centre no 15
3240911,kumala celebes motor,jl a.p. pettarani kav e1,7371031006,7371031,jl a.p. pettarani kav e1
3241052,minanga jaya abadi,jl. timah v no. 9,7371031010,7371031,jl. timah v no. 9
3241064,gebe prima mandiri,jl pelita raya,7371031008,7371031,jl pelita raya
3241323,panrita miftah al fatih,jl tamalate 1 stp 33,7371031003,7371031,jl tamalate 1 stp 33
3241937,jawn sulawesi jaya,jl puri taman sari blok,7371031004,7371031,jl puri taman sari blok
3242602,perkumpulan perifer relawan medis logistik,jalan beringin,7371031004,7371031,jalan beringin
3243230,portal makassar,minasa sari raya,7371031001,7371031,minasa sari raya
3243350,inti wahana mandiri,jl monumen emmy saelan 3d blok i,7371031006,7371031,jl monumen emmy saelan 3d blok i
3243770,adapada komunika indonesia,jl beringan vi,7371031004,7371031,jl beringan vi
3243854,bumi divara mandiri,jl pelita raya,7371031008,7371031,jl pelita raya
3244301,persyarikatan muhammadiyah,jl landak baru lr ii,7371031007,7371031,jl landak baru lr ii
3244622,diminati sogi karya,jl ap pettarani komp new zamrud,7371031008,7371031,jl ap pettarani komp new zamrud
3245163,megarezky bina medik,jl inspeksi waduk bitoa makassar,7371031004,7371031,jl inspeksi waduk bitoa makassar
3246141,yusfar makassar global,jl andi djemma lr. 7a (ex jl landak baru),7371031007,7371031,jl andi djemma lr. 7a (ex jl landak baru)
3246902,komunitas orang tua anak dengan down syndrome,komp btn minasa upa,7371031,7371031,komp btn minasa upa
3246925,catering zahran,btn minasa upa blok,7371031001,7371031,btn minasa upa blok
3247165,internusa mandiri,jl pelita raya,7371031010,7371031,jl pelita raya
3247646,trans lestari mandiri,jl pelita raya,7371031010,7371031,jl pelita raya
3248310,kelara energi utama,jalan andi djemma no. 120,7371031007,7371031,jalan andi djemma no. 120
3248736,jayamasa sigma sarana indonesia,jl.puri taman sari,7371031004,7371031,jl.puri taman sari
3249065,asatu mansion utama,jl buakana kav.,7371031008,7371031,jl buakana kav.
3249204,bulan bintang,jl monginsidi baru,7371031009,7371031,jl monginsidi baru
3249965,batara sarana mandiri,"jl.hertasning raya timur no.3 c, kassi-kassi",7371031004,7371031,"jl.hertasning raya timur no.3 c, kassi-kassi"
3251163,budi bhakti,jl rsi islam faisal vii,7371031007,7371031,jl rsi islam faisal vii
3252070,aliah consulindo,jl tidung vii stp.2,7371031003,7371031,jl tidung vii stp.2
3252214,andi batari opu langi,jl pengayoman tps 3,7371031008,7371031,jl pengayoman tps 3
3252395,pontas anugrah khatulistiwa,jl landak baru,7371031007,7371031,jl landak baru
3252676,persyarikatan muhammadiyah,jl hertasning raya/aroepala,7371031004,7371031,jl hertasning raya/aroepala
3252705,mandiri prima karya,jl permata hijau permai,7371031004,7371031,jl permata hijau permai
3253322,ksm julukanayya,jl rsi faisal 17,7371031007,7371031,jl rsi faisal 17
3253681,agroma indonesia,komplek pemda blok e28/9 jl ap pettarani rt 004 rw 005 tidung,7371031006,7371031,komplek pemda blok e28/9 jl ap pettarani rt 004 rw 005 tidung
3254518,trijata nusa(tritanu),jl landak baru,7371031007,7371031,jl landak baru
3254661,adama cipta cemerlang,jl hertasning baru perum taman gosyen indah,7371031001,7371031,jl hertasning baru perum taman gosyen indah
3254729,ide garis kreatif,jl aroepala raya komp anging mammiri residence,7371031002,7371031,jl aroepala raya komp anging mammiri residence
3254801,semesta jaya raya,jalan bonto langkasa i,7371031007,7371031,jalan bonto langkasa i
3255162,candi nusantara abadi,jl taman goesyen raya,7371031001,7371031,jl taman goesyen raya
3255325,arsy sinar cahaya,jl hertasning barat ii komp griya panakkukang indah,7371031005,7371031,jl hertasning barat ii komp griya panakkukang indah
3256308,tujuh lima trd coy,"kompleks mangasa permai blok z3/7 rt.000 rw.000, gunung sari",7371031001,7371031,"kompleks mangasa permai blok z3/7 rt.000 rw.000, gunung sari"
3256671,bina pengembangan sumber daya (ybpsd),"jl.a.p.pettarani no.98, buakana",7371031008,7371031,"jl.a.p.pettarani no.98, buakana"
3257875,chaca cipta utama,jl tamalate ix,7371031004,7371031,jl tamalate ix
3258574,munirmha syifa jaya,"jl tamalate iv no 3 rt 003 rw 002, kassi-kassi",7371031004,7371031,"jl tamalate iv no 3 rt 003 rw 002, kassi-kassi"
3258971,tk aisyiyah bustanul athfal iii karunrung,jl tidung 9 blok,7371031003,7371031,jl tidung 9 blok
3259116,rayyan maju jaya,kr bonto tangnga,7371031002,7371031,kr bonto tangnga
3259166,tang food indonesia,jl hertasning raya timur,7371031004,7371031,jl hertasning raya timur
3259856,lima anugrah,"komplek griya kisel damai blok f/3 rt.004 rw.022, gunung sari",7371031001,7371031,"komplek griya kisel damai blok f/3 rt.004 rw.022, gunung sari"
3260680,jaya karta mandiri,jl monginsidi baru,7371031009,7371031,jl monginsidi baru
3261159,tobo,jl monumen emmy saelan iii no 30 skarda'n,7371031006,7371031,jl monumen emmy saelan iii no 30 skarda'n
3261194,tria rancang spasial,jl tamalate 4 stp 6,7371031004,7371031,jl tamalate 4 stp 6
3261415,lembaga institusion of social development,"jl rappocini raya lr 8 no 7 rt.002 rw.002, buakana",7371031008,7371031,"jl rappocini raya lr 8 no 7 rt.002 rw.002, buakana"
3262081,archindo b`design,"jl.pelita raya ii a no.9, buakana",7371031008,7371031,"jl.pelita raya ii a no.9, buakana"
3262769,berlian,jl. rsi faiisal xiv blok,7371031007,7371031,jl. rsi faiisal xiv blok
3263509,maju sinergi utama,jl. rsi faisal,7371031007,7371031,jl. rsi faisal
3263776,asa sinergi mandiri,jl ap pettarani rsia paramount lt i,7371031007,7371031,jl ap pettarani rsia paramount lt i
3263871,teksos mandiri 38,"jl.hertasning raya no.38 rt.001 rw.006, tidung",7371031006,7371031,"jl.hertasning raya no.38 rt.001 rw.006, tidung"
3264013,celebes prima sejahtera,jl a p pettarani,7371031006,7371031,jl a p pettarani
3265099,abijoy,jl tidung x timur perum stella maris,7371031002,7371031,jl tidung x timur perum stella maris
3265855,kareso salewangeng,jl permata hijau permai blok,7371031004,7371031,jl permata hijau permai blok
3266035,global energi,"komplek permata hijau blok n5/5 rt.006 rw.011, kassi-kassi",7371031004,7371031,"komplek permata hijau blok n5/5 rt.006 rw.011, kassi-kassi"
3266325,yellow project,jl ap pettarani buakana,7371031008,7371031,jl ap pettarani buakana
3266867,smidco,jl. syech yusuf minasa sari,7371031001,7371031,jl. syech yusuf minasa sari
3267185,cv.sheza safety perdana,landak baru,7371031007,7371031,landak baru
3269823,lembaga riset dan pengembangan kapasitas masyarakat (lrpkm),jl raya pendidikan perumahan balla panakkukang blok a,7371031006,7371031,jl raya pendidikan perumahan balla panakkukang blok a
3269891,nafa rezky utama,jl pelita 3 utara perumahan puri gardenia,7371031010,7371031,jl pelita 3 utara perumahan puri gardenia
3270409,salahutu jaya motor,jl sungai sanddang baru,7371031010,7371031,jl sungai sanddang baru
3270480,cinta jaya,jl timah v,7371031010,7371031,jl timah v
3270515,surya perkasa elektrik,jl ap pettarani,7371031008,7371031,jl ap pettarani
3270591,karya imagine,jl tamalate setapak 36,7371031003,7371031,jl tamalate setapak 36
3270906,lima jaya,"jl.b.dg.ngirate no.6, bonto makkio",7371031005,7371031,"jl.b.dg.ngirate no.6, bonto makkio"
3271142,mitra makassar motor,jl andi pangeran pettarani kav 8,7371031006,7371031,jl andi pangeran pettarani kav 8
3271320,athilla tower,"perumnas panakkukang jl tidung 8 blok 11/41 rt.001 rw.008, mappala",7371031003,7371031,"perumnas panakkukang jl tidung 8 blok 11/41 rt.001 rw.008, mappala"
3271538,falco,"jl.monumen emmy saelan iii no.4,rt.001/rw.001, gunung sari",7371031001,7371031,"jl.monumen emmy saelan iii no.4,rt.001/rw.001, gunung sari"
3271571,akbar agung abadi,kompleks bph jl bumi 9 blok a6/1 rt 001 rw 001 gunung sari,7371031001,7371031,kompleks bph jl bumi 9 blok a6/1 rt 001 rw 001 gunung sari
3272181,yunikom tirta ocean resources,jl borong indah,7371031004,7371031,jl borong indah
3272594,putra appaka baji,rappocini,7371031008,7371031,rappocini
3272689,salsabila,"jl.btn.agraria blok.5 no.27 rt.006 rw.002, karunrung",7371031002,7371031,"jl.btn.agraria blok.5 no.27 rt.006 rw.002, karunrung"
3272692,pt pijar - pp (kso),jl letjen  hertasning,7371031004,7371031,jl letjen  hertasning
3272716,kahaka steel,btn minasa upa,7371031001,7371031,btn minasa upa
3272732,r dan r,"komplek permatasari blok ps iii/12 rt.001 rw.018, gunung sari",7371031001,7371031,"komplek permatasari blok ps iii/12 rt.001 rw.018, gunung sari"
3273580,klinik ide makassar,jl btn minasa upa,7371031001,7371031,jl btn minasa upa
3274627,maraja global teknik,jl tidung ix stp 5,7371031003,7371031,jl tidung ix stp 5
3274705,batara sarana consultant,kelapa tiga gang iv,7371031009,7371031,kelapa tiga gang iv
3274732,rafiqah utama,perum griya minasa asri,7371031001,7371031,perum griya minasa asri
3275371,world wide dive and sail indonesia,jl pelita raya,7371031010,7371031,jl pelita raya
3276162,rumah donatur makassar,jl nikel ii,7371031010,7371031,jl nikel ii
3276467,jayadiri catering,jl jipang raya,7371031001,7371031,jl jipang raya
3277121,zidan al-fatih,komp perumahan taman yasmin,7371031003,7371031,komp perumahan taman yasmin
3277654,gloria,jl hertasning baru anging mammiri residence,7371031002,7371031,jl hertasning baru anging mammiri residence
3278364,hartono media jasa,"jl.a.p.pettarani no.77a, rappocini",7371031009,7371031,"jl.a.p.pettarani no.77a, rappocini"
3279121,karang taruna kota makassar,jl rsi faisal vii,7371031007,7371031,jl rsi faisal vii
3279531,jasa proofindo,"jl wijaya kusuma k6 no 94/7g, banta-bantaeng",7371031007,7371031,"jl wijaya kusuma k6 no 94/7g, banta-bantaeng"
3280402,cepat dan bersih indonesia,jl. toddopuli raya,7371031004,7371031,jl. toddopuli raya
3280499,makassar madani,jl tidung 8 stp 10,7371031003,7371031,jl tidung 8 stp 10
3281046,celebes timur energi,"jl. ap. pettarani, ruko new zamrud blok f, no; 09",7371031008,7371031,"jl. ap. pettarani, ruko new zamrud blok f, no; 09"
3281983,tk telkom makassar,jl ap pettarani,7371031001,7371031,jl ap pettarani
3282681,one nine production,jl tamalate 1 stp 36 blok,7371031003,7371031,jl tamalate 1 stp 36 blok
3283014,dzakiyyah amaliah,jl bontomene,7371031007,7371031,jl bontomene
3283105,ikram abadi mandiri,perumahan angin mammiri blok b 1 no. 2,7371031004,7371031,perumahan angin mammiri blok b 1 no. 2
3283626,niagara bumi celebes indonesia,"btn minasa upa blok l 10, kelurahan minasa upa, kecamatan rappocini, kota makassar",7371031009,7371031,"btn minasa upa blok l 10, kelurahan minasa upa, kecamatan rappocini, kota makassar"
3284184,makassarpreneur,jl monginsidi baru,7371031010,7371031,jl monginsidi baru
3284931,nasteknik,"kompleks p & k blok e/8 jl mon emmy saelan rt.004 rw.015, gunung sari",7371031001,7371031,"kompleks p & k blok e/8 jl mon emmy saelan rt.004 rw.015, gunung sari"
3285225,slemmersindo makassar,jl hertasning,7371031006,7371031,jl hertasning
3285372,bumi niaga pratama,jl ir. sutami,7371031008,7371031,jl ir. sutami
3285775,lembaga gerakan masyarakat sosial sulsel (gms sulsel),"jl faizal xi no 45, banta-bantaeng",7371031007,7371031,"jl faizal xi no 45, banta-bantaeng"
3286345,amala,jl aroepala,7371031001,7371031,jl aroepala
3286366,macora cenning abadi,jl ap pettarani ruko new zamrud,7371031008,7371031,jl ap pettarani ruko new zamrud
3287043,sandy surya,btn minasa upa,7371031001,7371031,btn minasa upa
3289661,power intersarana solusi,jalan wijaya kusuma 1 blok k 6/ 23,7371031007,7371031,jalan wijaya kusuma 1 blok k 6/ 23
3290163,pt. haka utama - pt. bangkit bangun persada,jl ap pettarani ruko new zamrud,7371031008,7371031,jl ap pettarani ruko new zamrud
3290342,alam pratama,"jl tidung 8 no 242 rt 005 rw 007, mappala",7371031003,7371031,"jl tidung 8 no 242 rt 005 rw 007, mappala"
3290587,pentel siporio,jl a p pettarani,7371031001,7371031,jl a p pettarani
3290830,cold air,jl karunrung raya v no 15 rt 003 rw 009 karunrung,7371031002,7371031,jl karunrung raya v no 15 rt 003 rw 009 karunrung
3291174,rumah muslimah cendekia makassar,jl sungai saddang baru komp btn timurama,7371031010,7371031,jl sungai saddang baru komp btn timurama
3291914,wahana insaniah,jl landak baru lr 5c,7371031007,7371031,jl landak baru lr 5c
3292502,fion mandiri,jl  monumen emmy saelan,7371031001,7371031,jl  monumen emmy saelan
3293673,pelita timur,jl perumahan jipang permai,7371031002,7371031,jl perumahan jipang permai
3295115,artha faad medika,jl hertasning rsia sayang bunda,7371031006,7371031,jl hertasning rsia sayang bunda
3295234,namaz abadi,komp skarda n,7371031001,7371031,komp skarda n
3296125,mitra asta nusantara,jalan karunrung raya no.1,7371031002,7371031,jalan karunrung raya no.1
3296549,karya sejahtera,jl talasalapang,7371031001,7371031,jl talasalapang
3296992,sma muhammadiyah 1 unismuh,"jl sultan alauddin  no 259 rt 002 rw 014, gunung sari",7371031001,7371031,"jl sultan alauddin  no 259 rt 002 rw 014, gunung sari"
3297530,mandoti,perum anging mamiri residence,7371031002,7371031,perum anging mamiri residence
3297765,kumala prima motor,jl a.p.pettarani,7371031008,7371031,jl a.p.pettarani
3298313,aqeela land,btn minasa upa,7371031001,7371031,btn minasa upa
3298590,mahesa tunggal bakti,jl sultan alauddin kompleks bumi permata hijau,7371031001,7371031,jl sultan alauddin kompleks bumi permata hijau
3299577,adhitama persada indonesia,jl ap pettarani ruko new zamrud,7371031008,7371031,jl ap pettarani ruko new zamrud
3299709,nusa kurnia mandiri,minasa karya,7371031002,7371031,minasa karya
3299806,amaliyah insani,jl bumi 3 blok,7371031001,7371031,jl bumi 3 blok
3301061,"pt. wira karsa konstruksi - pt. raya sinergis, kso",jl bontomene 1,7371031007,7371031,jl bontomene 1
3301452,mega jaya sakti,"jl.tidung v stp.8 no.125 rt.003 rw.005, bonto makkio",7371031005,7371031,"jl.tidung v stp.8 no.125 rt.003 rw.005, bonto makkio"
3301897,hamidah sejahtera,"komplek p&k blok a1/5 jl talasapang 3, gunung sari",7371031001,7371031,"komplek p&k blok a1/5 jl talasapang 3, gunung sari"
3301969,prima karya,jl pettarani ruko new zamrud blok,7371031008,7371031,jl pettarani ruko new zamrud blok
3302584,eratehnik 97,jl wijaya kusuma komp kesehatan,7371031007,7371031,jl wijaya kusuma komp kesehatan
3302964,mina utama,"jl ap pettarani ruko bisnis centre 3 blok d7 rt 009 rw 004, masale",7371031008,7371031,"jl ap pettarani ruko bisnis centre 3 blok d7 rt 009 rw 004, masale"
3303526,iyan karya konstruksi,jl. jipang raya no. 7,7371031002,7371031,jl. jipang raya no. 7
3304081,al ikhlas hertasning,jl hertasning v,7371031006,7371031,jl hertasning v
3304586,kkm ra makassar iii,btn minasa upa,7371031,7371031,btn minasa upa
3304613,serba usaha hatimulti,"jl.mappala blok a5/10, mappala",7371031003,7371031,"jl.mappala blok a5/10, mappala"
3304966,surya melba,perum bumi bosowa permai,7371031001,7371031,perum bumi bosowa permai
3305381,thito agro mandiri,jl hertasning timur (belakang smp 33),7371031004,7371031,jl hertasning timur (belakang smp 33)
3305562,cetara bangun persada,jl a.p. pettarani,7371031008,7371031,jl a.p. pettarani
3305951,"waskita - adi jaya lima pradana, kso","jl ap pettarani no 88 rt 001 rw 001, buakana",7371031008,7371031,"jl ap pettarani no 88 rt 001 rw 001, buakana"
3306373,tiga mulia jaya,kompleks palm chrystal,7371031008,7371031,kompleks palm chrystal
3306694,rahmadhi,"jl.mappala komp.unm blok b.ii no.28, mappala",7371031003,7371031,"jl.mappala komp.unm blok b.ii no.28, mappala"
3306927,kebersamaan sejati sejahtera,perum puri taman sari,7371031004,7371031,perum puri taman sari
3307946,yayasan pendidikan telkom,jl ap pettarani,7371031001,7371031,jl ap pettarani
3308727,orange research indonesia,jl. monumen emmy saelan no. 37 a,7371031006,7371031,jl. monumen emmy saelan no. 37 a
3308858,buana teknik,"jl toddopuli i stp i blok 24 no 18, kassi-kassi",7371031004,7371031,"jl toddopuli i stp i blok 24 no 18, kassi-kassi"
3309005,soppeng utama,jl.tamalate ii blk.v,7371031004,7371031,jl.tamalate ii blk.v
3309172,biru langit wisata,jl hertasning baru btn minasa upa,7371031,7371031,jl hertasning baru btn minasa upa
3309332,h3 konstruksi,jl tidung 3 blok,7371031005,7371031,jl tidung 3 blok
3309532,lembaga pusat pendidikan dan pelatihan keuangan daerah,jl landak baru lr 2,7371031007,7371031,jl landak baru lr 2
3309915,agung mandiri sukses,"jl yusuf dg ngawing blok e19/1 rt.001 rw.003, kassi-kassi",7371031004,7371031,"jl yusuf dg ngawing blok e19/1 rt.001 rw.003, kassi-kassi"
3310252,janur arta mandiri,jl btn minasa upa,7371031002,7371031,jl btn minasa upa
3310349,ranggong nusantara indonesia,jl poros minasa upa raya,7371031001,7371031,jl poros minasa upa raya
3310400,damai hidayah haramain,jl a.p. pettarani,7371031008,7371031,jl a.p. pettarani
3310721,fadel karya rezky,"jl monumen emmy saelan no 35 rt 000 rw 003, tidung",7371031006,7371031,"jl monumen emmy saelan no 35 rt 000 rw 003, tidung"
3310798,boinzul sahabat nusantara,komp perum graha hasirah permai,7371031001,7371031,komp perum graha hasirah permai
3310999,rupa bumi indonesia,jl monumen emmy saelan komplek,7371031001,7371031,jl monumen emmy saelan komplek
3311019,agung rekatama,rappocini raya,7371031005,7371031,rappocini raya
3312740,lentera komunika sulawesi,"jl salemba no 14 rt.005 rw.017, gunung sari",7371031001,7371031,"jl salemba no 14 rt.005 rw.017, gunung sari"
3312896,pisang ijo ibu,st. alauddin lr al-azhar 1 / 10,7371031001,7371031,st. alauddin lr al-azhar 1 / 10
3313154,mitrakita,"komp.cokonuri no.25, gunung sari",7371031001,7371031,"komp.cokonuri no.25, gunung sari"
3313178,lambero center,jl. talasalapang,7371031001,7371031,jl. talasalapang
3313349,chabir djaya design,btn minasa upa blok,7371031001,7371031,btn minasa upa blok
3314247,rafi pratama,jl tidung 3 stp 2 blok,7371031005,7371031,jl tidung 3 stp 2 blok
3314906,ph abadi,"komplek permata hijau permai i no 35, kassi-kassi",7371031004,7371031,"komplek permata hijau permai i no 35, kassi-kassi"
3315491,ariyal insan albab,jl raya pendidikan,7371031006,7371031,jl raya pendidikan
3315657,yfd mega tambang,"jl landak baru no 94 a, banta-bantaeng",7371031007,7371031,"jl landak baru no 94 a, banta-bantaeng"
3315669,bimasakti putra pratama,jl. tidung 6 stp.10,7371031003,7371031,jl. tidung 6 stp.10
3316051,jaya lingga perkasa,jl hertasning baru komp anging mammiri residence,7371031002,7371031,jl hertasning baru komp anging mammiri residence
3316269,ananda jaya mandiri,btn minasa upa,7371031001,7371031,btn minasa upa
3316326,lintas celebes,jl yusuf dg ngawing,7371031006,7371031,jl yusuf dg ngawing
3317088,lembaga swadaya penelitian dan pengembangan pendidikan (lsp3) matutu,"jalan teduh bersinar, perumahan bosowa indah",7371031001,7371031,"jalan teduh bersinar, perumahan bosowa indah"
3317252,interpola mitra consultant,jl talasalapang iii,7371031001,7371031,jl talasalapang iii
3318420,geonet indonesia,"btn minasa upa blok k16 no. 9, gunung sari",7371031001,7371031,"btn minasa upa blok k16 no. 9, gunung sari"
3319879,perkasa makmur bersama,ruko alauddin plaza jalan sultan alauddin,7371031001,7371031,ruko alauddin plaza jalan sultan alauddin
3320305,lembaga pemberdayaan paradoks institute,"jl rappocini raya lr 8 no 7 rt.002 rw.002, buakana",7371031008,7371031,"jl rappocini raya lr 8 no 7 rt.002 rw.002, buakana"
3320397,faudry,jl talasalapang 1,7371031001,7371031,jl talasalapang 1
3321234,panti asuhan annisa,btn minasa upa,7371031,7371031,btn minasa upa
3321601,makassar outsource design dan multimedia,jl tamalate 6 stp 13,7371031004,7371031,jl tamalate 6 stp 13
3322039,sekolah tinggi ilmu sosial dan ilmiu politik (stisip) 17-8-1945 makassar,jl ap pettarani,7371031008,7371031,jl ap pettarani
3322855,kumala bintang cemerlang,jl ap pettarani kav. e 18,7371031006,7371031,jl ap pettarani kav. e 18
3322880,prima inti nasional,jl landak baru lr.10,7371031007,7371031,jl landak baru lr.10
3323699,era dwi konstruksi,jl btn minasa upa,7371031001,7371031,jl btn minasa upa
3323703,cahaya putri persada,jl btn minasa upa,7371031001,7371031,jl btn minasa upa
3324162,dzakki pratama,"btn.minasa upa a.1 no.19 a rt.001 rw.003, karunrung",7371031002,7371031,"btn.minasa upa a.1 no.19 a rt.001 rw.003, karunrung"
3324796,multicipta adhirancana,jl rumah sakit faisal vi,7371031007,7371031,jl rumah sakit faisal vi
3324922,dhani surya pratama,"jl.sungai saddang baru no.75 makassar, balla parang",7371031010,7371031,"jl.sungai saddang baru no.75 makassar, balla parang"
3325483,adi putra,btn minasa upa,7371031001,7371031,btn minasa upa
3325707,dewa sakti jaya,"jl tamalate 8 no 12 rt 001 rw 004, kassi-kassi",7371031004,7371031,"jl tamalate 8 no 12 rt 001 rw 004, kassi-kassi"
3326681,celebes indonesia realty,jl apettarani,7371031001,7371031,jl apettarani
3326739,prima unggul global,jl sultan alauddin ruko alauddin plaza,7371031001,7371031,jl sultan alauddin ruko alauddin plaza
3326815,makassar transit hotel,jl monumen emmy saelan,7371031001,7371031,jl monumen emmy saelan
3327137,tani muda sulawesi,jl toddopuli i,7371031004,7371031,jl toddopuli i
3327682,wali mining sulawesi,jl cilallang jaya,7371031008,7371031,jl cilallang jaya
3328842,temboan putra mandiri,jl. pelita raya tengah,7371031010,7371031,jl. pelita raya tengah
3328960,duta abadi jaya motor,jl rappocini raya,7371031009,7371031,jl rappocini raya
3329242,yayasan almarisah madani,jl wijaya kusuma raya no 8 rt 011 rw 001 banta-bantaeng,7371031007,7371031,jl wijaya kusuma raya no 8 rt 011 rw 001 banta-bantaeng
3329539,global mas solution,jl tidung ix stp i,7371031004,7371031,jl tidung ix stp i
3329648,piramida group,"jl hertasning baru perumahan anging mamiri blok a1 no 14 rt 010 rw 001, karunrung",7371031002,7371031,"jl hertasning baru perumahan anging mamiri blok a1 no 14 rt 010 rw 001, karunrung"
3329956,surya indah,"jl.hertasning barat iv no.50 rt.003 rw.001, bonto makkio",7371031005,7371031,"jl.hertasning barat iv no.50 rt.003 rw.001, bonto makkio"
3329967,mustika rezki,"jl hertasning blok e10/10 rt.001 rw.007, tidung",7371031006,7371031,"jl hertasning blok e10/10 rt.001 rw.007, tidung"
3330058,mutecom,jl pelita raya tengah,7371031010,7371031,jl pelita raya tengah
3330211,rekayasa bintang teknik,jl abd kadir,7371031010,7371031,jl abd kadir
3330546,pelita raya estate,jalan pelita raya nomor 42,7371031010,7371031,jalan pelita raya nomor 42
3330934,ikrah jasa,"komp.bumi permata hijau jl. bumi 2 blok b1 no.12a,rt.001/rw.020, gunung sari",7371031001,7371031,"komp.bumi permata hijau jl. bumi 2 blok b1 no.12a,rt.001/rw.020, gunung sari"
3331238,"kumala cemerlang abadi makassar, pt",jl ap petarani no 98 b,7371031008,7371031,jl ap petarani no 98 b
3331439,pusat koperasi kelautan dan maritim sul-sel,komp permata hijau lestari blok,7371031004,7371031,komp permata hijau lestari blok
3331516,zintara atma duta,jalan monumen emmy saelan btn agraria,7371031002,7371031,jalan monumen emmy saelan btn agraria
3332153,agung jaya mandiri,"jl.tidung 3 stp.6 blok.17/112, bonto makkio",7371031005,7371031,"jl.tidung 3 stp.6 blok.17/112, bonto makkio"
3333530,tunas bangsa kreatif,jl. tamalate iv setapak 16 no. 73,7371031004,7371031,jl. tamalate iv setapak 16 no. 73
3333556,tidar jaya,"jl.ap.pettarani iii lrg.6/4, buakana",7371031008,7371031,"jl.ap.pettarani iii lrg.6/4, buakana"
3333691,yayasan rumah kita sekarang,jalan nikel 1,7371031010,7371031,jalan nikel 1
3334344,panrita anugerah lestari,jalan aroepala hertasning baru nomor 7,7371031004,7371031,jalan aroepala hertasning baru nomor 7
3334600,alfa farmindo,"jl monumen emy saelan no 21/45 rt.003 rw.003, tidung",7371031006,7371031,"jl monumen emy saelan no 21/45 rt.003 rw.003, tidung"
3335697,fai sejahtera bersama,jl btn minasa upa,7371031,7371031,jl btn minasa upa
3335756,empat delapan mediatama,"komp.btn agraria blok v no.7, karunrung",7371031002,7371031,"komp.btn agraria blok v no.7, karunrung"
3336294,aliyah pratama,"btn minasa upa blk m5 no.8, gunung sari",7371031001,7371031,"btn minasa upa blk m5 no.8, gunung sari"
3337117,andhika prima reso,"hartaco indah blok iv i no.1 rt.003 rw.004, tidung",7371031006,7371031,"hartaco indah blok iv i no.1 rt.003 rw.004, tidung"
3337528,megatama sejahtera,btn minasa upa blok,7371031002,7371031,btn minasa upa blok
3337598,e-tirta medical centre,jl ap pettarani ruko pettarani centre,7371031008,7371031,jl ap pettarani ruko pettarani centre
3338157,monity jaya bersama,borong indah komp. pondok asri a.9,7371031004,7371031,borong indah komp. pondok asri a.9
3338182,andi sejahtera tours and travel,jl.skarda,7371031001,7371031,jl.skarda
3340498,mitra aman mandiri,jl. pelita raya,7371031008,7371031,jl. pelita raya
3340563,bai (bobbi agung indonesia),jl kompleks btn minasa upa,7371031002,7371031,jl kompleks btn minasa upa
3342329,geda nusa travel,jl hertasning baru aroepala,7371031001,7371031,jl hertasning baru aroepala
3342352,optimasi energi indonesia,jl perumahan btn minasa upa,7371031001,7371031,jl perumahan btn minasa upa
3342954,causa prima,komp. kodam gunung sari no 47,7371031009,7371031,komp. kodam gunung sari no 47
3342988,nacita karya,komp djipang permai dp 3/2,7371031002,7371031,komp djipang permai dp 3/2
3343256,luramay sambo,jl ap pettarani,7371031005,7371031,jl ap pettarani
3344588,afwan nur karya,jalan  bontolanra lorong 4 nomor 4,7371031007,7371031,jalan  bontolanra lorong 4 nomor 4
3345275,asia easy connectivity system,jl syech yusuf,7371031001,7371031,jl syech yusuf
3345529,alfa prima wisatama,jl landak baru,7371031007,7371031,jl landak baru
3345546,fadli jaya,"jl banta-bantaeng lr 4 no 16 rt.006 rw.005, banta-bantaeng",7371031007,7371031,"jl banta-bantaeng lr 4 no 16 rt.006 rw.005, banta-bantaeng"
3346578,nahdiyat,jl rappocini raya lr.9,7371031008,7371031,jl rappocini raya lr.9
3346860,multi sarana inspektama,perumahan btn minasa upa,7371031001,7371031,perumahan btn minasa upa
3347538,xla cipta perkasa,"jl rsi faisal xvi no 74, banta-bantaeng",7371031007,7371031,"jl rsi faisal xvi no 74, banta-bantaeng"
3347857,sitcomindo,jl ap pettarani,7371031010,7371031,jl ap pettarani
3348502,hanif arabian syabani,jalan monumen emmy saelan nomor 119,7371031006,7371031,jalan monumen emmy saelan nomor 119
3349228,cahaya mentari celebes,jl rsi faisal ruko ambasador,7371031007,7371031,jl rsi faisal ruko ambasador
3350126,nhana djafar,jl rappocini raya,7371031009,7371031,jl rappocini raya
3350365,madridista speedilindo,jl monumen emmy saelan,7371031006,7371031,jl monumen emmy saelan
3350502,lembaga paud terpadu al muhajirin,btn minasa upa,7371031001,7371031,btn minasa upa
3350738,aber naraki indonesia,jalan hertasning blok e10 nomor 8 c,7371031006,7371031,jalan hertasning blok e10 nomor 8 c
3351279,agung jaya abadi,"jl.monumen emmy saelan 3 no.5 rt.001 rw.001, karunrung",7371031002,7371031,"jl.monumen emmy saelan 3 no.5 rt.001 rw.001, karunrung"
3351711,teknotronik jaya perkasa,jl talasalapang perumahan graha asri estate,7371031001,7371031,jl talasalapang perumahan graha asri estate
3351851,karya haika,jl aroepala komp anging mamiri,7371031002,7371031,jl aroepala komp anging mamiri
3351995,agung pratama,jl ap pettarani selatan,7371031008,7371031,jl ap pettarani selatan
3352573,redzki pratama matajang,komp btn minasa upa blok g21,7371031,7371031,komp btn minasa upa blok g21
3353253,anugerah mulia global,btn agraria,7371031002,7371031,btn agraria
3353519,makassar sehat sentosa,jl ap pettarani,7371031009,7371031,jl ap pettarani
3353883,al imam ashim,"jl.tidung mariolo no.11b, tidung",7371031006,7371031,"jl.tidung mariolo no.11b, tidung"
3354140,alvindo feroz alkesindo,jl tamalate i,7371031003,7371031,jl tamalate i
3354573,ikatan nurani masyarakat indonesia,"jl.btn.minasa upa blok e.11 no.8, gunung sari",7371031001,7371031,"jl.btn.minasa upa blok e.11 no.8, gunung sari"
3355114,jasa sahabat,jl nikel 3,7371031010,7371031,jl nikel 3
3355540,aurora media utama,jl tidung x,7371031003,7371031,jl tidung x
3355627,rumah sakit islam faisal,jl andi pangerang pettarani,7371031007,7371031,jl andi pangerang pettarani
3356274,kembar,"kompleks permata hijau permai blok n6/17 rt.003 rw.001, mappala",7371031003,7371031,"kompleks permata hijau permai blok n6/17 rt.003 rw.001, mappala"
3356275,sawerigading pointa properti,jl hertasning kav e.7,7371031006,7371031,jl hertasning kav e.7
3358696,malilingi,jl sungai saddang baru,7371031010,7371031,jl sungai saddang baru
3359709,mahamaraja,jl rs faisal xiv,7371031007,7371031,jl rs faisal xiv
3360548,rai abadi,jl aroepala,7371031004,7371031,jl aroepala
3361095,almira mandiri sejahtera,jl btn minasa upa,7371031001,7371031,jl btn minasa upa
3361129,aryasatya dhafa putra,btn minasa upa,7371031,7371031,btn minasa upa
3361767,bumi putera sulawesi,jalan bumi 16 c5/5 bumi permata hijau alauddin,7371031001,7371031,jalan bumi 16 c5/5 bumi permata hijau alauddin
3362558,desa philindo permai,jl mappala 4,7371031006,7371031,jl mappala 4
3362892,pkbm lestari,"jl.kr bonto tangnga no.46, karunrung",7371031002,7371031,"jl.kr bonto tangnga no.46, karunrung"
3363451,iqra celebes mandiri,"gedung arun building lantai 3, jalan hertasning",7371031004,7371031,"gedung arun building lantai 3, jalan hertasning"
3363915,restu energi sepadan,jl. bumi 2 blok b.1 no. 9 bph,7371031001,7371031,jl. bumi 2 blok b.1 no. 9 bph
3364296,nonyda,"perumahan pondok alam perdana blok b/4 rt.006 rw.017, gunung sari",7371031001,7371031,"perumahan pondok alam perdana blok b/4 rt.006 rw.017, gunung sari"
3364700,nusantara abadi travel,jl tamalate 1,7371031005,7371031,jl tamalate 1
3364760,azzahra wisata religi,jl sultan alauddin ruko plaza alauddin,7371031001,7371031,jl sultan alauddin ruko plaza alauddin
3365337,daf,jl mon.emmy saelan komp monumen mutiara,7371031001,7371031,jl mon.emmy saelan komp monumen mutiara
3366962,surya buakana lestari,"jl skarda n komplek mangasa permai blok w/2 rt 004 rw 019, gunung sari",7371031001,7371031,"jl skarda n komplek mangasa permai blok w/2 rt 004 rw 019, gunung sari"
3367451,bangun anugrah,"komplek pws jeneberang jl jenelata no c9 rt.001 rw.005, karunrung",7371031002,7371031,"komplek pws jeneberang jl jenelata no c9 rt.001 rw.005, karunrung"
3367908,hesarfanti,"komplek kodam gunung sari no 28 jl mon emmy saelan rt.003 rw.017, gunung sari",7371031001,7371031,"komplek kodam gunung sari no 28 jl mon emmy saelan rt.003 rw.017, gunung sari"
3368275,fajarutama konstruksi,jl hertasning raya,7371031006,7371031,jl hertasning raya
3368735,garis khatulistiwa,jl pelita raya 2,7371031008,7371031,jl pelita raya 2
3368740,ashila nur,"jl pelita blok a10/12, balla parang",7371031010,7371031,"jl pelita blok a10/12, balla parang"
3371247,cipta konstruksindo,jl rappocini raya,7371031009,7371031,jl rappocini raya
3371581,puncak everest,jl ballaparang iii,7371031010,7371031,jl ballaparang iii
3371808,cipta gelegar,jl  ap. pettarani centre,7371031008,7371031,jl  ap. pettarani centre
3371812,gammara diva wisata,jl talasalapang raya,7371031001,7371031,jl talasalapang raya
3372146,partai gerakan perubahan indonesia (garuda),jl hertasning ix,7371031006,7371031,jl hertasning ix
3372925,savitri med,"jl sungai saddang baru blok a11/7a rt.003 rw.008, balla parang",7371031010,7371031,"jl sungai saddang baru blok a11/7a rt.003 rw.008, balla parang"
3373964,rj fotografi makassar,komp permata hijau permai blok,7371031004,7371031,komp permata hijau permai blok
3374477,arib citra utama,"jl aroepala timur no 125/62 rt 004 rw 013, gunung sari",7371031001,7371031,"jl aroepala timur no 125/62 rt 004 rw 013, gunung sari"
3374660,surya pangan indonesia,jl sultan alauddin,7371031001,7371031,jl sultan alauddin
3375582,ayam merah production,komplek kodam gunung sari,7371031001,7371031,komplek kodam gunung sari
3375644,dhio tehnik utama,rappocini raya lorong 11 d/15 rt/rw 001/005,7371031008,7371031,rappocini raya lorong 11 d/15 rt/rw 001/005
3375894,wali-wali,jl rappocini raya lr 5,7371031009,7371031,jl rappocini raya lr 5
3376524,nifira wahana,jl hertasning vii,7371031006,7371031,jl hertasning vii
3377157,bina citra utama,"jl sultan alauddin ii no 184 rt.001 rw.005, gunung sari",7371031001,7371031,"jl sultan alauddin ii no 184 rt.001 rw.005, gunung sari"
3377373,pos bantuan hukum ( posbakum ) adin makassar,jl.ap.pettarani new ruko zamrud,7371031008,7371031,jl.ap.pettarani new ruko zamrud
3378951,happynez group pratama,jl. mon emmy saelan iii d no. 3 b/10,7371031006,7371031,jl. mon emmy saelan iii d no. 3 b/10
3381136,lembaga barisan garuda merah putih (bgmp),jl btn husada caddi,7371031007,7371031,jl btn husada caddi
3384128,ardita nur prima,komplek permata hijau permai blok p2/11 rt 002 rw 014 kassi-kassi,7371031004,7371031,komplek permata hijau permai blok p2/11 rt 002 rw 014 kassi-kassi
3384175,nur fadilla,"jl tidung raya blok 15/81c rt.002 rw.005, bonto makkio",7371031005,7371031,"jl tidung raya blok 15/81c rt.002 rw.005, bonto makkio"
3384982,ono-ono putra,jl karunrung raya komp bkkbn blok blok d no 3 rt 001 rw 001,7371031002,7371031,jl karunrung raya komp bkkbn blok blok d no 3 rt 001 rw 001
3385083,hezkia jaya,"jl.jipang raya bumi palem blk r/12, gunung sari",7371031001,7371031,"jl.jipang raya bumi palem blk r/12, gunung sari"
3385188,pratama media teknik,"perumahan graha asri estate blok a/2 rt.003 rw.014, gunung sari",7371031001,7371031,"perumahan graha asri estate blok a/2 rt.003 rw.014, gunung sari"
3386051,randeng wirayaqhsa,"btn minasa upa blok n20/12 rt 004 rw 013, gunung sari",7371031001,7371031,"btn minasa upa blok n20/12 rt 004 rw 013, gunung sari"
3386524,kelompok bermain wijaya kusuma,jl wijaya kusuma,7371031007,7371031,jl wijaya kusuma
3386741,elektrina,btn minasa upa,7371031001,7371031,btn minasa upa
3387858,bintang makassar raya,jl prof.dr.ir.sutami,7371031007,7371031,jl prof.dr.ir.sutami
3387899,swasembada utama mandiri,"jl bonto dg ngirate blok 20/80 rt.003 rw.005, bonto makkio",7371031005,7371031,"jl bonto dg ngirate blok 20/80 rt.003 rw.005, bonto makkio"
3388743,ramesan multi sarana,"jl mahoni no 114 rt 005 rw 009, kassi-kassi",7371031004,7371031,"jl mahoni no 114 rt 005 rw 009, kassi-kassi"
3388906,cahaya rizqi fatar,jl sekolah guru perawat,7371031002,7371031,jl sekolah guru perawat
3389246,bfi finance indonesia tbk.,jl aroepala (hertasning baru),7371031004,7371031,jl aroepala (hertasning baru)
3389705,briona,jl mon. emmy saelan lr 07,7371031006,7371031,jl mon. emmy saelan lr 07
3389810,solid energi indonesia,jl beringin vi,7371031004,7371031,jl beringin vi
3390482,kreatif lenggara,"perumahan griya fajar mas blok c/11ajl st alauddin rt.004 rw.003, gunung sari",7371031001,7371031,"perumahan griya fajar mas blok c/11ajl st alauddin rt.004 rw.003, gunung sari"
3392169,duta indonesia baru,"jl.tidung vii no.14 rt.001 rw.006, tidung",7371031006,7371031,"jl.tidung vii no.14 rt.001 rw.006, tidung"
3392222,tujuh delapan delapan,jl ap pettarani ruko zamrud,7371031008,7371031,jl ap pettarani ruko zamrud
3392476,karya jaman utama,"komp.maizonette jl.bougenville raya no.70 rt.002/rw.008,paropo",7371031004,7371031,"komp.maizonette jl.bougenville raya no.70 rt.002/rw.008,paropo"
3392940,azizah balla parang,"jl.kelapa tiga no.09 rt.004 rw.006, balla parang",7371031010,7371031,"jl.kelapa tiga no.09 rt.004 rw.006, balla parang"
3393141,tytyan prima pakarti,jl wijaya kusuma raya,7371031007,7371031,jl wijaya kusuma raya
3393770,rida,btn minasa upa,7371031001,7371031,btn minasa upa
3393789,cv. sembilan propertindo,skarda n kompleks 9 residence no 1-2,7371031001,7371031,skarda n kompleks 9 residence no 1-2
3394647,cv psikologi progres,jalan mapala,7371031006,7371031,jalan mapala
3394931,murni abadi,"jl. rsi faisal raya i no 3 rt 009 rw 002, banta-bantaeng",7371031007,7371031,"jl. rsi faisal raya i no 3 rt 009 rw 002, banta-bantaeng"
3395086,hukum digital indonesia,jln. yusuf dg ngawi kompleks pemda e24/2,7371031006,7371031,jln. yusuf dg ngawi kompleks pemda e24/2
3397469,duo salsabila kosmetika,jl. karunrung raya no. 53a,7371031002,7371031,jl. karunrung raya no. 53a
3398926,universal pers orbit sejahtera,jl. aroepala kompleks halmin residence no 1,7371031003,7371031,jl. aroepala kompleks halmin residence no 1
3399172,komunitas pemuda untuk perubahan sulsel (kppss) pusat sulsel,btn minasa upa blok n16/9 rt 002 rw 013 gunung sari,7371031001,7371031,btn minasa upa blok n16/9 rt 002 rw 013 gunung sari
3399899,kelompok kerja pengawas madrasah (pokjawasmad) kota makassar,jl rappocini raya,7371031008,7371031,jl rappocini raya
3402299,tunas bonanda jaya,jl.rappocini raya komp.pertamina,7371031008,7371031,jl.rappocini raya komp.pertamina
3402948,budi karya,jl btn minasa upa blok,7371031,7371031,jl btn minasa upa blok
3403020,jaga sarana kencana,"kompleks permata hijau permai blok h, no.7 a",7371031004,7371031,"kompleks permata hijau permai blok h, no.7 a"
3403152,charakatiga makassar,jl minasa upa permai blok g 19,7371031,7371031,jl minasa upa permai blok g 19
3403265,kirani media wisata,jl pengayoman komp tps 1,7371031008,7371031,jl pengayoman komp tps 1
3403379,akya piiz pratama,jl tamalate,7371031004,7371031,jl tamalate
3403381,phinisi jelajah nusantara,jl cilallang,7371031008,7371031,jl cilallang
3404493,adi raya,jl tidung raya,7371031005,7371031,jl tidung raya
3404532,soraya sukses sejahtera,jalan talasalapang nomor 42.,7371031001,7371031,jalan talasalapang nomor 42.
3404694,pemerhati kanal indonesia (yapkindo),jl rsi faisal 18,7371031007,7371031,jl rsi faisal 18
3405009,warifah anugrah sejahtera,komp mangasa permai,7371031001,7371031,komp mangasa permai
3405499,cipta kreasi konsultan,"jl.aroepala komp.php blok j no.29 rt.000 rw.000, kassi-kassi",7371031004,7371031,"jl.aroepala komp.php blok j no.29 rt.000 rw.000, kassi-kassi"
3405633,lembaga toaccae institute,"jl minasa upa timur 22 blok j3/15 rt.003 rw.012, gunung sari",7371031001,7371031,"jl minasa upa timur 22 blok j3/15 rt.003 rw.012, gunung sari"
3406480,mutia karya abadi,jl faisal 12,7371031009,7371031,jl faisal 12
3406483,farida sehat primamedika,jl aroepala (hertasning baru),7371031002,7371031,jl aroepala (hertasning baru)
3406769,cahaya tunggal sejahtera,jl monginsidi baru,7371031009,7371031,jl monginsidi baru
3406894,mitra utama,"komplek bosowa permai blok a2/14 rt 001 rw 026, gunung sari",7371031001,7371031,"komplek bosowa permai blok a2/14 rt 001 rw 026, gunung sari"
3407306,karya nurlia mandiri,jl landak baru,7371031007,7371031,jl landak baru
3407696,maraja berkah abadi,jalan skarda n komp mangasa permai t1/3,7371031001,7371031,jalan skarda n komp mangasa permai t1/3
3408069,bintang selatan motor,jl aroepala hertasning baru,7371031001,7371031,jl aroepala hertasning baru
3413066,sarfan inti travel,jl ap pettarani ruko pettarani centre,7371031008,7371031,jl ap pettarani ruko pettarani centre
3413820,mulia rizq almunawwarah,jalan hertasning baru blok x / 1 a,7371031004,7371031,jalan hertasning baru blok x / 1 a
3415772,karisma anugerahi tekhnikindo,jalan monumen emmy saelan 3 ruko iii,7371031006,7371031,jalan monumen emmy saelan 3 ruko iii
3416360,raconvec indonesia,komp anging mamiri residence makassar blok,7371031002,7371031,komp anging mamiri residence makassar blok
3417306,karya toha putra,jl st alauddin,7371031001,7371031,jl st alauddin
3418807,wiraguna abadi,jl yusuf dg ngawing/ ap pettarani blok,7371031006,7371031,jl yusuf dg ngawing/ ap pettarani blok
3418849,en3 green energy,jl komp pu jeneberang,7371031002,7371031,jl komp pu jeneberang
3419326,kiboya,jl landak baru no. 58 rt.000 rw.000,7371031007,7371031,jl landak baru no. 58 rt.000 rw.000
3419620,amanda,jl sultan alauddin ruko alauddin plaza off ba,7371031001,7371031,jl sultan alauddin ruko alauddin plaza off ba
3420231,graha mitra sukses,jl bonto langkasa blok,7371031007,7371031,jl bonto langkasa blok
3420550,taka karya abadi,jl hertasning,7371031005,7371031,jl hertasning
3420561,era mandiri,jl. jipang raya ruko mustika mega sari blok a2 no.8 rt/rw /,7371031001,7371031,jl. jipang raya ruko mustika mega sari blok a2 no.8 rt/rw /
3421255,lemb.prospek human capital development,jl tamalate selatan,7371031006,7371031,jl tamalate selatan
3422399,tri pilar konstruksi,jl. aroepala komp. permata hijau permai,7371031004,7371031,jl. aroepala komp. permata hijau permai
3422737,malabo,"btn minasa upa blok k1/1, gunung sari",7371031001,7371031,"btn minasa upa blok k1/1, gunung sari"
3423490,megah permata mulia,jl landak baru,7371031007,7371031,jl landak baru
3423715,pendidikan dan profesi bahari nusantara,jl aroepala komp harmony town house,7371031003,7371031,jl aroepala komp harmony town house
3423840,sahabat mandiri,komp phinisi residence blok b,7371031007,7371031,komp phinisi residence blok b
3424678,maspul barokah ilahi,jalan sungai saddang baru no. 12 a,7371031010,7371031,jalan sungai saddang baru no. 12 a
3425230,karsa mandiri,"jl cilallang jaya no 70 rt 002 rw 002, buakana",7371031008,7371031,"jl cilallang jaya no 70 rt 002 rw 002, buakana"
3426423,murtadha,"komplek pemda blok e21/15 jl ap pettarani rt 002 rw 005, tidung",7371031006,7371031,"komplek pemda blok e21/15 jl ap pettarani rt 002 rw 005, tidung"
3426434,dameka,jl tamalate iii,7371031003,7371031,jl tamalate iii
3426457,rezki abadi,"jl tidung vii stp 5 blok 12/209 rt.004 rw.007, mappala",7371031003,7371031,"jl tidung vii stp 5 blok 12/209 rt.004 rw.007, mappala"
3426472,mitra penjamin syariah,btn minasa upa blok l. 13 no. 19,7371031,7371031,btn minasa upa blok l. 13 no. 19
3426671,tanro mandiri,jl rsi faisal xiv,7371031007,7371031,jl rsi faisal xiv
3427174,adillah anugrah tours and travel,"jl.tamalate ix stp i no 13, kassi-kassi",7371031004,7371031,"jl.tamalate ix stp i no 13, kassi-kassi"
3427781,komite nasional keselamatan untuk instalasi listrik,jl letjen hertasning kantor pt pln (persero),7371031004,7371031,jl letjen hertasning kantor pt pln (persero)
3428115,alfa farmindo makassar,jl monumen emmy saelan,7371031006,7371031,jl monumen emmy saelan
3428955,alam sultra jaya,jalan hertasning i,7371031006,7371031,jalan hertasning i
3429103,ghaisan utama indomedia,"komp mangasa permai ruko no 6, gunung sari",7371031001,7371031,"komp mangasa permai ruko no 6, gunung sari"
3429701,faber-castell international indonesia,jl hertasning barat,7371031006,7371031,jl hertasning barat
3431061,koperasi baitul maal wat tamwil (bmt) insan madani,"jl talasalapang raya no 64c, karunrung",7371031002,7371031,"jl talasalapang raya no 64c, karunrung"
3432130,poin atalia,jl raya pendidikan komp. balla panakkukang,7371031006,7371031,jl raya pendidikan komp. balla panakkukang
3434100,bakkah elmanasik altijaria,jl a p pettarani,7371031007,7371031,jl a p pettarani
3434874,bina rimba indonesia,komplek pemda blok e28/9 jl ap pettarani rt 004 rw 005 tidung,7371031006,7371031,komplek pemda blok e28/9 jl ap pettarani rt 004 rw 005 tidung
3435218,timur anugerah abadi,"perumahan graha mappala permai blok a/1 rt.005 rw.008, tidung",7371031006,7371031,"perumahan graha mappala permai blok a/1 rt.005 rw.008, tidung"
3435541,anugrah griya utama,"jl.wijaya kusuma ii no.7 rt.011 rw.001, banta-bantaeng",7371031007,7371031,"jl.wijaya kusuma ii no.7 rt.011 rw.001, banta-bantaeng"
3436301,samudra alifmim indonesia,jalan tidung 6 stp 8 no. 108,7371031003,7371031,jalan tidung 6 stp 8 no. 108
3437393,hilalnarafit mulia mandiri,jl tidung vii blok,7371031003,7371031,jl tidung vii blok
3437470,muatan teknik mulia,btn minasa upa,7371031001,7371031,btn minasa upa
3437618,haka utama-fadel utama perkasa (kso),jl ap pettarani ruko new zamrud,7371031008,7371031,jl ap pettarani ruko new zamrud
3438845,ashira tekkin utama,komp bumi bosowa permai,7371031001,7371031,komp bumi bosowa permai
3439676,dzet multi karya,jl bontolanra,7371031007,7371031,jl bontolanra
3440371,amerta akasa atma,jl hertasning komp permata hijau permai,7371031004,7371031,jl hertasning komp permata hijau permai
3441014,mutiara unggul mulia,jl. mappala no. 8 (komp. pemda e23/31),7371031006,7371031,jl. mappala no. 8 (komp. pemda e23/31)
3442265,manifesto media indonesia,jalan pelita utara 3 no. 8a,7371031010,7371031,jalan pelita utara 3 no. 8a
3442403,al-ikhlas,jl pelita raya vi,7371031008,7371031,jl pelita raya vi
3442774,tristar sulawesi mandiri,jl pelita raya viii,7371031008,7371031,jl pelita raya viii
3442955,borneo one ventures,jl pelita raya,7371031010,7371031,jl pelita raya
3443228,bintang sinar jaya,"jl hertasning vi no 12 rt.000 rw.000, tidung",7371031006,7371031,"jl hertasning vi no 12 rt.000 rw.000, tidung"
3443984,pelangi,jl monumen emmy saelan 4,7371031006,7371031,jl monumen emmy saelan 4
3444465,tri putra jaya consultant,"komplek bumi permata hijau jl bumi 22 blok d6/10 rt 006 rw 020, gunung sari",7371031001,7371031,"komplek bumi permata hijau jl bumi 22 blok d6/10 rt 006 rw 020, gunung sari"
3447209,senindo perkasa,"jl makkio baji 5 no 21 rt 004 rw 003, tidung",7371031006,7371031,"jl makkio baji 5 no 21 rt 004 rw 003, tidung"
3447868,energi nine nine,jl aeropala perum anging mammiri blok d3,7371031002,7371031,jl aeropala perum anging mammiri blok d3
3448331,asmalia grafika,jl karunrung raya v,7371031002,7371031,jl karunrung raya v
3448565,multi talenta sukses,jl jipang raya perum villa mega sari blok,7371031001,7371031,jl jipang raya perum villa mega sari blok
3448766,bumi konstrindo,jl btn minasa upa,7371031,7371031,jl btn minasa upa
3448809,insan hijrah mulia,btn minasa upa blok j 4 nomor 7,7371031009,7371031,btn minasa upa blok j 4 nomor 7
3448956,apotek sejati farma,rappocini raya,7371031009,7371031,rappocini raya
3449064,lamute bahagia utama,jl landak baru,7371031007,7371031,jl landak baru
3449237,sarana insan wisata,jl ap pettarani ruko new zamrud blok,7371031008,7371031,jl ap pettarani ruko new zamrud blok
3449328,mediasi multi jasa,jl tamalate iv stp.4,7371031004,7371031,jl tamalate iv stp.4
3449411,tri jaya mandiri,"jl.tidung ii blok 21 no.67, bonto makkio",7371031005,7371031,"jl.tidung ii blok 21 no.67, bonto makkio"
3450438,seni kreasi karya amanah,"jl rs islam faisal ruko ambasador no 8 rt 000 rw 000, kassi-kassi",7371031004,7371031,"jl rs islam faisal ruko ambasador no 8 rt 000 rw 000, kassi-kassi"
3450757,mario kreatif,jl landak baru komp nusa landak mas blok,7371031007,7371031,jl landak baru komp nusa landak mas blok
3450904,maritza indo madani,komp anging mamiri residence,7371031002,7371031,komp anging mamiri residence
3452839,berlian utama,jl landak baru,7371031007,7371031,jl landak baru
3452992,mutia karya mandiri,"jl.tidung 8 no.185 rt.003 rw.002, tidung",7371031006,7371031,"jl.tidung 8 no.185 rt.003 rw.002, tidung"
3455253,cipta prima mulya abadi,btn minasa upa,7371031001,7371031,btn minasa upa
3455900,sobo karti,"jl.aroepala samping smp 40 tembusan komp. anggrek minasa upa,rt.004/rw.010,gunung sari",7371031001,7371031,"jl.aroepala samping smp 40 tembusan komp. anggrek minasa upa,rt.004/rw.010,gunung sari"
3455985,cnr maju bersama,jl. a.p. pettarani blok b 4,7371031008,7371031,jl. a.p. pettarani blok b 4
3456002,perkumpulan alumni sma negeri 5 makassar,jl landak baru lorong viii,7371031007,7371031,jl landak baru lorong viii
3456082,citra dwi karyadi mandiri,jl pelita raya,7371031010,7371031,jl pelita raya
3457342,taman kanak-kanak azizah,jl kelapa tiga,7371031010,7371031,jl kelapa tiga
3457568,medika gunung sari,jl sultan alauddin,7371031001,7371031,jl sultan alauddin
3458311,surya perdana,jl tamalate i tidung 4 stp 5 no 38 rt 000 rw 000 bonto makkio,7371031005,7371031,jl tamalate i tidung 4 stp 5 no 38 rt 000 rw 000 bonto makkio
3459141,dipa megah perkasa,jl hertasning,7371031008,7371031,jl hertasning
3459991,mulya sakti jo intishar karya,komplek permata hijau permai,7371031004,7371031,komplek permata hijau permai
3460648,likifina halin maskom,jl pelita raya tengah,7371031010,7371031,jl pelita raya tengah
3460847,tunggal jaya dwiperkasa,jl permata hijau permai blok,7371031004,7371031,jl permata hijau permai blok
3461040,utama sukses,jl permata hijau lestari p18,7371031004,7371031,jl permata hijau lestari p18
3462397,sinar pratiwi,jl talasalapang perumahan graha asri,7371031001,7371031,jl talasalapang perumahan graha asri
3462907,pincara abadi sejahtera,jalan pelita vi blok a 34 nomor 7,7371031008,7371031,jalan pelita vi blok a 34 nomor 7
3463282,karya penta gemilang,jl. pelita raya,7371031010,7371031,jl. pelita raya
3463842,surya medica,"jl.karunrung raya no.2c, karunrung",7371031002,7371031,"jl.karunrung raya no.2c, karunrung"
3464222,antel alkesindo,jl rappocini raya lr 5e rt 000 rw 000 rappocini,7371031009,7371031,jl rappocini raya lr 5e rt 000 rw 000 rappocini
3464923,kuala kencana sejahtera,jl. sultan alauddin,7371031001,7371031,jl. sultan alauddin
3465235,karya etam bersama - wicaksana konstruksi (kso),jl sultan alauddin komp. griya fajar mas,7371031001,7371031,jl sultan alauddin komp. griya fajar mas
3465777,raja advertising,"jl tamalate iv no 17 rt 003 rw 002, kassi-kassi",7371031004,7371031,"jl tamalate iv no 17 rt 003 rw 002, kassi-kassi"
3466595,riestadel,jl skarda n ii perum grand permai,7371031001,7371031,jl skarda n ii perum grand permai
3467528,cisana jaya karya,jl. landak baru,7371031007,7371031,jl. landak baru
3469644,sri rama,jl pendidikan  i,7371031006,7371031,jl pendidikan  i
3470125,arita fatra nusantara,jl mon. emmy saelan iii/skarda n,7371031006,7371031,jl mon. emmy saelan iii/skarda n
3470362,bersama bangun properti,jalan minasa sari blok b.16 nomor 1,7371031001,7371031,jalan minasa sari blok b.16 nomor 1
3471861,osman utama,jl rizal,7371031001,7371031,jl rizal
3472275,majelis taklim persatuan wanita tarbiyah islamiyah (perwati),jl landak baru,7371031007,7371031,jl landak baru
3473082,balla damai indonesia,komp btn minasa upa,7371031,7371031,komp btn minasa upa
3473484,andi budhialam,jl btn minasa upa,7371031,7371031,jl btn minasa upa
3473829,aerotama globalindo,komplek btn minasa upa,7371031001,7371031,komplek btn minasa upa
3474244,marfotic indonesia,jl jipang raya perum villa mega sari,7371031001,7371031,jl jipang raya perum villa mega sari
3474342,issani muda mandiri,jl landak baru,7371031007,7371031,jl landak baru
3474439,karya prima consultant,btn minasa upa,7371031001,7371031,btn minasa upa
3476143,permata bangun indo,jl aroepala permata hijau permai,7371031004,7371031,jl aroepala permata hijau permai
3476396,diva makmur sejahtera,jl nila (perumahan bumi pesona pelangi),7371031001,7371031,jl nila (perumahan bumi pesona pelangi)
3476796,imb motor,jl andi pangeran pettarani kav i,7371031006,7371031,jl andi pangeran pettarani kav i
3476848,artha 92 jaya oto,jl tidung 9 stp 3 blok,7371031003,7371031,jl tidung 9 stp 3 blok
3476949,royal medika prima,jl tidung 5 stp 9,7371031005,7371031,jl tidung 5 stp 9
3476956,graha sejati medika,jl rappocini raya,7371031009,7371031,jl rappocini raya
3477300,saluttoa parigi nusantara,jl cilallang jaya lorong i a,7371031008,7371031,jl cilallang jaya lorong i a
3477440,bajas mitra utama,jalan raya pendidikan komp. balla panakkukang a-7,7371031006,7371031,jalan raya pendidikan komp. balla panakkukang a-7
3478290,mario tommy nawa,jl bakti iii,7371031010,7371031,jl bakti iii
3478682,indoraya kuantitas,jl btn angin mammiri residence,7371031002,7371031,jl btn angin mammiri residence
3479435,masindo networks,"jl pendidikan blok blok b3 no 12 rt 001 rw 003, tidung",7371031006,7371031,"jl pendidikan blok blok b3 no 12 rt 001 rw 003, tidung"
3479645,karya rizqi,"jl.btn minasa upa blok n 12/7, gunung sari",7371031001,7371031,"jl.btn minasa upa blok n 12/7, gunung sari"
3479741,pitu anugrah utama,"jl. monumen emmy saelan no. 14 k, gunung sari",7371031001,7371031,"jl. monumen emmy saelan no. 14 k, gunung sari"
3480925,global interior kosong toedjoe,jl bontomene i,7371031007,7371031,jl bontomene i
3481432,lpk andi`s,"komp.btn ii mangasa blok l1/1 rt.002 rw.019, gunung sari",7371031001,7371031,"komp.btn ii mangasa blok l1/1 rt.002 rw.019, gunung sari"
3482653,dinamika indonesia grup,jl kompleks kodam,7371031001,7371031,jl kompleks kodam
3482864,griya tamalate asri,jl skarda n 4 perum griya tamalate asri,7371031002,7371031,jl skarda n 4 perum griya tamalate asri
3484217,dendhy sakti abadi,"jl.aroepala no.2,rt.002/rw.005, kassi-kassi",7371031004,7371031,"jl.aroepala no.2,rt.002/rw.005, kassi-kassi"
3484233,unilever indonesia tbk.,jl hertasning,7371031006,7371031,jl hertasning
3486115,hanggar talasalapang,talasalapang raya komp.ruko exclusive business centre,7371031001,7371031,talasalapang raya komp.ruko exclusive business centre
3486522,bumi agung sedayu,jl hertasning baru anging mammiri residence,7371031002,7371031,jl hertasning baru anging mammiri residence
3487604,panji neikindo,komp btn minasa upa blok,7371031001,7371031,komp btn minasa upa blok
3487826,tk modern tadika puri,jl aroepala hertasning baru perum anging mammiri,7371031002,7371031,jl aroepala hertasning baru perum anging mammiri
3488699,m akbar ali polanunu,jl. ap pettarani,7371031006,7371031,jl. ap pettarani
3489027,telaga cahaya nusantara,jl wijaya kusuma raya i,7371031007,7371031,jl wijaya kusuma raya i
3489502,teksas jaya perkasa,tidung 4 stapak 2,7371031005,7371031,tidung 4 stapak 2
3489777,agung abadi farma,jl jipang raya komp bumi palem,7371031001,7371031,jl jipang raya komp bumi palem
3489823,widya jasa mandiri,"btn minasa upa blok e8 no.4 rt.001 rw.017, gunung sari",7371031001,7371031,"btn minasa upa blok e8 no.4 rt.001 rw.017, gunung sari"
3492792,flying fox,jl rappocini raya lr 9,7371031008,7371031,jl rappocini raya lr 9
3494081,nurhaerani,jl borong indah komp puri taman sari,7371031004,7371031,jl borong indah komp puri taman sari
3494502,adil faadhil konsultan,perumahan btn minasa upa,7371031001,7371031,perumahan btn minasa upa
3495267,hendra berlian mandiri,"jalan aroepala, halmi residence blok d 7",7371031002,7371031,"jalan aroepala, halmi residence blok d 7"
3495436,cahaya abdichel,jl kelapa tiga gang 2,7371031010,7371031,jl kelapa tiga gang 2
3496340,makassar satu indonesia,"jl.mappala blok b.3 no.3 rw.004, gunung sari",7371031001,7371031,"jl.mappala blok b.3 no.3 rw.004, gunung sari"
3496451,kelompok masyarakat (pokmas) nikarannuang,jl andi djemma no. 59,7371031007,7371031,jl andi djemma no. 59
3496548,gelas bumi,"btn minasa upa blok k14/13 rt 004 rw 010, gunung sari",7371031001,7371031,"btn minasa upa blok k14/13 rt 004 rw 010, gunung sari"
3497217,neptunus nugraha,komplek pergudangan p. loe indah jl ir. sutami hall 4,7371031007,7371031,komplek pergudangan p. loe indah jl ir. sutami hall 4
3497411,tiga sukses,jl jipang raya perum villa mega sari,7371031001,7371031,jl jipang raya perum villa mega sari
3497735,baja sulawesi mandiri,jl timah 1,7371031010,7371031,jl timah 1
3497916,energi asa,"jl.tamalate vi stp.12 no.197 rt.003 rw.003, kassi-kassi",7371031004,7371031,"jl.tamalate vi stp.12 no.197 rt.003 rw.003, kassi-kassi"
3498138,kusuma makmur jaya,jl rappocini raya,7371031008,7371031,jl rappocini raya
3499228,berkah bersama sedekah,aroeppala kompleks perumahan permata hijau lestari,7371031004,7371031,aroeppala kompleks perumahan permata hijau lestari
3499763,paindo raya,jl toddopuli vi komp puri taman sari,7371031004,7371031,jl toddopuli vi komp puri taman sari
3500000,prilly medika utama,jl ap pettarani ruko new zamrud blok,7371031008,7371031,jl ap pettarani ruko new zamrud blok
3501420,sinar tegar putri tunggal,"jl.tembusan tamalate ii blok n6 no.2c,kel.mappala,kec.rappocini",7371031003,7371031,"jl.tembusan tamalate ii blok n6 no.2c,kel.mappala,kec.rappocini"
3502265,pt haka utama-pt latanindo graha persada-pt alam lintas indonesia (kso),jl  ap pettarani ruko new zamrud,7371031008,7371031,jl  ap pettarani ruko new zamrud
3502527,kosmetikatama super indah,komp bph bumi 21,7371031001,7371031,komp bph bumi 21
3502873,jusar group,komp btn minasa upa,7371031001,7371031,komp btn minasa upa
3503210,aries kencana indah,jl.hertasning barat iv,7371031005,7371031,jl.hertasning barat iv
3504054,huzfad mining internasional,jl rsi faisal xvii,7371031007,7371031,jl rsi faisal xvii
3504336,"pt.rajawali jaya sakti contrindo-pt. asmah hastini,kso",jl wijaya kusuma komplek kesehatan,7371031007,7371031,jl wijaya kusuma komplek kesehatan
3504533,subur wijaya,jl tidung 9 stp 5,7371031003,7371031,jl tidung 9 stp 5
3504904,"pt. indah seratama - pt. asmah hastini, kso",jl wijaya kusuma ko kesehatan,7371031007,7371031,jl wijaya kusuma ko kesehatan
3506972,office solutions,jl andi pangeran pettarani lantai 1 blok,7371031006,7371031,jl andi pangeran pettarani lantai 1 blok
3507084,turi raih saro,jl talasalapang raya,7371031001,7371031,jl talasalapang raya
3507171,citra berita,"jl sungai saddang baru no 39, balla parang",7371031010,7371031,"jl sungai saddang baru no 39, balla parang"
3507910,putra mandiri,"jl.syech yusuf komp.kodam vii wrb.b/14 katangka rt.001 rw.002, gunung sari",7371031001,7371031,"jl.syech yusuf komp.kodam vii wrb.b/14 katangka rt.001 rw.002, gunung sari"
3508230,sekai ichi pestisindo,"jl hertasning blok e15/18 rt.003 rw.007, tidung",7371031006,7371031,"jl hertasning blok e15/18 rt.003 rw.007, tidung"
3508859,educare,btn minasa upa,7371031001,7371031,btn minasa upa
3509012,samantha sukses sejahtera,jalan aroepala nomor 8,7371031001,7371031,jalan aroepala nomor 8
3509087,produsen mitra insan sejahtera,"perumahan taman gosyen indah, jl. aroepala",7371031004,7371031,"perumahan taman gosyen indah, jl. aroepala"
3509201,marly optima indonesia,jalan monumen emmy saelan kompleks graha sari blok b4,7371031001,7371031,jalan monumen emmy saelan kompleks graha sari blok b4
3509221,kedai website indonesia,"jl. tidung 10 no.9, mappala",7371031003,7371031,"jl. tidung 10 no.9, mappala"
3509229,permata adira nusantara,jl skarda' n1,7371031001,7371031,jl skarda' n1
3509623,dns group,jl tidung ii stp 1,7371031005,7371031,jl tidung ii stp 1
3510232,sumber indo seluler,rappocini raya,7371031008,7371031,rappocini raya
3510845,benhard prima baja,jl aroepala,7371031004,7371031,jl aroepala
3510937,inpratama sarana solusi,jl pelita iv lr 5,7371031010,7371031,jl pelita iv lr 5
3511515,pokmas tidung bersatu,raya pendidikan,7371031006,7371031,raya pendidikan
3512084,wirawan karya,jl cilallang jaya,7371031008,7371031,jl cilallang jaya
3513739,mandala pratama abadi,jl. monginsidi baru,7371031010,7371031,jl. monginsidi baru
3514173,laskar masyarakat demokrasi sulawesi selatan (lamda sulsel),"jl. mappala blok a.4 no. 2, tidung",7371031006,7371031,"jl. mappala blok a.4 no. 2, tidung"
3514490,dwiguna jaya mandiri,aroepala komp php,7371031004,7371031,aroepala komp php
3515155,batavia prosperindo finance,jl pelita raya blok a.22,7371031010,7371031,jl pelita raya blok a.22
3515280,jo.pt.galih medan persada - pt.gaya bakti jaya,"jl aroepala blok d/32 hertasning baru, kassi-kassi",7371031004,7371031,"jl aroepala blok d/32 hertasning baru, kassi-kassi"
3515828,ghais ghazi putra,"jl tidung mariolo no 5b rt 002 rw 001,tidung",7371031006,7371031,"jl tidung mariolo no 5b rt 002 rw 001,tidung"
3517194,cahaya integritas kooperatif,jl. hertasning barat komp.gpi b/16,7371031005,7371031,jl. hertasning barat komp.gpi b/16
3517333,laskar aksara,"komp.puri taman sari blok d.9 no.6 makassar rt.005 rw.012, kassi-kassi",7371031004,7371031,"komp.puri taman sari blok d.9 no.6 makassar rt.005 rw.012, kassi-kassi"
3517542,fajar anugrah utama,"jl ap pettarani blok e20/10 rt.001 rw.005, tidung",7371031006,7371031,"jl ap pettarani blok e20/10 rt.001 rw.005, tidung"
3517666,andifa karya desain,jl tidung 6 stp xi,7371031003,7371031,jl tidung 6 stp xi
3518273,chamsiah,"jl.tala'salapang no.39 b rt.000 rw.000, gunung sari",7371031001,7371031,"jl.tala'salapang no.39 b rt.000 rw.000, gunung sari"
3518315,syafiq,"jl.toddoppuli iv stp.13 no.4, kassi-kassi",7371031004,7371031,"jl.toddoppuli iv stp.13 no.4, kassi-kassi"
3519708,anaya,jl talasalapang i komp rindam,7371031001,7371031,jl talasalapang i komp rindam
3520475,abege rallyers,jl talasalapang ii kompleks manggasa village,7371031001,7371031,jl talasalapang ii kompleks manggasa village
3521042,sultan jafar asyamie,jl skarda n i,7371031006,7371031,jl skarda n i
3522277,modal nusantara ventura,jl raya pendidikan,7371031006,7371031,jl raya pendidikan
3522418,karunia sejati medilab,jalan rappocini raya nomor 94 a,7371031009,7371031,jalan rappocini raya nomor 94 a
3522593,kosh mitra abadi,"jl rappocini raya blok no.99a rt 001 rw 004, buakana",7371031008,7371031,"jl rappocini raya blok no.99a rt 001 rw 004, buakana"
3523224,celebes cemerlang center,jl tidung mariolo,7371031006,7371031,jl tidung mariolo
3523911,ayuchi cemerlang abadi,btn. minasa upa,7371031001,7371031,btn. minasa upa
3528349,nur imam makassar,"komp.permata hijau permai blok.m.2 no.9 rt.005 rw.010, kassi-kassi",7371031004,7371031,"komp.permata hijau permai blok.m.2 no.9 rt.005 rw.010, kassi-kassi"
3529059,santosa,tidung 6 setapak 4,7371031003,7371031,tidung 6 setapak 4
3529560,universal panca persada,jl mahoni,7371031004,7371031,jl mahoni
3530855,yayasan taman belajar ashabul kahfi,talasapang perumahan puri bukit mas,7371031002,7371031,talasapang perumahan puri bukit mas
3530879,megah putra rialindo,"komp btn minasa upa blk m5 no.16 rt.002 rw.009, gunung sari",7371031001,7371031,"komp btn minasa upa blk m5 no.16 rt.002 rw.009, gunung sari"
3531231,satria carawali sejahtera,jl nikel 3,7371031010,7371031,jl nikel 3
3531493,mulia trans marga,jl monginsidi baru puri mutiara i,7371031009,7371031,jl monginsidi baru puri mutiara i
3532554,teras sunnah makassar,talasalapang 2,7371031001,7371031,talasalapang 2
3533343,uman galeri,"jl monumen emmy saelan 3 no 10c rt 002 rw 005, karunrung",7371031002,7371031,"jl monumen emmy saelan 3 no 10c rt 002 rw 005, karunrung"
3535259,utama jaya,"jl tidung vi stp 11 no 62 rt 003 rw 005, mappala",7371031003,7371031,"jl tidung vi stp 11 no 62 rt 003 rw 005, mappala"
3535763,honesta,"komp.btn karunrungasri blok a/3 rt.002 rw.004, karunrung",7371031002,7371031,"komp.btn karunrungasri blok a/3 rt.002 rw.004, karunrung"
3535950,mitra diera multi bisnis,"anging mammiri residence blok f3/4, jl aroepala",7371031002,7371031,"anging mammiri residence blok f3/4, jl aroepala"
3537068,kartika widya prasthya,rsi faisal ii prm griya modern no. 7,7371031007,7371031,rsi faisal ii prm griya modern no. 7
3537396,pendidikan teratai universitas negeri makassar,"kampus unm gunung sari baru, banta-bantaeng",7371031007,7371031,"kampus unm gunung sari baru, banta-bantaeng"
3537981,kosh medindo,"rappocini raya no.99a , rappocini",7371031009,7371031,"rappocini raya no.99a , rappocini"
3538372,serba usaha perak,"btn mangasa permai blok g 11, gunung sari",7371031001,7371031,"btn mangasa permai blok g 11, gunung sari"
3540175,perkumpulan forum padaidi silaturrahim,btn minasa upa blok,7371031002,7371031,btn minasa upa blok
3540964,cv. mahadewi perkasa,pelita iv,7371031008,7371031,pelita iv
3540973,lumanna jaya,"btn minasa upa blok e4/21 rt 004 rw 006, gunung sari",7371031001,7371031,"btn minasa upa blok e4/21 rt 004 rw 006, gunung sari"
3542115,cherubim jaya perkasa,jl hertasning baru komp phl,7371031004,7371031,jl hertasning baru komp phl
3543254,cipta selaras,"jl hertasning vi no 27 rt.003 rw.006, tidung",7371031006,7371031,"jl hertasning vi no 27 rt.003 rw.006, tidung"
3543768,haruka,jl hertasning baru,7371031004,7371031,jl hertasning baru
3544040,maruga teknikindo development,"komp.puri taman sari blok c7 no.7, kassi-kassi",7371031004,7371031,"komp.puri taman sari blok c7 no.7, kassi-kassi"
3544214,putra syamsu,jl aroepala komp pdgi,7371031001,7371031,jl aroepala komp pdgi
3544842,sefactor pharma,jl. rappocini raya no.10,7371031009,7371031,jl. rappocini raya no.10
3544977,ryantama,"perumahan kompleks btn minasa sari blok b/11, gunung sari",7371031001,7371031,"perumahan kompleks btn minasa sari blok b/11, gunung sari"
3546682,karunia indah abadi,pelita raya vi,7371031008,7371031,pelita raya vi
3546969,pangeran mentari timur,jl landak baru perum metropolitan,7371031007,7371031,jl landak baru perum metropolitan
3548484,pegadaian (persero),jl talasalapang,7371031001,7371031,jl talasalapang
3548692,aru teko,jl rsi faisal 17,7371031007,7371031,jl rsi faisal 17
3548863,berkat rejeki bersama,jl. a.p pettarani ruko zamrud blok c,7371031008,7371031,jl. a.p pettarani ruko zamrud blok c
3550850,4wd reload multi payment indonesia,jalan monumen emisaelan,7371031006,7371031,jalan monumen emisaelan
3551767,fadanty sidar digdayaji,jl karaeng bonto tangnga,7371031002,7371031,jl karaeng bonto tangnga
3556142,anugrah cahaya terang,jl poros minasa upa blok,7371031,7371031,jl poros minasa upa blok
3556222,mega karya perdana,"jl.mongisidi baru ab.6/3 rt.005 rw.005, balla parang",7371031010,7371031,"jl.mongisidi baru ab.6/3 rt.005 rw.005, balla parang"
3556249,hosana jaya perkasa,"jl sungai saddang baru blok a10/4 rt.002 rw.008, balla parang",7371031010,7371031,"jl sungai saddang baru blok a10/4 rt.002 rw.008, balla parang"
3556289,anreca harni abadi,"jl rappocini raya lr 5b no 1 rt.002 rw.004, rappocini",7371031009,7371031,"jl rappocini raya lr 5b no 1 rt.002 rw.004, rappocini"
3556484,repen makassar,jl tidung mariolo,7371031006,7371031,jl tidung mariolo
3556707,artha pesona indonesia,jl aroepala komp harmoni,7371031003,7371031,jl aroepala komp harmoni
3556755,akila utama,"btn minasa upa blok h2/10 rt.001 rw.024, gunung sari",7371031001,7371031,"btn minasa upa blok h2/10 rt.001 rw.024, gunung sari"
3557338,putera rezki utama,jl. hertasning kompleks griya panakkukang indah,7371031005,7371031,jl. hertasning kompleks griya panakkukang indah
3559103,aflaha coconut mandiri,jl palm raja,7371031004,7371031,jl palm raja
3559498,permata,permata hijau permai blok m,7371031004,7371031,permata hijau permai blok m
3560125,pp-brp kso,jl letjen hertasning,7371031004,7371031,jl letjen hertasning
3560134,injector astramaya,"jalan sultan alauddin perumahan bumi permata hjau, jalan bumi 14",7371031001,7371031,"jalan sultan alauddin perumahan bumi permata hjau, jalan bumi 14"
3560315,cahaya srikandi,jl btn minasa upa,7371031001,7371031,jl btn minasa upa
3563737,asosiasi pendeta indonesia cabang makassar,jl tidung 3 stp 4,7371031005,7371031,jl tidung 3 stp 4
3565291,darul iman makassar,jl cilallang jaya vii,7371031008,7371031,jl cilallang jaya vii
3566168,usaha jaya,jl rappocini raya,7371031008,7371031,jl rappocini raya
3567612,hm jufri,"jl landak baru no 112 b rt 004 rw 003, banta-bantaeng",7371031007,7371031,"jl landak baru no 112 b rt 004 rw 003, banta-bantaeng"
3569350,diana sejahtera,"jl.btn minasa upa blok m.10/24, gunung sari",7371031001,7371031,"jl.btn minasa upa blok m.10/24, gunung sari"
3569698,pixel detail indonesia,jl. tamalate ii tidung 7 stp.1,7371031003,7371031,jl. tamalate ii tidung 7 stp.1
3569918,izzul putra mandiri,jl beringin v,7371031004,7371031,jl beringin v
3570121,ranelsa ven indonesia,jl wijaya kusuma iii,7371031007,7371031,jl wijaya kusuma iii
3570247,palagimata medika alta,jl  bonto mene i,7371031007,7371031,jl  bonto mene i
3570269,rezki berkah mandiri,"jl kr bontotangnga ii no 15 rt 000 rw 000, karunrung",7371031002,7371031,"jl kr bontotangnga ii no 15 rt 000 rw 000, karunrung"
3571019,zahrah mandiri,jl b dg ngirate i,7371031005,7371031,jl b dg ngirate i
3571118,kopi kopi,jl toddopuli raya,7371031005,7371031,jl toddopuli raya
3572133,ishop indonesia,jl. aroepala komp. minasa upa,7371031001,7371031,jl. aroepala komp. minasa upa
3573729,makassar pangan mandiri,jl tidung x timur komp perum stella maris,7371031002,7371031,jl tidung x timur komp perum stella maris
3574678,baktimitra investama,jl ap pettarani no 55,7371031008,7371031,jl ap pettarani no 55
3574828,sumber medikalindo,jl.sultan alauddin 3,7371031001,7371031,jl.sultan alauddin 3
3575989,jaya sakti,jl tamalate iii stp 43,7371031003,7371031,jl tamalate iii stp 43
3576705,emas delia insani,jl karunrung raya,7371031002,7371031,jl karunrung raya
3576859,rei bangun properti,jalan timah raya nomor 2,7371031010,7371031,jalan timah raya nomor 2
3576881,sultan,kompleks btn minasa upa,7371031001,7371031,kompleks btn minasa upa
3578461,ifa medika,jl wijaya kusuma i,7371031007,7371031,jl wijaya kusuma i
3578980,nidaaul amin,jl btn minasa upa,7371031001,7371031,jl btn minasa upa
3579263,berkah propertindo,jl tidung ix stp 15,7371031003,7371031,jl tidung ix stp 15
3579317,minasasari,komp perum residence cendana blok,7371031009,7371031,komp perum residence cendana blok
3579389,mata grup nusantara,komp skarda n lorong i,7371031001,7371031,komp skarda n lorong i
3579651,indtim duabelas corporindo,jl btn minasa upa,7371031,7371031,jl btn minasa upa
3579989,cahaya odex,"jl talasalapang no 11c rt.001 rw.014, gunung sari",7371031001,7371031,"jl talasalapang no 11c rt.001 rw.014, gunung sari"
3580651,forum tukang gigi indonesia,jl b.dg irate stp 2,7371031005,7371031,jl b.dg irate stp 2
3581580,kapital global indonesia,jl monumen emmy saelan,7371031001,7371031,jl monumen emmy saelan
3582639,prima karya teknik bersama,jl tidung 7,7371031003,7371031,jl tidung 7
3582669,inti sejahtera lestari,"jl talasalapang no 24 c, gunung sari",7371031001,7371031,"jl talasalapang no 24 c, gunung sari"
3582750,anugrah kencana,jl raya pendidikan,7371031006,7371031,jl raya pendidikan
3583243,88 investama,jl perumahan bumi bosowa permai,7371031001,7371031,jl perumahan bumi bosowa permai
3583904,sumber warna nusantara,"jl monginsidi baru no 68 a rt 002 rw 004, balla parang",7371031010,7371031,"jl monginsidi baru no 68 a rt 002 rw 004, balla parang"
3586661,radenmaskembar,jl hertasning raya,7371031006,7371031,jl hertasning raya
3587967,tower upnw kawasan timur indonesia,jl ap pettarani,7371031007,7371031,jl ap pettarani
3589017,organisasi pemuda pemudi makassar,"btn minasa upa blok g/15, gunung sari",7371031001,7371031,"btn minasa upa blok g/15, gunung sari"
3589266,lembaga pemberdayaan kumkm indonesia sulsel,"jl.ap pettarani ruko zamrud blk e/9, rappocini",7371031009,7371031,"jl.ap pettarani ruko zamrud blk e/9, rappocini"
3589544,tk almira,monumen emmy saelan iii komp pu jeneberang jl. bendungan bili-bili,7371031002,7371031,monumen emmy saelan iii komp pu jeneberang jl. bendungan bili-bili
3589636,makassar mandiri utama,jalan aroepala nomor 27,7371031004,7371031,jalan aroepala nomor 27
3589637,pandawa infotek,"jl pelita raya tengah blok a3/7 rt 003 rw 009, balla parang",7371031010,7371031,"jl pelita raya tengah blok a3/7 rt 003 rw 009, balla parang"
3589836,sarana rezeki anugerah,minasa sari 1,7371031001,7371031,minasa sari 1
3590100,jalan menuju sukses,jl teduh bersinar griya fajar mas regency i,7371031001,7371031,jl teduh bersinar griya fajar mas regency i
3590586,dee sembilan belas plus,jl rsi faisal x,7371031007,7371031,jl rsi faisal x
3591050,sinar cahaya bulan,syekh yusuf katangka,7371031,7371031,syekh yusuf katangka
3592827,nadena,jl. a. pettarani blok e 29,7371031006,7371031,jl. a. pettarani blok e 29
3593501,ubhor bangun sejahtera,perum griya pdgi taman malebbina 1 pd 01,7371031001,7371031,perum griya pdgi taman malebbina 1 pd 01
3593896,mastrada surya,jl bonto langkasa i,7371031007,7371031,jl bonto langkasa i
3594443,diana valas indo sejahtera,jl jipang raya ruko mustika mega sari a.2,7371031001,7371031,jl jipang raya ruko mustika mega sari a.2
3595227,batara cipta,"jl.rsi faisal ix no.12 rt.003 rw.02, banta-bantaeng",7371031007,7371031,"jl.rsi faisal ix no.12 rt.003 rw.02, banta-bantaeng"
3596669,koperasi serba usaha gotong royong,"jl beringin 7 no 4 rt.006 rw.010, kassi-kassi",7371031004,7371031,"jl beringin 7 no 4 rt.006 rw.010, kassi-kassi"
3597316,manarul ilmi makassar,kompleks minasa sari 2,7371031,7371031,kompleks minasa sari 2
3597551,aila jaya perkasa,"jl.hertasning baru komplek permata hijau permai blok f no.3 rt 003 rw 002, kassi-kassi",7371031004,7371031,"jl.hertasning baru komplek permata hijau permai blok f no.3 rt 003 rw 002, kassi-kassi"
3598885,as sunnah hafayu makassar,"rsi faisal raya i,phinisi nusantara residence no. a4",7371031007,7371031,"rsi faisal raya i,phinisi nusantara residence no. a4"
3599013,rezky jaya,jl. wijaya kusuma i,7371031007,7371031,jl. wijaya kusuma i
3601022,karunia anugerah sentosa sejati,jl cokonuri dalam komp rukan,7371031006,7371031,jl cokonuri dalam komp rukan
3603702,azzam sukses amanah,jl skarda n 1,7371031001,7371031,jl skarda n 1
3604109,mannyingarri indonesia timur,jl rappocini raya,7371031009,7371031,jl rappocini raya
3604316,sulawesi bumi gemilang,jl. bumi raya blok b.1 no. 4 bph,7371031001,7371031,jl. bumi raya blok b.1 no. 4 bph
3604845,minang bangun konstruksi,jl wijaya kusuma i blok,7371031007,7371031,jl wijaya kusuma i blok
3605077,cv aza utama jaya,pelita raya ii perum. pelita mas regency,7371031008,7371031,pelita raya ii perum. pelita mas regency
3607106,cv. vinara indah pesona,jalan tidung viii setapak 11,7371031003,7371031,jalan tidung viii setapak 11
3607346,baji tuju,jl karunrung raya,7371031002,7371031,jl karunrung raya
3607482,laela jaya,"jl banta-bantaeng lr 6 no 11 rt.001 rw.004, banta-bantaeng",7371031007,7371031,"jl banta-bantaeng lr 6 no 11 rt.001 rw.004, banta-bantaeng"
3607496,wahyu global,jl rsi faisal 14,7371031007,7371031,jl rsi faisal 14
3608036,yasin cahaya berlian,jl aroepala,7371031001,7371031,jl aroepala
3609090,cv. charisma jaya,"jl talasalapang kompleks ruko talasalapang square no 9 rt 006 rw 020, karunrung",7371031002,7371031,"jl talasalapang kompleks ruko talasalapang square no 9 rt 006 rw 020, karunrung"
3610494,mina,"btn minasa upa blok m1 no 6 rt 001 rw 009, gunung sari",7371031001,7371031,"btn minasa upa blok m1 no 6 rt 001 rw 009, gunung sari"
3610583,amalia sakti,jl hertasning,7371031006,7371031,jl hertasning
3610903,dharma wanita persatuan kota makassar,jl anggrek raya,7371031006,7371031,jl anggrek raya
3611378,koperasi surya abadi,"komplek grand permai blok a/3 skarda'n rt.005 rw.016, gunung sari",7371031001,7371031,"komplek grand permai blok a/3 skarda'n rt.005 rw.016, gunung sari"
3612650,solution,"jl.ap pettarani no.2, gunung sari",7371031001,7371031,"jl.ap pettarani no.2, gunung sari"
3614070,hadi putra bersaudara,jl bumi 18,7371031001,7371031,jl bumi 18
3615182,multi global solusindo,btn.minasaupa,7371031001,7371031,btn.minasaupa
3615609,asjiah rezky utama,jl btn minasa upa,7371031,7371031,jl btn minasa upa
3615823,jaya mandiri,jl tanmalate 2,7371031003,7371031,jl tanmalate 2
3617454,karya bersama pratama,jl rsi faisal vii,7371031007,7371031,jl rsi faisal vii
3619178,alsa phinisi permata,"jl.syech yusuf btn minasa upa blok d4 no.16, gunung sari",7371031001,7371031,"jl.syech yusuf btn minasa upa blok d4 no.16, gunung sari"
3620029,rurin jaya abadi,jl pengayoman perum taman permata sari i,7371031008,7371031,jl pengayoman perum taman permata sari i
3620263,ayunda putri mandiri,perumahan btn minasa upa,7371031001,7371031,perumahan btn minasa upa
3620329,adhe karya persada,komp anging mamiri recidence,7371031002,7371031,komp anging mamiri recidence
3621872,amanda persada sulawesi selatan,"perumahan taman yasmin blok e2/3 rt.002 rw.013, mappala",7371031003,7371031,"perumahan taman yasmin blok e2/3 rt.002 rw.013, mappala"
3622469,tiga intan abadi,jl ap pettarani komp pemda,7371031006,7371031,jl ap pettarani komp pemda
3622476,zan-zan,perumahan bosowa permai blok,7371031001,7371031,perumahan bosowa permai blok
3623585,yayasan nuriftitah,"jl tidung 9 stp 3 no 94 rt 001 rw 011, mappala",7371031003,7371031,"jl tidung 9 stp 3 no 94 rt 001 rw 011, mappala"
3623697,cv refi pratama,jl. aroepala komp anging mamiri,7371031002,7371031,jl. aroepala komp anging mamiri
3624633,rezky talisa,anging mamiri residence,7371031002,7371031,anging mamiri residence
3624894,aditya perdana sakti,jl rappocini raya lr. 5c,7371031009,7371031,jl rappocini raya lr. 5c
3626917,rachmat,perumahan jipang permai,7371031002,7371031,perumahan jipang permai
3627228,marken mahkota jaya,jl andi djemma,7371031007,7371031,jl andi djemma
3628950,mallomo jaya abadi,jl jipang raya,7371031001,7371031,jl jipang raya
3629631,noor ciptadana pratama,"jl.ap pettarani blok e 20/12 rt.000 rw.000, tidung",7371031006,7371031,"jl.ap pettarani blok e 20/12 rt.000 rw.000, tidung"
3632423,"bisi international, tbk",jl bontolanra,7371031007,7371031,jl bontolanra
3632605,maqbul konstruksi,"jl.tidung ix blok.9 no.159 rt.001 rw.012, mappala",7371031003,7371031,"jl.tidung ix blok.9 no.159 rt.001 rw.012, mappala"
3632758,hamrawati sejahtera,"jl.ap.pettarani no.9 rt.003 rw.004, buakana",7371031008,7371031,"jl.ap.pettarani no.9 rt.003 rw.004, buakana"
3632892,ambassador zulias,"ruko ambassador no 2 jl rsi faisal raya, banta-bantaeng",7371031007,7371031,"ruko ambassador no 2 jl rsi faisal raya, banta-bantaeng"
3632942,alnaf,"komp mangasa permai blok z.2/10, gunung sari",7371031001,7371031,"komp mangasa permai blok z.2/10, gunung sari"
3634621,citra lakawan persada,jl hertasning,7371031006,7371031,jl hertasning
3634787,sarana konstruksi,jl landak baru 8,7371031007,7371031,jl landak baru 8
3634922,caturmuda samata,komp btn minasa upa,7371031001,7371031,komp btn minasa upa
3634940,chaidir,jl mon emmy saelan raya ruko corner,7371031006,7371031,jl mon emmy saelan raya ruko corner
3636231,dua pilar bangunutama,jl landak baru lr 6,7371031007,7371031,jl landak baru lr 6
3636468,cipta sarana tabang persada,jl pelita raya,7371031010,7371031,jl pelita raya
3637096,pegawai negeri salewangeng,jl teduh bersinar,7371031001,7371031,jl teduh bersinar
3637383,wanita pengembangan kemandirian masyarakat,"jl.puri taman sari blok b 6 no 12 a, kassi-kassi",7371031004,7371031,"jl.puri taman sari blok b 6 no 12 a, kassi-kassi"
3639713,bukit berlian,jl. hertasning,7371031006,7371031,jl. hertasning
3639900,karya abadi hutama,jl aroepala blok p11/3 rt 003 rw 014 kassi-kassi,7371031004,7371031,jl aroepala blok p11/3 rt 003 rw 014 kassi-kassi
3640670,easy sejahtera,skarda,7371031001,7371031,skarda
3641220,karya perdana,jl aroepala (samping spbu) belmont residence,7371031004,7371031,jl aroepala (samping spbu) belmont residence
3642280,ny gasing jaya,jl timah v,7371031010,7371031,jl timah v
3642739,graha boemi persada,jalan a. p. pettarani kompleks perkantoran new zamrud blok c 14 - 15,7371031008,7371031,jalan a. p. pettarani kompleks perkantoran new zamrud blok c 14 - 15
3642770,pt. dian tompo balang,hertasning baru,7371031009,7371031,hertasning baru
3642781,kb nur dahlia,jl tamalate 3 stp 49,7371031003,7371031,jl tamalate 3 stp 49
3643181,sinar dana mandiri,jl hertasning barat blok,7371031005,7371031,jl hertasning barat blok
3643387,tiga boga perkasa,kompleks minasa indah residence,7371031001,7371031,kompleks minasa indah residence
3644502,dwi putri,"jl.pelita ii lr.i no.9 b rt.003 rw.007, buakana",7371031008,7371031,"jl.pelita ii lr.i no.9 b rt.003 rw.007, buakana"
3644572,euro fka indonesia,jl tidung 1 stp 1,7371031005,7371031,jl tidung 1 stp 1
3645054,pancapilar berkah nusantara,"jalan aroepala, kompleks permata hijau permai",7371031003,7371031,"jalan aroepala, kompleks permata hijau permai"
3645647,tiga bintang tambang,jl pelita raya viii,7371031008,7371031,jl pelita raya viii
3645851,rauta agro sejahtera,jl hertasning i blok,7371031006,7371031,jl hertasning i blok
3646601,bangun inti mandiri,jl karaeng bontotangnga,7371031002,7371031,jl karaeng bontotangnga
3647232,vsat utama mandiri,"jl.perum multy saoasri blok.s/7, kassi-kassi",7371031004,7371031,"jl.perum multy saoasri blok.s/7, kassi-kassi"
3647268,usaha mandiri utama,jl tidung 5 stp 4,7371031005,7371031,jl tidung 5 stp 4
3649149,simpan pinjam pembiayaan syariah (kspps) pinisi sejahtera mulia,jl. ap pettarani kampus gunung sari baru unm,7371031006,7371031,jl. ap pettarani kampus gunung sari baru unm
3649974,meilpat karya utama,jl tidung 9 stp 5,7371031003,7371031,jl tidung 9 stp 5
3650027,karezo mandiri,jl minasa upa blok f13,7371031001,7371031,jl minasa upa blok f13
3650803,azka nadhifah,jl wijaya kusuma raya,7371031007,7371031,jl wijaya kusuma raya
3651971,bawakaraeng purnama wijaya,jl timah i,7371031010,7371031,jl timah i
3652042,sinar multi sarana,btn minasa upa blok,7371031001,7371031,btn minasa upa blok
3652482,kongkowkitchen global sentosa,jl andi djemma,7371031007,7371031,jl andi djemma
3652646,hamu investama corporindo,jl hertasning raya,7371031006,7371031,jl hertasning raya
3653309,lazismu sulawesi selatan,jl sultan alauddin (kampus unismuh),7371031001,7371031,jl sultan alauddin (kampus unismuh)
3653317,"pt induk sulmapa kekar - pt uwena pati rangga, kso",jl tidung mariolo lr i,7371031006,7371031,jl tidung mariolo lr i
3653530,nurfaela,cilalallang jaya v makassar,7371031008,7371031,cilalallang jaya v makassar
3654129,indo karya solusi,jl monumen emmy saelan iii,7371031006,7371031,jl monumen emmy saelan iii
3654317,malista kontruksi,jl pelita raya ii perum pelita regency,7371031008,7371031,jl pelita raya ii perum pelita regency
3654502,mulia chandrakasih,"jl landak baru lr 6 no 26 rt.003 rw.006, banta-bantaeng",7371031007,7371031,"jl landak baru lr 6 no 26 rt.003 rw.006, banta-bantaeng"
3654604,hasmah mattujuh tujuh,jl komplek puri taman sari,7371031004,7371031,jl komplek puri taman sari
3654658,dua utama,jl monumen emmy saelan,7371031006,7371031,jl monumen emmy saelan
3654663,alifya asri,komp btn minasa upa residen,7371031001,7371031,komp btn minasa upa residen
3655295,marinda mandala putra,jl maccini raya perumahan pondok indah,7371031004,7371031,jl maccini raya perumahan pondok indah
3658363,mitra sulawesi mandiri,"jl.rsi.faisal 12 no.3 rt.003 rw.007, banta-bantaeng",7371031007,7371031,"jl.rsi.faisal 12 no.3 rt.003 rw.007, banta-bantaeng"
3658948,triratna perkasa,"jl.rappocini raya prm.citra griyatama blk.c/13a rt.006 rw.001, buakana",7371031008,7371031,"jl.rappocini raya prm.citra griyatama blk.c/13a rt.006 rw.001, buakana"
3659759,sinar artha surya utama,jalan rappocini raya nomor 164,7371031008,7371031,jalan rappocini raya nomor 164
3660502,perkumpulan kerukunan keluarga bantaeng (kkb),jipang raya,7371031001,7371031,jipang raya
3660786,sukses karya pembangunan,jl hertasning,7371031006,7371031,jl hertasning
3660831,citra mandiri sejahtera,jl pelita raya blok,7371031010,7371031,jl pelita raya blok
3661780,peluk sahabat indonesia,"perumahan gubernur blok e15/9, jalan hertasning 9",7371031006,7371031,"perumahan gubernur blok e15/9, jalan hertasning 9"
3662732,yusnur jaya mandiri,jl kompleks btn minasa upa blok,7371031002,7371031,jl kompleks btn minasa upa blok
3663406,reski aflah jaya abadi,"jl tamalate iii stp 53 no 17 rt.004 rw.004, kassi-kassi",7371031004,7371031,"jl tamalate iii stp 53 no 17 rt.004 rw.004, kassi-kassi"
3663752,fakhri putra,jl kr bontotangnga,7371031002,7371031,jl kr bontotangnga
3664332,affor neo jaya,jl buakana viii,7371031008,7371031,jl buakana viii
3664540,arvi pratama,"jl tamalate 3 blok 5/40, mappala",7371031003,7371031,"jl tamalate 3 blok 5/40, mappala"
3668474,banua surya,jl mappala kompleks perum pemda,7371031006,7371031,jl mappala kompleks perum pemda
3669508,kiboya utama,komp btn pemda,7371031006,7371031,komp btn pemda
3670259,rutan,jl ap pettarani,7371031008,7371031,jl ap pettarani
3670542,ady putra prima kencana,jl beringin v,7371031004,7371031,jl beringin v
3671137,rinjani perkasa,"bumi bosowa indah blok b.3 no.9 rt.003 rw.008, gunung sari",7371031001,7371031,"bumi bosowa indah blok b.3 no.9 rt.003 rw.008, gunung sari"
3671617,asia hasanah wirahusada,jl monumen emmy saelan,7371031001,7371031,jl monumen emmy saelan
3672089,sandeq bangun persada,jl pelita raya vi,7371031008,7371031,jl pelita raya vi
3672092,kekal amanah mandiri,jl rsi faisal ruko ambasador,7371031008,7371031,jl rsi faisal ruko ambasador
3672134,yuliati indah utama,jl tamalate i,7371031004,7371031,jl tamalate i
3672613,sulona master consultant,jl bonto lanra,7371031007,7371031,jl bonto lanra
3672865,agung prima citra,"jl hertasning raya no 88, tidung",7371031006,7371031,"jl hertasning raya no 88, tidung"
3672943,minasa upa,jl btn minasa upa,7371031001,7371031,jl btn minasa upa
3672965,chairul pratama,jl wijaya kusuma i,7371031007,7371031,jl wijaya kusuma i
3673550,nusantara karya persada,jl. rsi faisal raya,7371031007,7371031,jl. rsi faisal raya
3673808,anugrah mega mandiri,jl sultan alauddin,7371031001,7371031,jl sultan alauddin
3674214,alif pratama jaya,jl mappala blok a iv,7371031006,7371031,jl mappala blok a iv
3674460,mandor kawat group,jl btn minasa upa,7371031001,7371031,jl btn minasa upa
3675316,dcc mobisoft indonesia,perumahan anging mammiri recindenceblok f3 no. 18,7371031002,7371031,perumahan anging mammiri recindenceblok f3 no. 18
3675347,inter nusa raharja,jl talasalapang komplek graha asri,7371031001,7371031,jl talasalapang komplek graha asri
3676877,tri putra nurindah,jl tamalate vi,7371031004,7371031,jl tamalate vi
3676925,wana wisata archipelago (wwa),jl rappocini raya,7371031008,7371031,jl rappocini raya
3676968,mekar abadi,"jl.tamalate iv stp 4/1, kassi-kassi",7371031004,7371031,"jl.tamalate iv stp 4/1, kassi-kassi"
3677033,tirta mas,"jl kr bonto tangnga i no 8, karunrung",7371031002,7371031,"jl kr bonto tangnga i no 8, karunrung"
3677245,ramadhani prima const,"jl.tidung viii no.185, mappala",7371031003,7371031,"jl.tidung viii no.185, mappala"
3677368,syaikhah pasya mandiri,komp pemda,7371031006,7371031,komp pemda
3679472,gani alkautsar (mahkota elektronik),jl talasalapang komp p&k,7371031001,7371031,jl talasalapang komp p&k
3679580,lima tujuh tujuh,jl monumen emmy saelan,7371031006,7371031,jl monumen emmy saelan
3679790,cahaya kupa,jl btn minasa upa,7371031,7371031,jl btn minasa upa
3680189,asuransi allianz life indonesia,jl ap pettarani (graha alianz),7371031008,7371031,jl ap pettarani (graha alianz)
3681110,bimo putra tunggal,"komplek puri taman sari blok d1/5 rt.005 rw.012, kassi-kassi",7371031004,7371031,"komplek puri taman sari blok d1/5 rt.005 rw.012, kassi-kassi"
3681416,namira mitratama,jl talasalapang,7371031002,7371031,jl talasalapang
3683985,putra maryadi karya,btn agraria,7371031002,7371031,btn agraria
3685670,margi molare,jl montomene i,7371031007,7371031,jl montomene i
3685781,ghassani,jl permata hijau permai,7371031004,7371031,jl permata hijau permai
3686061,maharajalela,jl tamalate i,7371031003,7371031,jl tamalate i
3686380,sinar surya persada,jl btn mangasa permai,7371031001,7371031,jl btn mangasa permai
3687153,pelita nusantara,"jl.pelita raya blok a.14 no.1, balla parang",7371031010,7371031,"jl.pelita raya blok a.14 no.1, balla parang"
3687391,macinnonk,jl jipang raya 3 perumahan karunrung residence,7371031002,7371031,jl jipang raya 3 perumahan karunrung residence
3688128,al bintang namira,jl teduh bersinar komp griya fajar mas regency blok,7371031001,7371031,jl teduh bersinar komp griya fajar mas regency blok
3688647,makassar muda mandiri,jl ap pettarani blok e22/17 rt 003 rw 006 tidung,7371031006,7371031,jl ap pettarani blok e22/17 rt 003 rw 006 tidung
3688980,nurnas reskita,jl btn minasa upa,7371031,7371031,jl btn minasa upa
3689411,harmoni indah grahatama,jl rsi faisal 17 lr.1,7371031007,7371031,jl rsi faisal 17 lr.1
3689551,multi sukses surya sejahtera,jl landak baru,7371031007,7371031,jl landak baru
3689564,pt dwi karya manunggal,jl rappocini raya,7371031008,7371031,jl rappocini raya
3690353,meyua anugrah mahani,jl jipang raya,7371031002,7371031,jl jipang raya
3690729,jasa bhakti nusantara,"jl hertasning baru komp permata hijau lestari blok p13/6 rt 007 rw 014, kassi-kassi",7371031004,7371031,"jl hertasning baru komp permata hijau lestari blok p13/6 rt 007 rw 014, kassi-kassi"
3690940,mustimah,"jl.teduh bersinar blok t 3/4 rt.003 rw.022, gunung sari",7371031001,7371031,"jl.teduh bersinar blok t 3/4 rt.003 rw.022, gunung sari"
3690984,ariani,jl rappocini raya,7371031008,7371031,jl rappocini raya
3691386,kosh media tama,"jl rappocini raya no 99a rt.001 rw.004, buakana",7371031008,7371031,"jl rappocini raya no 99a rt.001 rw.004, buakana"
3691419,virtual techno,komplek permata hijau permai,7371031004,7371031,komplek permata hijau permai
3691636,dahlia utama,"btn minasa upa blok n.6/17 rt.003 rw.013, gunung sari",7371031001,7371031,"btn minasa upa blok n.6/17 rt.003 rw.013, gunung sari"
3691693,rewin jaya com,"jl komplek p&k blok l/3 rt 002 rw 019, gunung sari",7371031001,7371031,"jl komplek p&k blok l/3 rt 002 rw 019, gunung sari"
3693402,aaliyahimeko,jl ap pettarani komp ruko new zamrud blok e,7371031008,7371031,jl ap pettarani komp ruko new zamrud blok e
3694737,permodalan nasional madani (persero),jl pelita raya,7371031010,7371031,jl pelita raya
3694810,cv. metronix makassar utama,"jl.andi mangerangi iii/59 rt.003 rw.006, bungaya",7371031001,7371031,"jl.andi mangerangi iii/59 rt.003 rw.006, bungaya"
3695264,lintang ringga,komp btn minasa upa blok,7371031001,7371031,komp btn minasa upa blok
3695592,mila,"jl.hertasning blk e.10/4 a-9 rt.001 rw.007, tidung",7371031006,7371031,"jl.hertasning blk e.10/4 a-9 rt.001 rw.007, tidung"
3695993,timur jaya konstruksi,jl ap pettarani ruko new zamrud lt. 2,7371031008,7371031,jl ap pettarani ruko new zamrud lt. 2
3696253,sulawesi energi nusantara,lagoosi home blok a 10,7371031001,7371031,lagoosi home blok a 10
3696927,al waqiah sejahtera,"jl.r.s.i faisal raya iii no.16 rt.09 rw.02, banta-bantaeng",7371031007,7371031,"jl.r.s.i faisal raya iii no.16 rt.09 rw.02, banta-bantaeng"
3697179,salinbumil budimulia hayuningurup,jl nikel,7371031010,7371031,jl nikel
3697243,mitra agung lestari,"komp.btn agraria blok s no.3, karunrung",7371031002,7371031,"komp.btn agraria blok s no.3, karunrung"
3697274,citra nisha lestari,jl hertasning vi blok e8/12b rt. 000 rw. 000,7371031006,7371031,jl hertasning vi blok e8/12b rt. 000 rw. 000
3697762,mitra akrab (cv.ma),"jl.tidung 6 stp.12 no.75 rt.003 rw.005, mappala",7371031003,7371031,"jl.tidung 6 stp.12 no.75 rt.003 rw.005, mappala"
3697953,cahaya alam jaya,jl tidung 9 stp 14,7371031003,7371031,jl tidung 9 stp 14
3700261,cahaya pompengan,jl bendungan bili-bili ii komp pu jeneberang,7371031002,7371031,jl bendungan bili-bili ii komp pu jeneberang
3700697,proteksindo,"jl.landak baru lr.1 no.2 rt.003 rw.003, banta-bantaeng",7371031007,7371031,"jl.landak baru lr.1 no.2 rt.003 rw.003, banta-bantaeng"
3701093,cucu wali perkasa,jl cilallang jaya,7371031008,7371031,jl cilallang jaya
3701262,bumi riskita ananda,jl perum pesona landak indah,7371031007,7371031,jl perum pesona landak indah
3701344,kita bangun persada,jl buakana komp marios regency,7371031009,7371031,jl buakana komp marios regency
3701681,jaya sakti,jl landak baru,7371031007,7371031,jl landak baru
3704448,bintang restu sukses mandiri,jl ap pettarani ruko pettarani centre,7371031008,7371031,jl ap pettarani ruko pettarani centre
3704514,putra banca pratama,perumahan btn minasa upa,7371031001,7371031,perumahan btn minasa upa
3704524,hariyani intan berlian,"jl karunrung raya komplek bkkbn blok a/1-2 rt 000 rw 000, karunrung",7371031002,7371031,"jl karunrung raya komplek bkkbn blok a/1-2 rt 000 rw 000, karunrung"
3704921,naskah konsultan,btn minasa upa blok,7371031001,7371031,btn minasa upa blok
3705937,asia magello multimedia,jl. pelita raya no. 40,7371031010,7371031,jl. pelita raya no. 40
3706061,pratama godean jaya,jl karaeng bonto tangnga 2,7371031002,7371031,jl karaeng bonto tangnga 2
3706332,sumber rejeki abadi utama,jl hertasning baru resident anging mammiri,7371031002,7371031,jl hertasning baru resident anging mammiri
3706350,jasa inspirasi perdana,jl tamalate v,7371031004,7371031,jl tamalate v
3707272,damai lestari mandiri,jl ap pettarani komp new zamrud,7371031008,7371031,jl ap pettarani komp new zamrud
3707349,ayari pratama,jl ap pettarani komp pettarani center,7371031008,7371031,jl ap pettarani komp pettarani center
3707429,indah melati perdana,"komp.puri taman sari blok d.8 no.11 rt.006 rw.012, kassi-kassi",7371031004,7371031,"komp.puri taman sari blok d.8 no.11 rt.006 rw.012, kassi-kassi"
3707457,naufal putra,jl pelita raya v lr.02,7371031008,7371031,jl pelita raya v lr.02
3708200,imam malik,jl. rsi faisal xiv,7371031007,7371031,jl. rsi faisal xiv
3708857,telaga totoli strukturindo,jl rappocini raya lr.02,7371031009,7371031,jl rappocini raya lr.02
3708960,asia nusantara teknik,jl pelita raya,7371031010,7371031,jl pelita raya
3710155,permata,"jl.btn minasa upa blk j.2 no.17, gunung sari",7371031001,7371031,"jl.btn minasa upa blk j.2 no.17, gunung sari"
3710386,norman jaya,"jl.rappocini raya lr.7 no.49, rappocini",7371031009,7371031,"jl.rappocini raya lr.7 no.49, rappocini"
3711283,yasa mandiri,jl sultan alauddin komp permatasari iii,7371031001,7371031,jl sultan alauddin komp permatasari iii
3711292,reskyawal sejahtera,jl pelita raya,7371031010,7371031,jl pelita raya
3712293,graha mandiri wardhana,jl komp. mangasa permai,7371031001,7371031,jl komp. mangasa permai
3712799,banua samudera sulawesi,jl emmy saelan komp kodam gunung sari,7371031001,7371031,jl emmy saelan komp kodam gunung sari
3713249,usaha perdana galesong,"jl.bantabantaeng no.15, banta-bantaeng",7371031007,7371031,"jl.bantabantaeng no.15, banta-bantaeng"
3713256,jo pt mitra bahagia utama_pt anugerah tehnik mandiri,jl komp new zamrud,7371031008,7371031,jl komp new zamrud
3713791,lambaraqna alam sejahtera,"anging mammiri residence,  blok d4 nomor 5, jl. letjen hertasning",7371031004,7371031,"anging mammiri residence,  blok d4 nomor 5, jl. letjen hertasning"
3714508,mpc vetindo pratama,jalan monumen emmy saelan no 103 a,7371031006,7371031,jalan monumen emmy saelan no 103 a
3714641,bumi kanabara,jl karaeng bontotangnga,7371031002,7371031,jl karaeng bontotangnga
3716194,aktor timur indonesia,jl hertasning baru / aroepala,7371031002,7371031,jl hertasning baru / aroepala
3716216,anugrah karya,landak baru no. 114 b,7371031007,7371031,landak baru no. 114 b
3716581,media maya makassar,komp btn minasa upa blok,7371031001,7371031,komp btn minasa upa blok
3718197,serba usaha pascasarjana unm,"jl.bonto langkasa (kampus unm), banta-bantaeng",7371031007,7371031,"jl.bonto langkasa (kampus unm), banta-bantaeng"
3719152,aryah bimasakti semesta,jalan tidung 10 blok 10 nomor 7 a,7371031003,7371031,jalan tidung 10 blok 10 nomor 7 a
3719934,halmin makmur,perum taman yasmin indah,7371031003,7371031,perum taman yasmin indah
3719985,mario masagena,jl pelita raya,7371031008,7371031,jl pelita raya
3721225,permata utama,jl aeropala komp permata hijau permai,7371031004,7371031,jl aeropala komp permata hijau permai
3721247,simpan pinjam al-ikhlas,"jl.tamalate i no.2 c, kassi-kassi",7371031004,7371031,"jl.tamalate i no.2 c, kassi-kassi"
3721316,cahaya harmoni,"jl.rappocini raya no.181f, rappocini",7371031009,7371031,"jl.rappocini raya no.181f, rappocini"
3722137,surya indah,jl faisal xvii,7371031007,7371031,jl faisal xvii
3722938,yayasan pendidikan dan kesejahteraan islam nur fadhillah,"komplek ikip blok d1/10 rt 004 rw 004, tidung",7371031006,7371031,"komplek ikip blok d1/10 rt 004 rw 004, tidung"
3723153,amirah afifah,jl btn minasa upa,7371031001,7371031,jl btn minasa upa
3723512,naska perkasa,jl tala salapang komplek graha asri,7371031001,7371031,jl tala salapang komplek graha asri
3724848,pt. samudera mandar sentosa,jalan . tamalate i,7371031005,7371031,jalan . tamalate i
3725168,delapan-delapan jaya,"jl tidung 7 stp 10 blok 12/121 rt.001 rw.007, mappala",7371031003,7371031,"jl tidung 7 stp 10 blok 12/121 rt.001 rw.007, mappala"
3725857,exodia sukses indonesia,"jl jipang raya, perum. villa mega sari",7371031001,7371031,"jl jipang raya, perum. villa mega sari"
3726347,andalan utama,"komp.minasa upa blok g.21 no.7 rt.006 rw.006, gunung sari",7371031001,7371031,"komp.minasa upa blok g.21 no.7 rt.006 rw.006, gunung sari"
3726612,berigita sari persada,jl toddoppuli raya v,7371031004,7371031,jl toddoppuli raya v
3727124,feli arta mineral,btn minasa upa blok g. 18 4.d,7371031001,7371031,btn minasa upa blok g. 18 4.d
3727228,visual indonesia timur,jl raya pendidikan,7371031006,7371031,jl raya pendidikan
3727489,mitra beringin,jl monumen emmy saelan btn agraria,7371031002,7371031,jl monumen emmy saelan btn agraria
3727787,sulawesi ais mandiri,jl pelita raya,7371031010,7371031,jl pelita raya
3728109,sinar jaya abadi acc.,jl mappala,7371031006,7371031,jl mappala
3729481,arief pratama,jl talasalapang,7371031002,7371031,jl talasalapang
3729507,indra jaya,jl perum bumi bosowa permai blok a2,7371031001,7371031,jl perum bumi bosowa permai blok a2
3729706,inti bumi perkasa,"jl.rappocini raya lr.2 no.1 rt.01 rw.03, rappocini",7371031009,7371031,"jl.rappocini raya lr.2 no.1 rt.01 rw.03, rappocini"
3730380,anugrah mastesia makmur,jl rappocini raya,7371031008,7371031,jl rappocini raya
3731071,makmur jaya konstruksi,jl raya pendidikan blok,7371031006,7371031,jl raya pendidikan blok
3732057,bhamboe media production,btn minasa upa blok,7371031001,7371031,btn minasa upa blok
3732089,traya perdana,jalan minasa upa,7371031002,7371031,jalan minasa upa
3732412,serba usaha karsa ais mandiri,jl timah 1,7371031010,7371031,jl timah 1
3734374,badan amil zakat kota makassar,"jl teduh bersinar no 5 rt 001 rw 001, gunung sari",7371031001,7371031,"jl teduh bersinar no 5 rt 001 rw 001, gunung sari"
3734604,tiga inti semesta,jl faisal 10,7371031007,7371031,jl faisal 10
3734727,afas multi karya,komplek pemda blok e20/44 rt 000 rw 000 tidung,7371031006,7371031,komplek pemda blok e20/44 rt 000 rw 000 tidung
3735046,mitra aiyangga nusantara,jl bontotangga ii,7371031002,7371031,jl bontotangga ii
3735783,manyoi mandiri,"jl.bumi 17 blok.d no.9 bph rt.004 rw.020, gunung sari",7371031001,7371031,"jl.bumi 17 blok.d no.9 bph rt.004 rw.020, gunung sari"
3735826,rajasa tomax globalindo,jl kompleks mangasa permai,7371031001,7371031,jl kompleks mangasa permai
3736185,batara indah,"jl monginsidi baru no 27 rt 003 rw 005, rappocini",7371031009,7371031,"jl monginsidi baru no 27 rt 003 rw 005, rappocini"
3736255,insitec pratama,"perumahan taman yasmin  blok a2/6, mappala",7371031003,7371031,"perumahan taman yasmin  blok a2/6, mappala"
3736526,malunra jaya abadi,jalan pelita raya blok a3 nomor 19,7371031010,7371031,jalan pelita raya blok a3 nomor 19
3736709,restu bumi madani,tidung 7,7371031003,7371031,tidung 7
3737191,sukma bangsa,"komp.minasa upa blok l.6 no.ii c, gunung sari",7371031001,7371031,"komp.minasa upa blok l.6 no.ii c, gunung sari"
3737264,kelompok kerja guru (kkg) madrasah ibtidaiyah makassar ii kota makassar,jalan andi djemma lr.7,7371031007,7371031,jalan andi djemma lr.7
3737553,rizka konstruksi abadi,"btn minasa upa blok k9/15 rt.002 rw.010, gunung sari",7371031001,7371031,"btn minasa upa blok k9/15 rt.002 rw.010, gunung sari"
3737993,maitri harmonis jaya,jl hertasning komp palm mas,7371031008,7371031,jl hertasning komp palm mas
3738259,lima tujuh cipta kreasi,jl hertasning griya panakkukang indah,7371031005,7371031,jl hertasning griya panakkukang indah
3738684,surya endar group,jl  raya pendidikan,7371031006,7371031,jl  raya pendidikan
3739251,intan sinergi karya,jl ap pettarani ruko pettarani center,7371031008,7371031,jl ap pettarani ruko pettarani center
3739880,artamedia global investama,jl tamalate iv,7371031004,7371031,jl tamalate iv
3740851,tk al-dhira,jl.kelapa tiga gang 3,7371031010,7371031,jl.kelapa tiga gang 3
3741486,pangngomi sibatang,jl buakana,7371031008,7371031,jl buakana
3741551,hallo abadi jaya,jl rappocini raya,7371031008,7371031,jl rappocini raya
3742126,tana raja mineral,jalan andi pangeran pettarani no 56,7371031007,7371031,jalan andi pangeran pettarani no 56
3742249,tiara abadi sejahtera,komplek griya fajar mas regency1,7371031001,7371031,komplek griya fajar mas regency1
3742610,madina,jl rappocini raya,7371031009,7371031,jl rappocini raya
3742847,resky tri putra,"jl kelapa tiga no 28 rt 002 rw 007, balla parang",7371031010,7371031,"jl kelapa tiga no 28 rt 002 rw 007, balla parang"
3743088,tiga satu satu,jl sultan alauddin,7371031001,7371031,jl sultan alauddin
3743294,sahabat karya,jl komp anging mamiri residence,7371031002,7371031,jl komp anging mamiri residence
3743472,kapten samudera luas,jl. toddopuli i blok 25 no. 16.a,7371031004,7371031,jl. toddopuli i blok 25 no. 16.a
3743972,bina kale,"jl.rs faisal viii no.9, banta-bantaeng",7371031007,7371031,"jl.rs faisal viii no.9, banta-bantaeng"
3744188,miramis jaya sentosa,"jl.tidung ix stp iv no.100, mappala",7371031003,7371031,"jl.tidung ix stp iv no.100, mappala"
3744311,mitratama adhi perkasa,jl aroepala hertasning baru komp permata hijau lestari blok,7371031004,7371031,jl aroepala hertasning baru komp permata hijau lestari blok
3745488,samasundu abidraya,jl tidung ix stp 21,7371031003,7371031,jl tidung ix stp 21
3745618,buana perdana mandiri,jl btn minasa upa,7371031,7371031,jl btn minasa upa
3745701,lontara permata indonesia,jl btn minasa upa blok,7371031002,7371031,jl btn minasa upa blok
3746022,rochela,"jl. tidung viii stp. 7 no. 54, rt. 006 rw. 008, mappala",7371031003,7371031,"jl. tidung viii stp. 7 no. 54, rt. 006 rw. 008, mappala"
3746422,bangunindo warna cipta,komp ikip,7371031006,7371031,komp ikip
3747063,tuwaga lintas nusantara,jl. rappocini raya,7371031009,7371031,jl. rappocini raya
3747968,karya mandiri utama,"jl.raya pendidikan blok b no.6, tidung",7371031006,7371031,"jl.raya pendidikan blok b no.6, tidung"
3748428,hutama cipta mandiri,btn minasa upa,7371031001,7371031,btn minasa upa
3749238,han telekomunikasi indonesia,jl. monginsidi baru,7371031009,7371031,jl. monginsidi baru
3750667,kpn lestari,"jl.ap pettarani no.(kanwil dep.koperasi), tidung",7371031006,7371031,"jl.ap pettarani no.(kanwil dep.koperasi), tidung"
3751864,pt. sinar setia budi,"jln. moginsidi baru, ruko puri mutiara",7371031009,7371031,"jln. moginsidi baru, ruko puri mutiara"
3751923,toddopuli lontara celebes,aroepala,7371031,7371031,aroepala
3753132,tiga mega perkasa,jl rsi faisal xv,7371031007,7371031,jl rsi faisal xv
3753473,sirapanji jaya pratama,jl sungai saddang baru,7371031010,7371031,jl sungai saddang baru
3753476,musqitta graha,jl batu putih bundar,7371031004,7371031,jl batu putih bundar
3753553,surya mardipati,jl btn minasa upa,7371031,7371031,jl btn minasa upa
3753568,tigabelas bersaudara,"jl mahoni no 107 rt.009 rw.005, kassi-kassi",7371031004,7371031,"jl mahoni no 107 rt.009 rw.005, kassi-kassi"
3753844,yuan multi artha,jl kr.bontotangnga,7371031002,7371031,jl kr.bontotangnga
3753901,niron mandiri,jl komp. permata sari ps. vi,7371031001,7371031,jl komp. permata sari ps. vi
3754334,cipta nusantara,jl pelita raya,7371031001,7371031,jl pelita raya
3754445,lewaja,jl jipang raya,7371031001,7371031,jl jipang raya
3754810,gilang sarana utama,jl ap pettarani ruko pettarani,7371031008,7371031,jl ap pettarani ruko pettarani
3755179,omamoy jaya,"jl banta-bantaeng 8 no 59 rt.007 rw.004, banta-bantaeng",7371031007,7371031,"jl banta-bantaeng 8 no 59 rt.007 rw.004, banta-bantaeng"
3755243,koperasi credit union mekar kasih,jl pelita raya,7371031010,7371031,jl pelita raya
3755954,ryanti perkasa,"jl wijaya kusuma i blok k5/68 rt.015 rw.001, banta-bantaeng",7371031007,7371031,"jl wijaya kusuma i blok k5/68 rt.015 rw.001, banta-bantaeng"
3756251,wanita nusa indah sulawesi-selatan,"jl.a.pangerang pettarani no., banta-bantaeng",7371031007,7371031,"jl.a.pangerang pettarani no., banta-bantaeng"
3756988,bunda q-ta,jl tamalate v/7 perumnas panakukang,7371031004,7371031,jl tamalate v/7 perumnas panakukang
3757233,sas construction,jl pelita raya,7371031010,7371031,jl pelita raya
3757518,flock indonesia,jl cilallang jaya,7371031008,7371031,jl cilallang jaya
3758322,ahza faeyza perdana,jl karunrung raya,7371031002,7371031,jl karunrung raya
3758953,reswor,jl tamalate 3 stp 32,7371031003,7371031,jl tamalate 3 stp 32
3758991,cahaya pratama perkasa,jl. mon. emmy saelan,7371031006,7371031,jl. mon. emmy saelan
3759055,trans surya logistik,jalan tamalate 1 nomor 101,7371031003,7371031,jalan tamalate 1 nomor 101
3759123,federasi panjat tebing indonesia (fpti) makassar,jl tidung 2 samping (lapangan hertasning),7371031005,7371031,jl tidung 2 samping (lapangan hertasning)
3759373,dua sahabat berkarya,jl. monginsidi baru ab5,7371031010,7371031,jl. monginsidi baru ab5
3759919,pendidikan tukalanting,"jl.tidung ix stp.xiv, mappala",7371031003,7371031,"jl.tidung ix stp.xiv, mappala"
3760355,sarana baja raya,permata hijau lestari,7371031004,7371031,permata hijau lestari
3761144,atiqa ramadhan sejahtera,jl btn minasa upa,7371031,7371031,jl btn minasa upa
3761345,lautan emas jaya trans,"komplek permata hijau permai blok h/4a hertasning rt.003 rw.011, kassi-kassi",7371031004,7371031,"komplek permata hijau permai blok h/4a hertasning rt.003 rw.011, kassi-kassi"
3761634,citra namaz abadi,kompleks skarda n nomor 1,7371031001,7371031,kompleks skarda n nomor 1
3761790,komifar panam sinergi,"jalan aroepala, permata hijau permai blok m nomor 9",7371031004,7371031,"jalan aroepala, permata hijau permai blok m nomor 9"
3761964,alam mutiara,jl skarda n komplek mangasa,7371031001,7371031,jl skarda n komplek mangasa
3762147,pandan sebelas,"jl.pandan sebelas b2 no.11, kassi-kassi",7371031004,7371031,"jl.pandan sebelas b2 no.11, kassi-kassi"
3762156,batu putih utama,jl talasalapang,7371031001,7371031,jl talasalapang
3762573,win computer,"btn minasa upa blok blok k 12 no 19 rt 003 rw 010, gunung sari",7371031001,7371031,"btn minasa upa blok blok k 12 no 19 rt 003 rw 010, gunung sari"
3762732,hafiz kalam,komplek anging mammiri blok c3/3 rt 01a rw 010 karunrung,7371031002,7371031,komplek anging mammiri blok c3/3 rt 01a rw 010 karunrung
3764039,paud kb al-fatihah,jl. buakana,7371031008,7371031,jl. buakana
3765274,alam indoraya mandiri,"perum.jipang permai dp.6 no.22 makassar rt.002 rw.008, karunrung",7371031002,7371031,"perum.jipang permai dp.6 no.22 makassar rt.002 rw.008, karunrung"
3765599,khilafa,"jl.guru sekolah perawat no.28, karunrung",7371031002,7371031,"jl.guru sekolah perawat no.28, karunrung"
3765694,global asera,jl m. emmy saelan komp.p&k,7371031001,7371031,jl m. emmy saelan komp.p&k
3765903,cartini nusantara,btn minasaupa blok j no. 6,7371031011,7371031,btn minasaupa blok j no. 6
3766074,aditya putra pratama kencana,jl beringin v,7371031004,7371031,jl beringin v
3766242,bantuan hukum mitra indonesia mandiri,jl aroepala,7371031004,7371031,jl aroepala
3766290,mitra konstruksi sejati,jl raya pendidikan komp permai balla panakukkang,7371031006,7371031,jl raya pendidikan komp permai balla panakukkang
3766891,harimau sulawesi bodyguard,jl rappocini raya,7371031009,7371031,jl rappocini raya
3768265,bakti cipta paving,rsi faisal xviii,7371031007,7371031,rsi faisal xviii
3768311,dasa anugrah perkasa,"jl.syech yusuf no.6a rt.002 rw.001, gunung sari",7371031001,7371031,"jl.syech yusuf no.6a rt.002 rw.001, gunung sari"
3769150,pegawai dolog sulsel sejahtera,komplek bulog jl. bonto dg.ngirate,7371031005,7371031,komplek bulog jl. bonto dg.ngirate
3769259,multi tehnik sejati,"jl tamalate i no 3 rt.006 rw.001, kassi-kassi",7371031004,7371031,"jl tamalate i no 3 rt.006 rw.001, kassi-kassi"
3770362,muchtar trading,jl griya kisel damai,7371031001,7371031,jl griya kisel damai
3770433,makmur mulia sarana,jl pelita raya,7371031010,7371031,jl pelita raya
3770637,ar rasyid contractors,jl. pelita raya,7371031010,7371031,jl. pelita raya
3771011,dwidya sistha wicaksana,komplek btn timurama,7371031010,7371031,komplek btn timurama
3771302,tekno primajaya,jl tamalate 7 stp 41,7371031003,7371031,jl tamalate 7 stp 41
3771461,tiga cita utama,"jl.landak baru lr.1 no.8, banta-bantaeng",7371031007,7371031,"jl.landak baru lr.1 no.8, banta-bantaeng"
3771941,tiga muda,"jl cilallang jaya no 29 rt.001 rw.002, buakana",7371031008,7371031,"jl cilallang jaya no 29 rt.001 rw.002, buakana"
3772197,hanbros tambang indonesia,jl landak baru,7371031007,7371031,jl landak baru
3776118,sinar galesong,jl a p pettarani,7371031008,7371031,jl a p pettarani
3776213,pimenta gemilang,jl pelita raya tengah,7371031010,7371031,jl pelita raya tengah
3776231,has manikya internasional,jl graha satelit ruko grand royal (lt 2),7371031001,7371031,jl graha satelit ruko grand royal (lt 2)
3776318,sipatuo sipatokkong siammasei,"kompleks pertamina blok g/8 jl buakana rt.006 rw.006, buakana",7371031008,7371031,"kompleks pertamina blok g/8 jl buakana rt.006 rw.006, buakana"
3776489,pranaja maharani,jl tidung x,7371031003,7371031,jl tidung x
3776682,tk islam ali imran,jl wijaya kusuma,7371031007,7371031,jl wijaya kusuma
3778073,nekasari prima utama,jl pelita raya tengah,7371031010,7371031,jl pelita raya tengah
3778113,sarana lintas cakrawala,jl tamalate iii stp 53,7371031004,7371031,jl tamalate iii stp 53
3778210,maugi one supporting,jl tamalate iv stp 18,7371031004,7371031,jl tamalate iv stp 18
3778350,faa,"jl hertasning vii no 22c rt.006 rw.003, tidung",7371031006,7371031,"jl hertasning vii no 22c rt.006 rw.003, tidung"
3778357,asosiasi investor indonesia,jl sultan alauddin komp bph plaza ruko ii,7371031001,7371031,jl sultan alauddin komp bph plaza ruko ii
3778815,vidia sinema production,"btn.ii mangasa permai blok.ruko r10, gunung sari",7371031001,7371031,"btn.ii mangasa permai blok.ruko r10, gunung sari"
3778966,pp-bk kso,jl letjend hertasning,7371031004,7371031,jl letjend hertasning
3779829,eka cipta,"jl.r.s.i.faisal v no.13 rt.007 rw.002, banta-bantaeng",7371031007,7371031,"jl.r.s.i.faisal v no.13 rt.007 rw.002, banta-bantaeng"
3779956,hasa cipta gemilang,jl yusuf daeng ngawing,7371031006,7371031,jl yusuf daeng ngawing
3782826,mitra sahabat,"jl.landak baru lr.1 no.33, banta-bantaeng",7371031007,7371031,"jl.landak baru lr.1 no.33, banta-bantaeng"
3783250,hokky utama telesindo,jl rappocini raya,7371031008,7371031,jl rappocini raya
3783536,firama karsa,"jl. palm komp. permata hijau blok b no. 21 rt.001 rw.011, kassi-kassi",7371031004,7371031,"jl. palm komp. permata hijau blok b no. 21 rt.001 rw.011, kassi-kassi"
3783556,jaya indah perkasa,btn minasa sari,7371031,7371031,btn minasa sari
3783639,wiswaji,jl pelita iv,7371031008,7371031,jl pelita iv
3783650,satria harum sejati,jl.monginsidi baru,7371031009,7371031,jl.monginsidi baru
3783891,benhard bagus bersama,jl aroepala,7371031004,7371031,jl aroepala
3784313,permata dara sejahtera,"perumahan bosowa indah blok k no 13 rt 006 rw 008, gunung sari",7371031001,7371031,"perumahan bosowa indah blok k no 13 rt 006 rw 008, gunung sari"
3784791,phinisi transportasi indonesia,jl tamalate i,7371031006,7371031,jl tamalate i
3785170,bragas cipta construksi,jl perintis kemerdekaan,7371031009,7371031,jl perintis kemerdekaan
3785383,balantang multi mandiri,"jl hertasning raya blok e10/35 rt 000 rw 000, tidung",7371031006,7371031,"jl hertasning raya blok e10/35 rt 000 rw 000, tidung"
3785523,forum masyarakat dan pemuda massenrempulu (formaspul),tidung vii stp. 1,7371031003,7371031,tidung vii stp. 1
3785967,mega riski pratama,jl mappala,7371031006,7371031,jl mappala
3786260,satu empat lima,jl karaeng bontotangnga ii,7371031002,7371031,jl karaeng bontotangnga ii
3786519,nita buana,jl aroepala komp php,7371031004,7371031,jl aroepala komp php
3786699,jaya sejahtera perkasa,"jl pelita raya vi blok a/34 rt.00c rw.006, buakana",7371031008,7371031,"jl pelita raya vi blok a/34 rt.00c rw.006, buakana"
3787012,megah puteri,jl mongisidi baru,7371031009,7371031,jl mongisidi baru
3787184,trijaya pratama futures,jl. andi pangeran pettarani,7371031007,7371031,jl. andi pangeran pettarani
3789612,biochemical technindo,ap pettarani komp btn pemda,7371031003,7371031,ap pettarani komp btn pemda
3790630,insan tani celebes,anging mammiri residence,7371031002,7371031,anging mammiri residence
3790764,matuari engineering,jl pelita raya tengah,7371031010,7371031,jl pelita raya tengah
3791039,reqananta,jl btn minasa upa,7371031001,7371031,jl btn minasa upa
3791268,akademi farmasi yamasi makassar,jl mappala,7371031006,7371031,jl mappala
3791347,suryadharma,"jl.letjen.hertasning (komp.beringin raya no.11) rt.001 rw.010, kassi-kassi",7371031004,7371031,"jl.letjen.hertasning (komp.beringin raya no.11) rt.001 rw.010, kassi-kassi"
3791415,asa inti kreator,cilallang jaya vii,7371031008,7371031,cilallang jaya vii
3791832,terminal utama makassar,jl rappocini raya,7371031009,7371031,jl rappocini raya
3792062,cv. duasatu nam,talasalapang 2 komp pk,7371031001,7371031,talasalapang 2 komp pk
3792313,ulfiayu putri,"jl.landak baru no.93 rt.06 rw.06, banta-bantaeng",7371031007,7371031,"jl.landak baru no.93 rt.06 rw.06, banta-bantaeng"
3792801,kesatuan mahasiswa nusantara,jl. tidung 9 stapak 14,7371031003,7371031,jl. tidung 9 stapak 14
3794739,anugrah indo medi,jalan rsi faisal xiv lr 7 nomor 2,7371031007,7371031,jalan rsi faisal xiv lr 7 nomor 2
3795178,sumber energi tallasa,jl. andi djemma no. 136,7371031007,7371031,jl. andi djemma no. 136
3795190,mulia karsa,"jl.rs islam faisal vii no.16, banta-bantaeng",7371031007,7371031,"jl.rs islam faisal vii no.16, banta-bantaeng"
3796306,duta konstruksi,jl talasalapang bph plaza blok e2,7371031001,7371031,jl talasalapang bph plaza blok e2
3796442,rokets prima teknik,"jl. rappocini raya lr. 11 d/15 rt.001 rw.005, buakana",7371031008,7371031,"jl. rappocini raya lr. 11 d/15 rt.001 rw.005, buakana"
3796896,ananda idy bersaudara,jl landak baru,7371031007,7371031,jl landak baru
3796958,lembaga sertifikasi profesi penyelenggara produk halal indonesia,jl tala salapang raya no.1a,7371031001,7371031,jl tala salapang raya no.1a
3797374,nur ashabul mandiri perkasa,"btn minasa upa m.18/26 rt.005 rw.009, gunung sari",7371031001,7371031,"btn minasa upa m.18/26 rt.005 rw.009, gunung sari"
3797800,kelompok kerja guru madrasah ibtidaiyah,jalan andi djemma lr.7,7371031007,7371031,jalan andi djemma lr.7
3797824,fertilizier jaya celebes,hertasning,7371031006,7371031,hertasning
3799042,mobilindo 117,"btn minasa upa blok c1/3 rt 002 rw 001, karunrung",7371031002,7371031,"btn minasa upa blok c1/3 rt 002 rw 001, karunrung"
3799389,konsumen karyawan yayasan ma'bulo sibatang,jl. mappala 2 blok d5 nomor 10,7371031006,7371031,jl. mappala 2 blok d5 nomor 10
3799394,han mitra sulawesi,jl tamalate viii,7371031004,7371031,jl tamalate viii
3800427,"adhi - karya rezki - nur ali mandiri, kso",jl letjen hertasning blok,7371031004,7371031,jl letjen hertasning blok
3800533,pelayaran fez indonesia,jl timah i,7371031010,7371031,jl timah i
3801088,sepuluh,"jl landak baru no 60 rt.004 rw.003, banta-bantaeng",7371031007,7371031,"jl landak baru no 60 rt.004 rw.003, banta-bantaeng"
3801535,buana catering,jl aroepala perum anging mamiri residence,7371031002,7371031,jl aroepala perum anging mamiri residence
3801785,surya prima cipta,jl raya pendidikan,7371031006,7371031,jl raya pendidikan
3801810,arung talle mandiri,"jl hertasning no 27a rt.008 rw.001, tidung",7371031006,7371031,"jl hertasning no 27a rt.008 rw.001, tidung"
3801829,ikatan pegawai balai kesehatan mata masyarakat (bkmm) makassar,jl wijaya kusuma raya,7371031007,7371031,jl wijaya kusuma raya
3802180,aurel pratama,"ruko grand tamalate no 2 jl tamalate rt.001 rw.003, bonto makkio",7371031005,7371031,"ruko grand tamalate no 2 jl tamalate rt.001 rw.003, bonto makkio"
3802757,aiy artha perdana,"jl monumen emmy saelan btn agraria blok u/3 rt.007 rw.002, karunrung",7371031002,7371031,"jl monumen emmy saelan btn agraria blok u/3 rt.007 rw.002, karunrung"
3802938,valsha putra mandiri,jl rappocini raya,7371031008,7371031,jl rappocini raya
3803269,emilindo persada arsitektur,"jl ap pettarani, komp. ruko new zamrud",7371031008,7371031,"jl ap pettarani, komp. ruko new zamrud"
3803406,diva karya mandiri,"jl letjen hertasning blok e15/2 rt.003 rw.007, tidung",7371031006,7371031,"jl letjen hertasning blok e15/2 rt.003 rw.007, tidung"
3803557,axa prima,"jl.btn minasa upa blok c.4 no.3, karunrung",7371031002,7371031,"jl.btn minasa upa blok c.4 no.3, karunrung"
3803570,tasnim selaras,jl kompleks mangasa permai ii,7371031001,7371031,jl kompleks mangasa permai ii
3803973,duta sejahtera,jl ap pettarani,7371031001,7371031,jl ap pettarani
3804450,cahaya surya indonesia,jl talasalapang raya ruko ekslusif bisnis center,7371031001,7371031,jl talasalapang raya ruko ekslusif bisnis center
3805999,acasia medica,"syeh yusuf komp.kodam katangka blok f no.5 rt.002 rw.002, gunung sari",7371031001,7371031,"syeh yusuf komp.kodam katangka blok f no.5 rt.002 rw.002, gunung sari"
3806117,khalifah raudathul jannah,jl hertasning barat i,7371031005,7371031,jl hertasning barat i
3806522,putra pertama,"jl.landak baru v no.2, banta-bantaeng",7371031007,7371031,"jl.landak baru v no.2, banta-bantaeng"
3806708,nasade afrah perdana,jl rsi islam faisal xii,7371031007,7371031,jl rsi islam faisal xii
3806881,nur hikmah,"jl tidung 7 blok 13/15 rt.001 rw.005, mappala",7371031003,7371031,"jl tidung 7 blok 13/15 rt.001 rw.005, mappala"
3807489,anugrah abadi,jl jipang raya. perum. jipang permai,7371031002,7371031,jl jipang raya. perum. jipang permai
3807706,serba usaha mitra agro industri,"komp.btn agraria blok.q no.3, karunrung",7371031002,7371031,"komp.btn agraria blok.q no.3, karunrung"
3808199,gatra buana,jl komp.minasa upa ruko,7371031,7371031,jl komp.minasa upa ruko
3808305,sinar galesong persada,"jl ap pettarani no 55 rt 001 rw 003, buakana",7371031008,7371031,"jl ap pettarani no 55 rt 001 rw 003, buakana"
3809142,qualita konsultan psikologi,jl talasalapang raya,7371031002,7371031,jl talasalapang raya
3810338,ladjalani,jl pettarani ruko zamrud,7371031008,7371031,jl pettarani ruko zamrud
3810951,aenani delapan tujuh,jl pengayoman taman permata sari iv/2,7371031008,7371031,jl pengayoman taman permata sari iv/2
3811040,rihul tis'a romadhon (rtr) corporate,"jl tamalate i blok 14/2, mappala",7371031003,7371031,"jl tamalate i blok 14/2, mappala"
3811103,al-jazirah,"jl.rappocini raya no.276, buakana",7371031008,7371031,"jl.rappocini raya no.276, buakana"
3811277,tri berkah abadi,jl. tamalate i,7371031005,7371031,jl. tamalate i
3811566,bintang rezeki,jl r.sakit islam faisal xii/60,7371031007,7371031,jl r.sakit islam faisal xii/60
3811571,anugrah pelita perdana,jl pelita raya blok,7371031008,7371031,jl pelita raya blok
3811757,karanta duta indonesia,jalan tamalate i,7371031003,7371031,jalan tamalate i
3813347,lembaga pengembangan bisnis makassarpreneur,"jl monginsidi baru ab4/7 rt.002 rw.005, balla parang",7371031010,7371031,"jl monginsidi baru ab4/7 rt.002 rw.005, balla parang"
3813367,entolu buana mandiri,jl timah i,7371031010,7371031,jl timah i
3813582,glory mandiri lestari,jl rsi faisal xii,7371031007,7371031,jl rsi faisal xii
3813842,fasrat utama,jl monumen emmy saelan iiid,7371031006,7371031,jl monumen emmy saelan iiid
3813985,hasry hastini,komp btn agraria,7371031002,7371031,komp btn agraria
3814015,dibar utama properti,jl syech yusuf,7371031001,7371031,jl syech yusuf
3814042,rashiwa medanindo konstruksi,jl aroepala,7371031001,7371031,jl aroepala
3814649,alya graha mandiri,"btn minasa upa m.3 no.1, gunung sari",7371031001,7371031,"btn minasa upa m.3 no.1, gunung sari"
3814671,liputan utama,komp anggrek minasa upa blok,7371031001,7371031,komp anggrek minasa upa blok
3814714,indotama jasa sertifikasi,puri taman sari,7371031004,7371031,puri taman sari
3816034,arfad,"komp.ikip blok b.4 no.18 rt.002 rw.004, tidung",7371031006,7371031,"komp.ikip blok b.4 no.18 rt.002 rw.004, tidung"
3816223,mitra persada,"jl.tamalate vii stp.47 no.54, mappala",7371031003,7371031,"jl.tamalate vii stp.47 no.54, mappala"
3816743,sadar jaya abadi,"jl.perintis kemerdekaan iii, kompleks btn hamzy blok e.5/17",7371031009,7371031,"jl.perintis kemerdekaan iii, kompleks btn hamzy blok e.5/17"
3817608,mega sarana telekomindo,"jl.tidung vi stp.9 no.34, mappala",7371031003,7371031,"jl.tidung vi stp.9 no.34, mappala"
3818360,usaha baru abadi,jl aroepala hertasning baru,7371031002,7371031,jl aroepala hertasning baru
3818465,wira asha persada,jalan beringin 4 nomor 06,7371031004,7371031,jalan beringin 4 nomor 06
3819218,kencana lintas mandiri,jl talasalapang btn minasa upa,7371031001,7371031,jl talasalapang btn minasa upa
3819282,nanda putra,"jl. teduh bersinar blok q.14 komp. ibb, gunung sari",7371031001,7371031,"jl. teduh bersinar blok q.14 komp. ibb, gunung sari"
3819532,graphicom gamajaya,jl monumen emmy saelan 3,7371031002,7371031,jl monumen emmy saelan 3
3819581,mega rejeki,jl wijaya kusuma blok,7371031007,7371031,jl wijaya kusuma blok
3820262,cendana putra,"komp puri taman sarri blk e2 no.2, kassi-kassi",7371031004,7371031,"komp puri taman sarri blk e2 no.2, kassi-kassi"
3820638,reyner construksi mandiri,jl btn minasa upa blok,7371031001,7371031,jl btn minasa upa blok
3820803,hammam perdana,"jl talasalapang no 22 rt.006 rw.003, gunung sari",7371031001,7371031,"jl talasalapang no 22 rt.006 rw.003, gunung sari"
3821216,adhi warna,jalan monginsidi baru perum puri mutiara,7371031009,7371031,jalan monginsidi baru perum puri mutiara
3821936,trimitra utama,"ruko mustika mega sari blok a2/8 jl jipang raya, gunung sari",7371031001,7371031,"ruko mustika mega sari blok a2/8 jl jipang raya, gunung sari"
3822192,danindo,"jl.tidung timur x blok b no.5 komp.stella maris rt.002 rw.006, karunrung",7371031002,7371031,"jl.tidung timur x blok b no.5 komp.stella maris rt.002 rw.006, karunrung"
3822231,irsan pariwai lino,komp ikip,7371031006,7371031,komp ikip
3824456,wira bhakti,jl. sultan alauddin komp. permata sari,7371031001,7371031,jl. sultan alauddin komp. permata sari
3824600,aryan fareed,jl bangkit 1,7371031004,7371031,jl bangkit 1
3825270,rentokil indonesia,"jl.r.s.islam faisal xii no.40 rt.007 rw.002, banta-bantaeng",7371031007,7371031,"jl.r.s.islam faisal xii no.40 rt.007 rw.002, banta-bantaeng"
3826164,hayami jaya,jl. mon. emmy saelan,7371031006,7371031,jl. mon. emmy saelan
3826634,difanur jaya abadi,jl mon emmy saelan,7371031001,7371031,jl mon emmy saelan
3827368,pohon kelapa,jl hertasning barat komp griya panakkukang indah,7371031005,7371031,jl hertasning barat komp griya panakkukang indah
3827428,minanga tama sulawesi,jl timah 5,7371031010,7371031,jl timah 5
3827571,mallolongan mandiri sejahtera,jl komp delta mas ii,7371031009,7371031,jl komp delta mas ii
3827955,latebbe putra group,jl tidung 9 perumnas blok,7371031003,7371031,jl tidung 9 perumnas blok
3827970,arrahman,"jl monumen emmy saelan no 23 rt.003 rw.016, gunung sari",7371031001,7371031,"jl monumen emmy saelan no 23 rt.003 rw.016, gunung sari"
3828288,novfrian pratama,jl rsi faisal xvii,7371031007,7371031,jl rsi faisal xvii
3828749,pasadena persada pratama,jl tamalate i,7371031005,7371031,jl tamalate i
3828858,agro utama perkasa,jl timah i,7371031010,7371031,jl timah i
3829131,pranina globalindo sejahtera,jl nikel i,7371031010,7371031,jl nikel i
3829579,"zamrud primakarya, pt",jalan ap petarani ruko new zamrud blok a no 3,7371031008,7371031,jalan ap petarani ruko new zamrud blok a no 3
3829595,abdiraya bangun perkasa,jl perum karunrung asri,7371031002,7371031,jl perum karunrung asri
3829953,asera gadai hasanah,jalan monument emmy saelan 3 nomor 70,7371031002,7371031,jalan monument emmy saelan 3 nomor 70
3830672,makassar strukturindo,jl rappocini raya lr. 2,7371031009,7371031,jl rappocini raya lr. 2
3831308,karya solution,jl kelapa tiga 1,7371031010,7371031,jl kelapa tiga 1
3831321,rama sarana persada,jl komplek puri taman sari,7371031004,7371031,jl komplek puri taman sari
3831361,surya nusantara,"jl.banta-bantaeng no.44 rt.003 rw.004, banta-bantaeng",7371031007,7371031,"jl.banta-bantaeng no.44 rt.003 rw.004, banta-bantaeng"
3831408,lima perkasa,jl sungai saddang baru a.11,7371031010,7371031,jl sungai saddang baru a.11
3831518,mitra nurinda,jl rappocini raya lr. 2,7371031009,7371031,jl rappocini raya lr. 2
3831564,saudah,jl talasalapang raya komp puri bukit mas,7371031001,7371031,jl talasalapang raya komp puri bukit mas
3831728,joyo,"jl.buldozer no.10 komp.pu, mappala",7371031003,7371031,"jl.buldozer no.10 komp.pu, mappala"
3833172,tri karsa manunggal,jl pelita raya,7371031010,7371031,jl pelita raya
3833456,lembaga penelitian dan pengabdian masyarakat,jl rappocini raya,7371031008,7371031,jl rappocini raya
3834469,adela jaya perkasa,jl rappocini raya,7371031008,7371031,jl rappocini raya
3834588,krisna jaya,"jl.tidung vi sp.i no.79, mappala",7371031003,7371031,"jl.tidung vi sp.i no.79, mappala"
3835042,marsela,jl. rsi faisal x,7371031007,7371031,jl. rsi faisal x
3835108,ksm niak na jama,jl banta-bantaeng,7371031007,7371031,jl banta-bantaeng
3835321,mgmp-pak smp kota makassar,jl rappocini raya,7371031008,7371031,jl rappocini raya
3836217,rafa unggul sejahtera langgeng,"jl aroepala akses perum taman gosyen no 07, gunung sari",7371031001,7371031,"jl aroepala akses perum taman gosyen no 07, gunung sari"
3836391,gilland ghazali dan ghina ghaniyah,jl monumen emmy saelan,7371031006,7371031,jl monumen emmy saelan
3837642,mitra celebes utama,jl yusuf dg ngawing blok e33,7371031006,7371031,jl yusuf dg ngawing blok e33
3837922,balna dwikarya bangunindo,kompleks anging mammiri,7371031002,7371031,kompleks anging mammiri
3838099,nurzain reski mandiri,komp permata hijau,7371031004,7371031,komp permata hijau
3838447,erempat wiraguna abadi,jl. yusuf dg. ngawing e27/12c,7371031006,7371031,jl. yusuf dg. ngawing e27/12c
3838611,mega buana mandiri,perumahan btn minasa upa,7371031001,7371031,perumahan btn minasa upa
3839377,azalea prima gemilang,jl mapala vi,7371031003,7371031,jl mapala vi
3839604,abdiraya mitra perdana,jl tidung 09,7371031006,7371031,jl tidung 09
3839806,delta perdana konstruksi,jl btn minasa upa,7371031,7371031,jl btn minasa upa
3840112,taka bonerate mandiri,"jl.tidung 8 stp.7 no.171, mappala",7371031003,7371031,"jl.tidung 8 stp.7 no.171, mappala"
3840586,nusa inter quanta,jl hertasning makassar town house,7371031006,7371031,jl hertasning makassar town house
3840715,jaya advice makassar,jl karunrung raya 5,7371031002,7371031,jl karunrung raya 5
3840879,asia teknik unggul utama,jl. pelita raya no. 40,7371031010,7371031,jl. pelita raya no. 40
3841046,nita mega buana,"komplek permata hijau permai blok d/25e aroeppala rt.006 rw.005, kassi-kassi",7371031004,7371031,"komplek permata hijau permai blok d/25e aroeppala rt.006 rw.005, kassi-kassi"
3841630,bangun karya bersama,btn minasa upa blok g7/6 rt 002 rw 006 gunung sari,7371031001,7371031,btn minasa upa blok g7/6 rt 002 rw 006 gunung sari
3844534,tamba swara,"jl.btn minasa upa c4 no.1a rt.006 rw.003, karunrung",7371031002,7371031,"jl.btn minasa upa c4 no.1a rt.006 rw.003, karunrung"
3844763,hardi utama,jl btn minasa upa,7371031001,7371031,jl btn minasa upa
3844982,azka prima utama,jl sultan alauddin perumahan galosi home,7371031001,7371031,jl sultan alauddin perumahan galosi home
3845292,megahtama putra mandiri,"komplek new zamrud blok e/10 rt.000 rw.000, buakana",7371031008,7371031,"komplek new zamrud blok e/10 rt.000 rw.000, buakana"
3845591,mega putra,jl hertasning timur komp permata hijau lestari,7371031004,7371031,jl hertasning timur komp permata hijau lestari
3845798,kurniawan cipta media,"jl.aroepala samping smp 40 tembusan komp. anggrek minasa upa,rt.004/rw.010,gunung sari",7371031003,7371031,"jl.aroepala samping smp 40 tembusan komp. anggrek minasa upa,rt.004/rw.010,gunung sari"
3846956,duta sentosa,jl fajar mas regency,7371031001,7371031,jl fajar mas regency
3847559,rahmat rahma jaya,jl biru kompleks bumi pesona pelangi biru,7371031001,7371031,jl biru kompleks bumi pesona pelangi biru
3847674,alif utama nusantara,jl rappocini raya,7371031009,7371031,jl rappocini raya
3848257,perkumpulan alumni smu negeri 16 makassar angkatan 2000,jl cilallang vii,7371031008,7371031,jl cilallang vii
3848545,gemar membangun,jl komplek mangasa permai  skardan,7371031001,7371031,jl komplek mangasa permai  skardan
3849412,mulia rahayu mitra,jl hertasning baru,7371031004,7371031,jl hertasning baru
3850548,dellsan jaya,jl tamalate i,7371031005,7371031,jl tamalate i
3850915,makassar surya abadi,btn minasa upa,7371031001,7371031,btn minasa upa
3851255,yayasan rahmatul asri,"jl tima v blok a29/6 rt.005 rw.003, balla parang",7371031010,7371031,"jl tima v blok a29/6 rt.005 rw.003, balla parang"
3851392,berkah medikindo,"jl hertasning baru/ permata hijau permai blok i/17 rt 003 rw 011, kassi-kassi",7371031004,7371031,"jl hertasning baru/ permata hijau permai blok i/17 rt 003 rw 011, kassi-kassi"
3852304,raffa karya bersinar,tidung x setapak 8,7371031003,7371031,tidung x setapak 8
3852831,jendela edukasi,"jipang raya iia, no 21, makassar",7371031002,7371031,"jipang raya iia, no 21, makassar"
3853187,sakti jaya,jl kelapa tiga 2,7371031010,7371031,jl kelapa tiga 2
3853223,mitra mandiri perkasa,"btn minasa upa blk m 13 no.6 rt.004 rw.009, gunung sari",7371031001,7371031,"btn minasa upa blk m 13 no.6 rt.004 rw.009, gunung sari"
3853296,cakrawala ady komunika,jl syech yusuf,7371031001,7371031,jl syech yusuf
3855642,ergusa resources,jl komplek permata hijau lestari,7371031004,7371031,jl komplek permata hijau lestari
3857018,putri utami,jl. tala salapang 1,7371031001,7371031,jl. tala salapang 1
3857090,hikma global mandiri,jl pelita raya,7371031010,7371031,jl pelita raya
3857448,mitra karya nusantara,"komp.ikip blok d.3 no.16 rt.004 rw.004, tidung",7371031006,7371031,"komp.ikip blok d.3 no.16 rt.004 rw.004, tidung"
3857666,hajja kalsum muhammadiyah rappocini,"jl.rappocini raya lr.2 no.18 rt.004 rw.002, rappocini",7371031009,7371031,"jl.rappocini raya lr.2 no.18 rt.004 rw.002, rappocini"
3858093,anlus,"jl pelita ii no 2 rt.004 rw.007, buakana",7371031008,7371031,"jl pelita ii no 2 rt.004 rw.007, buakana"
3858392,virtual universitas negeri makassar,jl tamalate i kampus iv universitas negeri makassar,7371031001,7371031,jl tamalate i kampus iv universitas negeri makassar
3859186,kanangga grafika,"jl mahoni blok iii/107 rt 000 rw 000, kassi-kassi",7371031004,7371031,"jl mahoni blok iii/107 rt 000 rw 000, kassi-kassi"
3859393,fardiansyah putra,komplek permata hijau lestari blok q7/4 rt 007 rw 014 kassi-kassi,7371031004,7371031,komplek permata hijau lestari blok q7/4 rt 007 rw 014 kassi-kassi
3859504,gema teknik konsultan,jl btn mangasa permai,7371031001,7371031,jl btn mangasa permai
3859623,anugerah yabes energi,jl cokonuri dalam kompleks rukan,7371031006,7371031,jl cokonuri dalam kompleks rukan
3860018,assa'adah man 1 makassar,jl talasalapang (dalam sekolah man 1 makassar),7371031001,7371031,jl talasalapang (dalam sekolah man 1 makassar)
3860076,inti berkat sejahtera,jl rappocini raya,7371031008,7371031,jl rappocini raya
3860876,nani,"sultan alauddin blok ps.vi/10, gunung sari",7371031001,7371031,"sultan alauddin blok ps.vi/10, gunung sari"
3860921,menara batu,"btn minasa upa blok j.4/4 rt. 04 rw.012, gunung sari",7371031001,7371031,"btn minasa upa blok j.4/4 rt. 04 rw.012, gunung sari"
3861308,anugrah indobuilding megah,jl. mapala v blok e29 no. 15 a,7371031006,7371031,jl. mapala v blok e29 no. 15 a
3863039,utama sukses,"jl tidung vi stp 9 blok 13 no 69 rt.003 rw.005, mappala",7371031003,7371031,"jl tidung vi stp 9 blok 13 no 69 rt.003 rw.005, mappala"
3863951,hasco,"kompleks permata hijau permai blok d/31a rt.002 rw.011, kassi-kassi",7371031004,7371031,"kompleks permata hijau permai blok d/31a rt.002 rw.011, kassi-kassi"
3864193,nuryah centre makassar,bumi permata hijau jl bumi 11 blok,7371031001,7371031,bumi permata hijau jl bumi 11 blok
3864276,cahaya tiga putra,jl sungai saddang baru,7371031010,7371031,jl sungai saddang baru
3864421,multi kreasi sinergi,btn minasa upa,7371031,7371031,btn minasa upa
3865283,fthree pratama,jl rsi faisal 14 no 41,7371031007,7371031,jl rsi faisal 14 no 41
3865458,mulia cipta indonesia,perum anging mamiri blok,7371031002,7371031,perum anging mamiri blok
3866102,wira satya,jl. rappocini raya,7371031008,7371031,jl. rappocini raya
3867069,karya muflih,"jl.tidung vii stp.1 no.21 makassar rt.001 rw.006, mappala",7371031003,7371031,"jl.tidung vii stp.1 no.21 makassar rt.001 rw.006, mappala"
3867072,putra moncongloe tamami,"jl. wijaya kusuma raya no.45, banta-bantaeng",7371031007,7371031,"jl. wijaya kusuma raya no.45, banta-bantaeng"
3867074,putra balangnipa jaya,jl pengayoman ruko permatasari,7371031008,7371031,jl pengayoman ruko permatasari
3867158,ical cms,jl. bonto dg ngirate stp 2,7371031005,7371031,jl. bonto dg ngirate stp 2
3867552,makassar mitra bersama,komplek btn minasa upa,7371031001,7371031,komplek btn minasa upa
3867586,lontara sakti perkasa,jl sultan alauddin kom griya kisel damai,7371031001,7371031,jl sultan alauddin kom griya kisel damai
3868376,ra & fa universal,jl btn minasa upa,7371031,7371031,jl btn minasa upa
3868447,fajar jaya,"jl.palm merah no.22, kel. kassi-kassi",7371031004,7371031,"jl.palm merah no.22, kel. kassi-kassi"
3869902,putra uloe,jl perumahan angin mamiri,7371031004,7371031,jl perumahan angin mamiri
3870587,asera teknik mandiri,jl mon emmy saelan komp p & k,7371031001,7371031,jl mon emmy saelan komp p & k
3871656,berkah utami,jl sultan alauddin ruko permata sari,7371031001,7371031,jl sultan alauddin ruko permata sari
3872028,khalifah muda mandiri,jl. monumen emmy saelan lr 50 no 60,7371031001,7371031,jl. monumen emmy saelan lr 50 no 60
3872545,bintang minerals cemerlang,komp permata sari ps vi/05,7371031001,7371031,komp permata sari ps vi/05
3872597,roda dinar mandiri,jalan nikel 2 nomor 18,7371031010,7371031,jalan nikel 2 nomor 18
3874173,amelia jaya mandiri,"perumahan anging mammiri residence blok f3/3 rt 001 rw 009, karunrung",7371031002,7371031,"perumahan anging mammiri residence blok f3/3 rt 001 rw 009, karunrung"
3874939,sukses madalleran,komp graha hasirah permai,7371031001,7371031,komp graha hasirah permai
3875397,lamtoro dasa anugrah,"perumahan bumi bosowa permai blok ao/1 rt.003 rw.005, gunung sari",7371031001,7371031,"perumahan bumi bosowa permai blok ao/1 rt.003 rw.005, gunung sari"
3875513,pb.h.jagong,jl btn minasa upa,7371031001,7371031,jl btn minasa upa
3875608,adelia,"btn minasa upa blok a3 no.15 rt.003 rw.003, karunrung",7371031002,7371031,"btn minasa upa blok a3 no.15 rt.003 rw.003, karunrung"
3875794,cakra inti baja perkasa,"perum angin mamiri blok b 3no.1, jl aroepala",7371031002,7371031,"perum angin mamiri blok b 3no.1, jl aroepala"
3876039,nizar putra mandiri,jl rappocini raya,7371031009,7371031,jl rappocini raya
3876385,berlian suksesindo,"komplek btn minasa karya no 7 rt 003 rw 009, karunrung",7371031002,7371031,"komplek btn minasa karya no 7 rt 003 rw 009, karunrung"
3876596,arun abadi,jl puri taman sari blok,7371031004,7371031,jl puri taman sari blok
3876658,rahmat utama lakawan,jl pelita raya,7371031010,7371031,jl pelita raya
3876822,murty wisuma jaya,jl rsi faisal raya i,7371031007,7371031,jl rsi faisal raya i
3877068,mawang cipta persada,"jl.sultan alauddin no.297 rt.000 rw.000, gunung sari",7371031001,7371031,"jl.sultan alauddin no.297 rt.000 rw.000, gunung sari"
3877551,sanur mitra swansyah,jl tamalate viii,7371031004,7371031,jl tamalate viii
3878334,makassar rajut,sultan alauddin,7371031001,7371031,sultan alauddin
3879375,jayakarta graha,jl tamalate 2,7371031004,7371031,jl tamalate 2
3879559,ace hardware indonesia tbk,jl andi pangeran pettarani lantai 1 blok,7371031006,7371031,jl andi pangeran pettarani lantai 1 blok
3880115,sumber rejeki bersama,jl. landak baru komp metropolitan residen,7371031007,7371031,jl. landak baru komp metropolitan residen
3880672,cipta karya mandiri,jl tamalate 6 stp 12 no 197 rt 003 rw 003 kassi-kassi,7371031004,7371031,jl tamalate 6 stp 12 no 197 rt 003 rw 003 kassi-kassi
3881064,"kantor jasa penilai publik rengganis, hamid & rekan",jl aroepala kompleks anging mammiri residence blok,7371031002,7371031,jl aroepala kompleks anging mammiri residence blok
3881177,fatimah catering,jl jipang raya komp. bumi palem,7371031001,7371031,jl jipang raya komp. bumi palem
3881350,catering sekar,btn minasa upa,7371031001,7371031,btn minasa upa
3882281,nur aufklarung,perumahan btn minasa upa,7371031001,7371031,perumahan btn minasa upa
3882484,sumber pilar nusantara,jl tamalate ix,7371031004,7371031,jl tamalate ix
3882632,macrocosmo,perumahan btn minasa upa,7371031001,7371031,perumahan btn minasa upa
3882865,archindo adikencana,"jl.ap.pettarani ruko new zamrud blok a/3, buakana",7371031008,7371031,"jl.ap.pettarani ruko new zamrud blok a/3, buakana"
3882947,timah tani nusantara,jl timah i,7371031010,7371031,jl timah i
3883393,siridarfencing,rappocini raya,7371031008,7371031,rappocini raya
3883760,khalifa arta,"jl.mongisidi baru ab.10/4, balla parang",7371031010,7371031,"jl.mongisidi baru ab.10/4, balla parang"
3883936,eka karya,jl hertasning komp permata hijau permai,7371031004,7371031,jl hertasning komp permata hijau permai
3884192,multi mandiri,jl rappocini raya lr.7b,7371031009,7371031,jl rappocini raya lr.7b
3884300,rumahan sukses,jl. pelita raya,7371031010,7371031,jl. pelita raya
3884404,pendidikan gunung sari,"jl.sultan alauddin no.293, gunung sari",7371031001,7371031,"jl.sultan alauddin no.293, gunung sari"
3884857,chesya amanda,"jl. hertasning barat iv/22 rt.033 rw.001, bonto makkio",7371031005,7371031,"jl. hertasning barat iv/22 rt.033 rw.001, bonto makkio"
3884970,duta marga sejati,jl rappocini raya lr 9 d,7371031008,7371031,jl rappocini raya lr 9 d
3885197,sumber rezkita,"karunrung raya iii no.4 rt.006 rw.004, karunrung",7371031002,7371031,"karunrung raya iii no.4 rt.006 rw.004, karunrung"
3885296,make up artist indonesia (mua indonesia),jl sungai saddang baru,7371031010,7371031,jl sungai saddang baru
3885775,laskar jaya abadi,jl. rappocini,7371031008,7371031,jl. rappocini
3887061,forum pemuda bahari indonesia (fpbi dpw sulsel),jl tidung vii stp 10,7371031003,7371031,jl tidung vii stp 10
3887124,edumandiri lestari,kompleks agraria,7371031002,7371031,kompleks agraria
3887426,queen indah family,"perumahan mangasa permai blok q/9 rt.005 rw.019, gunung sari",7371031001,7371031,"perumahan mangasa permai blok q/9 rt.005 rw.019, gunung sari"
3888512,global katulistiwa (lpk - global airlines),jl mapala blok a2,7371031001,7371031,jl mapala blok a2
3889139,metro makassar gemilang,jl hertasning 1,7371031006,7371031,jl hertasning 1
3891308,latompi indonesia consult,"jl.tamalate 1 no 103 blk 14 rt.000 rw.004, mappala",7371031003,7371031,"jl.tamalate 1 no 103 blk 14 rt.000 rw.004, mappala"
3892254,as putra mandiri,"jl jipang raya no 13, karunrung",7371031002,7371031,"jl jipang raya no 13, karunrung"
3893462,amelia rent,jl tidung ix,7371031004,7371031,jl tidung ix
3893673,mega rezky sistemindo,perumahan permata hijau jalan bangkit dua lr.2,7371031004,7371031,perumahan permata hijau jalan bangkit dua lr.2
3893692,monroe nirwana jaya,jl skarda n,7371031006,7371031,jl skarda n
3893715,"adhi - jaya, kso",jl hertasning,7371031004,7371031,jl hertasning
3894428,makmur sentosa abadi jaya,jl aroepala/hertasning baru kompleks halmin residence ruko harmony town house,7371031003,7371031,jl aroepala/hertasning baru kompleks halmin residence ruko harmony town house
3895008,bosowa sport indonesia,"a.p. pettarani no.2 (belakang plaza telkom), gunung sari",7371031001,7371031,"a.p. pettarani no.2 (belakang plaza telkom), gunung sari"
3895923,dearima virtual continuum,jl tidung i,7371031005,7371031,jl tidung i
3898033,artautama megah sentosa,"jl palm raya no a22 permata hijau permai hertasning rt 001 rw 001, kassi-kassi",7371031004,7371031,"jl palm raya no a22 permata hijau permai hertasning rt 001 rw 001, kassi-kassi"
3898690,farindo inti utama,jl landak baru lr 3,7371031007,7371031,jl landak baru lr 3
3898719,multi teknik,jl tidung 8 stp 10,7371031003,7371031,jl tidung 8 stp 10
3899463,prima selaras perkasa,jl ap pettarani,7371031006,7371031,jl ap pettarani
3899759,al bayan permata ujas,jl hertasning raya baru,7371031001,7371031,jl hertasning raya baru
3900787,makassar jaya mandiri,jl aroepala btn minasa upa,7371031001,7371031,jl aroepala btn minasa upa
3901488,mamminasata,jl poros minasa upa,7371031001,7371031,jl poros minasa upa
3901579,mercury bifor,jl rappocini raya komp. citra griyatama,7371031008,7371031,jl rappocini raya komp. citra griyatama
3902103,"kjpp amin, nirwan, alfiantori dan rekan",jl raya pendidikan ii kompleks unm blok,7371031006,7371031,jl raya pendidikan ii kompleks unm blok
3902454,jasa usaha bersama lebah madu,"jl.monumen emmy saelan ii no.32, karunrung",7371031002,7371031,"jl.monumen emmy saelan ii no.32, karunrung"
3902660,audiya,jl landak baru,7371031007,7371031,jl landak baru
3903216,nandana jaya,komp griya fajar mas regency i,7371031001,7371031,komp griya fajar mas regency i
3903365,auto jamixs,jl kompleks perum permata hijau permai,7371031004,7371031,jl kompleks perum permata hijau permai
3903440,bagus utama perkasa,"btn minasa upa f.15/27, gunung sari",7371031001,7371031,"btn minasa upa f.15/27, gunung sari"
3904265,pt. bawakaraeng purnama wijaya - pt tunas jaya irja (kso),jl timah 1,7371031010,7371031,jl timah 1
3904689,mahkota aura sukses,jl rappocini raya ix,7371031008,7371031,jl rappocini raya ix
3904750,padaelo sejahtera,jl sungai saddang baru,7371031010,7371031,jl sungai saddang baru
3905433,samudera anran nusantara,jl monumen emmy saelan iii,7371031002,7371031,jl monumen emmy saelan iii
3905691,satria global,"jl.tidung ix stp 21 no.246 rt.000 rw.000, mappala",7371031003,7371031,"jl.tidung ix stp 21 no.246 rt.000 rw.000, mappala"
3906101,tonggak buana,"jl tamalate 9 stp 2/153 rt 003 rw 004, kassi-kassi",7371031004,7371031,"jl tamalate 9 stp 2/153 rt 003 rw 004, kassi-kassi"
3906129,dian tompo balang,jl. hertasning baru blok ab no. 1,7371031009,7371031,jl. hertasning baru blok ab no. 1
3906333,jurana surya,"jl.tidung ix blok.10 no.85, mappala",7371031003,7371031,"jl.tidung ix blok.10 no.85, mappala"
3906350,salwa mabarakka,jl skarda,7371031001,7371031,jl skarda
3906352,phinisi passokorang indonesia,jl landak baru,7371031007,7371031,jl landak baru
3906945,nur assyfa berkah,jl ap pettarani ruko new zamrud,7371031008,7371031,jl ap pettarani ruko new zamrud
3907181,phinisi cahaya selaras,jl rappocini raya,7371031008,7371031,jl rappocini raya
3907233,husry electrical,btn minasaupa bl. k7/1 rt/rw /,7371031001,7371031,btn minasaupa bl. k7/1 rt/rw /
3908310,abhipraya putera mandiri,jalan  teduh bersinar griya kisel damai c.3,7371031001,7371031,jalan  teduh bersinar griya kisel damai c.3
3908478,jaya raya,"jl.inspeksi kanal no.9 rt 002 rw 005, rappocini",7371031009,7371031,"jl.inspeksi kanal no.9 rt 002 rw 005, rappocini"
3908641,matano graha mandiri,jl. toddopuli vi komp. puri taman sari,7371031004,7371031,jl. toddopuli vi komp. puri taman sari
3910854,saras,komp kodam gunung sari lama,7371031001,7371031,komp kodam gunung sari lama
3911957,ksm gotong jaya,jl rappocini raya lr 6,7371031008,7371031,jl rappocini raya lr 6
3912618,daya potensia indonesia,jl raya pendidikan,7371031006,7371031,jl raya pendidikan
3912870,marga utama,"jl.tidung vi no.42 mappala, tidung",7371031006,7371031,"jl.tidung vi no.42 mappala, tidung"
3913081,suhaib abadi perkasa,jl cilallang jaya lr ii,7371031008,7371031,jl cilallang jaya lr ii
3913692,arise mario,jl aroepala,7371031004,7371031,jl aroepala
3913839,asosiasi profesi pendidikan khusus indonesia(appkhi),jl tamalate 1 komp tidung jurusan plb fip unm,7371031002,7371031,jl tamalate 1 komp tidung jurusan plb fip unm
3914412,sakta lestari,"jl.komp.ikip blok b.2 no.20 rt.002 rw.004, tidung",7371031006,7371031,"jl.komp.ikip blok b.2 no.20 rt.002 rw.004, tidung"
3915221,carakde solusi informatika,btn minasa upa blok,7371031002,7371031,btn minasa upa blok
3916222,makassar mandiri putra utama,jl. sultan alauddin,7371031001,7371031,jl. sultan alauddin
3918327,yayasan meufa indonesia cerdas,komp ikip blok g.6,7371031006,7371031,komp ikip blok g.6
3918540,tani teknik global,komp griya minasa sari,7371031001,7371031,komp griya minasa sari
3919566,akhita,jl talasalapang bph plaza,7371031001,7371031,jl talasalapang bph plaza
3919935,wanua tempe-tempe,komplek skarda n,7371031006,7371031,komplek skarda n
3920589,lintas harapan cemerlang,jl sungai saddang baru,7371031010,7371031,jl sungai saddang baru
3920734,binggo teknologi,jl bontomene i,7371031007,7371031,jl bontomene i
3921475,bintang muda,jl btn karunrung asri,7371031002,7371031,jl btn karunrung asri
3921930,cahaya ditama,"jl.hertasning blok e.16 no.4 rt.003 rw.007, tidung",7371031006,7371031,"jl.hertasning blok e.16 no.4 rt.003 rw.007, tidung"
3922223,mitra makna wisata,jl jipang raya villa mega sari blok,7371031001,7371031,jl jipang raya villa mega sari blok
3923377,attaufik pratama,jl talasalapang ii komp.kejaksaan/depag,7371031001,7371031,jl talasalapang ii komp.kejaksaan/depag
3923378,salsabila catering,jl beringin raya,7371031004,7371031,jl beringin raya
3924446,ratu,jl tidung ix,7371031004,7371031,jl tidung ix
3924564,balqis makmur jaya selamat,jl salemba,7371031001,7371031,jl salemba
3925741,yandita rent,"btn minasa upa blok g1/6 rt.001 rw.006, gunung sari",7371031001,7371031,"btn minasa upa blok g1/6 rt.001 rw.006, gunung sari"
3926045,fathiin inti pratama,jl tidung 8,7371031003,7371031,jl tidung 8
3927026,nur alfindoutama,jl mappala,7371031006,7371031,jl mappala
3927372,cahaya riska,jl. tamalate i,7371031006,7371031,jl. tamalate i
3927378,rezdky ika utama,jl tamalate i selatan,7371031006,7371031,jl tamalate i selatan
3928188,putra patikala maju,jl bumi 16,7371031001,7371031,jl bumi 16
3928236,hasma daniswara,jl hertasning,7371031006,7371031,jl hertasning
3928485,putra jaya,jl teduh bersinar,7371031001,7371031,jl teduh bersinar
3928568,a' empat konsultan,jl hertasning,7371031006,7371031,jl hertasning
3928727,annapurna media perkasa,jl. banta-bantaeng  lr. 8 no. 31,7371031007,7371031,jl. banta-bantaeng  lr. 8 no. 31
3931273,jamilul mu'minin,perumahan citra tidung regency,7371031003,7371031,perumahan citra tidung regency
3932144,lembaga misi we care,jl toddopuli raya,7371031004,7371031,jl toddopuli raya
3932794,surya tehnik indonesia,jl hertasning baru komp. pdgi,7371031004,7371031,jl hertasning baru komp. pdgi
3933360,bintang beton makassar,jl pelita raya viii,7371031008,7371031,jl pelita raya viii
3933398,biro perjalanan wisata agus (travel agus).,jl hertasning baru no.1 kassi-kassi,7371031004,7371031,jl hertasning baru no.1 kassi-kassi
3933676,faizan jaya farma,jl kompleks permata hijau lestari,7371031004,7371031,jl kompleks permata hijau lestari
3934749,"rinaldi, alberth, baroto dan rekan",jl aroepala komp anging mammiri residence,7371031002,7371031,jl aroepala komp anging mammiri residence
3935258,wahana reski daya,jl hertasning viii,7371031006,7371031,jl hertasning viii
3940185,putra sengkanaung mandiri,jl komp skarda n,7371031001,7371031,jl komp skarda n
3941198,ramos sejahtera,jl nipa-nipa lama antang perum bukit cahaya manggala,7371031007,7371031,jl nipa-nipa lama antang perum bukit cahaya manggala
3941565,yenas global sejati,jl minasa upa perumahan graha mandiri ii,7371031001,7371031,jl minasa upa perumahan graha mandiri ii
3944689,yakin jaya satu,hertasning barat  kompleks griya panakukang indah,7371031005,7371031,hertasning barat  kompleks griya panakukang indah
3944754,mario punala,btn minasa upa blok,7371031001,7371031,btn minasa upa blok
3944882,renata bakrie luxury kencana mas,"jl. hertasning baru, komp halmin residence blok b2 no. 3",7371031003,7371031,"jl. hertasning baru, komp halmin residence blok b2 no. 3"
3944948,khalifah semantic indonesia,btn. minasa upa blok f6 no. 3,7371031001,7371031,btn. minasa upa blok f6 no. 3
3945316,simpuru indo global,jl btn minasa upa blok,7371031001,7371031,jl btn minasa upa blok
3945321,sayacetak sukses indonesia,jl sungai saddang baru,7371031010,7371031,jl sungai saddang baru
3945579,meditrania saphire hanania humnah,jl mappala kompleks perum pemda blok e25,7371031006,7371031,jl mappala kompleks perum pemda blok e25
3946171,bumi nusantara mulia,jl ap pettarani ruko new zamrud,7371031008,7371031,jl ap pettarani ruko new zamrud
3946489,intan sinergi abadi,jl a p pettarani ruko pettarani center blok,7371031008,7371031,jl a p pettarani ruko pettarani center blok
3946630,makassar grocery,jl sungai saddang baru,7371031010,7371031,jl sungai saddang baru
3946693,duta teknik utama raya,"jl ap pettarani blok a 28 no 9 rt 005 rw 003, balla parang",7371031010,7371031,"jl ap pettarani blok a 28 no 9 rt 005 rw 003, balla parang"
3947318,yuma saranakarya,"jl ap pettarani komplek pemda blok e28/10 rt 004 rw 005, tidung",7371031006,7371031,"jl ap pettarani komplek pemda blok e28/10 rt 004 rw 005, tidung"
3948538,aufa multi artha,"jl bonto tangnga no 66 rt 001 rw 007, karunrung",7371031002,7371031,"jl bonto tangnga no 66 rt 001 rw 007, karunrung"
3948604,satu tujuh tujuh,jl komp angin mamiri,7371031002,7371031,jl komp angin mamiri
3949302,angin mammiri,btn minasa upa,7371031001,7371031,btn minasa upa
3951092,astra international tbk,jl a. p. pettarani komp rukan,7371031006,7371031,jl a. p. pettarani komp rukan
3952310,maesa citra indonesia,jl sultan alauddin ruko permatasari,7371031001,7371031,jl sultan alauddin ruko permatasari
3952529,integra meganindo,jl monumen emmy saelan komp bontotangnga,7371031002,7371031,jl monumen emmy saelan komp bontotangnga
3952796,mubarak,jl hertasning baru btn minasa upa,7371031,7371031,jl hertasning baru btn minasa upa
3953087,rafly,jl andi djemma 112 (ex. landak baru 112),7371031007,7371031,jl andi djemma 112 (ex. landak baru 112)
3953120,rezky service system,jl pelita raya,7371031010,7371031,jl pelita raya
3954037,pt khana harapan jaya abadi,komp. phb jl. rifky,7371031001,7371031,komp. phb jl. rifky
3954192,tk al fatihah,buakana,7371031008,7371031,buakana
3954854,jasa huraira pengemudi sejahtera,jl bontomene,7371031007,7371031,jl bontomene
3954959,al furqan insan mandiri,jl mon emmy saelan iv,7371031006,7371031,jl mon emmy saelan iv
3955416,pelangiku indonesia,btn minasa upa,7371031002,7371031,btn minasa upa
3955549,buhung pute,jl jipang perum vila megasari blok,7371031001,7371031,jl jipang perum vila megasari blok
3956752,keluarga besar the macz man,rappocini raya,7371031008,7371031,rappocini raya
3957553,duo konstruksi,"btn minasa upa blok ab2/4, gunung sari",7371031001,7371031,"btn minasa upa blok ab2/4, gunung sari"
3957769,abi jaya,jl kompleks permata hijau permai blok,7371031004,7371031,jl kompleks permata hijau permai blok
3957989,tambang samudra indonesia,"jalan sultan alaudin, kompleks ruko permata sari nomor 33 gunung sari",7371031009,7371031,"jalan sultan alaudin, kompleks ruko permata sari nomor 33 gunung sari"
3958190,nayra mandiri,jl pengayoman tps 3,7371031008,7371031,jl pengayoman tps 3
3958201,dua delapan propertindo,jl timah ii,7371031010,7371031,jl timah ii
3959399,has marka sulawesi,perumahan royal grand royal jl hertasning baru,7371031004,7371031,perumahan royal grand royal jl hertasning baru
3960003,erza mandiri promosindo,jl bumi v,7371031001,7371031,jl bumi v
3960023,makassar infotama mandiri,jl talasalapang i komp mangasa permai blok y no 4,7371031001,7371031,jl talasalapang i komp mangasa permai blok y no 4
3960206,taman kencana,"jl beringin v no.7 rt.004 rw.010, kassi-kassi",7371031004,7371031,"jl beringin v no.7 rt.004 rw.010, kassi-kassi"
3961010,sumber karunia perkasa,jl. pelita raya blok a5 no. 8,7371031008,7371031,jl. pelita raya blok a5 no. 8
3961386,mayzona multi media,jl. toddopuli 1 no. 9,7371031004,7371031,jl. toddopuli 1 no. 9
3961599,swadesi citra group,"jl.tamalate ii no.179, mappala",7371031003,7371031,"jl.tamalate ii no.179, mappala"
3961651,faleh,jl karunrung raya 11,7371031002,7371031,jl karunrung raya 11
3962561,sariaji pratama konsultan,jl ap pettarani,7371031006,7371031,jl ap pettarani
3963108,adiatma,jl sungai saddang baru,7371031010,7371031,jl sungai saddang baru
3964322,krisbow indonesia,jl ap pettarani living plaza pettarani,7371031006,7371031,jl ap pettarani living plaza pettarani
3964370,yuri pratama,permata hijau lestari,7371031004,7371031,permata hijau lestari
3964480,reski aflah jaya abadi,tamalate iii stp. 53 no. 70 makassar,7371031004,7371031,tamalate iii stp. 53 no. 70 makassar
3965009,baale dalle kita,jl. aruppala blo a 50,7371031006,7371031,jl. aruppala blo a 50
3965012,aqsa utama,"jl. tamalate ii no. 4, mappala",7371031003,7371031,"jl. tamalate ii no. 4, mappala"
3965862,karier utama,jl toddopuli raya,7371031004,7371031,jl toddopuli raya
3965951,yayasan indonesia mengabdi,"komplek puri taman sari blok d13/4 rt.006 rw.012, kassi-kassi",7371031004,7371031,"komplek puri taman sari blok d13/4 rt.006 rw.012, kassi-kassi"
3966964,anda jaya mandiri,jl borong indah 10,7371031004,7371031,jl borong indah 10
3967023,arsip konsultan,jl faizal raya,7371031007,7371031,jl faizal raya
3967325,surya gemilang nusantara,komp btn mangasa permai,7371031001,7371031,komp btn mangasa permai
3968179,metro aznet indonesia,komp btn minasa upa blok,7371031,7371031,komp btn minasa upa blok
3968288,empat lima perkasa,jl monginsidi baru lr 8,7371031010,7371031,jl monginsidi baru lr 8
3968320,dafez ciptadaya global,jalan aroepala kompleks anging mammiri residence blok e2 nomor 12a,7371031002,7371031,jalan aroepala kompleks anging mammiri residence blok e2 nomor 12a
3968958,hidayatullah sulawesi selatan,btn minasa upa,7371031002,7371031,btn minasa upa
3970344,arjuda utama,"jl.rappocini raya no.103 rt.001 rw.004, rappocini",7371031009,7371031,"jl.rappocini raya no.103 rt.001 rw.004, rappocini"
3970592,mustika mineral indonesia,jl faisal raya iii,7371031007,7371031,jl faisal raya iii
3971604,menara megah nusantara,jl tidung v blok,7371031005,7371031,jl tidung v blok
3973028,wira karsa,jl rs islam faisal xii,7371031007,7371031,jl rs islam faisal xii
3973284,latompi utama,"jl.tamalate 1 no 103 blk 14 rt.001 rw.004, mappala",7371031003,7371031,"jl.tamalate 1 no 103 blk 14 rt.001 rw.004, mappala"
3973604,tk mulia bhakti,jl. kepala tiga,7371031010,7371031,jl. kepala tiga
3974950,bintang polamedia,"perumahan taman yasmin blok e1/9 jl hertasning rt.005 rw.012, mappala",7371031003,7371031,"perumahan taman yasmin blok e1/9 jl hertasning rt.005 rw.012, mappala"
3976085,aivellian mitra abadi,"jl.aroepala samping smp 40 tembusan komp. anggrek minasa upa,rt.004/rw.010,gunung sari",7371031001,7371031,"jl.aroepala samping smp 40 tembusan komp. anggrek minasa upa,rt.004/rw.010,gunung sari"
3976616,pasti makmur indonesia,jl ap pettarani ruko new zamrud,7371031008,7371031,jl ap pettarani ruko new zamrud
3977446,saudi amanah wisata,jl rsi faisal raya,7371031007,7371031,jl rsi faisal raya
3977871,yunico lestari,jl aroepala komp.permata hijau lestari,7371031004,7371031,jl aroepala komp.permata hijau lestari
3978658,asas putra loka utama,jl kr bontotangnga v,7371031002,7371031,jl kr bontotangnga v
3978733,nur resky pratama,jl aroepala komp permata hijau blok,7371031004,7371031,jl aroepala komp permata hijau blok
3978867,wahnur al-bana,perumahan btn minasa sari,7371031001,7371031,perumahan btn minasa sari
3979180,mutiara indah,"jl.landak baru komp.nusa landak mas blok a no.5, banta-bantaeng",7371031007,7371031,"jl.landak baru komp.nusa landak mas blok a no.5, banta-bantaeng"
3979758,khana harapan jaya abadi,"komp. pbh plaza jl.rifky e3/7, sultan alaudin",7371031001,7371031,"komp. pbh plaza jl.rifky e3/7, sultan alaudin"
3980390,sukai mitra persada,btn minsa upa n1. 16,7371031,7371031,btn minsa upa n1. 16
3982108,fabric,jl pelita raya iv,7371031008,7371031,jl pelita raya iv
3982326,cv. arasy sukses abadi,jalan hertasning barat ii,7371031005,7371031,jalan hertasning barat ii
3982410,riska advertising,jalan landak baru,7371031007,7371031,jalan landak baru
3984145,mega surya indoenergi,jl. landak baru,7371031007,7371031,jl. landak baru
3985188,guna jasa,"jl beringin v no 3 rt 004 rw 010, kassi-kassi",7371031004,7371031,"jl beringin v no 3 rt 004 rw 010, kassi-kassi"
3987938,cipta sentra computindo,"komp.p&k blok.l no.3 rt.002 rw.019, gunung sari",7371031001,7371031,"komp.p&k blok.l no.3 rt.002 rw.019, gunung sari"
3989642,duna indah perkasa,komplek puri taman sari blok c7/2 rt 003 rw 012 kassi-kassi,7371031004,7371031,komplek puri taman sari blok c7/2 rt 003 rw 012 kassi-kassi
3989661,tiga sinar agung,"btn minasa upa, blok j3, nomor: 17",7371031001,7371031,"btn minasa upa, blok j3, nomor: 17"
3990207,sewang jaya mandiri,jalan mappala  blok e 23 no. 1,7371031006,7371031,jalan mappala  blok e 23 no. 1
3990561,raga perdana,jl monumen emmy saelan komplek cokonuri,7371031001,7371031,jl monumen emmy saelan komplek cokonuri
3991629,rahmatdaru bintang bajiateka,jl bontomene,7371031007,7371031,jl bontomene
3991901,arosa tria utama,jl hertasning barat ii komp griya panakukkang indah,7371031005,7371031,jl hertasning barat ii komp griya panakukkang indah
3991966,c-dua satu,"jl.monumen emmy saelan no.17 rt.000 rw.000, gunung sari",7371031001,7371031,"jl.monumen emmy saelan no.17 rt.000 rw.000, gunung sari"
3992627,kesehatan kanker indonesia,komp bph jl bumi 21 blok,7371031001,7371031,komp bph jl bumi 21 blok
3994477,putra matopu indonesia,jl aroepala komp belmont residence,7371031004,7371031,jl aroepala komp belmont residence
3994914,fkppm-btt flotim makassar,jl puring perumahan panakukang 3,7371031004,7371031,jl puring perumahan panakukang 3
3995734,fadhel mitra konstruksi,jl perumahan btn minasa upa,7371031001,7371031,jl perumahan btn minasa upa
3997621,phoenix jaya,jl hertasning ii,7371031006,7371031,jl hertasning ii
3997696,foods beverages indonesia,jl andi pangeran pettarani lantai 1,7371031006,7371031,jl andi pangeran pettarani lantai 1
3997831,dare this cooperative u.a,jl pelita raya blok a22,7371031010,7371031,jl pelita raya blok a22
3998479,organisasi masyarakat jami'atul mu'minin,perum citra tidung regency,7371031003,7371031,perum citra tidung regency
3998694,lembaga ide berbagi,jl. sungai saddang baru,7371031010,7371031,jl. sungai saddang baru
3998734,atmananda edumandiri,jl pendidikan 3,7371031006,7371031,jl pendidikan 3
3999429,karya catur putra,jl.permata hijau,7371031004,7371031,jl.permata hijau
3999759,agro niaga jaya,jl teduh bersinar griya kisel damai,7371031001,7371031,jl teduh bersinar griya kisel damai
4000342,kitara mitra medika,jl mappala,7371031006,7371031,jl mappala
4000549,tripilar pratama,jl talasalapang raya,7371031001,7371031,jl talasalapang raya
4001961,istoria mitra perkasa,jl toddopuli vi komp puri taman sari,7371031004,7371031,jl toddopuli vi komp puri taman sari
4003393,lembaga keterampilan dan pelatihan arhy's fajar mulya,jl talasalapang komp btn minasa upa blok,7371031001,7371031,jl talasalapang komp btn minasa upa blok
4003537,amal bhakti nadita,jalan hertasning,7371031006,7371031,jalan hertasning
4004104,radja safari wisata,jl. aroepala ruko pdgi,7371031,7371031,jl. aroepala ruko pdgi
4006077,anugrah megah teknik,jl beringin iv,7371031004,7371031,jl beringin iv
4006122,arrio fajar anugrah,jl monumen emmy saelan komp graha batara kencana,7371031001,7371031,jl monumen emmy saelan komp graha batara kencana
4008749,forum penyalur aspirasi rakyat (forsa),"jl skarda n lr 1 no 18, gunung sari",7371031001,7371031,"jl skarda n lr 1 no 18, gunung sari"
4008842,multi utama teknik,"jl karunrung raya no 2, karunrung",7371031002,7371031,"jl karunrung raya no 2, karunrung"
4008934,pusat pengembangan pendidikan dan bakat indonesia,"jl. bumi 18 blok a 15 no. 1 bumi permata hijau  rt. 006/rw. 003 kel. gunung sari  kecamatan rappocini, kota makassar  sulawesi selatan, indonesia",7371031001,7371031,"jl. bumi 18 blok a 15 no. 1 bumi permata hijau  rt. 006/rw. 003 kel. gunung sari  kecamatan rappocini, kota makassar  sulawesi selatan, indonesia"
4009257,ansika,bumi permata hijau jl. bumi 18,7371031001,7371031,bumi permata hijau jl. bumi 18
4009960,multazam berkah utama,jl tidung mariolo kav,7371031006,7371031,jl tidung mariolo kav
4010215,darul print,jl skarda n,7371031001,7371031,jl skarda n
4012229,dua sekawan celebes,jalan tidung v setapak 2 nomor 35,7371031005,7371031,jalan tidung v setapak 2 nomor 35
4012406,waskita karya (persero) tbk,jl ap.pettarani samping bpk,7371031008,7371031,jl ap.pettarani samping bpk
4013261,akbar jaya cemerlang,komp minasa indah residence,7371031,7371031,komp minasa indah residence
4013366,aksara buana,"btn minasa upa blok m18/18, gunung sari",7371031001,7371031,"btn minasa upa blok m18/18, gunung sari"
4014167,delapan mega trans,jl rappocini raya lr v,7371031009,7371031,jl rappocini raya lr v
4014348,jalin khatulistiwa indonesia,jl jipang raya komp villa mega sari blok,7371031001,7371031,jl jipang raya komp villa mega sari blok
4015597,smart sinergy partnership,jl. faisai raya ii no.4,7371031007,7371031,jl. faisai raya ii no.4
4015887,sulawesi bangkit sejahtera,btn mangasa permai blok s9,7371031001,7371031,btn mangasa permai blok s9
4015917,mediatama siberindo komunika,jl. landak baru vii no.12,7371031007,7371031,jl. landak baru vii no.12
4017073,ratu berlian,komp perum anging mamiri,7371031002,7371031,komp perum anging mamiri
4017525,usaha mandiri sukses,jl sultan alauddin ruko alauddin plaza off,7371031001,7371031,jl sultan alauddin ruko alauddin plaza off
4018926,pt.tiga bintang griyasarana - pt.te'ne jaya,jl pelita raya 8,7371031008,7371031,jl pelita raya 8
4021766,darmawan sejahtera prima,komplek ikip,7371031006,7371031,komplek ikip
4022260,mitra adykarya,"jl.jipang raya komp palem r.1, gunung sari",7371031001,7371031,"jl.jipang raya komp palem r.1, gunung sari"
4023218,armila bakti kencana,"jl landak baru lr 5c no 94s, banta-bantaeng",7371031007,7371031,"jl landak baru lr 5c no 94s, banta-bantaeng"
4023322,pulau rempah,jl sungai saddang baru,7371031010,7371031,jl sungai saddang baru
4023367,sumber rejeki,"jl.aeropala permata hijau komp.tegal, kassi-kassi",7371031004,7371031,"jl.aeropala permata hijau komp.tegal, kassi-kassi"
4023394,satu tiga empat lima,a. p. pettarani ruko zambrud,7371031009,7371031,a. p. pettarani ruko zambrud
4024850,gasindo teknik utama,jl timah v,7371031010,7371031,jl timah v
4026110,herman service,jl komplek idi,7371031004,7371031,jl komplek idi
4026968,imperium,jl skarda n mangasa permai,7371031001,7371031,jl skarda n mangasa permai
4029106,persada timur gemilang,jl monumen emmy saelan iii graha hasirah permai,7371031001,7371031,jl monumen emmy saelan iii graha hasirah permai
4030165,aio muda berkarya,btn minasa upa blok ab 13 no.21,7371031001,7371031,btn minasa upa blok ab 13 no.21
4031030,tiga takma global,"jl rappocini raya no 191a rt.001 rw.004, buakana",7371031008,7371031,"jl rappocini raya no 191a rt.001 rw.004, buakana"
4031343,yachiyo engineering co ltd,jl.sekolah guru perawat,7371031008,7371031,jl.sekolah guru perawat
4032215,sinar berkah,jl bontomene,7371031007,7371031,jl bontomene
4032346,hadi saputra jaya,jl ap pettarani,7371031008,7371031,jl ap pettarani
4032423,aber ertiga karya,jl hertasning,7371031006,7371031,jl hertasning
4032753,karya pancang jaya,jl letjen hertasning palm mas,7371031008,7371031,jl letjen hertasning palm mas
4033200,muradha pratama,"komp permata hijau permai blok.p6 no.3, kassi-kassi",7371031004,7371031,"komp permata hijau permai blok.p6 no.3, kassi-kassi"
4034107,danadipa agra balawan,jl wolter monginsidi baru perum bumi tirta nusantara,7371031009,7371031,jl wolter monginsidi baru perum bumi tirta nusantara
4034996,livia,jl pelita iv,7371031010,7371031,jl pelita iv
4036226,kurnia abadi,jl rappocini raya,7371031008,7371031,jl rappocini raya
4039299,adzan fajar mandiri,"jl.beringin v no.7 rt.004 rw.010, kassi-kassi",7371031004,7371031,"jl.beringin v no.7 rt.004 rw.010, kassi-kassi"
4039901,lancar jaya,jl rsi faisal ix,7371031007,7371031,jl rsi faisal ix
4040393,fikri,jl btn minasa upa,7371031,7371031,jl btn minasa upa
4040410,rahayu,"jl.tidung ix stp.5 no.144, mappala",7371031003,7371031,"jl.tidung ix stp.5 no.144, mappala"
4043542,cahaya tenggara sejahtera,jalan hertasning i,7371031006,7371031,jalan hertasning i
4043590,nur khairunisa,jl komp mangasa permai,7371031001,7371031,jl komp mangasa permai
4043820,karyawan pt.waskita karyakowaska,jl ap pettarani,7371031008,7371031,jl ap pettarani
4043825,graha andira,"btn minasa upa blok f3/2 rt 002 rw 011, gunung sari",7371031001,7371031,"btn minasa upa blok f3/2 rt 002 rw 011, gunung sari"
4044581,rizky hidayah,jl toddopuli vi komplek puri taman sari,7371031004,7371031,jl toddopuli vi komplek puri taman sari
4044858,ambassador,jl minasa upa komp. anggrek,7371031,7371031,jl minasa upa komp. anggrek
4045580,shihhatul iman,"jl.wijaya kusuma ii no.5 rt.000 rw.000, banta-bantaeng",7371031007,7371031,"jl.wijaya kusuma ii no.5 rt.000 rw.000, banta-bantaeng"
4045920,pandu karya mandiri,jl ap pettarani komp unm,7371031006,7371031,jl ap pettarani komp unm
4046897,surya mega perdana,jl gosyen raya,7371031,7371031,jl gosyen raya
4047060,busid utama,"jl.bumi bosowa permai b3 no.24, gunung sari",7371031001,7371031,"jl.bumi bosowa permai b3 no.24, gunung sari"
4047439,citi tani indonesia,jl raya pendidikan,7371031006,7371031,jl raya pendidikan
4047444,asera jaya group,jalan monument emmy saelan 3 nomor 70,7371031002,7371031,jalan monument emmy saelan 3 nomor 70
4050546,mandiri jaya utama,btn minasa upa blok,7371031001,7371031,btn minasa upa blok
4051495,wahana abadi pratama,"jl skarda n komplek mangasa no 4 rt 000 rw 000, gunung sari",7371031001,7371031,"jl skarda n komplek mangasa no 4 rt 000 rw 000, gunung sari"
4051621,hanum bangun nusantara,jl karaeng bonto tangnga v,7371031002,7371031,jl karaeng bonto tangnga v
4051678,nita buana utama,jl aroepala komp permata hijau permai blok,7371031004,7371031,jl aroepala komp permata hijau permai blok
4051737,kamil logistik express sulawesi,jl puri taman sari,7371031004,7371031,jl puri taman sari
4051987,cetara indah persada,jl a.p. pettarani ruko pettarani centre,7371031010,7371031,jl a.p. pettarani ruko pettarani centre
4052062,next,"perumahan bosowa permai blok b2/20 rt.003 rw.026, gunung sari",7371031001,7371031,"perumahan bosowa permai blok b2/20 rt.003 rw.026, gunung sari"
4052213,phinisi tujuh utama,perumahan nusa landak mas blok e/6,7371031007,7371031,perumahan nusa landak mas blok e/6
4052321,dua jaya mandiri,"jl. emmy saelan no. 14 b, gunung sari",7371031001,7371031,"jl. emmy saelan no. 14 b, gunung sari"
4054334,bucar megatama kosmetika,jalan munumen emmy saelan 3a graha gunung sari indah kav. n,7371031006,7371031,jalan munumen emmy saelan 3a graha gunung sari indah kav. n
4057317,indo asiana lestari,jl ap pettaraniruko new zamrud,7371031008,7371031,jl ap pettaraniruko new zamrud
4057621,delegasi inspirasi gerak pendidikan dan budaya (digdaya),jl bonto langkasa no 2b rt. 003 rw. 007,7371031007,7371031,jl bonto langkasa no 2b rt. 003 rw. 007
4057622,rizky abadi persada,jl landak baru no 41 rt. 000 rw. 000,7371031007,7371031,jl landak baru no 41 rt. 000 rw. 000
4058860,alkhay jaya,jl pelita raya v-a,7371031008,7371031,jl pelita raya v-a
4059978,bratasena tidar perkasa,jl toddopuli vi puri taman sari,7371031004,7371031,jl toddopuli vi puri taman sari
4060250,yayasan pergerakan difabel indonesia untuk kesetaraan (perdik),jl pendidikan 1,7371031006,7371031,jl pendidikan 1
4060659,dhifa wisata utama,jl aroepala anging mammiri residence,7371031002,7371031,jl aroepala anging mammiri residence
4062096,tri putra mining,jl cilallang jaya,7371031008,7371031,jl cilallang jaya
4063939,umega cool,btn minasa upa blok g19/12 rt 000 rw 000 gunung sari,7371031001,7371031,btn minasa upa blok g19/12 rt 000 rw 000 gunung sari
4064528,evil,"jl toddoppuli i stp 6 blok 24 no 61 rt 004 rw 006, kassi-kassi",7371031004,7371031,"jl toddoppuli i stp 6 blok 24 no 61 rt 004 rw 006, kassi-kassi"
4064746,nirvana almadani,jl sultan alauddin,7371031001,7371031,jl sultan alauddin
4065694,prima jaya,"jl.sungai saddang baru no.85, balla parang",7371031010,7371031,"jl.sungai saddang baru no.85, balla parang"
4068462,adham anugrah perkasa,metropolitan residence,7371031007,7371031,metropolitan residence
4068727,aulian berkah,jl tidung 9 perumahan citra tidung regenci,7371031003,7371031,jl tidung 9 perumahan citra tidung regenci
4068889,putri fadillah,jl talasalapang,7371031001,7371031,jl talasalapang
4072234,newland cipta mandiri,"jl landak baru no 116, banta-bantaeng",7371031007,7371031,"jl landak baru no 116, banta-bantaeng"
4073439,balemping lintas abadi,"jl skarda n ii no 8 rt.006 rw.016, gunung sari",7371031001,7371031,"jl skarda n ii no 8 rt.006 rw.016, gunung sari"
4073721,astakona sejahtera,"jl.landak baru no.106, banta-bantaeng",7371031007,7371031,"jl.landak baru no.106, banta-bantaeng"
4074481,wicaksana konstruksi,jl s alauddin komp griya fajar mas,7371031008,7371031,jl s alauddin komp griya fajar mas
4074597,sentra agro lestari,"komp.bumi bosowa permai b.3/24 rt.003 rw.026, gunung sari",7371031001,7371031,"komp.bumi bosowa permai b.3/24 rt.003 rw.026, gunung sari"
4075020,bakti ryunin suksesindo,jl landak baru lr 8,7371031007,7371031,jl landak baru lr 8
4077174,senyawa digital indonesia,jalan timah i,7371031010,7371031,jalan timah i
4078659,handarusa tirta sarana,"jl hertasning baru komplek permata hijau lestari blok p17/15 rt 008 rw 014, kassi-kassi",7371031004,7371031,"jl hertasning baru komplek permata hijau lestari blok p17/15 rt 008 rw 014, kassi-kassi"
4079194,thingkoko makassar internasional,jl. aroepala perum php blok f / 14,7371031004,7371031,jl. aroepala perum php blok f / 14
4080643,era jaya mandiri,jl hertasning baru perum anging mammiri residence,7371031002,7371031,jl hertasning baru perum anging mammiri residence
4081131,arjuna satria arcadia,jl pelita raya,7371031008,7371031,jl pelita raya
4081175,amriz alif,"jl.monumen emmy saelan no.58 rt. 04 rw. 02, karunrung",7371031002,7371031,"jl.monumen emmy saelan no.58 rt. 04 rw. 02, karunrung"
4081194,anugerah komunikatama,"jl.skarda n raya no.35, gunung sari",7371031001,7371031,"jl.skarda n raya no.35, gunung sari"
4082724,abhinaya bhuavana,jl permata hijau permai,7371031004,7371031,jl permata hijau permai
4083030,bintang tenggara makmur,jalan hertasning i,7371031006,7371031,jalan hertasning i
4083138,compresindo utama mandiri,komplek permata hijau lestari blok p19/8 aroepala rt 006 rw 014 kassi-kassi,7371031004,7371031,komplek permata hijau lestari blok p19/8 aroepala rt 006 rw 014 kassi-kassi
4084333,organisasi oi,jl tidung 3 blok 18 no 69 perumnas makassar,7371031005,7371031,jl tidung 3 blok 18 no 69 perumnas makassar
4084697,vita health pratama,jl toddopuli raya,7371031004,7371031,jl toddopuli raya
4084831,yayasan sonda siama,"jl tamalate vi blok 3/216 rt.001 rw.003, kassi-kassi",7371031004,7371031,"jl tamalate vi blok 3/216 rt.001 rw.003, kassi-kassi"
4086052,hore kreasi digital,jalan tamalate nomor 1 kavling 8,7371031003,7371031,jalan tamalate nomor 1 kavling 8
4086762,maksimal karya nusantara (makz design),jalan andi jemma,7371031007,7371031,jalan andi jemma
4088107,karya hafidz pratama,landak baru lr. 1,7371031007,7371031,landak baru lr. 1
4088723,mitra dunia pangan,jalan rappocini raya samping lorong 9,7371031008,7371031,jalan rappocini raya samping lorong 9
4088771,lembaga pemuda makassar indonesia,"btn minasa upa blok ab13/20 rt 004 rw 021, gunung sari",7371031001,7371031,"btn minasa upa blok ab13/20 rt 004 rw 021, gunung sari"
4089123,isma jaya,"komp btn minasa upa blok j no 8 rt.004 rw.012, gunung sari",7371031001,7371031,"komp btn minasa upa blok j no 8 rt.004 rw.012, gunung sari"
4089157,limetik wk,"jl banta-bantaeng lr iii gang buntu no 10 rt 005 rw 007, banta-bantaeng",7371031007,7371031,"jl banta-bantaeng lr iii gang buntu no 10 rt 005 rw 007, banta-bantaeng"
4089175,kurir makassar,"jl.tidung i stp i no.6, bonto makkio",7371031005,7371031,"jl.tidung i stp i no.6, bonto makkio"
4089559,buana mandiri,"jl rsi faisal raya no 10, banta-bantaeng",7371031007,7371031,"jl rsi faisal raya no 10, banta-bantaeng"
4090581,surya raoda,"jl.rappocini raya no.103 rt.001 rw.004, rappocini",7371031009,7371031,"jl.rappocini raya no.103 rt.001 rw.004, rappocini"
4090851,studio sembilan sembilan desain,jl kompleks mangasa permai,7371031001,7371031,jl kompleks mangasa permai
4090953,jilc minasa upa,btn minasa upa blok,7371031001,7371031,btn minasa upa blok
4091032,rika rayhan mandiri,jl sultan alauddin komp bph bumi raya,7371031001,7371031,jl sultan alauddin komp bph bumi raya
4091312,waragonda butuni terra marine,jl nikel 2,7371031010,7371031,jl nikel 2
4091385,sumber abadi jaya,jl skarda n,7371031001,7371031,jl skarda n
4091753,jesha pratama,jl wijaya kusuma i no 38 rt 003 rw 001 banta-bantaeng,7371031007,7371031,jl wijaya kusuma i no 38 rt 003 rw 001 banta-bantaeng
4092216,ritelindo omega makmur,jl tamalate ii,7371031004,7371031,jl tamalate ii
4092577,hapins indonesia,jl letjen hertasning,7371031006,7371031,jl letjen hertasning
4092767,quad lintas nusa,jl borong indah,7371031004,7371031,jl borong indah
4092996,trio sakti utama,"btn minasa upa blok c.1 no.7, karunrung",7371031002,7371031,"btn minasa upa blok c.1 no.7, karunrung"
4093501,bubut konstruksi,jl villa megasari,7371031001,7371031,jl villa megasari
4096529,nusantara media informatika,talasalapang,7371031002,7371031,talasalapang
4096657,sinar surya persada cemerlang,komplek hertasning regency,7371031004,7371031,komplek hertasning regency
4097274,fertilizer jaya celebes,jalan hertasning i blok e 11 nomor 17,7371031006,7371031,jalan hertasning i blok e 11 nomor 17
4100998,hadi utama karya,jl btn agraria,7371031002,7371031,jl btn agraria
4101098,manunggal halim jaya,jl tidung iv,7371031005,7371031,jl tidung iv
4101822,para warna,jl skarda n komp griya tamalate asri blok,7371031002,7371031,jl skarda n komp griya tamalate asri blok
4102183,makassar mart,jl rutan,7371031001,7371031,jl rutan
4102592,tryputra morinda indonesia,"jl karaeng bonto tangnga 2 no 4f rt 005 rw 007, karunrung blok f no 4 rt 005 rw 007",7371031002,7371031,"jl karaeng bonto tangnga 2 no 4f rt 005 rw 007, karunrung blok f no 4 rt 005 rw 007"
4104600,intan karya pradana,"jl andi pangeran pettarani, ruko pettarani centre",7371031008,7371031,"jl andi pangeran pettarani, ruko pettarani centre"
4104801,nusatrindo persada,"jl.rsi faisal x no.3, banta-bantaeng",7371031007,7371031,"jl.rsi faisal x no.3, banta-bantaeng"
4104806,andewa perkasa jaya,"jalan andi pangerang pettarani kompleks pemda blok e27 nomor 20,",7371031006,7371031,"jalan andi pangerang pettarani kompleks pemda blok e27 nomor 20,"
4105323,maulana engineering,btn agraria,7371031002,7371031,btn agraria
4105351,asri wisata indonesia,jl ap pettarani ruko new zamrud,7371031008,7371031,jl ap pettarani ruko new zamrud
4105757,lembaga pendidikan home schooling smart,"jl monumen emmi saelan lr 5 no 16 rt 002 rw 002, tidung",7371031006,7371031,"jl monumen emmi saelan lr 5 no 16 rt 002 rw 002, tidung"
4107145,waliseri citra tama,"jl aroepala btn minasa upa blok k.17 no.24 rt.005 rw.010, gunung sari",7371031001,7371031,"jl aroepala btn minasa upa blok k.17 no.24 rt.005 rw.010, gunung sari"
4107610,annisa pratiwi,jl mappala,7371031006,7371031,jl mappala
4108409,ridho jaya abadi,"jl monginsidi baru ab7 no 11b rt 006 rw 005, balla parang",7371031010,7371031,"jl monginsidi baru ab7 no 11b rt 006 rw 005, balla parang"
4108503,pt tania mirella sejahtera,jl rappocini raya,7371031008,7371031,jl rappocini raya
4109130,insan esa manunggal sejati,komplek permata hijau lestari,7371031004,7371031,komplek permata hijau lestari
4109388,mitra inovasi cemerlang,jl. pelita raya,7371031010,7371031,jl. pelita raya
4110412,mamduh wisata ilahi,jl tidung mariolo,7371031006,7371031,jl tidung mariolo
4111283,maestro berjaya makassar,jl emmy saelan iii,7371031009,7371031,jl emmy saelan iii
4111472,pangan mandiri,"jl salemba no 75a rt.017 rw.006, gunung sari",7371031001,7371031,"jl salemba no 75a rt.017 rw.006, gunung sari"
4112550,tiani indah,jl hertasning raya,7371031006,7371031,jl hertasning raya
4112559,cahaya mappatuju,rappocini,7371031008,7371031,rappocini
4113006,anugrah utama,"jl.bumi 3 blok.a2 no.1, gunung sari",7371031001,7371031,"jl.bumi 3 blok.a2 no.1, gunung sari"
4114057,putri kumala sejati,jalan tamalate i skarda n,7371031006,7371031,jalan tamalate i skarda n
4114316,arinda bahana perkasa,jl minasa upa btn minasa upa,7371031001,7371031,jl minasa upa btn minasa upa
4114543,perkumpulan koalisi perempuan indonesia,"komplek palm mas jl hertasning no 2, buakana",7371031008,7371031,"komplek palm mas jl hertasning no 2, buakana"
4116503,eigerindo multiproduk industri,jl. rappocini raya,7371031008,7371031,jl. rappocini raya
4117369,masagenae megah motor,"jl.pelita raya vi no.14, buakana",7371031008,7371031,"jl.pelita raya vi no.14, buakana"
4117721,anugerah sejahtera,jl hertasning (pln),7371031009,7371031,jl hertasning (pln)
4119437,alvaro indo nusantara,jl karunrung raya lr 3,7371031009,7371031,jl karunrung raya lr 3
4122327,wijaya glass art,jl ballaparang 2,7371031010,7371031,jl ballaparang 2
4123373,sungkar berkah abadi,perumahan bosowa indah blok q nomor 3,7371031001,7371031,perumahan bosowa indah blok q nomor 3
4123691,distributor pasangkayu,komp griya fajar mas regency,7371031001,7371031,komp griya fajar mas regency
4124549,magnacita bumi nusantara,"jl hertasning no.38 rt.002/rw.006,tidung",7371031006,7371031,"jl hertasning no.38 rt.002/rw.006,tidung"
4124803,surya jaya mandiri,"btn karunrung asri blok d/12 rt.000 rw.000, karunrung",7371031002,7371031,"btn karunrung asri blok d/12 rt.000 rw.000, karunrung"
4125442,mitra bunda edukasi,perumahan pondok asri,7371031004,7371031,perumahan pondok asri
4125686,lompo ulu,jl minasa sari,7371031001,7371031,jl minasa sari
4125982,pilar perkasa,jl tidung x,7371031003,7371031,jl tidung x
4126382,bintang utama,"jl.tallasalapang komp.p&k e/4 rt.003 rw.004, gunung sari",7371031001,7371031,"jl.tallasalapang komp.p&k e/4 rt.003 rw.004, gunung sari"
4127610,sumber pangan jaya cemerlang,jl kompleks ruko alauddin plaza,7371031001,7371031,jl kompleks ruko alauddin plaza
4130267,yayasan babul jannah,"jl rappocini raya lr 3 no 3 rt.003 rw.001, rappocini",7371031009,7371031,"jl rappocini raya lr 3 no 3 rt.003 rw.001, rappocini"
4130326,azizah utami,"jl landak baru lr 1 no 8 rt.003 rw.003, banta-bantaeng",7371031007,7371031,"jl landak baru lr 1 no 8 rt.003 rw.003, banta-bantaeng"
4130689,tifia sentral asia,jl. timah 1 a/25,7371031010,7371031,jl. timah 1 a/25
4130784,pt manta (mitra asta nusantara),jl karunrung raya no.1,7371031002,7371031,jl karunrung raya no.1
4131125,adinda pratama,jl cilallang jaya,7371031008,7371031,jl cilallang jaya
4132634,karya remaja,"jl.rappocini raya lr.6 no.11 rt.001 rw.004, rappocini",7371031009,7371031,"jl.rappocini raya lr.6 no.11 rt.001 rw.004, rappocini"
4132703,rejeki utama,"komplek permata sari blok v no 30 rt 002 rw 018, gunung sari",7371031001,7371031,"komplek permata sari blok v no 30 rt 002 rw 018, gunung sari"
4134667,rizki asyura,"komplek pemda blok e21/40 jl mappala rt.003 rw.005, tidung",7371031006,7371031,"komplek pemda blok e21/40 jl mappala rt.003 rw.005, tidung"
4135835,triple a,jl aroepala permata hijau lestari,7371031004,7371031,jl aroepala permata hijau lestari
4137358,cv.creative pratama modern,jl.kelapa tiga,7371031010,7371031,jl.kelapa tiga
4137776,glory,jl rsi.faisal xii,7371031007,7371031,jl rsi.faisal xii
4137967,setia jaya meubel,"jl.balla parang ii no.9 b rt.001 rw.001, balla parang",7371031010,7371031,"jl.balla parang ii no.9 b rt.001 rw.001, balla parang"
4139478,petro karya nusantara,jl. mon emmy saelan iii,7371031002,7371031,jl. mon emmy saelan iii
4141370,yayasan al' alaq,"jl buakana viii no 3 rt.003 rw.004, buakana",7371031008,7371031,"jl buakana viii no 3 rt.003 rw.004, buakana"
4142815,al fathir nur rizky,"perumahan taman yasmin indah blok a1/3 jl tidung rt.004 rw.011, mappala",7371031003,7371031,"perumahan taman yasmin indah blok a1/3 jl tidung rt.004 rw.011, mappala"
4143583,celebes cleaning centre,jl tidung mariolo,7371031006,7371031,jl tidung mariolo
4144004,yifang global operasional,jl. rappocini raya no. 12 f,7371031009,7371031,jl. rappocini raya no. 12 f
4145637,clamir pratama,"jl landak baru no 71 rt 006 rw 007, banta-bantaeng",7371031007,7371031,"jl landak baru no 71 rt 006 rw 007, banta-bantaeng"
4148705,myer'ks,hertasning barat 1,7371031005,7371031,hertasning barat 1
4148714,catur pratama,"jl.jipang raya komp.bumi palem blok p / 18 rt.004 rw.003, gunung sari",7371031001,7371031,"jl.jipang raya komp.bumi palem blok p / 18 rt.004 rw.003, gunung sari"
4148763,tujuh-tujuh (77),"jl.tamalate i no.25, kassi-kassi",7371031001,7371031,"jl.tamalate i no.25, kassi-kassi"
4150081,pt. duta graha-pt. daya mulya- pt. aphasko utama jaya,"jln. pendidikan blok b1 no 2, tidung",7371031006,7371031,"jln. pendidikan blok b1 no 2, tidung"
4150698,timurindo sukses perkasa,komp btn minasa upa blok,7371031001,7371031,komp btn minasa upa blok
4152346,putra haruna mandiri,komp skarda n lr 1,7371031006,7371031,komp skarda n lr 1
4154872,hilalindo utama perkasa,jl. sultan alauddin permata hijau jln bumi ii blok b3 nomor 1 a,7371031001,7371031,jl. sultan alauddin permata hijau jln bumi ii blok b3 nomor 1 a
4155148,karya asyra,"jl.tidung viii stp.5 blok.11/22, mappala",7371031003,7371031,"jl.tidung viii stp.5 blok.11/22, mappala"
4156149,sma gunung sari,jl sultan alauddin,7371031001,7371031,jl sultan alauddin
4156211,perkumpulan keluarga berencanaindonesia (pkbi),"jl.landak baru no.55 telp.(0411) 81051, banta-bantaeng",7371031007,7371031,"jl.landak baru no.55 telp.(0411) 81051, banta-bantaeng"
4157708,maraja konsultan,jl komp. permata hijau lestari,7371031004,7371031,jl komp. permata hijau lestari
4158269,madzcom,jl pettarani ruko new zamrud blok,7371031008,7371031,jl pettarani ruko new zamrud blok
4158325,haikal brother,jl tidung mariolo no 6 rt 001 rw 008 tidung,7371031006,7371031,jl tidung mariolo no 6 rt 001 rw 008 tidung
4158717,karebosi raya indonesia,jl pengayoman komp taman permata sari blok,7371031008,7371031,jl pengayoman komp taman permata sari blok
4158749,ashwaaq corporindo,jl komp btn minasa upa,7371031001,7371031,jl komp btn minasa upa
4160441,bara malappu,jl bumi 11,7371031001,7371031,jl bumi 11
4160501,panglima media,"jl.aroepala samping smp 40 tembusan komp. anggrek minasa upa,rt.004/rw.010,gunung sari",7371031001,7371031,"jl.aroepala samping smp 40 tembusan komp. anggrek minasa upa,rt.004/rw.010,gunung sari"
4161573,alfa home stay,"jl pelita raya no 25, buakana",7371031008,7371031,"jl pelita raya no 25, buakana"
4162040,nur ichsan,jl syech yusuf,7371031001,7371031,jl syech yusuf
4162975,irma,jl perumahan permata hijau permai,7371031004,7371031,jl perumahan permata hijau permai
4163175,qisthi mardhatillah,jl monumen emmy saelan komp kodam gunung sari,7371031001,7371031,jl monumen emmy saelan komp kodam gunung sari
4163287,marsanie law,jl.tamalate 3 stp 38,7371031003,7371031,jl.tamalate 3 stp 38
4164585,lontara,"komplek fajar mas regensi no 17, gunung sari",7371031001,7371031,"komplek fajar mas regensi no 17, gunung sari"
4165360,global mitranda,jl timah 2 blok,7371031010,7371031,jl timah 2 blok
4166235,anugerah diana,"talasalapang graha asri estate blok a no.3 rt.002/rw.004,gunung sari",7371031010,7371031,"talasalapang graha asri estate blok a no.3 rt.002/rw.004,gunung sari"
4168781,enalindo utama,jl bonto langkasa,7371031007,7371031,jl bonto langkasa
4168924,surya eco abadi,jl ap pettarani,7371031006,7371031,jl ap pettarani
4169363,sipatuo,jl nikel ii,7371031010,7371031,jl nikel ii
4170627,avio tech,jl. monginsidi baru,7371031010,7371031,jl. monginsidi baru
4171385,surindo adipratama,jl. kr. bonto tangnga v lantai ii,7371031002,7371031,jl. kr. bonto tangnga v lantai ii
4171571,pendidikan sains indonesia,jl. rappocini,7371031008,7371031,jl. rappocini
4172614,tri karya visitama,"tidung 8 blok 11 no.37 rt.a rw.008, mappala",7371031003,7371031,"tidung 8 blok 11 no.37 rt.a rw.008, mappala"
4173160,literatur institut,jl tidung 9,7371031003,7371031,jl tidung 9
4173715,legal bersama indonesia,jl letjen hertasning arun building lt 3 kav a,7371031004,7371031,jl letjen hertasning arun building lt 3 kav a
4174318,ecofarm indonesia,"komplek kodam katangka blok a/5 rt.004 rw.002, gunung sari",7371031001,7371031,"komplek kodam katangka blok a/5 rt.004 rw.002, gunung sari"
4174397,fuad pratama perkasa,"jl aroepala no 1 rt 001 rw 001, kassi-kassi",7371031004,7371031,"jl aroepala no 1 rt 001 rw 001, kassi-kassi"
4174500,prima supplynindo utama,jl ap pettarani,7371031006,7371031,jl ap pettarani
4175072,cv. adyaraka,komp permata hijau lestari,7371031004,7371031,komp permata hijau lestari
4175087,pt adhi karya tbk-pt istaka karya (kso),jl letjen hertasning,7371031004,7371031,jl letjen hertasning
4175420,cipta karya sukses mandiri,jl rsi faizal xii,7371031007,7371031,jl rsi faizal xii
4177592,indonesia sabar jaya,jl rappocini raya,7371031008,7371031,jl rappocini raya
4177918,suara indonesia sulsel,jalan raya pendidikan komplek balla panakkukang,7371031006,7371031,jalan raya pendidikan komplek balla panakkukang
4178207,tiga putra jaya,jl ap pettarani ruko new zamrud,7371031008,7371031,jl ap pettarani ruko new zamrud
4178649,fiat print,monumen emmy saelan,7371031006,7371031,monumen emmy saelan
4178904,agung jaya abadi,jl mon emmy saelan 3,7371031002,7371031,jl mon emmy saelan 3
4178932,gurella,"jl.karunrung raya v no.70 rt.005 rw.007, karunrung",7371031002,7371031,"jl.karunrung raya v no.70 rt.005 rw.007, karunrung"
4179669,jaya berkarya,jl kr bonto tangnga,7371031002,7371031,jl kr bonto tangnga
4181628,andya artha tama,jl landak baru,7371031007,7371031,jl landak baru
4182296,lingga jaya advertising,komp. anging mamiri residence,7371031002,7371031,komp. anging mamiri residence
4182443,idesain kreasindo,tidung 7 stp 4,7371031003,7371031,tidung 7 stp 4
4183635,tritunggal berkat sejahtera,jl. rappocini raya,7371031008,7371031,jl. rappocini raya
4183907,rahmat rodel,"jl ap pettarani komplek pemda blok e28/9 rt 004 rw 005, tidung",7371031006,7371031,"jl ap pettarani komplek pemda blok e28/9 rt 004 rw 005, tidung"
4184166,cahaya abadi pratama,jl sultan alauddin,7371031001,7371031,jl sultan alauddin
4184426,doss,"jl pelita raya no 20, balla parang",7371031010,7371031,"jl pelita raya no 20, balla parang"
4185385,makassar australia study,btn minasa upa,7371031001,7371031,btn minasa upa
4185463,tata laksana konstruksi,"btn minasa upa blok b 9 no.5, gunung sari",7371031001,7371031,"btn minasa upa blok b 9 no.5, gunung sari"
4185523,bintang rezeki pratama,jl bontomene 1,7371031007,7371031,jl bontomene 1
4185954,karya adhi jaya,"jl tidung mariolo lr 2 no 35 rt 004 rw 001, tidung",7371031006,7371031,"jl tidung mariolo lr 2 no 35 rt 004 rw 001, tidung"
4186875,amanah cantik indonesia,jl tamalate i,7371031004,7371031,jl tamalate i
4187748,ramadhan,"jl.minasa upa blok m-1 no.6, gunung sari",7371031001,7371031,"jl.minasa upa blok m-1 no.6, gunung sari"
4187840,tri wahana karsa,jl karunrung asri,7371031002,7371031,jl karunrung asri
4189042,lpk nia,jl tamalate iii stp 41,7371031003,7371031,jl tamalate iii stp 41
4191080,els metaraga,"jl.tidung ix blk 9/6 rt.001 rw.005, kassi-kassi",7371031004,7371031,"jl.tidung ix blk 9/6 rt.001 rw.005, kassi-kassi"
4192420,trifhi al - adl (neshia medika),jl landak baru,7371031007,7371031,jl landak baru
4192426,hinda medika farma,jl mon emmy saelan 3,7371031002,7371031,jl mon emmy saelan 3
4192916,wira nanda,"jl.rsi faisal vii no.8, banta-bantaeng",7371031007,7371031,"jl.rsi faisal vii no.8, banta-bantaeng"
4193207,mario ininnawa,komp permata hijau permai,7371031004,7371031,komp permata hijau permai
4193366,satu tiga perkasa,jl jipang permai dp 2,7371031002,7371031,jl jipang permai dp 2
4193527,nur amalia sesha,jl banta-bantaeng lr 3,7371031007,7371031,jl banta-bantaeng lr 3
4193968,persada konsultan,"jl.ap.pettarani komp.unm blok g.1/1a rt.003 rw.004, tidung",7371031006,7371031,"jl.ap.pettarani komp.unm blok g.1/1a rt.003 rw.004, tidung"
4195210,pt. indonesia local victory,tallasalapang,7371031001,7371031,tallasalapang
4196550,adi dara ananda,jl landak baru,7371031007,7371031,jl landak baru
4197314,nur ali mandiri,jl nikel i,7371031010,7371031,jl nikel i
4197331,mutiara perkasa,"jl.aeropala komp.btn minasa upa blok k.17 no.24, gunung sari",7371031001,7371031,"jl.aeropala komp.btn minasa upa blok k.17 no.24, gunung sari"
4198809,megah utama,jl tidung mariolo,7371031006,7371031,jl tidung mariolo
4198830,inti gaya nusantara,jl rappocini raya,7371031009,7371031,jl rappocini raya
4199766,markindo mitra usaha,jl rsi faisal xi,7371031007,7371031,jl rsi faisal xi
4199771,"jo.pt adhi karya (persero),tbk-pt passokorang","jl.hertasning 11/b.2 rt.000 rw.000, kassi-kassi",7371031004,7371031,"jl.hertasning 11/b.2 rt.000 rw.000, kassi-kassi"
4199868,makassar utama jaya,jl r.s.i faisal 8,7371031007,7371031,jl r.s.i faisal 8
4200935,lembaga marly,"jl. mon. emmy saelan no. 5 rt.004 rw.017, gunung sari",7371031001,7371031,"jl. mon. emmy saelan no. 5 rt.004 rw.017, gunung sari"
4201623,inawah pratama,komp btn minasa sari,7371031001,7371031,komp btn minasa sari
4202800,mirza,jl aroepala no 27 rt 006 rw 011 kassi-kassi,7371031004,7371031,jl aroepala no 27 rt 006 rw 011 kassi-kassi
4203539,maulida duta sarana,"jl.aroepala samping smp 40 tembusan komp. anggrek minasa upa,rt.004/rw.010,gunung sari",7371031001,7371031,"jl.aroepala samping smp 40 tembusan komp. anggrek minasa upa,rt.004/rw.010,gunung sari"
4203861,minara suppa kaluwere,komp btn minasa upa,7371031001,7371031,komp btn minasa upa
4204537,pelangi wisata madaniah,jl tamalate i,7371031003,7371031,jl tamalate i
4204926,empat gerak pratama,komp mangasa permai,7371031001,7371031,komp mangasa permai
4206158,zaki pratama jaya,jalan sungai saddang baru lorong ikhlas,7371031010,7371031,jalan sungai saddang baru lorong ikhlas
4207234,jaya tunggal arafat,btn minasa upa,7371031001,7371031,btn minasa upa
4207442,niscala cipta sinergi,jalan bonto daeng ngirate nomor 35 dkota makassar,7371031005,7371031,jalan bonto daeng ngirate nomor 35 dkota makassar
4208907,laut indah,"tala`salapang komp.p&k blok l no.2, gunung sari",7371031001,7371031,"tala`salapang komp.p&k blok l no.2, gunung sari"
4209760,surya beringin indah,jl beringin iii,7371031004,7371031,jl beringin iii
4210197,maya persada,jl monumen emmy saelan,7371031006,7371031,jl monumen emmy saelan
4213401,yonin media,"jl bonto mene no 40 rt.00f rw.006, banta-bantaeng",7371031007,7371031,"jl bonto mene no 40 rt.00f rw.006, banta-bantaeng"
4216411,visi one,"jl aroepala komplek ruko grand royal no 6 rt 002 rw 004, gunung sari",7371031001,7371031,"jl aroepala komplek ruko grand royal no 6 rt 002 rw 004, gunung sari"
4216599,bumat cakrawala cemerlang,jl hertasning ii,7371031006,7371031,jl hertasning ii
4218214,bulan bintang,"jl.kr.bontotangnga no.40 rt.002 rw.007, karunrung",7371031002,7371031,"jl.kr.bontotangnga no.40 rt.002 rw.007, karunrung"
4219603,siz advertising,"jl tamalate 4 stp 20 no 132, kassi-kassi",7371031004,7371031,"jl tamalate 4 stp 20 no 132, kassi-kassi"
4220162,mutiara,"komp.bph bumi a8/4 rt.003 rw.020, gunung sari",7371031001,7371031,"komp.bph bumi a8/4 rt.003 rw.020, gunung sari"
4221054,bina berkarya bakti,jl aroepala permata hijau permai,7371031004,7371031,jl aroepala permata hijau permai
4221549,yasa inti consultant,jl komp. permata sari ps iii,7371031001,7371031,jl komp. permata sari ps iii
4224242,karya pratama,"jl.tidung mariolo no.24, tidung",7371031006,7371031,"jl.tidung mariolo no.24, tidung"
4224246,krisna pratama jaya,jl. tidung vii,7371031003,7371031,jl. tidung vii
4224923,laskar pelangi,"jl.aroepala samping smp 40 tembusan komp. anggrek minasa upa,rt.004/rw.010,gunung sari",7371031003,7371031,"jl.aroepala samping smp 40 tembusan komp. anggrek minasa upa,rt.004/rw.010,gunung sari"
4226481,celebes raya,"jl.sungai saddang baru no.75 b, balla parang",7371031010,7371031,"jl.sungai saddang baru no.75 b, balla parang"
4226681,fastqual,jl aroepala btn minasa upa blok,7371031001,7371031,jl aroepala btn minasa upa blok
4226738,kreasi panca muda,btn minasa upa blok m17,7371031001,7371031,btn minasa upa blok m17
4227000,logov celebes,"jl.pendidikan raya blok.p/3, tidung",7371031006,7371031,"jl.pendidikan raya blok.p/3, tidung"
4228116,timurama bosi investama,jl yusuf dg ngawing,7371031006,7371031,jl yusuf dg ngawing
4228305,p.o.hasma,"komp.btn.agraria blok.s no.24, karunrung",7371031002,7371031,"komp.btn.agraria blok.s no.24, karunrung"
4228515,fadillah,jl. tidung v stp 7,7371031005,7371031,jl. tidung v stp 7
4228518,sawega utama investama,permata hijau permai,7371031004,7371031,permata hijau permai
4228622,darussalam mulia perkasa,jl hertasning baru minasa upa,7371031001,7371031,jl hertasning baru minasa upa
4230095,antiqah media grafiq,jl hertasning raya timur,7371031004,7371031,jl hertasning raya timur
4230805,sewang intan berlian,jl mappala,7371031006,7371031,jl mappala
4230966,pallawarukka,"jl aroepala, taman yasmin indah",7371031003,7371031,"jl aroepala, taman yasmin indah"
4231203,nurcawa cipta utama,ln. rsi.faisal xi no. 19,7371031007,7371031,ln. rsi.faisal xi no. 19
4231627,mentari pulana,jl salemba,7371031001,7371031,jl salemba
4232747,digital technology,"komp new zamrud a/25 rt.000 rw.005, buakana",7371031008,7371031,"komp new zamrud a/25 rt.000 rw.005, buakana"
4232857,indah lestari makmur,komp. metropolitan,7371031007,7371031,komp. metropolitan
4233570,teknik solusi sukses,jl mon emmy saelan,7371031006,7371031,jl mon emmy saelan
4234031,duta irama indonesia,jl.letjen hertasning,7371031004,7371031,jl.letjen hertasning
4235109,bina agro nusa,jl ap pettarani komp pemda,7371031006,7371031,jl ap pettarani komp pemda
4235147,berkah amalia,permata hijau lestari,7371031004,7371031,permata hijau lestari
4235423,summa mandiri sejahtera,jl rsi faisal xii,7371031007,7371031,jl rsi faisal xii
4235477,rifqah mandiri cargo,jl wijaya kusuma,7371031007,7371031,jl wijaya kusuma
4235528,gasina pt,jalan landak lama no 47,7371031008,7371031,jalan landak lama no 47
4237036,prakarsa utama makassar,jl timah 1 blok,7371031010,7371031,jl timah 1 blok
4237337,arsa mandiri,jl tamalate 2,7371031003,7371031,jl tamalate 2
4237372,makassar network integrindo,jl pendidikan i b3,7371031006,7371031,jl pendidikan i b3
4237642,shalom art,jl rappocini raya,7371031009,7371031,jl rappocini raya
4239277,mannyingarri indtim,"jl.rappocini raya no.34, rappocini",7371031009,7371031,"jl.rappocini raya no.34, rappocini"
4239530,aura shanum mekar,kompleks graha hasirah permai d 8,7371031001,7371031,kompleks graha hasirah permai d 8
4240131,lembaga konsultasi dan bantuan hukum light justitia,btn minasa upa,7371031001,7371031,btn minasa upa
4240164,suara publik indonesia,"komplek anging mamiri residence blok e1/16, karunrung",7371031002,7371031,"komplek anging mamiri residence blok e1/16, karunrung"
4240223,pyramid,"jl. mappala blok a.3 no. 9 rt.004 rw.004, tidung",7371031006,7371031,"jl. mappala blok a.3 no. 9 rt.004 rw.004, tidung"
4243148,akusara engineering,jl. aroepala,7371031004,7371031,jl. aroepala
4244369,prima kasturi,"jl.pelita raya a.46 no.4 rt.002 rw.006, buakana",7371031008,7371031,"jl.pelita raya a.46 no.4 rt.002 rw.006, buakana"
4244429,bundaran emas,jl komplek permatasari komplek ps,7371031001,7371031,jl komplek permatasari komplek ps
4244701,lordsa dispo mandiri,jl ap pettarani,7371031006,7371031,jl ap pettarani
4245285,rafka gemilang konstruksi,jalan buakana,7371031008,7371031,jalan buakana
4245414,bumi gora inti sejahtera,jl monumen emmy saelan,7371031003,7371031,jl monumen emmy saelan
4245734,lingkar celebes,jl aroepala no 41 lt 3,7371031004,7371031,jl aroepala no 41 lt 3
4246051,fran,jalan rappocini,7371031008,7371031,jalan rappocini
4246338,christio jaya sakti,"btn minasa upa blok c6/5 rt 001 rw 013, gunung sari",7371031001,7371031,"btn minasa upa blok c6/5 rt 001 rw 013, gunung sari"
4246444,mifsui family,jl raya pendidikan (balla panakkukang),7371031007,7371031,jl raya pendidikan (balla panakkukang)
4247531,sukses sembilan grafika,jl sungai saddang,7371031010,7371031,jl sungai saddang
4248961,ded jaya karya konsultan,jl. landak baru lrg. 9,7371031007,7371031,jl. landak baru lrg. 9
4249105,alfika utama sejahtera,jl btn minasa upa,7371031,7371031,jl btn minasa upa
4250613,anugrah karya energi,jl. karunrung raya ii,7371031002,7371031,jl. karunrung raya ii
4252379,aurora mitra mandiri,jl mahoni,7371031004,7371031,jl mahoni
4252962,prabu siliwangi,jl minasa upa btn minasa upa,7371031009,7371031,jl minasa upa btn minasa upa
4253331,qivlan makmur abadi,jl sultan alauddin komp permata sari,7371031001,7371031,jl sultan alauddin komp permata sari
4253803,nayara putri,"jl skarda i no 262 rt 005 rw 002, tidung",7371031006,7371031,"jl skarda i no 262 rt 005 rw 002, tidung"
4253888,mega saro utama,jl btn minasa upa,7371031,7371031,jl btn minasa upa
4254249,empat putra,"jl monumen emmy saelan 4 no 100 rt.003 rw.002, tidung",7371031006,7371031,"jl monumen emmy saelan 4 no 100 rt.003 rw.002, tidung"
4254433,amal wakaf hijau hitam,btn minasa upa,7371031001,7371031,btn minasa upa
4254537,adnan kreasi design,komp btn. minasa upa blok ab,7371031,7371031,komp btn. minasa upa blok ab
4255464,klinik sehat,jl pengayoman ruko mirah,7371031008,7371031,jl pengayoman ruko mirah
4255775,datatama mitra berdaya,jl monginsidi baru,7371031010,7371031,jl monginsidi baru
4256327,dedi utama,"jl.rappocini raya lr.9e/i8 rt.005 rw.005, buakana",7371031008,7371031,"jl.rappocini raya lr.9e/i8 rt.005 rw.005, buakana"
4256755,dameka plan,komp anging mammiri residence blok,7371031002,7371031,komp anging mammiri residence blok
4256873,amanah utama kasuwiyang,komp agraria,7371031002,7371031,komp agraria
4257829,putri kembar rejeki,komplek anging mamiri,7371031002,7371031,komplek anging mamiri
4258811,isoindo pratama,jl sultan alauddin ruko bph,7371031001,7371031,jl sultan alauddin ruko bph
4259807,orie pratama,"jl rsi faisal 17 no 24 rt.003 rw.008, banta-bantaeng",7371031007,7371031,"jl rsi faisal 17 no 24 rt.003 rw.008, banta-bantaeng"
4260142,cipta bara bata,jl ap pettarani ruko new zamrud,7371031008,7371031,jl ap pettarani ruko new zamrud
4261194,puji kawa,"tidung mariolo no.12a, tidung",7371031006,7371031,"tidung mariolo no.12a, tidung"
4261346,dharma bhakti persada,jl hertasning i,7371031006,7371031,jl hertasning i
4264016,arta tour travel,jl tamalate 1,7371031004,7371031,jl tamalate 1
4265562,"pt adhi karya-pt minarta dutahutama, kso",jl letjen hertasning,7371031004,7371031,jl letjen hertasning
4265600,candradimuka,btn minasa upa,7371031001,7371031,btn minasa upa
4265700,triasa utama,jl btn minasa upa,7371031,7371031,jl btn minasa upa
4265924,adi lestari abadi,jl andi djemma lr 6,7371031007,7371031,jl andi djemma lr 6
4266711,putra sidrap mandiri,jl toddopuli i,7371031004,7371031,jl toddopuli i
4267077,media agung nusantara,jl wijaya kusuma i,7371031007,7371031,jl wijaya kusuma i
4268002,one enovasi global,"jl a p pettarani no 89 rt 002 rw 004, buakana",7371031008,7371031,"jl a p pettarani no 89 rt 002 rw 004, buakana"
4268199,glassindo sinar prima,jl hertasning baru (aroepala),7371031003,7371031,jl hertasning baru (aroepala)
4269060,tiga 12,jl sungai saddang lr mu'min 2,7371031010,7371031,jl sungai saddang lr mu'min 2
4269433,anugerah yabes energi indotama,kompleks rukan nomor 5,7371031006,7371031,kompleks rukan nomor 5
4269970,gesit timur indonesia,"anging mammiri residence blok f3/4, jl aroepala",7371031002,7371031,"anging mammiri residence blok f3/4, jl aroepala"
4270337,maraja putra konsultan,"jl.toddopuli 19 no.205/01 rt.004 rw.009, kassi-kassi",7371031004,7371031,"jl.toddopuli 19 no.205/01 rt.004 rw.009, kassi-kassi"
4270338,bumi panrita indonesia,jl karunrung raya (dekat pondok multazam),7371031002,7371031,jl karunrung raya (dekat pondok multazam)
4271903,berlian,jl landak baru / bonto lanra,7371031007,7371031,jl landak baru / bonto lanra
4272786,queena mandiri sukses,jl beringin 5,7371031004,7371031,jl beringin 5
4273157,putri binamu,jl perum bumi bosowa permai blok a2,7371031001,7371031,jl perum bumi bosowa permai blok a2
4273550,etos media utama,jl rsi faisal raya,7371031007,7371031,jl rsi faisal raya
4275109,surya bintang mas,"komp.new zamrud blok d/4, buakana",7371031008,7371031,"komp.new zamrud blok d/4, buakana"
4275805,marina global industri,btn  minasaupa blok j.4 nomor 17,7371031001,7371031,btn  minasaupa blok j.4 nomor 17
4275810,cahaya dwi utama,komp karunrung,7371031002,7371031,komp karunrung
4276334,gatra`s`,jl pelita raya a22,7371031010,7371031,jl pelita raya a22
4276532,the sentinel,jl.tidung vi,7371031003,7371031,jl.tidung vi
4276954,jizan perdana mandiri,jl hertasning blok e26/12a,7371031006,7371031,jl hertasning blok e26/12a
4276974,artha,jl monumen emmy saelan makkio baji,7371031006,7371031,jl monumen emmy saelan makkio baji
4277139,resthu anugerah,"emmy saelan iii/e no 16, tidung",7371031006,7371031,"emmy saelan iii/e no 16, tidung"
4278126,eshan,jl landak baru,7371031007,7371031,jl landak baru
4278789,gurella persada sakti,jl karunrung raya v,7371031002,7371031,jl karunrung raya v
4278880,permata agung,"jl.toddopuli i stp.3 blk.24 no.117 rt.001 rw.006, kassi-kassi",7371031004,7371031,"jl.toddopuli i stp.3 blk.24 no.117 rt.001 rw.006, kassi-kassi"
4280172,emilindo,jl boulevard komplek new zamrud,7371031008,7371031,jl boulevard komplek new zamrud
4281408,ome trading coy,"jl.akik hijau blk c/7, gunung sari",7371031001,7371031,"jl.akik hijau blk c/7, gunung sari"
4281647,anugrah magello nusantara,jl rappocini raya,7371031008,7371031,jl rappocini raya
4281911,makkelo putera mandiri,jl raya pendidikan,7371031006,7371031,jl raya pendidikan
4282441,sudan g,jl bonto langkasa,7371031007,7371031,jl bonto langkasa
4283077,riztech multi prima cemerlang,jl hertasning raya,7371031001,7371031,jl hertasning raya
4283116,dana multi global mandiri,jl rappocini raya,7371031009,7371031,jl rappocini raya
4284113,khansa rafani travelindo,jl landak baru,7371031007,7371031,jl landak baru
4285255,indigo mulia,jl rappocini raya lr 1 no 34 rt 000 rw 000 rappocini,7371031009,7371031,jl rappocini raya lr 1 no 34 rt 000 rw 000 rappocini
4285322,fadhel utama,"komplek permata hijau lestari blok p14/2, kassi-kassi",7371031004,7371031,"komplek permata hijau lestari blok p14/2, kassi-kassi"
4286477,aty mappakangka,jl sultan alauddin,7371031001,7371031,jl sultan alauddin
4286961,putera makassar perkasa,jl ap pettarani komp new zamrud,7371031008,7371031,jl ap pettarani komp new zamrud
4287210,anugrah iyan pratama,jl btn minasa upa,7371031,7371031,jl btn minasa upa
4287537,nisa bangunindo konsultan,jl toddopuli vi puri taman sari blok,7371031004,7371031,jl toddopuli vi puri taman sari blok
4289261,ismul azam,"jl teduh bersinar komp griya fajar mas b1 no 15 rt 002 rw 022, gunung sari",7371031001,7371031,"jl teduh bersinar komp griya fajar mas b1 no 15 rt 002 rw 022, gunung sari"
4289352,dua satu enam makassar,jl ap pettarani,7371031006,7371031,jl ap pettarani
4290281,tujuh belas utama,jl talasalapang perum griya talasalapang,7371031001,7371031,jl talasalapang perum griya talasalapang
4290487,bank pembiayaan rakyat syariah indo timur,jl rappocini raya,7371031008,7371031,jl rappocini raya
4290526,cahaya pelita,jl pelita raya,7371031008,7371031,jl pelita raya
4290739,sinar gemilang,jl st.alauddin bumi permata hijau,7371031001,7371031,jl st.alauddin bumi permata hijau
4290995,sinar saputra,btn minasa upa,7371031,7371031,btn minasa upa
4291191,romin pratama,"jl.talasalapang no.8 rt.004 rw.015, gunung sari",7371031001,7371031,"jl.talasalapang no.8 rt.004 rw.015, gunung sari"
4292342,pengawal putra makassar,jl. hertasning baru perumahan halmin residence blok a no. 1,7371031003,7371031,jl. hertasning baru perumahan halmin residence blok a no. 1
4292385,sumber karya agung,hertasning kompleks palm mas,7371031008,7371031,hertasning kompleks palm mas
4292596,berkah cipta sarana,komp btn minasa sari,7371031,7371031,komp btn minasa sari
4292612,sinar putera mandiri,"komplek puri taman sari blok c2/7 rt.002 rw.012, kassi-kassi",7371031004,7371031,"komplek puri taman sari blok c2/7 rt.002 rw.012, kassi-kassi"
4292739,sumber inti sejahtera makassar,jl jipang raya 3 perum karunrung residence,7371031002,7371031,jl jipang raya 3 perum karunrung residence
4292838,hary bintang pratama,jalan pelita raya vi nomor c1,7371031008,7371031,jalan pelita raya vi nomor c1
4293035,andry bintang cemerlang,jl sultan alauddin komp griya fajar mas,7371031001,7371031,jl sultan alauddin komp griya fajar mas
4293372,cahaya balla lompoa,jl talasalapang,7371031001,7371031,jl talasalapang
4293468,to buki putra kumara,jl a. djemma,7371031007,7371031,jl a. djemma
4293715,yayasan syajaratin thayyibah mubaarakah,"jl. monumen emmy saelan 3, kompleks graha hasirah permai",7371031001,7371031,"jl. monumen emmy saelan 3, kompleks graha hasirah permai"
4294173,kahanda teknik,tidung 3,7371031006,7371031,tidung 3
4294587,cita lestari kreasi abadi,btn minasa upa blok f 14 nomor 6,7371031,7371031,btn minasa upa blok f 14 nomor 6
4294972,reskia fadilindo,"jl tidung 7 stp 9 no 157 rt 002 rw 007, mappala",7371031003,7371031,"jl tidung 7 stp 9 no 157 rt 002 rw 007, mappala"
4296564,media karya,jl jipang raya ruko villa mega sari,7371031001,7371031,jl jipang raya ruko villa mega sari
4297515,tri tunggal perkasa,jl buakana komp pertamina,7371031008,7371031,jl buakana komp pertamina
4298139,yuriid,ap pettarani kompleks perkantoran new zamrud c10,7371031008,7371031,ap pettarani kompleks perkantoran new zamrud c10
4298245,putra sakura utama,"jalan rappocini raya, lorong 2 nomor 17.",7371031009,7371031,"jalan rappocini raya, lorong 2 nomor 17."
4298496,fans area,"btn minasa upa blok l8/17 rt.003 rw.008, gunung sari",7371031001,7371031,"btn minasa upa blok l8/17 rt.003 rw.008, gunung sari"
4298796,surya inti anugerah,jl btn minasa upa,7371031001,7371031,jl btn minasa upa
4299214,anugerah abadi,"jl.rappocini raya no.181 f, buakana",7371031008,7371031,"jl.rappocini raya no.181 f, buakana"
4299924,adlu putra,"jl.rappocini raya no.210 rt.004 rw.002, buakana",7371031008,7371031,"jl.rappocini raya no.210 rt.004 rw.002, buakana"
4299940,satya usaha veterina,"jl raya pendidkan komp unm blok f2 no 8 rt 001 rw 004, tidung",7371031006,7371031,"jl raya pendidkan komp unm blok f2 no 8 rt 001 rw 004, tidung"
4301383,perisai maraja perkasa,"btn minasa upa blok k14/18, gunung sari",7371031001,7371031,"btn minasa upa blok k14/18, gunung sari"
4301508,ika anugrah raya,jl timah i a,7371031010,7371031,jl timah i a
4301630,awalindo teknik perkasa,perumahan bumi pesona pelangi jl. biru no. 10,7371031001,7371031,perumahan bumi pesona pelangi jl. biru no. 10
4302388,lamdas nahara teknik,jalan skarda n perumahan graha batara kencana nomor 4.,7371031001,7371031,jalan skarda n perumahan graha batara kencana nomor 4.
4303156,sitrah aryaperdana,banta bantaeng btn ayu lestari,7371031007,7371031,banta bantaeng btn ayu lestari
4303436,pribumi mineral nusantara,jl. sutan alauddin ruko gunung sari,7371031001,7371031,jl. sutan alauddin ruko gunung sari
4305031,abadi karya nusantara,jl minasa upa residence blok,7371031001,7371031,jl minasa upa residence blok
4305648,azka latifha multimedia,jl landak baru lr 3,7371031007,7371031,jl landak baru lr 3
4306275,inixindo magguru macca cemerlang,jl nikel i blok,7371031010,7371031,jl nikel i blok
4307524,karimah,"jl.talasalapang no.11 rt.001 rw.014, gunung sari",7371031001,7371031,"jl.talasalapang no.11 rt.001 rw.014, gunung sari"
4307594,gravindo jaya,"jl monginsidi baru no 36 rt.004 rw.005, rappocini",7371031009,7371031,"jl monginsidi baru no 36 rt.004 rw.005, rappocini"
4308291,pelangi nusantara,jl btn minasa upa,7371031001,7371031,jl btn minasa upa
4309175,hafsah intan mustafa nuri,jl skarda,7371031001,7371031,jl skarda
4309430,sambas putra,"btn minasa upa blok d 9 no.20 rt.005 rw.007, gunung sari",7371031001,7371031,"btn minasa upa blok d 9 no.20 rt.005 rw.007, gunung sari"
4309638,bangun cipta arsitektur,beringin raya,7371031004,7371031,beringin raya
4310060,karya muda perkasa,jl mappala iv blok e 29 no 22,7371031006,7371031,jl mappala iv blok e 29 no 22
4310149,bumi daya mandiri,jl hertasning i,7371031006,7371031,jl hertasning i
4310183,esa mahkota insani,jl. karunrung hrs building 4 th floor no. 23 a,7371031002,7371031,jl. karunrung hrs building 4 th floor no. 23 a
4311437,bumi daya mandiri,"jln.hertasning i no.7 rt.001 rw.006, tidung",7371031006,7371031,"jln.hertasning i no.7 rt.001 rw.006, tidung"
4311846,tritas bangun karya,jl hertasning baru perum anging mamiri,7371031002,7371031,jl hertasning baru perum anging mamiri
4311933,ricool tehnik,jl bontomene 1,7371031007,7371031,jl bontomene 1
4312318,kumala sukses sejahtera,jl. a. p. pettarani kav. e18 no. 11,7371031006,7371031,jl. a. p. pettarani kav. e18 no. 11
4315456,mega elputra,"jl.banta-bantaeng lr.3 no.5, banta-bantaeng",7371031007,7371031,"jl.banta-bantaeng lr.3 no.5, banta-bantaeng"
4316016,karya casa,jl monumen emmy saelan,7371031006,7371031,jl monumen emmy saelan
4316672,alkawthar nusa wisata,jl. btn minasa upa blok b8 / 11,7371031001,7371031,jl. btn minasa upa blok b8 / 11
4317961,multi wijaya konstruksi,"jl hertasning baru, aroepala perum belmont blok b",7371031004,7371031,"jl hertasning baru, aroepala perum belmont blok b"
4318032,agata prima perkasa,jl sultan alauddin komp griya fajar mas,7371031001,7371031,jl sultan alauddin komp griya fajar mas
4318361,massulo teknik perkasa,jl landak baru lr 3,7371031007,7371031,jl landak baru lr 3
4318980,trias management,jl palm raya,7371031004,7371031,jl palm raya
4320909,berkah citra cemerlang,jl letjen hertasning,7371031006,7371031,jl letjen hertasning
4321139,sarara formosa perkasa,jl rappocini raya,7371031009,7371031,jl rappocini raya
4321361,alam sejuk teknik,jl kr bontotangnga,7371031002,7371031,jl kr bontotangnga
4321751,panrita farm,jl. tidung 1,7371031005,7371031,jl. tidung 1
4321871,arayah indo teknik,komp anging mammiri residence,7371031002,7371031,komp anging mammiri residence
4321913,wilda setia karya,jl bonto langkasa,7371031006,7371031,jl bonto langkasa
4322375,samudera himalaya,"jl tidung vii stp 6 no 219 rt 004 rw 007, mappala",7371031003,7371031,"jl tidung vii stp 6 no 219 rt 004 rw 007, mappala"
4322706,dua putra,"jl.m.emmy saelan no.7, gunung sari",7371031001,7371031,"jl.m.emmy saelan no.7, gunung sari"
4323476,lpk/ lkp modis,monumen emmy saelan,7371031001,7371031,monumen emmy saelan
4323701,lembaga khalifah,"jl rsi faisal x no 2, banta-bantaeng",7371031007,7371031,"jl rsi faisal x no 2, banta-bantaeng"
4324095,jauzaa mandiri konsultan,jl. aroepala hertasning baru permata hijau tegal,7371031004,7371031,jl. aroepala hertasning baru permata hijau tegal
4325556,lpk puspita dewi,"jl.talassalapang bph plaza m.1/16, karunrung",7371031002,7371031,"jl.talassalapang bph plaza m.1/16, karunrung"
4325925,marala movers makassar,jl.toddopuli vi borong indah 10,7371031004,7371031,jl.toddopuli vi borong indah 10
4326168,studio delapan belas,jl monumen emmy saelan iii komp agraria,7371031002,7371031,jl monumen emmy saelan iii komp agraria
4326337,527 putra selatan,jalan sungai saddang nomor 75,7371031010,7371031,jalan sungai saddang nomor 75
4327287,marga elektrical nusantara,"jl rappocini raya lr 9 no 24 rt 006 rw 005, buakana",7371031008,7371031,"jl rappocini raya lr 9 no 24 rt 006 rw 005, buakana"
4328568,kb paud lorong nur azizah,jl banta-bantaeng,7371031007,7371031,jl banta-bantaeng
4328643,andira,btn minasa upa,7371031001,7371031,btn minasa upa
4329522,aira pratama mandiri,jl rappocini raya 9,7371031008,7371031,jl rappocini raya 9
4330825,surinda sakti tours,graha mappala permai,7371031006,7371031,graha mappala permai
4330884,dafina jelajah internasional,jl nikel 2,7371031010,7371031,jl nikel 2
4330986,triputra gowata mandiri,makassar,7371031007,7371031,makassar
4331030,lembaga easy course,btn minasa upa,7371031002,7371031,btn minasa upa
4331114,garis global gianindo,jl skarda n btn mangasa permai,7371031001,7371031,jl skarda n btn mangasa permai
4332996,pt adhi karya (jo) - pt wijaya karya,jl letjen hertasning,7371031004,7371031,jl letjen hertasning
4334211,bangsa jaya,jl rappocini raya lr.5c,7371031009,7371031,jl rappocini raya lr.5c
4334359,makajaya nusapratama,jl ap pettarani,7371031006,7371031,jl ap pettarani
4334575,maju jaya mandiri sejahtera,jl talasalapang perum graha asri estate blok,7371031001,7371031,jl talasalapang perum graha asri estate blok
4336660,dwi ampera jaya,jl. talasalapang komp. rukotalasalapang nomor 06,7371031002,7371031,jl. talasalapang komp. rukotalasalapang nomor 06
4337331,dwidya sistha wicaksana,btn timurama blok a/3 (1),7371031010,7371031,btn timurama blok a/3 (1)
4337358,faaza abadi mandiri,komp btn minasa upa blok d7,7371031,7371031,komp btn minasa upa blok d7
4338921,firma hukum hamzara,jl hertasning raya,7371031005,7371031,jl hertasning raya
4339364,tri amirah,jl raya pendidikan ii,7371031006,7371031,jl raya pendidikan ii
4339640,saoraja glamping,jl perum taman yasmin,7371031003,7371031,jl perum taman yasmin
4339815,timur utama wisata,jl minasa upa,7371031,7371031,jl minasa upa
4340278,rezki revolution,jl hertasning vii kav 11c,7371031006,7371031,jl hertasning vii kav 11c
4340454,putra utama jaya,jl hertasning,7371031006,7371031,jl hertasning
4340786,madena wisata,jl ap pettarani ruko new zamrud,7371031008,7371031,jl ap pettarani ruko new zamrud
4342276,bumi bhakti jatidiri,"jl.emi saelan komp.btn.agraria blok.s/24 rt.006 rw.002, karunrung",7371031002,7371031,"jl.emi saelan komp.btn.agraria blok.s/24 rt.006 rw.002, karunrung"
4342436,megakarsa permai,jl tamalate iii,7371031003,7371031,jl tamalate iii
4342662,trio adji mandiri,"jl.tidung vi stp.2 no.39 rt.001 rw.004, mappala",7371031003,7371031,"jl.tidung vi stp.2 no.39 rt.001 rw.004, mappala"
4343044,kemangi tamalatea,jl wijaya kusuma 3 blok,7371031007,7371031,jl wijaya kusuma 3 blok
4344847,law firm arn and associates,jl hertasning baru,7371031004,7371031,jl hertasning baru
4345550,nifira wahana konstruksi,jl hertasning viii,7371031006,7371031,jl hertasning viii
4345940,lismayana,jl cilallang jaya lr 2,7371031008,7371031,jl cilallang jaya lr 2
4346346,elkom,jl pelita raya,7371031010,7371031,jl pelita raya
4346430,rezki pratiwi,"btn minasa up blok d.7 no.12, gunung sari",7371031001,7371031,"btn minasa up blok d.7 no.12, gunung sari"
4346783,tunas belantara,jl faisal xvi,7371031007,7371031,jl faisal xvi
4347833,nurul asiah,jl rutan,7371031001,7371031,jl rutan
4348382,meida wisata,jl ap pettarani kompleks new zamrud,7371031008,7371031,jl ap pettarani kompleks new zamrud
4348652,aira media kreasi,"btn minasa upa blok l5/22 rt 002 rw 008, gunung sari",7371031001,7371031,"btn minasa upa blok l5/22 rt 002 rw 008, gunung sari"
4348817,cv mitra karya solid,jalan karunrung raya no. 99,7371031002,7371031,jalan karunrung raya no. 99
4349378,win access telecommunication,jl rappocini raya,7371031008,7371031,jl rappocini raya
4349475,eka safir wisata,"jl rappocini raya lr 5 no 23 rt.002 rw.004, rappocini",7371031009,7371031,"jl rappocini raya lr 5 no 23 rt.002 rw.004, rappocini"
4350334,barito utama,jl tidung ix stp 2 no 80 rt 002 rw 005 kassi-kassi,7371031004,7371031,jl tidung ix stp 2 no 80 rt 002 rw 005 kassi-kassi
4350340,lembaga kursus dan pelatihan anindya,perum. btn. minasa upa,7371031,7371031,perum. btn. minasa upa
4351378,airmas pantero teknologi,jl sungai saddang baru,7371031010,7371031,jl sungai saddang baru
4353555,mitra jaya,jl wijaya kusuma 1,7371031009,7371031,jl wijaya kusuma 1
4354239,cv. alif ayasha konstruksi,faisal xiv,7371031007,7371031,faisal xiv
4354285,demote sukses mandiri,jl raya pendidikan komplek unm,7371031006,7371031,jl raya pendidikan komplek unm
4354809,multi proc 22,btn bumi bosowa permai,7371031001,7371031,btn bumi bosowa permai
4355090,aa tehnik,"jl.tidung v blok 16 no.12 rt.003 rw.004, bonto makkio",7371031005,7371031,"jl.tidung v blok 16 no.12 rt.003 rw.004, bonto makkio"
4356331,wicaksana putra pertama,"kompleks griya fajar mas blok b/11, gunung sari",7371031001,7371031,"kompleks griya fajar mas blok b/11, gunung sari"
4356539,kasih dan sayang,"sungai saddang baru lr berkah no 2a rt.005 rw.001, balla parang",7371031010,7371031,"sungai saddang baru lr berkah no 2a rt.005 rw.001, balla parang"
4356632,jo. pt.pembangunan perumahan (persero)- itochu corporation,jl hertasning raya,7371031004,7371031,jl hertasning raya
4356651,cakra,"jl.rappocini raya no.89a, rappocini",7371031009,7371031,"jl.rappocini raya no.89a, rappocini"
4356787,rumah media sulsel,jl ap pettarani komplek new ruko zamrud,7371031008,7371031,jl ap pettarani komplek new ruko zamrud
4356879,khalizaa putrina tunggal,jl hertasning baru perum permata hijau permai blok,7371031004,7371031,jl hertasning baru perum permata hijau permai blok
4357180,lawara agrotama,jl btn minasa upa,7371031001,7371031,jl btn minasa upa
4357460,marakka medifarmaindo mandiri,jl al ikhlas,7371031001,7371031,jl al ikhlas
4358223,putra rafan alfarezki,jl pelita raya tengah,7371031010,7371031,jl pelita raya tengah
4358343,kenshu globalindo,"jl.pelita tengah blok a 1 a 2 b rt.003 rw.009, balla parang",7371031010,7371031,"jl.pelita tengah blok a 1 a 2 b rt.003 rw.009, balla parang"
4358879,reski sinar gemilang,jl tamalate 5,7371031004,7371031,jl tamalate 5
4359115,mw jaya,jalan hertasning baru / aroepala belmont residence,7371031004,7371031,jalan hertasning baru / aroepala belmont residence
4360703,cahaya anugrah,jl sultan alauddin komp permata sari 6,7371031001,7371031,jl sultan alauddin komp permata sari 6
4361217,ananda nurul haromain,jl landak baru,7371031007,7371031,jl landak baru
4361873,putra tunggal utama,jl. aroepala komp. anging mamiri,7371031002,7371031,jl. aroepala komp. anging mamiri
4362041,tocipta sarana abadi,ruko alauddin plaza off,7371031001,7371031,ruko alauddin plaza off
4362355,parabus karya mandiri,jl borong indah komp pondok asri blok,7371031004,7371031,jl borong indah komp pondok asri blok
4363166,aini cahaya lestari,jl skarda n komp. mangasa permai,7371031001,7371031,jl skarda n komp. mangasa permai
4363497,zam zam abadi,btn minasa upa,7371031,7371031,btn minasa upa
4363671,betel karya lumbung,jl wijaya kusuma 1,7371031007,7371031,jl wijaya kusuma 1
4364274,mega rezky abadi,"jl monumen emmy saelan iii dblok 1 no 9 rt 004 rw 002, tidung",7371031006,7371031,"jl monumen emmy saelan iii dblok 1 no 9 rt 004 rw 002, tidung"
4364370,ditha jaya utama,jl tamalate 3,7371031003,7371031,jl tamalate 3
4364478,sukses digital,"jl pelita raya no 22 rt 003 rw 001, ballaparang",7371031010,7371031,"jl pelita raya no 22 rt 003 rw 001, ballaparang"
4364523,citra intan insani,"jl monginsidi baru, ruko puri mutiara square",7371031009,7371031,"jl monginsidi baru, ruko puri mutiara square"
4365905,firafi ananda utama,jl tamalate i,7371031004,7371031,jl tamalate i
4365990,ey utama mandiri,"jl.puri taman sari blok d.2 no.14, kassi-kassi",7371031004,7371031,"jl.puri taman sari blok d.2 no.14, kassi-kassi"
4367814,anugrah cipta cemerlang,"jl sultan alauddin lr al-azhar  no i a rt 001 rw 006, gunung sari",7371031001,7371031,"jl sultan alauddin lr al-azhar  no i a rt 001 rw 006, gunung sari"
4367875,alifah konstruksi,jl. karunrung asri blok d/10,7371031002,7371031,jl. karunrung asri blok d/10
4368320,sumber gas jayaabadi,jl monginsidi baru puri mutiara 1,7371031010,7371031,jl monginsidi baru puri mutiara 1
4368425,house of beauty,jl landak baru,7371031007,7371031,jl landak baru
4368857,kencana agung,jl landak baru,7371031007,7371031,jl landak baru
4369430,hasil sempurna,bukit salekowa permai blok b,7371031,7371031,bukit salekowa permai blok b
4369736,sagarmatha,"jl.tamalate 3 no.39 rt.001 rw.001, mappala",7371031003,7371031,"jl.tamalate 3 no.39 rt.001 rw.001, mappala"
4370159,dharma lestari,jl raya pendidikan komp. ikip c/11,7371031006,7371031,jl raya pendidikan komp. ikip c/11
4370522,titha mandiri,jl sungai saddang baru,7371031010,7371031,jl sungai saddang baru
4370580,wijaya inti lestari,jl pelita raya vi c. p permai,7371031008,7371031,jl pelita raya vi c. p permai
4370628,nviro global sciences,jl syech yusuf lr 3,7371031001,7371031,jl syech yusuf lr 3
4370748,mandiri abadi,jl tamalate iii,7371031004,7371031,jl tamalate iii
4371047,re-re,jl bonto dg ngirate,7371031005,7371031,jl bonto dg ngirate
4371072,cv. cahaya mitra maxindo,komp. permata hijau permai,7371031004,7371031,komp. permata hijau permai
4371257,mitra lestari indonesia,jl talasalapang kompleks ruko talasalapang,7371031002,7371031,jl talasalapang kompleks ruko talasalapang
4372134,lana,jl landak baru lr vi,7371031007,7371031,jl landak baru lr vi
4372423,four arc design,"kompleks pemda blok e21/18 jl ap pettarani rt.002 rw.005, tidung",7371031006,7371031,"kompleks pemda blok e21/18 jl ap pettarani rt.002 rw.005, tidung"
4372456,nurani jaya abadi,jl timah v,7371031010,7371031,jl timah v
4373628,berkat anugerah,"jl bonto lanra no 17a rt 001 rw 003, banta-bantaeng",7371031007,7371031,"jl bonto lanra no 17a rt 001 rw 003, banta-bantaeng"
4373797,pendidikan sagitha nurul islam,jl karunrung raya komp bkkbn,7371031002,7371031,jl karunrung raya komp bkkbn
4374615,let sukses international,jl sungai saddang,7371031010,7371031,jl sungai saddang
4375143,wiswaji aditya nusantara,jl pelita iv,7371031008,7371031,jl pelita iv
4375847,darul hasanah nusantara,jl tidung viii,7371031003,7371031,jl tidung viii
4375854,belian cahya utama,"jl.pelita raya 2b rt.001 rw.004, balla parang",7371031010,7371031,"jl.pelita raya 2b rt.001 rw.004, balla parang"
4375957,hafidza anugrah pratama,bumi bosowa permai blok b2,7371031,7371031,bumi bosowa permai blok b2
4376174,latifah mulia sejahtera,jl. monumen emmy saelan 3 tamalate,7371031006,7371031,jl. monumen emmy saelan 3 tamalate
4376559,azka bintang samudra,jl raya pendidikan,7371031006,7371031,jl raya pendidikan
4377268,nusa rizki persada,jl tidung 9 stp 17,7371031003,7371031,jl tidung 9 stp 17
4377664,jasa saudagar,jl talasalapang perum jipang permai dp.6,7371031002,7371031,jl talasalapang perum jipang permai dp.6
4378057,monopoint arsindo,btn minasa upa,7371031001,7371031,btn minasa upa
4378404,lewa mandiri group,btn minasa upa,7371031001,7371031,btn minasa upa
4379062,solusi arya prima,jl sungai saddang baru,7371031010,7371031,jl sungai saddang baru
4379193,abimanyu ajama fahd,jl sungai saddang baru,7371031010,7371031,jl sungai saddang baru
4379901,cipta anika mandiri,komp makassar town house rt/rw /,7371031006,7371031,komp makassar town house rt/rw /
4381600,koya seni dekorasi,jl a p pettarani komp pettarani center,7371031008,7371031,jl a p pettarani komp pettarani center
4381843,karya bahari,jl karunrung raya,7371031002,7371031,jl karunrung raya
4383109,lamtoro dasa anugrah,jl minasa upa perum bumi bosowa permai,7371031001,7371031,jl minasa upa perum bumi bosowa permai
4384025,sumber medika sejahtera,jl. andi pangeran pettarani blok b no. 2,7371031008,7371031,jl. andi pangeran pettarani blok b no. 2
4384161,apotek av3,"jl sungai saddang baru blok a11 no 7a rt 003 rw 008, balla parang",7371031010,7371031,"jl sungai saddang baru blok a11 no 7a rt 003 rw 008, balla parang"
4384573,mandiri angkasa megah,jl mon emmy saelan perum mon mutiara town house,7371031001,7371031,jl mon emmy saelan perum mon mutiara town house
4385716,iqsan dwi perdana,jl landak baru lr 1,7371031007,7371031,jl landak baru lr 1
4387127,nd sulawesi celebes,komp puri taman sari blok,7371031004,7371031,komp puri taman sari blok
4387508,afrah pratama,"jl.minasa sari blok b 12 no.10 rt.02 rw.04, gunung sari",7371031001,7371031,"jl.minasa sari blok b 12 no.10 rt.02 rw.04, gunung sari"
4387775,andis pratama,jl mappala,7371031006,7371031,jl mappala
4388015,mote water filterindo,komp mangasa permai blok,7371031001,7371031,komp mangasa permai blok
4389385,aang konstruksi,jl cilallang jaya vii,7371031008,7371031,jl cilallang jaya vii
4389703,abraham konsultan,"btn minasa upa blok.m 8 no.9, gunung sari",7371031001,7371031,"btn minasa upa blok.m 8 no.9, gunung sari"
4389959,mawar berkah makassar,jl talasalapang btn minasa upa blok,7371031001,7371031,jl talasalapang btn minasa upa blok
4391186,citra mandiri pratama,"jl raya pendidikan blok g5/5 rt.003 rw.004, tidung",7371031006,7371031,"jl raya pendidikan blok g5/5 rt.003 rw.004, tidung"
4392241,karya muda mandiri,btn minasa upa,7371031001,7371031,btn minasa upa
4394100,pusat koperasi wanita tenriawaru sulawesi selatan,"jl.raya pendidikan blok f1 no.5, tidung",7371031006,7371031,"jl.raya pendidikan blok f1 no.5, tidung"
4395142,budaya motor,"jl.sultan alauddin ruko permata sari no.4, gunung sari",7371031001,7371031,"jl.sultan alauddin ruko permata sari no.4, gunung sari"
4395253,asza berkah cakrawala,jl skarda n 1,7371031006,7371031,jl skarda n 1
4396040,koridor adicita,jl monumen e. saelan ko. kodam gunung sari,7371031001,7371031,jl monumen e. saelan ko. kodam gunung sari
4396106,karya teknik,"jl wijaya kusuma raya no 9 rt 012 rw 001, banta-bantaeng",7371031007,7371031,"jl wijaya kusuma raya no 9 rt 012 rw 001, banta-bantaeng"
4396125,rezky energi abadi,jl pelita raya,7371031010,7371031,jl pelita raya
4396252,indonesia movement,jl mappala blok,7371031006,7371031,jl mappala blok
4396317,adnan tour and travel,jl landak baru lr 7,7371031007,7371031,jl landak baru lr 7
4396698,putra mandiri 31 indonesia,jl. rappocini raya lr 5 f,7371031009,7371031,jl. rappocini raya lr 5 f
4397348,arta karya persada,jl griya minasa upa mandiri b/3 komp griya maleo indah,7371031001,7371031,jl griya minasa upa mandiri b/3 komp griya maleo indah
4397503,adeeva mulia group,jl. talasalapang perum puri bukit mas,7371031004,7371031,jl. talasalapang perum puri bukit mas
4398750,watnis,toddopuli 6 jl pinang,7371031004,7371031,toddopuli 6 jl pinang
4398919,al ganniy,btn minasa upa,7371031001,7371031,btn minasa upa
4400853,rezki ilahi,btn minasa upa blok,7371031001,7371031,btn minasa upa blok
4401943,atheri,jl. monginsidi baru,7371031010,7371031,jl. monginsidi baru
4403000,amal rezky,btn minasa upa,7371031,7371031,btn minasa upa
4404689,surya interfokus,"jl.aroepala blok.ab 2/6 rt.002 rw.021, gunung sari",7371031001,7371031,"jl.aroepala blok.ab 2/6 rt.002 rw.021, gunung sari"
4404807,bakti jaya perkasa,jl sultan alauddin,7371031001,7371031,jl sultan alauddin
4404844,armina sari madani,jl pelita raya,7371031010,7371031,jl pelita raya
4404850,artri prima bersama,jl andi pangeran pettarani center,7371031008,7371031,jl andi pangeran pettarani center
4405928,citra lintas timur,jl a. p. pettarani ruko new zamrud,7371031008,7371031,jl a. p. pettarani ruko new zamrud
4406135,langgeng energy prima,"komplek  p&k blok l/3, gunung sari",7371031001,7371031,"komplek  p&k blok l/3, gunung sari"
4406936,usaha mandiri,"perum mangasa permai blok v 1 no.11 rt.000 rw.000, gunung sari",7371031001,7371031,"perum mangasa permai blok v 1 no.11 rt.000 rw.000, gunung sari"
4407176,sutra creative makassar (scm),jl mappala iv blok,7371031006,7371031,jl mappala iv blok
4407924,musrah pratama,"komplek bosowa blok a3 no 22 rt 001 rw 026, gunung sari",7371031001,7371031,"komplek bosowa blok a3 no 22 rt 001 rw 026, gunung sari"
4408613,ali mining konstruksi,jl. nikel i blok a.22 no. 30/38 makassar,7371031010,7371031,jl. nikel i blok a.22 no. 30/38 makassar
4408731,milan utama,jl monginsidi baru,7371031010,7371031,jl monginsidi baru
4410193,roti daeng,jl hertasning/aroepala,7371031004,7371031,jl hertasning/aroepala
4411144,alphatech dredging indonesia,jl ap pettarani ruko new zamrud,7371031008,7371031,jl ap pettarani ruko new zamrud
4411180,dimensi media komunikasi,"jl.komp.ikip blok.f 3 no.7, tidung",7371031006,7371031,"jl.komp.ikip blok.f 3 no.7, tidung"
4411528,crovia indonesia,jl ap pettarani ruko zamrud,7371031008,7371031,jl ap pettarani ruko zamrud
4411679,multi inti perkasa,btn minasa upa blok ab 10 a,7371031001,7371031,btn minasa upa blok ab 10 a
4412725,sanggar seni bija tau tidung,jl. tidung mariolo,7371031006,7371031,jl. tidung mariolo
4413187,tri dimensi papua,jl nikel 2,7371031010,7371031,jl nikel 2
4414680,akar indonesia,jl talasalapang ii,7371031001,7371031,jl talasalapang ii
4415312,sumber rezeki,"komplek kodam gunung sari lama no 9 rt.001 rw.017, gunung sari",7371031001,7371031,"komplek kodam gunung sari lama no 9 rt.001 rw.017, gunung sari"
4415776,lpptka bkprmi makassar,monumen emmy saelan,7371031006,7371031,monumen emmy saelan
4415887,jasa karya persada,jl jipang raya villa megasari,7371031001,7371031,jl jipang raya villa megasari
4417749,bumi laut prima indonesia,"komp.bph plaza m.1 no.19 makassar rt.002 rw.007, karunrung",7371031002,7371031,"komp.bph plaza m.1 no.19 makassar rt.002 rw.007, karunrung"
4418779,tujuh element,jl pelita raya ii lr 4,7371031008,7371031,jl pelita raya ii lr 4
4418954,navati nava indonesia,jl wijaya kusuma,7371031007,7371031,jl wijaya kusuma
4420403,putra mandiri,"jl.tidung ix stapak 15 no.144 rt.002 rw.011, mappala",7371031003,7371031,"jl.tidung ix stapak 15 no.144 rt.002 rw.011, mappala"
4420655,vindya dharma,"jl.tamalate 8 stp.9 no.28, kassi-kassi",7371031004,7371031,"jl.tamalate 8 stp.9 no.28, kassi-kassi"
4420754,sukses dwi mandiri,jl jipang raya perum villa mega sari blok,7371031001,7371031,jl jipang raya perum villa mega sari blok
4420772,asia central investama,jalan raya pendidikan,7371031006,7371031,jalan raya pendidikan
4420849,gasing minanga indonesia,"jl timah v no 9 rt 004 rw 003, balla parang",7371031010,7371031,"jl timah v no 9 rt 004 rw 003, balla parang"
4421246,sakti mandiri,jl hertasning,7371031006,7371031,jl hertasning
4421281,berkat abadi teknik,komp btn minasa upa timur,7371031001,7371031,komp btn minasa upa timur
4421294,pelita nusantara,jl komp. bumi palem,7371031001,7371031,jl komp. bumi palem
4422349,agung qisya utama,perum. griya kisel,7371031001,7371031,perum. griya kisel
4422465,ratu perkasa,jl btn minasa upa,7371031001,7371031,jl btn minasa upa
4425001,ananda idy mappadeceng,jl landak baru metropolitan residence blok,7371031007,7371031,jl landak baru metropolitan residence blok
4425231,hans cipta kreasi,jl ap pettarani ruko pettarani centre,7371031008,7371031,jl ap pettarani ruko pettarani centre
4425267,unggul creative,jl a.p pettarani ruko new zamrud,7371031008,7371031,jl a.p pettarani ruko new zamrud
4425639,ashar faiz jaya,"komp.kodam gunung sari no.38 rt.003 rw.017, gunung sari",7371031001,7371031,"komp.kodam gunung sari no.38 rt.003 rw.017, gunung sari"
4426845,langit biru indonesia,jl yusuf dg ngawing,7371031006,7371031,jl yusuf dg ngawing
4427329,eleven logic communication (elogic),jl rappocini raya lr. 9,7371031008,7371031,jl rappocini raya lr. 9
4427900,ismar,"jl palm merah no 37 rt.003 rw.009, kassi-kassi",7371031004,7371031,"jl palm merah no 37 rt.003 rw.009, kassi-kassi"
4428514,nizam optima cemerlang,"jl tidung x stp 8 no 139 rt 004 rw 010, mappala",7371031003,7371031,"jl tidung x stp 8 no 139 rt 004 rw 010, mappala"
4429134,"rifqa mandiri, cv",jalan kapasa raya,7371031008,7371031,jalan kapasa raya
4429777,rajawali intermedia nusantara,jl skarda n komp. kodam cokonuri,7371031001,7371031,jl skarda n komp. kodam cokonuri
4429787,mau usaha creative production,btn minasa upa,7371031001,7371031,btn minasa upa
4430021,parametric development center,jl cokonuri dalam 1,7371031006,7371031,jl cokonuri dalam 1
4430282,irma sukses mandiri,"jl hertasning blok e 10 no 5 rt 001 rw 007, tidung",7371031006,7371031,"jl hertasning blok e 10 no 5 rt 001 rw 007, tidung"
4431187,indonesia jepang sejahtera,jl toddopuli 6 beringin timur,7371031004,7371031,jl toddopuli 6 beringin timur
4431603,konsep bangun mandiri,"jl.tidung x no.4, mappala",7371031003,7371031,"jl.tidung x no.4, mappala"
4432080,hexa mulia konsultan,jl komp permata hijau permai,7371031004,7371031,jl komp permata hijau permai
4434015,laluna jaya,jalan aroepala phl p. 11 nomor 3,7371031004,7371031,jalan aroepala phl p. 11 nomor 3
4434938,sukses amreza utma,jl pettarani centre b,7371031008,7371031,jl pettarani centre b
4435726,gima utama,"jl.landak baru lr.5 no.38 rt.000 rw.000, banta-bantaeng",7371031007,7371031,"jl.landak baru lr.5 no.38 rt.000 rw.000, banta-bantaeng"
4435841,pt. benuanta indo plan,btn minasa upa blok n.5 no. 3,7371031,7371031,btn minasa upa blok n.5 no. 3
4436393,sinar marannu abadi,"jl.hertasning barat iv no.50, bonto makkio",7371031005,7371031,"jl.hertasning barat iv no.50, bonto makkio"
4438411,fayzul haq mandiri,jl buakana,7371031008,7371031,jl buakana
4441089,prima istiqamah sejahtera,jl tamalate i,7371031003,7371031,jl tamalate i
4441317,bintang lima media,"jl.aroepala samping smp 40 tembusan komp. anggrek minasa upa,rt.004/rw.010,gunung sari",7371031001,7371031,"jl.aroepala samping smp 40 tembusan komp. anggrek minasa upa,rt.004/rw.010,gunung sari"
4441665,rezky utama,jl talasalapang ii mangasa village,7371031001,7371031,jl talasalapang ii mangasa village
4441749,cahaya mapala,"jl mapala blok a5/39f rt.004 rw.004, tidung",7371031006,7371031,"jl mapala blok a5/39f rt.004 rw.004, tidung"
4442077,rezky abadi transportama,jl kelapa tiga,7371031010,7371031,jl kelapa tiga
4442169,radhwa permata alam,jl rsi faisal x,7371031007,7371031,jl rsi faisal x
4444129,anela resources indonesia,jalan aroepala perum anging mammiri residence,7371031002,7371031,jalan aroepala perum anging mammiri residence
4444826,boga tama lantera nusantara,jl. bontomene,7371031007,7371031,jl. bontomene
4445136,bima sakti abadi,"st alauddin komp.permata sari ps vi/3 rt.002 rw.018, gunung sari",7371031001,7371031,"st alauddin komp.permata sari ps vi/3 rt.002 rw.018, gunung sari"
4445201,www.mayzona.com,jl toddopuli i,7371031004,7371031,jl toddopuli i
4445816,sarana gemilang sejahtera,jl sultan alauddin ruko alauddin plaza,7371031001,7371031,jl sultan alauddin ruko alauddin plaza
4445838,megah perkasa konstruksi,jl hertasning,7371031006,7371031,jl hertasning
4446380,karya jasa putratama,"jl a.p.pettarani, komp new zamrud",7371031008,7371031,"jl a.p.pettarani, komp new zamrud"
4446478,blessing katangka network,komp puri taman sari d3,7371031004,7371031,komp puri taman sari d3
4446719,putra indonesia prakarsa,jl. hertasning blok e10 no. 5,7371031006,7371031,jl. hertasning blok e10 no. 5
4446997,bandae rekatechno nusantara,jl sultan alauddin perum bosowa,7371031001,7371031,jl sultan alauddin perum bosowa
4447665,panel mandiri,"jl.minasa sari i blok b 14/3 rt.02 rw.04, gunung sari",7371031001,7371031,"jl.minasa sari i blok b 14/3 rt.02 rw.04, gunung sari"
4447890,tiga juara,"btn minasa upa blok blok f16 no 4 rt 000 rw 000, gunung sari",7371031001,7371031,"btn minasa upa blok blok f16 no 4 rt 000 rw 000, gunung sari"
4447976,faqih abadi,komp griya fajar mas regency 2 fm,7371031001,7371031,komp griya fajar mas regency 2 fm
4447995,redi utama,"btn. minasa upa blok h no 3 rt 002 rw 024, gunung sari",7371031001,7371031,"btn. minasa upa blok h no 3 rt 002 rw 024, gunung sari"
4448230,aero prima energy,"perumahan taman yasmin blok e1/11 rt.012 rw.007, mappala",7371031003,7371031,"perumahan taman yasmin blok e1/11 rt.012 rw.007, mappala"
4448263,asmah hastini,jl wijaya kusuma komp kesehatan blok,7371031007,7371031,jl wijaya kusuma komp kesehatan blok
4448635,tiga putri mandiri,"jl hertasning 10 no 05 rt 005 rw 008, tidung",7371031006,7371031,"jl hertasning 10 no 05 rt 005 rw 008, tidung"
4448921,taumanurung consultan engineer,jl kompleks puri taman sari,7371031004,7371031,jl kompleks puri taman sari
4449233,indonesia migrant service korea-japan,jl tidung 8 stp 5,7371031003,7371031,jl tidung 8 stp 5
4449775,palindo mandiri,jl griya fajar mas,7371031001,7371031,jl griya fajar mas
4450270,atlantis konsultan,jl. tidung vii stp. 9,7371031003,7371031,jl. tidung vii stp. 9
4451117,tri putra,jl landak baru lr 8,7371031007,7371031,jl landak baru lr 8
4451602,tco inovasi nusa,jl. hertasning i nomor 30,7371031006,7371031,jl. hertasning i nomor 30
4451797,moncong komba group,jl bonto dg ngirate 2,7371031005,7371031,jl bonto dg ngirate 2
4452167,cakrawala multi karya,"komplek rumah sakit faizal 7 no 16 rt 002 rw 003, banta-bantaeng",7371031007,7371031,"komplek rumah sakit faizal 7 no 16 rt 002 rw 003, banta-bantaeng"
4452280,lembaga pengkajian dan pemgembangan manajemen(lp2m),"komp.unm blok b no.20 rt.002 rw.004, tidung",7371031006,7371031,"komp.unm blok b no.20 rt.002 rw.004, tidung"
4454177,hidup guna mandiri,pelita raya tengah,7371031010,7371031,pelita raya tengah
4455079,nur ide perkasa,komp. djipang permai,7371031002,7371031,komp. djipang permai
4456037,pengayoman mandiri,jl pengayoman ruko permata sari,7371031008,7371031,jl pengayoman ruko permata sari
4456788,surya propertindo mandiri,jl monumen emmy saelan ruko,7371031001,7371031,jl monumen emmy saelan ruko
4457457,kupa amanah cemerlang,kompleks residen alauddin mas blok a/2,7371031001,7371031,kompleks residen alauddin mas blok a/2
4458176,doboku engineering,jl hertasning raya,7371031006,7371031,jl hertasning raya
4460123,jaya listrik,"jl sungai saddang baru no 19, rappocini",7371031009,7371031,"jl sungai saddang baru no 19, rappocini"
4460187,makassar talents,"jl.landak baru lr.5 c no.10 rt.005 rw.003, banta-bantaeng",7371031007,7371031,"jl.landak baru lr.5 c no.10 rt.005 rw.003, banta-bantaeng"
4460809,baren gold mining,jl bumi x komp bph,7371031001,7371031,jl bumi x komp bph
4461091,arimulia jaya,jl tidung v stp 7,7371031005,7371031,jl tidung v stp 7
4461831,sumbu mineral makmur,"kompleks bumi permata hijau jl bumi 13 blok c7/2, gunung sari",7371031001,7371031,"kompleks bumi permata hijau jl bumi 13 blok c7/2, gunung sari"
4462657,bulue struktur madani,jl mapala komp pemda,7371031006,7371031,jl mapala komp pemda
4463263,dhiya jaya gemilang,kompleks pettarani center blok b/28,7371031008,7371031,kompleks pettarani center blok b/28
4463453,difa utama teknik,jl syekh yusuf raya,7371031001,7371031,jl syekh yusuf raya
4464016,baja indah sejahtera,jl rsi faisal xvi,7371031007,7371031,jl rsi faisal xvi
4464298,patra kencana sakti,"jl banta-bantaeng btn ayu lestari blok, banta-bantaeng",7371031007,7371031,"jl banta-bantaeng btn ayu lestari blok, banta-bantaeng"
4464949,yus,jl bumi 8,7371031001,7371031,jl bumi 8
4465730,adnin rezki utama,"jl pelita raya tengah blok a3c no 2 rt 003 rw 009, ballaparang",7371031010,7371031,"jl pelita raya tengah blok a3c no 2 rt 003 rw 009, ballaparang"
4466024,pendidikan desa hijau mandiri,jl landak baru perumahan metropolitan,7371031007,7371031,jl landak baru perumahan metropolitan
4466778,elevasi sagarmatha,jl buakana,7371031008,7371031,jl buakana
4467518,anugerah terindah,"jl rappocini raya lr 3 no 53c rt 001 rw 001, rappocini",7371031009,7371031,"jl rappocini raya lr 3 no 53c rt 001 rw 001, rappocini"
4469592,samudera karya,komp kodam gunung sari,7371031001,7371031,komp kodam gunung sari
4471057,masera karya sejati,komp. btn agraria blok 1 nomor 02,7371031002,7371031,komp. btn agraria blok 1 nomor 02
4471530,makmur jaya emulsi,jl raya pendidikan komp batua panakkukang,7371031006,7371031,jl raya pendidikan komp batua panakkukang
4471585,sefactor deos maks,jl rappocini raya,7371031009,7371031,jl rappocini raya
4471899,nusantara media computindo,jl. salekoa raya minasa sari,7371031001,7371031,jl. salekoa raya minasa sari
4472344,nusantara geotech,jl talasalapang komp sari regency,7371031002,7371031,jl talasalapang komp sari regency
4472354,exindo consultant,jl mappala ii blok,7371031006,7371031,jl mappala ii blok
4472537,menata hidup gemilang,jl. aroepala komp permata hijau lestari blok p 10 no 6,7371031004,7371031,jl. aroepala komp permata hijau lestari blok p 10 no 6
4472858,bhakti marga,jl toddopuli vi puri taman sari,7371031004,7371031,jl toddopuli vi puri taman sari
4473391,ecomarine indo perkasa,jalan rappocini raya nomor 219 k,7371031008,7371031,jalan rappocini raya nomor 219 k
4474098,karya mughniy assalam,jalan hertasning baru perum anging mammiri blok e4 no. 9,7371031002,7371031,jalan hertasning baru perum anging mammiri blok e4 no. 9
4474114,das damai sejahtera,jl. monumen emmy saelan iii skarda n/30,7371031006,7371031,jl. monumen emmy saelan iii skarda n/30
4474338,ais wisata,jl timah 1 blok,7371031010,7371031,jl timah 1 blok
4474468,tamalate mammiri,tamalate i,7371031003,7371031,tamalate i
4474855,raynia mandiri,btn minasa upa,7371031,7371031,btn minasa upa
4475428,amanah bina cipta,"jl.tidung viii blok 11 no.57 rt.002 rw.008, tidung",7371031006,7371031,"jl.tidung viii blok 11 no.57 rt.002 rw.008, tidung"
4477273,win win sejahtera,jl skarda n 3,7371031001,7371031,jl skarda n 3
4477717,surya fatiha raya,jl permata hijau lestari,7371031004,7371031,jl permata hijau lestari
4478837,bank pembiayaan rakyat syariah niaga madani,jl hertasning raya timur,7371031004,7371031,jl hertasning raya timur
4478973,gopindo karya konsultan,jl aroepala komp anging mamiri,7371031001,7371031,jl aroepala komp anging mamiri
4479333,pome bangun jaya,jalan cokonuri dalam 1 nomor 7,7371031006,7371031,jalan cokonuri dalam 1 nomor 7
4479365,alisa indo skin,jl hertasning,7371031006,7371031,jl hertasning
4479604,arditi karya,jl cilallang jaya 7,7371031008,7371031,jl cilallang jaya 7
4480414,panrita surya nusantara,jl. letjen hertasning permata hijau blok d/51,7371031004,7371031,jl. letjen hertasning permata hijau blok d/51
4481632,zazhy mylicious,jl m e saelan komp p & k,7371031001,7371031,jl m e saelan komp p & k
4481999,ashar pratama,jl bonto mene,7371031007,7371031,jl bonto mene
4482273,cikal karya pembangunan,kompleks minasa upa,7371031,7371031,kompleks minasa upa
4482386,rahmat anggrek,jl mappala btn pemda,7371031006,7371031,jl mappala btn pemda
4483897,bintang harapan,"jl mappala blok a3/13 rt.000 rw.004, tidung",7371031006,7371031,"jl mappala blok a3/13 rt.000 rw.004, tidung"
4484053,rezky putra,jl tidung 8 stp 8,7371031003,7371031,jl tidung 8 stp 8
4484293,code indonesia,jl skarda n 1,7371031006,7371031,jl skarda n 1
4484667,bilal computer,jl syekh yusuf komp minasa sari b 14 blok,7371031001,7371031,jl syekh yusuf komp minasa sari b 14 blok
4484837,median selaras konsultan,btn minasa upa,7371031001,7371031,btn minasa upa
4485162,wana,jalan monumen emmy saelan,7371031006,7371031,jalan monumen emmy saelan
4486096,annayumiko entertainment grup,jl sultan alauddin komp ruko bph ii,7371031001,7371031,jl sultan alauddin komp ruko bph ii
4486612,planindo engineering,"jl.monumen emmy saelan komp p&k blok k no.2 rt.003 rw.019, gunung sari",7371031001,7371031,"jl.monumen emmy saelan komp p&k blok k no.2 rt.003 rw.019, gunung sari"
4486940,wahana trisula baraya,jl komp mangasa permai blok v,7371031001,7371031,jl komp mangasa permai blok v
4487458,khanza permata noer,tamalate iv,7371031004,7371031,tamalate iv
4487608,roll management,jl permata hijau tegal,7371031004,7371031,jl permata hijau tegal
4488207,akses media sinergi,btn minasa upa,7371031,7371031,btn minasa upa
4489498,borwita citra prima,jl landak baru,7371031007,7371031,jl landak baru
4490519,garis tangan abadi,jl hertasning raya,7371031005,7371031,jl hertasning raya
4490730,adfaita,jalan tidung 5,7371031005,7371031,jalan tidung 5
4490870,makassar berkat kakao industri,jl kima 8 kav ss-21,7371031007,7371031,jl kima 8 kav ss-21
4492724,lentra timur oil,jl hertasning komp gubernuran,7371031001,7371031,jl hertasning komp gubernuran
4492799,bintang,jl banta-bantaeng lr 10,7371031007,7371031,jl banta-bantaeng lr 10
4493579,mitra kasih bangsa,"jl.pelita raya a.24/8, balla parang",7371031010,7371031,"jl.pelita raya a.24/8, balla parang"
4493931,wirasi,jl. rsi faisal xii,7371031007,7371031,jl. rsi faisal xii
4493961,niaga abadi sejahtera,jl. komp. pemda,7371031006,7371031,jl. komp. pemda
4495022,dua angka delapan pro,jl tidung iii,7371031005,7371031,jl tidung iii
4495772,bhumi adhiguna mandiri,jl. mappala blok a.5 nomor 23,7371031006,7371031,jl. mappala blok a.5 nomor 23
4496047,reza pratama mandiri,jl aroepala perum griya pdgi taman mallebina 1,7371031001,7371031,jl aroepala perum griya pdgi taman mallebina 1
4496083,nizham pratama putra,"jl. teduh bersinar, griya kisel damai c3",7371031001,7371031,"jl. teduh bersinar, griya kisel damai c3"
4496111,tri star,"btn minasa upa blok b 4 no 17 rt 001 rw 003, karunrung",7371031002,7371031,"btn minasa upa blok b 4 no 17 rt 001 rw 003, karunrung"
4496154,trans makassar,jl talasalapang,7371031001,7371031,jl talasalapang
4496439,rezky putri mandiri,jl.bonto daeng ngirate,7371031005,7371031,jl.bonto daeng ngirate
4496747,audi karya konsultan,jl tamalate 1,7371031004,7371031,jl tamalate 1
4497497,tehnik mitra borneo,perumahan anging mammiri blok f 1 nomor 7,7371031002,7371031,perumahan anging mammiri blok f 1 nomor 7
4498887,hawaliah aditya pratama,komp puri taman sari,7371031004,7371031,komp puri taman sari
4499086,mulia hati,jl tidung 10 barat,7371031003,7371031,jl tidung 10 barat
4500123,cahaya bintang abadi,"jl.wijaya kusuma 1 komp.kesehatan blk k6 no.11 rt.016 rw.001, banta-bantaeng",7371031007,7371031,"jl.wijaya kusuma 1 komp.kesehatan blk k6 no.11 rt.016 rw.001, banta-bantaeng"
4501149,teguh tani mandiri,"komp bosowa blk b1/ 18 rt.004 rw.026, gunung sari",7371031001,7371031,"komp bosowa blk b1/ 18 rt.004 rw.026, gunung sari"
4502065,bayu energi mandiri,tidung mariolo v no. 9 b,7371031005,7371031,tidung mariolo v no. 9 b
4502544,giat bolana liwang,jalan borong indah raya a 2/1,7371031004,7371031,jalan borong indah raya a 2/1
4502874,technical lineup,"jl jipang raya no 18, karunrung",7371031002,7371031,"jl jipang raya no 18, karunrung"
4502937,farida kasim sejahtera,jl hertasning baru/aroepala,7371031002,7371031,jl hertasning baru/aroepala
4502993,arezmah multi konsultan,jl. rappocini raya,7371031008,7371031,jl. rappocini raya
4503210,masagena mandiri medica,perumahan bumi bosowa indah,7371031001,7371031,perumahan bumi bosowa indah
4503421,dema sejati,"jl.a.p.pettarani blok e 20/24, tidung",7371031006,7371031,"jl.a.p.pettarani blok e 20/24, tidung"
4504453,dalle mutiara selatan,jl tidung mariolo,7371031006,7371031,jl tidung mariolo
4505247,pelangi jingga mandiri,jl toddopuli raya aspol toddopuli,7371031004,7371031,jl toddopuli raya aspol toddopuli
4505834,asny ariqram,jl faisal 9,7371031007,7371031,jl faisal 9
4506066,max pro,btn minasa upa,7371031002,7371031,btn minasa upa
4506297,pt. triputra gowata mandiri,jl. faisal x kompleks green faisal,7371031007,7371031,jl. faisal x kompleks green faisal
4506680,bagaya indonesia,tamalate v,7371031004,7371031,tamalate v
4508447,golden global corpindo,perum bukit salekowa,7371031001,7371031,perum bukit salekowa
4508692,pendidikan goldengate utama,jl pelita raya,7371031008,7371031,jl pelita raya
4508740,empat sahabat indah utama,jl tidung 2,7371031005,7371031,jl tidung 2
4508905,tivan berkat mulia,jl monginsidi baru,7371031010,7371031,jl monginsidi baru
4509075,ardaline dua satu,jln. tamalate vi,7371031004,7371031,jln. tamalate vi
4509975,mitra laju mandiri,jl cilallang jaya vii,7371031008,7371031,jl cilallang jaya vii
4510479,tri putra mandiri,komp btn minasa upa blok,7371031001,7371031,komp btn minasa upa blok
4511145,ma`bulo sibatang (yamasi),"jl.mappala ii blok d5/10, mappala",7371031003,7371031,"jl.mappala ii blok d5/10, mappala"
4511789,keisha global estetika,jl. sungai saddang baru no. 57 d,7371031010,7371031,jl. sungai saddang baru no. 57 d
4511961,pt makassar mandiri utama,jalan hertasning baru,7371031004,7371031,jalan hertasning baru
4511963,wirahusada haqa nusantara,jalan monumen emmy saelan no.01,7371031001,7371031,jalan monumen emmy saelan no.01
4512455,oasis,"jl bili-bili iv no 4 rt 001 rw 005, karunrung",7371031002,7371031,"jl bili-bili iv no 4 rt 001 rw 005, karunrung"
4513012,mandarindo perkasa,"jl karunrung asri blok f1/1 rt.002 rw.009, karunrung",7371031002,7371031,"jl karunrung asri blok f1/1 rt.002 rw.009, karunrung"
4513358,infinity management,jl talasalapang ii perum mangasa village kav 8,7371031001,7371031,jl talasalapang ii perum mangasa village kav 8
4513672,danindo narwastu,jl tidung x komp stella maris blok,7371031002,7371031,jl tidung x komp stella maris blok
4513914,geospasial konsultama,jl sungai saddang baru lr berkah no 5/10 rt 001 rw 002 ballaparang,7371031010,7371031,jl sungai saddang baru lr berkah no 5/10 rt 001 rw 002 ballaparang
4515464,putra pasundan,"jl.aroepala samping smp 40 tembusan komp. anggrek minasa upa,rt.004/rw.010,gunung sari",7371031001,7371031,"jl.aroepala samping smp 40 tembusan komp. anggrek minasa upa,rt.004/rw.010,gunung sari"
4515506,surya abadi sejahtera,"btn mangasa permai blok j/8 rt.003 rw.019, gunung sari",7371031001,7371031,"btn mangasa permai blok j/8 rt.003 rw.019, gunung sari"
4516122,talasalapang mammiri,talasalapang raya,7371031001,7371031,talasalapang raya
4517081,lembaga pengembangan dan pengkajian independen global,"jl tamalate iii blok 3/276 rt.001 rw.002, kassi-kassi",7371031004,7371031,"jl tamalate iii blok 3/276 rt.001 rw.002, kassi-kassi"
4517286,sifa abadi,jl landak baru inspeksi kanal selatan ii lr i,7371031007,7371031,jl landak baru inspeksi kanal selatan ii lr i
4518841,kobara voyages indonesia,jl pelita raya,7371031010,7371031,jl pelita raya
4520225,achros,jl tamalate 3 stp 52,7371031004,7371031,jl tamalate 3 stp 52
4520339,asia iman wisata,jl ap pettarani kompleks zamrud blok d,7371031008,7371031,jl ap pettarani kompleks zamrud blok d
4521289,waskita - cempaka (kso),jl ap pettarani,7371031008,7371031,jl ap pettarani
4524211,tjangge jaya lestari,"talasalapang ruko bph plaza blok n1-4, karunrung",7371031002,7371031,"talasalapang ruko bph plaza blok n1-4, karunrung"
4524441,ambhil course,komp permata hijau lestari,7371031004,7371031,komp permata hijau lestari
4525335,junama inti karma,jl aroepala hertasning baru,7371031001,7371031,jl aroepala hertasning baru
4525454,segeri inti,komp puri taman sari,7371031004,7371031,komp puri taman sari
4525747,mandasini putra utama,"jl landak baru lr 2 no 10 rt.008 rw.005, banta-bantaeng",7371031007,7371031,"jl landak baru lr 2 no 10 rt.008 rw.005, banta-bantaeng"
4526386,sistemindo megarezst utama,jl kelapa tiga,7371031010,7371031,jl kelapa tiga
4526617,nusantara media informatika,jl talasalapang komp sari regency blok,7371031002,7371031,jl talasalapang komp sari regency blok
4526656,al-akhyar arung balusu,"btn agraria blok q/14 jl monumen emmy saelan, karunrung",7371031002,7371031,"btn agraria blok q/14 jl monumen emmy saelan, karunrung"
4526748,orhyzae alifa perkasa,jalan wijaya kusuma raya nomor 49,7371031007,7371031,jalan wijaya kusuma raya nomor 49
4526774,sistem integrasi peranti,jl minasa sari 4,7371031001,7371031,jl minasa sari 4
4526933,malige property indonesia,jl hertasning vii,7371031006,7371031,jl hertasning vii
4527703,galeri empat warna,jl tidung 2 stp 1 blok 21,7371031005,7371031,jl tidung 2 stp 1 blok 21
4527916,sumber reski raodah,jl monumen emmy saelan,7371031006,7371031,jl monumen emmy saelan
4529018,pt. putra bumi yusuf,jl. wijaya kusuma blok k6 no. 6 makassar,7371031007,7371031,jl. wijaya kusuma blok k6 no. 6 makassar
4532836,sukses laundry,"jl.tidung 10 no.4 rt.001 rw.010, mappala",7371031003,7371031,"jl.tidung 10 no.4 rt.001 rw.010, mappala"
4535085,firtanindo raya,jl monumen emmy saelan cokunuri,7371031001,7371031,jl monumen emmy saelan cokunuri
4535197,nurhaliza maharani,jalan nekel,7371031010,7371031,jalan nekel
4535416,berkah rezkina tama,ap pettarani komp pemda,7371031006,7371031,ap pettarani komp pemda
4535668,malino indah,jl. wijaya kusuma raya,7371031007,7371031,jl. wijaya kusuma raya
4535893,berkah utama celebes,jl ap pettarani ruko new zamrud,7371031008,7371031,jl ap pettarani ruko new zamrud
4536536,ecotropika multi konsultan,jl syech yusuf komp minasa sari blok,7371031001,7371031,jl syech yusuf komp minasa sari blok
4536759,cv. rahayu inti sejahtera,bumi 18 perum. bumi permata hijau,7371031001,7371031,bumi 18 perum. bumi permata hijau
4537623,warnatama kreasi indonesia,jl rsi faisal xii,7371031007,7371031,jl rsi faisal xii
4537836,cahaya samudera,jl hertasning raya timur,7371031004,7371031,jl hertasning raya timur
4538972,mandiri motor,"jl.sungai saddang baru no.85, balla parang",7371031010,7371031,"jl.sungai saddang baru no.85, balla parang"
4539237,bunda wahidah,puri taman sari,7371031004,7371031,puri taman sari
4539731,maju sukses sinergi,jl kelapa tiga gang v,7371031010,7371031,jl kelapa tiga gang v
4540117,gunung raya perkasa,ruko pettarani center blok b nomor 28,7371031008,7371031,ruko pettarani center blok b nomor 28
4540207,nusa agritama,"jl ap pettarani, komplek pemda",7371031006,7371031,"jl ap pettarani, komplek pemda"
4540268,maha mujur abadi,"rappocini raya lr.6 no.11 rt.005 rw.001, buakana",7371031008,7371031,"rappocini raya lr.6 no.11 rt.005 rw.001, buakana"
4540554,berkah jaya makmur,jl aroepala (perum permata hijau),7371031004,7371031,jl aroepala (perum permata hijau)
4540962,mayor indonesia strategi,jl bontomene ii,7371031007,7371031,jl bontomene ii
4541879,megah aurelia alta,jl bonto mene blok,7371031007,7371031,jl bonto mene blok
4543168,energi teknik,"jl ap pettarani blok e.21 no 28 rt 003 rw 005, tidung",7371031006,7371031,"jl ap pettarani blok e.21 no 28 rt 003 rw 005, tidung"
4543417,lawoy bumi anugerah,toddopuli puri taman sari blok c.3 nomor 7,7371031004,7371031,toddopuli puri taman sari blok c.3 nomor 7
4543871,adidas group promotion,"jl pelita iv no 92 rt.004 rw.004, balla parang",7371031010,7371031,"jl pelita iv no 92 rt.004 rw.004, balla parang"
4544003,ra pratama resky,jl tamalate 3,7371031003,7371031,jl tamalate 3
4545088,saro mase abadi,jl komp btn minasa upa blok,7371031001,7371031,jl komp btn minasa upa blok
4545336,cakra sakti jaya,jl rappocini raya lr 6,7371031008,7371031,jl rappocini raya lr 6
4545718,transformasi raih sukses,jl minasa upa btn minasa upa,7371031,7371031,jl minasa upa btn minasa upa
4548277,enginering construction,"jl mon emmy saelan iii no 4, tidung",7371031006,7371031,"jl mon emmy saelan iii no 4, tidung"
4548665,yayasan ikhlas peduli ummat,btn minasa upa,7371031,7371031,btn minasa upa
4550265,alshafwa indonesia wisata,jl talasalapang btn minasa upa,7371031001,7371031,jl talasalapang btn minasa upa
4550360,duta prima makassar,jl wijaya kusuma i,7371031007,7371031,jl wijaya kusuma i
4550633,halo jaya makmur,jl hertasning baru,7371031004,7371031,jl hertasning baru
4550975,restu jaya abadi nusantara,"rappocini raya no.113 rt.001 rw.004, rappocini",7371031009,7371031,"rappocini raya no.113 rt.001 rw.004, rappocini"
4551412,meraki karya indonesia,jalan sultan alauddin plaza blok off nomor 7,7371031001,7371031,jalan sultan alauddin plaza blok off nomor 7
4551433,saddang baru makarya,jl sungai saddangbaru graha sungai saddang baru,7371031010,7371031,jl sungai saddangbaru graha sungai saddang baru
4551463,bugisindo,"jl tamalate iv stp 20 no 5 rt.004 rw.001, kassi-kassi",7371031004,7371031,"jl tamalate iv stp 20 no 5 rt.004 rw.001, kassi-kassi"
4551494,barakka mega karya,"jalan andi djemma no.57, kel. banta-bantaeng, kec. rappocini kota makassar",7371031007,7371031,"jalan andi djemma no.57, kel. banta-bantaeng, kec. rappocini kota makassar"
4553056,amparita jasa abadi,"jl syech yusuf komplek kodam katangka blok c/3 rt 001 rw 002, gunung sari",7371031001,7371031,"jl syech yusuf komplek kodam katangka blok c/3 rt 001 rw 002, gunung sari"
4553214,buana tambang nusantara,komp permata hijau permai,7371031004,7371031,komp permata hijau permai
4553898,berkah nurul utama,karunrung raya 2,7371031002,7371031,karunrung raya 2
4554839,nugrah karya multinindo,jl nipah,7371031004,7371031,jl nipah
4554871,binaya jaya,jl pelita raya,7371031010,7371031,jl pelita raya
4554944,annuur ishaq azka,komp btn minasa upa blok,7371031001,7371031,komp btn minasa upa blok
4556211,pkbm salsabilah,"jl.tidung x blok 12 no.258 rt.005 rw.007, mappala",7371031003,7371031,"jl.tidung x blok 12 no.258 rt.005 rw.007, mappala"
4557251,aldena karya husada,"jl.btn.minasa upa blok.ab7 no.6, gunung sari",7371031001,7371031,"jl.btn.minasa upa blok.ab7 no.6, gunung sari"
4557544,adeen farma,jl sungai saddang baru,7371031010,7371031,jl sungai saddang baru
4558227,docotel teknologi celebes,jl hertasning 1,7371031006,7371031,jl hertasning 1
4558477,kreasi indoproject,jl tamalate vii setapak 24,7371031003,7371031,jl tamalate vii setapak 24
4558918,cahaya bonanza,jl yusuf dg ngawing,7371031007,7371031,jl yusuf dg ngawing
4559182,jikhara kreasi konsultan,"jl aroepala hertasning baru no 60a rt.004 rw.013, gunung sari",7371031001,7371031,"jl aroepala hertasning baru no 60a rt.004 rw.013, gunung sari"
4560481,waskita karya realty,jalan a. p. pettarani,7371031008,7371031,jalan a. p. pettarani
4561551,iapim delapan tujuh,jl. pengayoman taman permata sari iv/2,7371031008,7371031,jl. pengayoman taman permata sari iv/2
4561803,asera resofa utama,jl. mapala,7371031006,7371031,jl. mapala
4561906,maraja raya medicalindo,bontomene 2,7371031007,7371031,bontomene 2
4562341,nur azizah jaya,btn minasa upa blok f 21,7371031001,7371031,btn minasa upa blok f 21
4562375,mandiri tumbuh perkasa,btn minasa upa,7371031,7371031,btn minasa upa
4562379,airotama multi grafika,jl kompleks btn minasa upa,7371031,7371031,jl kompleks btn minasa upa
4562902,muara kita,jl tidung raya,7371031006,7371031,jl tidung raya
4563716,awa putera,"btn minasa upa blok l5/22 rt.002 rw.008, gunung sari",7371031001,7371031,"btn minasa upa blok l5/22 rt.002 rw.008, gunung sari"
4564266,tritunggaljaya persada,jl rappocini raya,7371031009,7371031,jl rappocini raya
4564740,megas bumi celebes,karunrung raya v,7371031002,7371031,karunrung raya v
4564917,generasi sejahtera,jl wijayakusuma ii,7371031007,7371031,jl wijayakusuma ii
4565331,fasha internusa,jl tamalate i,7371031003,7371031,jl tamalate i
4565456,bengkel las al fatar,jalan tidung mariolo i/25 b,7371031006,7371031,jalan tidung mariolo i/25 b
4567876,lembaga pendidikan lingkar lontara,jl skarda n komp green parmai a/7,7371031001,7371031,jl skarda n komp green parmai a/7
4568130,rahmat jaya,jl sultan alauddin ruko permatasari,7371031001,7371031,jl sultan alauddin ruko permatasari
4569410,bintang sulawesi,jl rsi faisal 14 lr,7371031007,7371031,jl rsi faisal 14 lr
4569616,anugrah,sungai saddang baru lr. mesjid mukmin,7371031010,7371031,sungai saddang baru lr. mesjid mukmin
4570306,bahari karya perdana,jl letjen hertasning komp. puri taman sari,7371031001,7371031,jl letjen hertasning komp. puri taman sari
4570942,kumba massenge utama,jl. borong indah nomor 15 toddopuli 6,7371031004,7371031,jl. borong indah nomor 15 toddopuli 6
4570945,mandiri emiry sejahtera,jalan tidung 7 blok 13 nomor 96,7371031003,7371031,jalan tidung 7 blok 13 nomor 96
4573381,id production,"kompleks permata sari ps iv no 3 jl st alauddin rt.002 rw.018, gunung sari",7371031001,7371031,"kompleks permata sari ps iv no 3 jl st alauddin rt.002 rw.018, gunung sari"
4577144,global pratama,"jl.hertasning komp.makassar town house no.36 rt.02 rw.01, tidung",7371031006,7371031,"jl.hertasning komp.makassar town house no.36 rt.02 rw.01, tidung"
4578289,wulan damarios,jl buakana marios regency,7371031008,7371031,jl buakana marios regency
4578890,loka pratama,"jl tamalate 3 no 94 rt.002 rw.003, mappala",7371031003,7371031,"jl tamalate 3 no 94 rt.002 rw.003, mappala"
4579248,cakrawala,"jl hertasning barat i no 3 rt.002 rw.001, bonto makkio",7371031005,7371031,"jl hertasning barat i no 3 rt.002 rw.001, bonto makkio"
4579464,tps enter prise international,jl. monginsidi baru ab 10,7371031010,7371031,jl. monginsidi baru ab 10
4581469,kurnia sjam,jalan minasaupa blok g 13 nomor 4,7371031,7371031,jalan minasaupa blok g 13 nomor 4
4581531,maphato indo perkasa,jl komp. perumahan karunrung asri,7371031002,7371031,jl komp. perumahan karunrung asri
4581847,quantum falah,jl hertasning baru anging mammiri residence,7371031002,7371031,jl hertasning baru anging mammiri residence
4581931,putra bahagia utama,jl. landak baru no.34,7371031007,7371031,jl. landak baru no.34
4582466,mega karya celebes,jl. talasalapang 2 komp p&k,7371031001,7371031,jl. talasalapang 2 komp p&k
4582773,kkm madrasah ibtidaiyah makassar 1,jl. andi jemmah lr. 7 no. 28 makassar,7371031007,7371031,jl. andi jemmah lr. 7 no. 28 makassar
4582852,tiga cahaya sanrangan,jl rappocini raya,7371031008,7371031,jl rappocini raya
4582857,buana jasa sulawesi,jl. syech yusuf,7371031001,7371031,jl. syech yusuf
4583225,tidar waskita jaya,pendidikan raya,7371031006,7371031,pendidikan raya
4583305,tiki jalur nugraha ekakurir,jl a.p. pettarani centre,7371031008,7371031,jl a.p. pettarani centre
4583644,ujung pandang global,jl monumen emmy saelan  perum gunung sari indah town house kav p,7371031006,7371031,jl monumen emmy saelan  perum gunung sari indah town house kav p
4585472,causa prima consultant,kompl. kodam gunung sari,7371031009,7371031,kompl. kodam gunung sari
4585564,triza mandiri,perum nusa landak mas jl landak baru x,7371031007,7371031,perum nusa landak mas jl landak baru x
4585949,alam hijau sejahtera,"jl.tidung ix no.109, mappala",7371031003,7371031,"jl.tidung ix no.109, mappala"
4586486,bintuni makmur sentosa,"jl rappocini raya no 112a rt 001 rw 001, buakana",7371031008,7371031,"jl rappocini raya no 112a rt 001 rw 001, buakana"
4587664,trinity edutainment,"jl.sungai saddang baru lr.ikhlas no.10 rt.002 rw.009, balla parang",7371031010,7371031,"jl.sungai saddang baru lr.ikhlas no.10 rt.002 rw.009, balla parang"
4587945,royal global medica,jl sungai saddang baru,7371031010,7371031,jl sungai saddang baru
4588224,nusa idea indonesia,"jl. taman gosyen raya ii, makassar",7371031004,7371031,"jl. taman gosyen raya ii, makassar"
4588916,gerbang timur berita,jl. hertasning baru no. 46,7371031004,7371031,jl. hertasning baru no. 46
4589159,yayasan pendidikan karya (sma karya 2),jl letjen hertasning,7371031004,7371031,jl letjen hertasning
4589827,barongko kreasi indonesia,jl tamalate v stp xi,7371031004,7371031,jl tamalate v stp xi
4589835,aulia konsultan,"jl.skarda'n btn pemda blok d/2 rt.004 rw.015, gunung sari",7371031001,7371031,"jl.skarda'n btn pemda blok d/2 rt.004 rw.015, gunung sari"
4590824,graha victoria perkasa,"jalan buakana, kompleks pertamina nomor d7",7371031008,7371031,"jalan buakana, kompleks pertamina nomor d7"
4591065,manunggal 27 jaya,jl bonto dg ngirate,7371031005,7371031,jl bonto dg ngirate
4591674,libra persada,jl komp btn minasa upa,7371031001,7371031,jl komp btn minasa upa
4591716,quadrant enterprise,"jl.sultan aluddin komp.bph blok d9 no.2 rt.005 rw.020, gunung sari",7371031001,7371031,"jl.sultan aluddin komp.bph blok d9 no.2 rt.005 rw.020, gunung sari"
4592128,marina putra indonesia,jl komp new zamrud,7371031008,7371031,jl komp new zamrud
4592164,star multi kharisma,talasalapang 2 komp pk,7371031001,7371031,talasalapang 2 komp pk
4593195,kelompok masyarakat sipakatau,jalan pelita raya tengah,7371031010,7371031,jalan pelita raya tengah
4594720,merah hitam indonesia,jalan palm raja b. ii nomor 16 makassar,7371031004,7371031,jalan palm raja b. ii nomor 16 makassar
4594734,anugrah madalle abadi,jl tamalate i,7371031006,7371031,jl tamalate i
4595367,ananda idy bersaudara,jl. andi djemma,7371031007,7371031,jl. andi djemma
4596461,tujuh delapan makassar,jl. rutan no. 38 e,7371031006,7371031,jl. rutan no. 38 e
4596871,hasib utama konsultan,"jl.s saddang baru no.46 d, balla parang",7371031010,7371031,"jl.s saddang baru no.46 d, balla parang"
4597176,bersama pasti jaya,"jl.toddopuli raya no.01, kassi-kassi",7371031004,7371031,"jl.toddopuli raya no.01, kassi-kassi"
4597269,fadly utama,"jl.pelita raya blk a.14 no 1, balla parang",7371031010,7371031,"jl.pelita raya blk a.14 no 1, balla parang"
4598057,mitra parenrengi karya utama,jl yusuf dg ngawing blok e33,7371031006,7371031,jl yusuf dg ngawing blok e33
4598761,jalan-jalan bersama,jl hertasning rukan penamas,7371031006,7371031,jl hertasning rukan penamas
4598796,incito prima,"jl.puri taman sari d7 no.3 rt.003 rw.012, kassi-kassi",7371031004,7371031,"jl.puri taman sari d7 no.3 rt.003 rw.012, kassi-kassi"
4923149,menjahit <ronita>,jalan monumen emmy saelan no 40,7371031001,7371031,jalan monumen emmy saelan no 40
4923150,depot air minum opick,jalan monumen emmy saelan no 32,7371031001,7371031,jalan monumen emmy saelan no 32
4923151,usaha gorong-gorong (daeng bau),jalan talasalapang 2,7371031001,7371031,jalan talasalapang 2
4923152,isi ulang air galon <makmur>,jl griya fajar mas perumahan lagoosi,7371031001,7371031,jl griya fajar mas perumahan lagoosi
4923153,jahitan (fitri),j l jipang raya blok a1 no 14,7371031,7371031,j l jipang raya blok a1 no 14
4923154,bengkel las <sucipto>,btn minasa upa blok b5 no 1,7371031,7371031,btn minasa upa blok b5 no 1
4923155,mebel,jl. syech yusuf lorong 1,7371031,7371031,jl. syech yusuf lorong 1
4923156,tukang jahit <reisya>,btn minasa upa blok g,7371031,7371031,btn minasa upa blok g
4923157,jual galon <bambang>,minasaupa blok d12 no 5,7371031,7371031,minasaupa blok d12 no 5
4923158,penjahit aisyah,btn minasa upa blok f9/22,7371031,7371031,btn minasa upa blok f9/22
4923159,bronis aditia <nurlia>,btn minasa upa blok m14 no 18,7371031,7371031,btn minasa upa blok m14 no 18
4923160,bengkel las <sugino>,btn minasa upa blok j11/11,7371031,7371031,btn minasa upa blok j11/11
4923161,tukang jahit <sumariati>,jl minasa upa blok l 10 no 10 d,7371031,7371031,jl minasa upa blok l 10 no 10 d
4923162,ud setia aluminium,jl talasalapang,7371031002,7371031,jl talasalapang
4923163,penjahit soppeng,jl jipang raya,7371031002,7371031,jl jipang raya
4923164,jualan kue kering,btn minasa upa blok a5,7371031002,7371031,btn minasa upa blok a5
4923165,bengkel las <ridwan>,jalan karaeng bonto tangnga,7371031002,7371031,jalan karaeng bonto tangnga
4923166,pabrik mesin cabut bulu ayam <ilham>,jalna skarda n 4 no 9,7371031002,7371031,jalna skarda n 4 no 9
4923167,usaha las keliling <m anwar ishak>,jalan karunrung raya 1,7371031002,7371031,jalan karunrung raya 1
4923168,amrul dani taylor<amrul dani>,tamalate 2 blok 13 nomor 7,7371031003,7371031,tamalate 2 blok 13 nomor 7
4923169,pembuatan kue (arsyad),jl tidung ix no 42,7371031003,7371031,jl tidung ix no 42
4923170,pengisian ulang air galon muis,jl tamalate 1 stp 37 no.230,7371031003,7371031,jl tamalate 1 stp 37 no.230
4923171,tukang jahit amiruddin,jl tamalate 2 no 314,7371031003,7371031,jl tamalate 2 no 314
4923172,jualan kayu (abdul rasyid),hertasning baru no 29,7371031004,7371031,hertasning baru no 29
4923173,jual paving blok <dg nginga>,hertasning aroepala,7371031004,7371031,hertasning aroepala
4923174,jual kelapa parut <yusriani>,pasar hertasning aroepala,7371031004,7371031,pasar hertasning aroepala
4923175,menjahit <st murni>,jl borong indahx no 9a,7371031004,7371031,jl borong indahx no 9a
4923176,usaha isi ulang air minum <kifli>,jalan toddopuli raya (aspoltoddopuli blok f no 2),7371031004,7371031,jalan toddopuli raya (aspoltoddopuli blok f no 2)
4923177,usaha menjahit pakaian (muliati umar),aspol toddopuli blok e no 22,7371031004,7371031,aspol toddopuli blok e no 22
4923178,bengkel las (asral),jalan beringin 7 no 11,7371031004,7371031,jalan beringin 7 no 11
4923179,penjahit <hamzah>,tidung 4 setapak 4  no,7371031005,7371031,tidung 4 setapak 4  no
4923180,penjual batu akik <upie>,tidung 5 setapak 10  no 119,7371031005,7371031,tidung 5 setapak 10  no 119
4923181,penjahit pakaian <bahar>,komp ikip b iii no 3,7371031006,7371031,komp ikip b iii no 3
4923182,sadata utama bengkel<haris>,jl.monumen emmy saelan no 23,7371031006,7371031,jl.monumen emmy saelan no 23
4923183,jual gorengan puriyono,jl tidung mariolo lr 1,7371031006,7371031,jl tidung mariolo lr 1
4923184,depot air minum < ramli >,jl bonto dg ngirate,7371031006,7371031,jl bonto dg ngirate
4923185,tukang jahid,tidung mariolo no. 58,7371031006,7371031,tidung mariolo no. 58
4923186,penjual keripik 2,botnolanra lr buntu,7371031007,7371031,botnolanra lr buntu
4923187,las,jl bontolanra 2 no 9,7371031007,7371031,jl bontolanra 2 no 9
4923188,percetakan rafli,jl landak baru,7371031007,7371031,jl landak baru
4923189,furniture <agus>,jl bonto mene no 11,7371031007,7371031,jl bonto mene no 11
4923190,membuat dan menjual kue<hasna>,jalan landak baru lr 10 no 9,7371031007,7371031,jalan landak baru lr 10 no 9
4923191,penjahit <jumsiah>,jl landak baru perum pli,7371031007,7371031,jl landak baru perum pli
4923192,pembuat dan penjual kue <hatija>,jalan banta bantaeng,7371031007,7371031,jalan banta bantaeng
4923193,depot raswa,ji banta bantaeng lr 3 gang 1 no 8,7371031007,7371031,ji banta bantaeng lr 3 gang 1 no 8
4923194,menjahit <halidjah>,jalan banta bantaeng lr 7,7371031007,7371031,jalan banta bantaeng lr 7
4923195,reparasi kunci <ahmad>,jl banta-bantaeng no 88,7371031007,7371031,jl banta-bantaeng no 88
4923196,penjahit<talani>,jalan banta-bantaeng no74,7371031007,7371031,jalan banta-bantaeng no74
4923197,jual kue <nurjia>,jl banta-bantaeng lr 10b no 66,7371031007,7371031,jl banta-bantaeng lr 10b no 66
4923198,penjual kue <sitti> lorong 8 kampung selayar,jalan banta bantaeng,7371031007,7371031,jalan banta bantaeng
4923199,penjahit <khadijah>,jalan wijaya kusuma blok k 7 no 20,7371031007,7371031,jalan wijaya kusuma blok k 7 no 20
4923200,tukang jahit <asrawati>,buakana,7371031008,7371031,buakana
4923201,minyak pamboang <aslan azis>,jalan rappocini raya lr. 9c,7371031008,7371031,jalan rappocini raya lr. 9c
4923202,jual kue <hapsah>,jl pelita 2 lr 3 no 43,7371031008,7371031,jl pelita 2 lr 3 no 43
4923203,putra art <nirwala>,jl rappocini raya lr 4 no 3,7371031009,7371031,jl rappocini raya lr 4 no 3
4923204,percetakan undangan <henra canra>,jl rappocini raya no 4,7371031009,7371031,jl rappocini raya no 4
4923205,bengke as panggil <memet>,jl.inspeksi kanal rappocini,7371031009,7371031,jl.inspeksi kanal rappocini
4923206,air isi ulang <hasan>,jl rappocini raya,7371031009,7371031,jl rappocini raya
4923207,pembuatam kembang <eli abidin>,jalan rappocini raya,7371031009,7371031,jalan rappocini raya
4923208,tailor <indira>,jalan rappocini lr 5 d,7371031009,7371031,jalan rappocini lr 5 d
4923209,membuat dan menjual list,jln inspeksi kanal,7371031009,7371031,jln inspeksi kanal
4923210,celengan karton gerabah,jl monginsidi baru ab7 no 12 e,7371031010,7371031,jl monginsidi baru ab7 no 12 e
4923211,roti sumba,jalan monginsidi baru blok ab 2 no 2,7371031010,7371031,jalan monginsidi baru blok ab 2 no 2
4923212,cv. riska karya,jalan sungai saddang baru no 90,7371031010,7371031,jalan sungai saddang baru no 90
4923213,las keliling (andi),jalan pelita raya tengah blok a2 no 3,7371031010,7371031,jalan pelita raya tengah blok a2 no 3
4923214,tukang jahit (sarni),jl bollaparang 1 no 8,7371031010,7371031,jl bollaparang 1 no 8
4923215,usaha aluminium <kuncoro>,jl.kelapa tiga no 16,7371031010,7371031,jl.kelapa tiga no 16
4923216,penjahit baju <fatmawati>,jl pelita raya no 29,7371031010,7371031,jl pelita raya no 29
4923217,membuat gorengan <satturiah>gorengan reski,jalan kelapa tiga gang 2 no 02,7371031010,7371031,jalan kelapa tiga gang 2 no 02
4923218,bakso (syarufuddin dg bella),jl kelapa 3 no19,7371031010,7371031,jl kelapa 3 no19
4923219,jual keripik pisang winarni,jl kelapa 3 gang 2 no 15,7371031010,7371031,jl kelapa 3 gang 2 no 15
4924995,penjahit rabia,jalan jipang raya,7371031002,7371031,jalan jipang raya
4924996,pembuat putu cangkir,jalan karunrung raya 4,7371031002,7371031,jalan karunrung raya 4
4924997,menjahit <helmi>,jl tidung 9 stp 14,7371031003,7371031,jl tidung 9 stp 14
4924998,usaha kue basah <rusiah>,jl tamalate 5 setapak 9 no 2,7371031004,7371031,jl tamalate 5 setapak 9 no 2
4924999,sulapaappa percetakan,jl raya pendidikan,7371031006,7371031,jl raya pendidikan
4925000,kangen water <haerul>,jl mon emmy saelan 3d komplek tames no 223,7371031006,7371031,jl mon emmy saelan 3d komplek tames no 223
4925001,toko kue nasriani,landak baru lorong 5c no 57,7371031007,7371031,landak baru lorong 5c no 57
4925002,print (ilham),buakana raya no 156,7371031008,7371031,buakana raya no 156
4944182,loket bayar online <rudini>,karunrung raya no.20,7371031002,7371031,karunrung raya no.20
4956547,pemulung 3,bangsal griya fajar mas,7371031001,7371031,bangsal griya fajar mas
4956548,bank sampati <p dg ngerang>,jl mapala 2 lorong 1 no 26,7371031006,7371031,jl mapala 2 lorong 1 no 26
4956549,menjual air tangki(bahtiar),jalan landak baru lr 10 nusa landak mas blok c/13,7371031007,7371031,jalan landak baru lr 10 nusa landak mas blok c/13
4956550,patimbang <muji>,jl banta bantaeng lr 3 no 2a,7371031007,7371031,jl banta bantaeng lr 3 no 2a
4956551,pemulung sampah (diana),jl rappocini raya lr 2,7371031009,7371031,jl rappocini raya lr 2
4956672,pemulung (ama),kompleks pemda blok  e 27,7371031006,7371031,kompleks pemda blok  e 27
4956673,pemulung <dg jintu>,jl rsi faisal 17 no 23,7371031007,7371031,jl rsi faisal 17 no 23
4956674,pengumpul barang bekas,jalan kelapa tiga,7371031010,7371031,jalan kelapa tiga
4976161,pemborong <dg taba>,makassar,7371031002,7371031,makassar
4976162,pemasangan antene parabola,landak baru no 19,7371031007,7371031,landak baru no 19
4976377,kontraktor (saipul),perumahan puri taman sari blok b2 no.13,7371031004,7371031,perumahan puri taman sari blok b2 no.13
5392986,penyuplai material bahan bangunan,perum bukit salekoa blok a4 rt: 4 rw: 1 kodepos: 90221,7371031,7371031,perum bukit salekoa blok a4 rt: 4 rw: 1 kodepos: 90221
5392987,masagenae motor,jl hertasning baru blok a b rt: 05 rw: 10 kodepos: 90221,7371031,7371031,jl hertasning baru blok a b rt: 05 rw: 10 kodepos: 90221
5392988,dagang mobil <jerry>,jl minasaupa raya ruko k no 2 rt: 02 rw: 01 kodepos: 90221,7371031,7371031,jl minasaupa raya ruko k no 2 rt: 02 rw: 01 kodepos: 90221
5392989,"nur an campuran & barokah<muhtar nurdin>, ud",jl banta-bantaeng no 19 rt:5 rw:4,7371031007,7371031,jl banta-bantaeng no 19 rt:5 rw:4
5392990,makassar jaya baru <rudy>,jl rappocini raya no 231 rt:01 rw:04,7371031008,7371031,jl rappocini raya no 231 rt:01 rw:04
5407340,menjual helm,jalan sultan alauddin,7371031001,7371031,jalan sultan alauddin
5407341,jualan campuran (suparman),jalan salemba,7371031001,7371031,jalan salemba
5407342,kantin sekolah <st nurhayati>,jl cokonuri,7371031001,7371031,jl cokonuri
5407343,toko campuran <hajrah>,jalan skarda lr 2 no 35,7371031001,7371031,jalan skarda lr 2 no 35
5407344,toko gas<udin manna>,jl skarda n lr 3 no 40,7371031001,7371031,jl skarda n lr 3 no 40
5407345,toko hino maru <rahmawati>,jl skarda n lr 3 no 80,7371031001,7371031,jl skarda n lr 3 no 80
5407346,jual pakaian <wati>,komp mangasa permai blok 41 no 5,7371031001,7371031,komp mangasa permai blok 41 no 5
5407347,toko asro (barang campuran),komp mangasa permai blok j1 no 3,7371031001,7371031,komp mangasa permai blok j1 no 3
5407348,naura,jl tala salapang raya,7371031001,7371031,jl tala salapang raya
5407349,toko sinar bangunan,jl tala salapang,7371031001,7371031,jl tala salapang
5407350,robin motor <rowinson>,jl tala salapang no 1b,7371031001,7371031,jl tala salapang no 1b
5407351,toko surya <amin>,jl talasalapang raya no 14a,7371031001,7371031,jl talasalapang raya no 14a
5407352,bengkel <mansyur>,kompleks griya fajar mas,7371031001,7371031,kompleks griya fajar mas
5407353,toko cahaya (arli),perum griya fajar mas blok d17,7371031001,7371031,perum griya fajar mas blok d17
5407354,bengkel ans walana ibrahim,jl minasa sari,7371031,7371031,jl minasa sari
5407355,jual ikan <dg tawang>,jl syech yusuf,7371031,7371031,jl syech yusuf
5407356,warung kelontong nia,jl syekh yusuf lr 1 no 12 kodam katangka,7371031,7371031,jl syekh yusuf lr 1 no 12 kodam katangka
5407357,kios ayam potong <dg paewa>,j l syekh yusuf katangka,7371031,7371031,j l syekh yusuf katangka
5407358,toko kelontongan hadijah,btn minasa upa blok m,7371031,7371031,btn minasa upa blok m
5407359,karina shop,btn minasa upa,7371031,7371031,btn minasa upa
5407360,jual pasir <bambang>,minasa upa blok d12 no 5,7371031,7371031,minasa upa blok d12 no 5
5407361,brader furniture,btn minasa upa blok f6,7371031,7371031,btn minasa upa blok f6
5407362,kios yuli,minasa upa f15 28,7371031,7371031,minasa upa f15 28
5407363,toko kelontong <endah>,btn minasa upa blok l14 no 14,7371031,7371031,btn minasa upa blok l14 no 14
5407364,kios darwis <darwis>,btn minasa upa blok n12 no 15,7371031,7371031,btn minasa upa blok n12 no 15
5407365,cuci motor cahaya agung,btn minasa upa blok l3 no 1,7371031,7371031,btn minasa upa blok l3 no 1
5407366,warung klontong,btn minasa upa blok k15 no 28,7371031,7371031,btn minasa upa blok k15 no 28
5407367,kios asri,btn minasa upa blok ab 16 no 1d,7371031,7371031,btn minasa upa blok ab 16 no 1d
5407368,kelontongan ismail,jl talasalapang,7371031002,7371031,jl talasalapang
5407369,rene motor,jl jipang raya dp 9 no 1,7371031002,7371031,jl jipang raya dp 9 no 1
5407370,global jaya,jalan btn minasa upa,7371031002,7371031,jalan btn minasa upa
5407371,kantin sltpn 21 (nursiah),btn minasa upa blok a5,7371031002,7371031,btn minasa upa blok a5
5407372,buruh bengkel mobil,jl minasa karya no 32,7371031002,7371031,jl minasa karya no 32
5407373,penjual tali rapiah <meja>,jipang raya,7371031002,7371031,jipang raya
5407374,jual campuran <depawawu>,jipang raya,7371031002,7371031,jipang raya
5407375,kios kecil <daeng carammeng>,jalan karaeng bonto tangnga,7371031002,7371031,jalan karaeng bonto tangnga
5407376,kantin tayang,jalan benungan bili bili,7371031002,7371031,jalan benungan bili bili
5407377,usaha campuran,kr bonto tangnga 1,7371031002,7371031,kr bonto tangnga 1
5407378,tambal ban <pak acing>,kr bonto tangnga 1,7371031002,7371031,kr bonto tangnga 1
5407379,toko azizah <m takdir>,jalan karunrung raya tiga,7371031002,7371031,jalan karunrung raya tiga
5407380,toko campuran <diana>,jalan karunrung raya no 40,7371031002,7371031,jalan karunrung raya no 40
5407381,jual ikan <arif>,jalan karunrung raya 1 no 33 a,7371031002,7371031,jalan karunrung raya 1 no 33 a
5407382,warung campuran <sukawati>,jalan karunrung raya,7371031002,7371031,jalan karunrung raya
5407383,warung campuran<harry>,jl tamalate 2 nomor 3,7371031003,7371031,jl tamalate 2 nomor 3
5407384,jual ikan <hamid>,jalan karunrung raya 1,7371031003,7371031,jalan karunrung raya 1
5407385,kios ima (fhatima),jl tidung 9 stp 12 no 270,7371031003,7371031,jl tidung 9 stp 12 no 270
5407386,jual pakaian,jl tidung 9 stp 14,7371031003,7371031,jl tidung 9 stp 14
5407387,toko sembako,jl tidung 9 stp 14 no 123,7371031003,7371031,jl tidung 9 stp 14 no 123
5407388,toko kelontong (listi),tidung 7 setapak 2 no 65,7371031003,7371031,tidung 7 setapak 2 no 65
5407389,bengkel <yunus>,tamalate 2 no 174,7371031003,7371031,tamalate 2 no 174
5407390,jual bahan jahitan,jl tamalate 2 no 312,7371031003,7371031,jl tamalate 2 no 312
5407391,d wina cell,jalan tamalate 1 no 17,7371031003,7371031,jalan tamalate 1 no 17
5407392,warung kelontong <usman gaffar>,jl tidung 9 no 110,7371031004,7371031,jl tidung 9 no 110
5407393,toko campuran (rintu),permata hijau permai blok f 34,7371031004,7371031,permata hijau permai blok f 34
5407394,toko perlengkapan sekolah <asnah>,hertasning,7371031004,7371031,hertasning
5407395,jual sembako <dg sunggu>,kass-kassi,7371031004,7371031,kass-kassi
5407396,jual ikan <ani>,pasar hertasning aroepal a,7371031004,7371031,pasar hertasning aroepal a
5407397,jual kue kue <muliyani>,perumahan puri taman sari blok b 2/,7371031004,7371031,perumahan puri taman sari blok b 2/
5407398,jual campuran jumanti,jl beringin timur stp 12,7371031004,7371031,jl beringin timur stp 12
5407399,jual campuran (dra suriani),jl tamalate 6 stp 5 no 308,7371031004,7371031,jl tamalate 6 stp 5 no 308
5407400,kampas,jl tamalate 5 setapak 11,7371031004,7371031,jl tamalate 5 setapak 11
5407401,warung sembako (widya),toddopuli 1 kampung kassi kassi,7371031004,7371031,toddopuli 1 kampung kassi kassi
5407402,toko campuran (herman),toddopuli 1no 7 blok 25,7371031004,7371031,toddopuli 1no 7 blok 25
5407403,produk tupperwear <megawati>,aspol toddopuli blok d / 38,7371031004,7371031,aspol toddopuli blok d / 38
5407404,toko kelontong (laurentin),jl.beringin 2 no 18,7371031004,7371031,jl.beringin 2 no 18
5407405,toko kelontong (muhajrina),jl.beringin 3 no. 3,7371031004,7371031,jl.beringin 3 no. 3
5407406,warung kelontong (yunus),jalan beringin,7371031004,7371031,jalan beringin
5407407,toko darna,tidung 4 setapak 2 no 94,7371031005,7371031,tidung 4 setapak 2 no 94
5407408,press ban<muh irwan>,jalan tamalate 1,7371031005,7371031,jalan tamalate 1
5407409,toko sri <a m mahmud yasin>,jl bonto di ngirate,7371031005,7371031,jl bonto di ngirate
5407410,warung campuran <zainab dg ngiji>,jl bonto dg ngirate blk 20 stp 2 no 15,7371031005,7371031,jl bonto dg ngirate blk 20 stp 2 no 15
5407411,toko sahra,jl komp unm,7371031006,7371031,jl komp unm
5407412,jualan ikan <dg rani>,jlmon.emmy saelan lr.7,7371031006,7371031,jlmon.emmy saelan lr.7
5407413,jualan sayur <dg kanang>,mon emmy saelan lr 1,7371031006,7371031,mon emmy saelan lr 1
5407414,jualan ayam potong <asriani>,jl tamalate 1,7371031006,7371031,jl tamalate 1
5407415,jual kue <hania dg bollo>,jl mon emmy saelan,7371031006,7371031,jl mon emmy saelan
5407416,jualan sembako <jumariah>,jl mon emmy saelan lrly no 51,7371031006,7371031,jl mon emmy saelan lrly no 51
5407417,destika shop,jl monumen emmy saelan,7371031006,7371031,jl monumen emmy saelan
5407418,toko eceran <dg jintu>,jl mon emmy saelan lorong 5,7371031006,7371031,jl mon emmy saelan lorong 5
5407419,jual snack <salman>,jl bonto dg ngirate no 8 b,7371031006,7371031,jl bonto dg ngirate no 8 b
5407420,toko kelontong <harfida>,jalan hertasning 7,7371031006,7371031,jalan hertasning 7
5407421,bengrel motor nur,jl yusuf dg ngawing,7371031006,7371031,jl yusuf dg ngawing
5407422,jual pakaian keliling <anto>,jl tidung mariolo lorong 1,7371031006,7371031,jl tidung mariolo lorong 1
5407423,warung campuran <nuri>,j l tidung mariolo lorong 2,7371031006,7371031,j l tidung mariolo lorong 2
5407424,toko sembako <hasna>,il tidung mariolo lorong 2,7371031006,7371031,il tidung mariolo lorong 2
5407425,penjual ayam potong di pasar,jl tidung mariolo lorong 6,7371031006,7371031,jl tidung mariolo lorong 6
5407426,toko campuran <nismawati dg caya>,jalan landak baru lorong 1 no 78,7371031007,7371031,jalan landak baru lorong 1 no 78
5407427,usaha galon eceran,jl alndak baru lr 1 no 2a,7371031007,7371031,jl alndak baru lr 1 no 2a
5407428,bengkel keliling <ishak lenri>,jalan bonto lanra lorong 3 no 25 a,7371031007,7371031,jalan bonto lanra lorong 3 no 25 a
5407429,toko sembako <haris>,jalan bontolandra lorong 4,7371031007,7371031,jalan bontolandra lorong 4
5407430,toko campuran <nasaruddin>,jl ap pettarani,7371031007,7371031,jl ap pettarani
5407431,jual eceran sembako,jl andi pettarani raya,7371031007,7371031,jl andi pettarani raya
5407432,pres ban <karim>,jalan rsi faisal 16,7371031007,7371031,jalan rsi faisal 16
5407433,warung campuran <dg talli>,jalan landak baru lorong 9 no 21,7371031007,7371031,jalan landak baru lorong 9 no 21
5407434,show room mobil <aso>,jalan landak baru no 415,7371031007,7371031,jalan landak baru no 415
5407435,warung campuran <fatima kibas>,jalan landak baru lorong 9,7371031007,7371031,jalan landak baru lorong 9
5407436,warung campuran,jl landak baru lr 7 no 30,7371031007,7371031,jl landak baru lr 7 no 30
5407437,warung campuran <hasna>,jalan banta bantaeng,7371031007,7371031,jalan banta bantaeng
5407438,toko kelontong <hasnah>,jalan banta bantaeng lrg 3,7371031007,7371031,jalan banta bantaeng lrg 3
5407439,toko kelontong <hj ambo>,jalan banta bantaeng lorong 8 no 65,7371031007,7371031,jalan banta bantaeng lorong 8 no 65
5407440,toko afi <syahrullah>,jl banta bantaeng no 93,7371031007,7371031,jl banta bantaeng no 93
5407441,kantin dua putri,k ampus unm olahraga,7371031007,7371031,k ampus unm olahraga
5407442,campuran <irmayanti>,jl faisal 17 lr 1 no 1,7371031007,7371031,jl faisal 17 lr 1 no 1
5407443,warung kelontong <r sumitro>,jl rappocini raya lr 6,7371031008,7371031,jl rappocini raya lr 6
5407444,jual beli barang bekas <supriadi>,jl cilallang jaya 1,7371031008,7371031,jl cilallang jaya 1
5407445,toko olivia <edi>,jl cilallan jaya,7371031008,7371031,jl cilallan jaya
5407446,pres ban (rendi),jl a pettarani,7371031008,7371031,jl a pettarani
5407447,jualan sayur (ummi),jalan bonto cinde,7371031008,7371031,jalan bonto cinde
5407448,jual kue minuman <syamsia>,jalan ap bettarani no 100 a,7371031008,7371031,jalan ap bettarani no 100 a
5407449,jual eceran gas toko mariama,jl buakana raya no 38,7371031008,7371031,jl buakana raya no 38
5407450,bengkel motor dan spearfact (sumber rezeky),jalan rappocini raya no 80,7371031008,7371031,jalan rappocini raya no 80
5407451,warung sembako 1,jl rappocini raya lr 6 no 31,7371031008,7371031,jl rappocini raya lr 6 no 31
5407452,bahari rappocini,jl rappocini raya no 165 b,7371031008,7371031,jl rappocini raya no 165 b
5407453,toko sembako <nursia>,jl buakana 8 no 1 a,7371031008,7371031,jl buakana 8 no 1 a
5407454,warung campuran <musrianto>,jl pelita 8 lr 1 no 2,7371031008,7371031,jl pelita 8 lr 1 no 2
5407455,bengkel motor,jalan pelita raya,7371031008,7371031,jalan pelita raya
5407456,toko sembako <emmy>,jl rappocini raya lr 9a,7371031008,7371031,jl rappocini raya lr 9a
5407457,jual campuran <dahlia>,jl pelita raya 2 lr 3 no 1,7371031008,7371031,jl pelita raya 2 lr 3 no 1
5407458,jual barang campuran (normayanti),jl rappocini raya lr 1,7371031009,7371031,jl rappocini raya lr 1
5407459,toko barang campuran <hj tarring>,jalan rappocini raya lr 4 no 42,7371031009,7371031,jalan rappocini raya lr 4 no 42
5407460,jual minuman dingin <sunniati>,jl rappociniraya lr 2 no 30,7371031009,7371031,jl rappociniraya lr 2 no 30
5407461,jual aneka kue <dg senga>,jalan rappocini lr 4 no 48,7371031009,7371031,jalan rappocini lr 4 no 48
5407462,warung makanan ringan (maryam),jl rappocini no 35 a,7371031009,7371031,jl rappocini no 35 a
5407463,warung campuran <amaris>,rappocini raya lr 3 no 14,7371031009,7371031,rappocini raya lr 3 no 14
5407464,usaha butik >liandri>,jalan rappocini lr 5,7371031009,7371031,jalan rappocini lr 5
5407465,kios barang campuran (baco dg liwang),rappocini lr 5 f,7371031009,7371031,rappocini lr 5 f
5407466,toko barang campuran <hj. ida mustafa>,jalan rappocini raya lr 3 no 19,7371031009,7371031,jalan rappocini raya lr 3 no 19
5407467,bengkel mobil (tri),jl mongonsidi baru,7371031009,7371031,jl mongonsidi baru
5407468,toko juhani / toko sembako <astuti>,jl pelita 4 lorong 5 no. 10,7371031010,7371031,jl pelita 4 lorong 5 no. 10
5407469,warung campuran afifah cell,jl sungai saddang baru lr 7,7371031010,7371031,jl sungai saddang baru lr 7
5407470,jualan gas <darmawati>,jl sungai saddang baru no 1,7371031010,7371031,jl sungai saddang baru no 1
5407471,pres ban (ishak),jalan monginsidi baru blok ab 2 no 2,7371031010,7371031,jalan monginsidi baru blok ab 2 no 2
5407472,warung kelontong (mirawati),pelita raya tengah blok a2 no 3a,7371031010,7371031,pelita raya tengah blok a2 no 3a
5407473,warung campuran,jalan balla parang 1 no 21,7371031010,7371031,jalan balla parang 1 no 21
5407474,sumber knalpot /bengkel adi,jl sungai saddang baru no 7. a,7371031010,7371031,jl sungai saddang baru no 7. a
5407475,warung campuran (abd hakim),sungai saddang baru lr mu'min 2,7371031010,7371031,sungai saddang baru lr mu'min 2
5407476,aki nikson,jl sungai saddang baru,7371031010,7371031,jl sungai saddang baru
5407477,toko campuran,jl. sungai saddang baru no 4,7371031010,7371031,jl. sungai saddang baru no 4
5407478,toko thomson accu <yasmine w>,jl pelita raya no 34,7371031010,7371031,jl pelita raya no 34
5407479,warung campuran,jalan kelapa tiga gang 2. no 14,7371031010,7371031,jalan kelapa tiga gang 2. no 14
5407480,warung campuran,jalan kelapa tiga gang 2 no 14 rt: 04 rw: 07 kodepos: 90222,7371031010,7371031,jalan kelapa tiga gang 2 no 14 rt: 04 rw: 07 kodepos: 90222
5411745,jual beli mobil <haryanto>,graha hasirah permai n6 rt:  rw:  kodepos:,7371031001,7371031,graha hasirah permai n6 rt:  rw:  kodepos:
5411746,jual parfum,griya fajar mas blok m no 2,7371031001,7371031,griya fajar mas blok m no 2
5411747,menjual pisang <saleh>,jalan syekh yusuf katangka,7371031,7371031,jalan syekh yusuf katangka
5411748,toko sembako <sukma>,btn minasa upa blok f,7371031,7371031,btn minasa upa blok f
5411749,toko yunita,btn minasa upa blok j3 no 11,7371031,7371031,btn minasa upa blok j3 no 11
5411750,toko ikhsan,btn minasa upa blok ab 4 no 5,7371031,7371031,btn minasa upa blok ab 4 no 5
5411751,butik alya,btn jipan permai blok bd 9 jl poros talassalapang,7371031002,7371031,btn jipan permai blok bd 9 jl poros talassalapang
5411752,penjual campuran (dia),jipang raya raya 04,7371031002,7371031,jipang raya raya 04
5411753,warung sembako <tia>,jl karnrung raya 2 no 1,7371031002,7371031,jl karnrung raya 2 no 1
5411754,warung kelontong (murni),tamalate 8 no 2,7371031004,7371031,tamalate 8 no 2
5411755,tupperware (nurjayanti),komp puri taman sari blok d 8 no 10,7371031004,7371031,komp puri taman sari blok d 8 no 10
5411756,toko sabekri <sahari>,borong indah,7371031004,7371031,borong indah
5411757,kaos kaki (andre),jl. hertasning baru petak 18,7371031004,7371031,jl. hertasning baru petak 18
5411758,bengkel <hamsah>,jl aroepala no 3,7371031004,7371031,jl aroepala no 3
5411759,sister shop,jl tamalate 4 stp 4 no 154,7371031004,7371031,jl tamalate 4 stp 4 no 154
5411760,al aqillah butik <muchda>,j l tamalate 1 no 25 c,7371031004,7371031,j l tamalate 1 no 25 c
5411761,klontong <djaniah>,j l tamalate 4 st p 17 no 89,7371031004,7371031,j l tamalate 4 st p 17 no 89
5411762,online (devitasari),jalan beringin,7371031004,7371031,jalan beringin
5411763,jual gas <fatiama dg memang>,jl banta bantaeng lr 10 no 88,7371031007,7371031,jl banta bantaeng lr 10 no 88
5411764,toko campuran <ani>,jalan buakana lr 11 a no 18 c,7371031008,7371031,jalan buakana lr 11 a no 18 c
5513186,usaha bentor <h ramsah>,komp mangasa permai blok p1 no 6,7371031001,7371031,komp mangasa permai blok p1 no 6
5513187,tukang bentor <dg sanu>,jl syech yusuf,7371031,7371031,jl syech yusuf
5513188,angkutan becak motor,btn minasa upa blok n20,7371031,7371031,btn minasa upa blok n20
5513189,sopir pete pete 1,minasa upa blok n6 no 22 no 1,7371031,7371031,minasa upa blok n6 no 22 no 1
5513190,usaha bentor <aris a>,btn minasa upa blok ab ii 22a,7371031,7371031,btn minasa upa blok ab ii 22a
5513191,bentor hery,btn minasa upa blok ab 6,7371031,7371031,btn minasa upa blok ab 6
5513192,ojek bentor <syamsuddin>,jalan karaeng bonto tangnga,7371031002,7371031,jalan karaeng bonto tangnga
5513193,bentor <ramli>,jl. emmy saelan 3,7371031002,7371031,jl. emmy saelan 3
5513194,supir bentor <bado>,kr bonto tangnga 1,7371031002,7371031,kr bonto tangnga 1
5513195,bentor <hamid>,jalan karunrung raya 4,7371031002,7371031,jalan karunrung raya 4
5513196,bentor <daeng kulle>,jalan karunrung ray a,7371031002,7371031,jalan karunrung ray a
5513197,sopir angkutan <dudi>,jl tidung 9 stp 14 no 151,7371031003,7371031,jl tidung 9 stp 14 no 151
5513198,ojek (posel),jl tidung 7 stp 3 no 100,7371031003,7371031,jl tidung 7 stp 3 no 100
5513199,bentor (kompa),hertasning baru blok d no 8,7371031004,7371031,hertasning baru blok d no 8
5513200,bentor (hamsa),jl hertasning baru,7371031004,7371031,jl hertasning baru
5513201,bentor (irwan),hertasning baru no 8,7371031004,7371031,hertasning baru no 8
5513202,tukang bentor <ardi>,permata hijau tegal,7371031004,7371031,permata hijau tegal
5513203,tukang bentor <jumarin>,jl borong indah,7371031004,7371031,jl borong indah
5513204,tukang bentor <dg rabanai>,jalan beringin timur,7371031004,7371031,jalan beringin timur
5513205,ojek bentor <sabu>,jl.griya ayu mas <pos kamling>,7371031006,7371031,jl.griya ayu mas <pos kamling>
5513206,angkutan sewa <ardi>,jln monumen emmy saelan 3 lr 50 a,7371031006,7371031,jln monumen emmy saelan 3 lr 50 a
5513207,angkot <muh ikbal>,jl mon emmy saelan,7371031006,7371031,jl mon emmy saelan
5513208,usaha bentor <kamaluddin>,jl mon emmy saelan,7371031006,7371031,jl mon emmy saelan
5513209,tukang bentor <dg ranyu>,jl mon emmy saelan raya,7371031006,7371031,jl mon emmy saelan raya
5513210,tukang bentor <basri>,jl bonto dg ngirate,7371031006,7371031,jl bonto dg ngirate
5513211,tuakng bentor <pata dg gassing>,jalan bonto lanra lorong 3 no 15 a,7371031007,7371031,jalan bonto lanra lorong 3 no 15 a
5513212,tukang bentor,jalan landak baru lorong 5c no 15,7371031007,7371031,jalan landak baru lorong 5c no 15
5513213,bentor<ippang>,jalan faisal 16 no 3,7371031007,7371031,jalan faisal 16 no 3
5513214,bentor <irfan>,jl landak baru lr 9,7371031007,7371031,jl landak baru lr 9
5513215,bentor,jalan landak baru lorong 8 buntu no 12,7371031007,7371031,jalan landak baru lorong 8 buntu no 12
5513216,supir taksi <t dg gassing>,jalan banta bantaeng lorong 2 no 41,7371031007,7371031,jalan banta bantaeng lorong 2 no 41
5513217,bentor <syahril dg tola>,jalan banta bantaeng lr 7 no 22,7371031007,7371031,jalan banta bantaeng lr 7 no 22
5513218,bentor <syaripuddin>,jl landak baru lr9,7371031007,7371031,jl landak baru lr9
5513219,bentor <lolo>,andi tonro 2,7371031007,7371031,andi tonro 2
5513220,bentor <dg nassa>,jalan banta bantaeng kampung selayar,7371031007,7371031,jalan banta bantaeng kampung selayar
5513221,bentor <herman>,jl faisal 17 lr 3,7371031007,7371031,jl faisal 17 lr 3
5513222,bentor <dg lili>,jl rappocini raya lr 11 a,7371031008,7371031,jl rappocini raya lr 11 a
5513223,tukang bentor<farid>,jalan pelita raya vi blok a 36,7371031008,7371031,jalan pelita raya vi blok a 36
5513224,tukang parkir (ahmad),jl rappocini raya lr 1,7371031009,7371031,jl rappocini raya lr 1
5513225,mengemudi becak (sidar),jl rappocini raya lr 2,7371031009,7371031,jl rappocini raya lr 2
5513226,bentor haerul,rappocini lr 51,7371031009,7371031,rappocini lr 51
5513227,usaha bentor dg rani,jalan inspeksi kanal,7371031009,7371031,jalan inspeksi kanal
5514140,supir taksi <suhapid>,jl tamalate 2 ujung,7371031003,7371031,jl tamalate 2 ujung
5514141,pete pete (cangki),hertasning baru no 8,7371031004,7371031,hertasning baru no 8
5514142,ilham (tukang bentor),jl tamalate 6 setapak 12,7371031004,7371031,jl tamalate 6 setapak 12
5514143,tukang bentor,jl monumen emmy saelan lr 7,7371031006,7371031,jl monumen emmy saelan lr 7
5723709,pt.rekso nasional food.mcd alauddin,jl sultan alauddin no 225 - plaza alauddin rt:  rw:  kodepos: 90221,7371031001,7371031,jl sultan alauddin no 225 - plaza alauddin rt:  rw:  kodepos: 90221
5727358,cafe super futsal (ahmad suryanegara),jalan rutan no 1,7371031001,7371031,jalan rutan no 1
5727359,gorengan (muhammad nur),ruko permata sari no,7371031001,7371031,ruko permata sari no
5727360,warung wahyu solo <slamet>,jalan monumen emmy saelan no 36,7371031001,7371031,jalan monumen emmy saelan no 36
5727361,persewahan kamar <a mangganti>,jalan sultan alauddin lr al ashar 1 no 247,7371031001,7371031,jalan sultan alauddin lr al ashar 1 no 247
5727362,kos horas <robert>,komp p dan k blok g1/11,7371031001,7371031,komp p dan k blok g1/11
5727363,wr makan berkah (yanti),jl alauddin,7371031001,7371031,jl alauddin
5727364,gudang rasa (muti),jl jipang raya,7371031001,7371031,jl jipang raya
5727365,warkop dalle <haidir>,talasalapang raya no 23 kota makassar,7371031001,7371031,talasalapang raya no 23 kota makassar
5727366,bakso kalbu,perm kisel damai blok 11,7371031001,7371031,perm kisel damai blok 11
5727367,penyewaan kamar/rumah kos <arifin>,jl syech yusuf no 35,7371031001,7371031,jl syech yusuf no 35
5727368,warung makan anugrah <sitompo>,jl syech yusuf,7371031,7371031,jl syech yusuf
5727369,persewaan kamar <max>,btn minasa upa,7371031,7371031,btn minasa upa
5727370,penjual bakso gerobak <sumidi>,minasa upa d13 no 26,7371031,7371031,minasa upa d13 no 26
5727371,jual es pisang ijo <nurhamdana>,griya maleo indah blok b no 9,7371031,7371031,griya maleo indah blok b no 9
5727372,kost putra (rosmini),btn minasa upa blok n8 no 1,7371031,7371031,btn minasa upa blok n8 no 1
5727373,menjual pop ice (munira),btn minasa upa blok k15 no 1,7371031,7371031,btn minasa upa blok k15 no 1
5727374,penjual bakso <mas andi>,btn minasa upa blok ab 8 no 5,7371031,7371031,btn minasa upa blok ab 8 no 5
5727375,catering maharani,btn minasa upa blok ab 12  no 10,7371031,7371031,btn minasa upa blok ab 12  no 10
5727376,persewaan kamar <sulaiman>,jl talasalapang iii,7371031002,7371031,jl talasalapang iii
5727377,warung <bu suri>,jl komp jipang permai,7371031002,7371031,jl komp jipang permai
5727378,persewaan kamar <kasim>,jl minasa karya no 57,7371031002,7371031,jl minasa karya no 57
5727379,penjual bakso <dg ropu>,jipang raya,7371031002,7371031,jipang raya
5727380,warung bakso roni,jipang raya,7371031002,7371031,jipang raya
5727381,penyewaan rumah kost <dg nai>,jipang raya,7371031002,7371031,jipang raya
5727382,penyewaan kamar <andi>,jalan sungai jenelata no 3,7371031002,7371031,jalan sungai jenelata no 3
5727383,persewaan kamar kos <senandalija>,kompleks agreria blok t no 16,7371031002,7371031,kompleks agreria blok t no 16
5727384,kost 1 kamar <rahmat>,ke bonto tangnga 1,7371031002,7371031,ke bonto tangnga 1
5727385,persewaan kamar <firman>,jalan karunrung raya,7371031002,7371031,jalan karunrung raya
5727386,warung <rosmiati>,karunrung raya,7371031002,7371031,karunrung raya
5727387,kost <intan>,jalan karunrung raya 1,7371031002,7371031,jalan karunrung raya 1
5727388,bakso bakar (saikul),jl tidung 9,7371031003,7371031,jl tidung 9
5727389,persewaan kamar,jl tidung 9 stp 5 no 121,7371031003,7371031,jl tidung 9 stp 5 no 121
5727390,jual minuman (fatimah),tidung 7 setapak 3 no 87,7371031003,7371031,tidung 7 setapak 3 no 87
5727391,persewaan kamar 5 < dwi wahyudi>,jl hertasning baru,7371031004,7371031,jl hertasning baru
5727392,bunga shafwan (jual es cendol),kompleks permata hijau permai blok d no. 2,7371031004,7371031,kompleks permata hijau permai blok d no. 2
5727393,penyewaan kamar (maryam),jl. tamalate stapak 10,7371031004,7371031,jl. tamalate stapak 10
5727394,bakso perintis,j l tamalate 1 no 3,7371031004,7371031,j l tamalate 1 no 3
5727395,es dawet <arga>,jl tamalate 5 setapak 9 no 107,7371031004,7371031,jl tamalate 5 setapak 9 no 107
5727396,usaha penyewaan kamar <andi>,jalan pinang no 162 a,7371031004,7371031,jalan pinang no 162 a
5727397,jual bakso (syamsuddin),jl beringin 6 no 24,7371031004,7371031,jl beringin 6 no 24
5727398,rumah kost (jaharuddin),jalan beringin timur,7371031004,7371031,jalan beringin timur
5727399,rumah kost <nasfar>,tidung v stp 6 no 93,7371031005,7371031,tidung v stp 6 no 93
5727400,warung bakso wagimen,tamalate 1 no 5,7371031005,7371031,tamalate 1 no 5
5727401,penyewaan kamar <rahayu>,tidung 5 setapak 9 no 134,7371031005,7371031,tidung 5 setapak 9 no 134
5727402,warung k5 <sri>,jl tidung 2 stp 3 no 60,7371031005,7371031,jl tidung 2 stp 3 no 60
5727403,persewaan kamar <tasrina>,jl b dg ngirate blk 20 stp 3 no 32,7371031005,7371031,jl b dg ngirate blk 20 stp 3 no 32
5727404,penyewakan kamar,jl b dg ngirate blk 20 stp 5 no 57,7371031005,7371031,jl b dg ngirate blk 20 stp 5 no 57
5727405,warung sop saudara <ali>,jl hertasning raya,7371031005,7371031,jl hertasning raya
5727406,penyewaan kamar <ros>,jl monumen emmy saelan raya,7371031006,7371031,jl monumen emmy saelan raya
5727407,jualan kue keliling,jl mon emmy saelan 4 no 27,7371031006,7371031,jl mon emmy saelan 4 no 27
5727408,penyewaan kamar <safaruddin>,jl mon emmy saelan 4 no 18,7371031006,7371031,jl mon emmy saelan 4 no 18
5727409,nasi kuning <sri wahyuni>,jl mon emmy saelan,7371031006,7371031,jl mon emmy saelan
5727410,rumah kost <abd waris>,jl mon emmy saelan iv,7371031006,7371031,jl mon emmy saelan iv
5727411,kos kosan <syarifuddin>,jl mon emmy saelan lr 1,7371031006,7371031,jl mon emmy saelan lr 1
5727412,persewaan kamar <nuraeni>,komp ikip blok g vi no 11,7371031006,7371031,komp ikip blok g vi no 11
5727413,warung kopi pojok,jl raya pendidikan,7371031006,7371031,jl raya pendidikan
5727414,kost kostan <hj hasmani>,jl mapala 2 blok d/4 no 2,7371031006,7371031,jl mapala 2 blok d/4 no 2
5727415,kost kostan <hj kurnia>,jl mapala 2 lorong 1 no 3,7371031006,7371031,jl mapala 2 lorong 1 no 3
5727416,jual martabak <sohe>,jl monumen emmy saelan,7371031006,7371031,jl monumen emmy saelan
5727417,rujak keliling <edi>,jl mon emmy saelan lr 7 no 3,7371031006,7371031,jl mon emmy saelan lr 7 no 3
5727418,kost kostan <joko>,jl mappala blok a5 no 39,7371031006,7371031,jl mappala blok a5 no 39
5727419,kost kostan <hababbul jannah>,jl mon emmy saelan lorong 7,7371031006,7371031,jl mon emmy saelan lorong 7
5727420,penyewaan kamar (hj deya opu),jalan hertasning 7 no 6 b,7371031006,7371031,jalan hertasning 7 no 6 b
5727421,jual bakso keliling <karimin>,jl tidung mariolo,7371031006,7371031,jl tidung mariolo
5727422,jual bakso keliling <yadi>,jl tidung mariolo lr 1 no 24,7371031006,7371031,jl tidung mariolo lr 1 no 24
5727423,jual jamu keliling <purwanti>,jl tidung mariolo lr 1 no 24,7371031006,7371031,jl tidung mariolo lr 1 no 24
5727424,jual es <martina>,jl tidung mariolo lr 5,7371031006,7371031,jl tidung mariolo lr 5
5727425,jual nugget <jumasiah>,jl tidung mariolo,7371031006,7371031,jl tidung mariolo
5727426,kost kostan <h suyono>,jl tidung mariolo,7371031006,7371031,jl tidung mariolo
5727427,persewaan kamar <rasyid>,jalan landak baru lorong 1 no 28 b,7371031007,7371031,jalan landak baru lorong 1 no 28 b
5727428,katering anita,jl. landak baru lr. 01,7371031007,7371031,jl. landak baru lr. 01
5727429,penyewaan kamar <hapsi>,jalan landak baru lorong 1 no 75,7371031007,7371031,jalan landak baru lorong 1 no 75
5727430,kos anugrah,jl landak baru no 114,7371031007,7371031,jl landak baru no 114
5727431,sari laut istana,jl landak baru no124 a,7371031007,7371031,jl landak baru no124 a
5727432,jual batagor <subki>,tk pertiwi jl bontolangkasa,7371031007,7371031,tk pertiwi jl bontolangkasa
5727433,jual minuman<eda>,sd komp ikip 1 jl ap pettarano,7371031007,7371031,sd komp ikip 1 jl ap pettarano
5727434,jual bakso coblos <sultan>,jl ap pettarani,7371031007,7371031,jl ap pettarani
5727435,nasi goreng resep kuno,jalan landak baru,7371031007,7371031,jalan landak baru
5727436,bakso keliling <agus>,jl landak baru lr 7 no 28,7371031007,7371031,jl landak baru lr 7 no 28
5727437,penyewaan kamar,jl landak baru lr 5 a,7371031007,7371031,jl landak baru lr 5 a
5727438,martabak holand,jalan landak baru lr 2 no 11,7371031007,7371031,jalan landak baru lr 2 no 11
5727439,penyewaan kamar,jalan banta bantaeng lorong 1,7371031007,7371031,jalan banta bantaeng lorong 1
5727440,kost kostan,jl banta bantaeng,7371031007,7371031,jl banta bantaeng
5727441,penyewaan kamar <sitti norma>,jalan banta bantaeng no 81,7371031007,7371031,jalan banta bantaeng no 81
5727442,jual minuman dingin <syarifah andi faradiba>,jl banta bantaeng lr 10 no 82,7371031007,7371031,jl banta bantaeng lr 10 no 82
5727443,kost kostan <syarifah nurhaidah>,jl banta bantaeng lr 10 no 82,7371031007,7371031,jl banta bantaeng lr 10 no 82
5727444,penjual nasi kuning <nurlia>,jalan banta bantaeng lr 8,7371031007,7371031,jalan banta bantaeng lr 8
5727445,kost kostan <muhammad nur syaheril>,jl faisal 14 no 12,7371031007,7371031,jl faisal 14 no 12
5727446,kost kostan,jl faisal 17 lr 3 no 23,7371031007,7371031,jl faisal 17 lr 3 no 23
5727447,pondok hijau,jl faisal xvii no 32,7371031007,7371031,jl faisal xvii no 32
5727448,kost - kostan <hj darma>,jl faisal xvii lr 2 no 15,7371031007,7371031,jl faisal xvii lr 2 no 15
5727449,warung ayam crispy <yoyon>,jl faisal raya no 5,7371031007,7371031,jl faisal raya no 5
5727450,persewaan kamar <rusdi>,jl rappocini raya lr 8 no 12,7371031008,7371031,jl rappocini raya lr 8 no 12
5727451,persewaan kamar <hamsina>,jl rappocini raya lr 6 no 38,7371031008,7371031,jl rappocini raya lr 6 no 38
5727452,jamu keliling <paiken>,jl rappocini raya lr 8,7371031008,7371031,jl rappocini raya lr 8
5727453,persewaan kamar <h suparman makka>,jl cilallan jaya vii no 26,7371031008,7371031,jl cilallan jaya vii no 26
5727454,penyewaan kamar (ika sartika),jl.cilallang jaya no.68,7371031008,7371031,jl.cilallang jaya no.68
5727455,warung bakso mas prie,jl ap pettarani ruko new zamrud blok,7371031008,7371031,jl ap pettarani ruko new zamrud blok
5727456,rumah makan simpang tiga,jl cilallang raya,7371031008,7371031,jl cilallang raya
5727457,es kelapa muda <saripuddin>,jl a p pettarani,7371031008,7371031,jl a p pettarani
5727458,penyewaan tempat usaha<rigau>,jalan rappocini raya lr 11 no 13,7371031008,7371031,jalan rappocini raya lr 11 no 13
5727459,penyewaan kamar kost,jalan rappocini raya lr 8,7371031008,7371031,jalan rappocini raya lr 8
5727460,penyewaan kamar <hj a urti>,jl rappocini raya lr 6 no 3,7371031008,7371031,jl rappocini raya lr 6 no 3
5727461,bubur ayam kampung <junaedi>,rappocini raya <gotong> lr 8,7371031008,7371031,rappocini raya <gotong> lr 8
5727462,k ost kostan,jl rappocini raya lr 11 no 7,7371031008,7371031,jl rappocini raya lr 11 no 7
5727463,kost - kostan <h taufiq>,jl rappocini raya lr 11 no 3,7371031008,7371031,jl rappocini raya lr 11 no 3
5727464,penyewaan kamar,buakana 6 no 1,7371031008,7371031,buakana 6 no 1
5727465,lia kost,jl pelita raya no 9,7371031008,7371031,jl pelita raya no 9
5727466,warung makan <najamuddin>,pelita raya 7 no 2,7371031008,7371031,pelita raya 7 no 2
5727467,pondok nuri,jl rappocini raya no 24,7371031008,7371031,jl rappocini raya no 24
5727468,kamar kost 2,jalan rappocini raya lr. 9e,7371031008,7371031,jalan rappocini raya lr. 9e
5727469,penyewaan kamar <aswan>,pelita 2 no 16,7371031008,7371031,pelita 2 no 16
5727470,jual nasi goreng <rizka>,pelita raya,7371031008,7371031,pelita raya
5727471,kost nindi (h suherman),jl pelita raya 3  no.12,7371031008,7371031,jl pelita raya 3  no.12
5727472,bakso <sartika>,rappocini lr 9 h,7371031008,7371031,rappocini lr 9 h
5727473,jual tuak (damang),jl rappocini raya lr.1 no 25,7371031009,7371031,jl rappocini raya lr.1 no 25
5727474,kost kosan <maqbul>,jl.rappocini lr.4,7371031009,7371031,jl.rappocini lr.4
5727475,kost kostan <hj rosling>,jl rappocini raya lr 6a,7371031009,7371031,jl rappocini raya lr 6a
5727476,penjual coto <jaharuddin>,jl rappocini raya no 36 a,7371031009,7371031,jl rappocini raya no 36 a
5727477,jual makanan jadi <nuraeni>,jl rappocini raya blk pasar no 23,7371031009,7371031,jl rappocini raya blk pasar no 23
5727478,usaha rumah kost kostan (h nugroho),rappocini raya lr 3 no.9,7371031009,7371031,rappocini raya lr 3 no.9
5727479,kos pak jufri,rappocini,7371031009,7371031,rappocini
5727480,bakso sukri,rappocini lr 5 f no 10,7371031009,7371031,rappocini lr 5 f no 10
5727481,usaha rumah kost,jalan inspeksi kanal,7371031009,7371031,jalan inspeksi kanal
5727482,penyewaan kamar (rangka),jalan sungai saddang baru lorong mumin 2 no 5,7371031010,7371031,jalan sungai saddang baru lorong mumin 2 no 5
5727483,kost kosan (lia k),jl pelita raya lr 3 no 37a,7371031010,7371031,jl pelita raya lr 3 no 37a
5727484,nasi kuning revolusi,ballaparang 1 no 16,7371031010,7371031,ballaparang 1 no 16
5727485,usaha penyewaan kamar <hasinah>,jl. kelapa tiga no.10,7371031010,7371031,jl. kelapa tiga no.10
5727486,toko maryam>,jl kelapa tiga lr berkah no.36,7371031010,7371031,jl kelapa tiga lr berkah no.36
5727487,penjual coto < dg asri>,jl pelita raya no 29,7371031010,7371031,jl pelita raya no 29
5729344,jual nasi kuning <nurmala>,jalan karunrung raya 3,7371031002,7371031,jalan karunrung raya 3
5729345,persewaan rumah <nuriyanah>,tidung 7 nomor 92 blok 13,7371031003,7371031,tidung 7 nomor 92 blok 13
5729346,nasi kuning <gilang>,jalan tidung 10 no 251,7371031003,7371031,jalan tidung 10 no 251
5729347,warung lauk (ati),talamalate 2 no 88,7371031004,7371031,talamalate 2 no 88
5729348,persewaan kamar 15,hertasning baru blok d no 8,7371031004,7371031,hertasning baru blok d no 8
5729349,es krim (mappi),jl hertasning baru,7371031004,7371031,jl hertasning baru
5729350,raja martabak medan,jl aroepala,7371031004,7371031,jl aroepala
5729351,kantin emy saelan <halima>,jl tamalate 6,7371031004,7371031,jl tamalate 6
5729352,kios mappala <naima>,mappala blok e 23 no 2,7371031006,7371031,mappala blok e 23 no 2
5729353,jual nasi kuning bungkus <fatma>,jl tidung mariolo,7371031006,7371031,jl tidung mariolo
5729354,warung bakso solo mandiri <nurdin>,jl banta-bantaeng raya no 94,7371031007,7371031,jl banta-bantaeng raya no 94
5729355,persewaan kamar <hj sutini>,jl rsi faisal raya 11,7371031007,7371031,jl rsi faisal raya 11
5729356,warung makan <masyura>,jalan bonto cinde,7371031008,7371031,jalan bonto cinde
5729357,kantin sosial <ibu ida>,jl hartako dg tata 3,7371031008,7371031,jl hartako dg tata 3
5729358,kost- kastan wanita <dwi>,buakana 7 no.12,7371031008,7371031,buakana 7 no.12
5729359,warung makan <hamida>,jalan rappocini lr 11a no 21,7371031008,7371031,jalan rappocini lr 11a no 21
5729360,jual siomay keliling <sugiyono>,jl rappocini raya lr 6 no,7371031008,7371031,jl rappocini raya lr 6 no
5729361,penjual bakso <usman>,jl rappocini raya lr 11 no 12 a,7371031008,7371031,jl rappocini raya lr 11 no 12 a
5729362,jual kue keliling,jl monginsidi baru ab 7/1,7371031010,7371031,jl monginsidi baru ab 7/1
5729363,kantin sd inpres banta bantaeng,jl.monginsidi baru no 75a,7371031010,7371031,jl.monginsidi baru no 75a
5729364,katering <anugrah>,jalan sungai saddang baru lorong mu'min 2 no 11,7371031010,7371031,jalan sungai saddang baru lorong mu'min 2 no 11
5729365,bakso <dg ros>,jalan pelita raya,7371031010,7371031,jalan pelita raya
5779126,menjual pulsa <kios fhara cell>,jl sultan alauddin poros,7371031001,7371031,jl sultan alauddin poros
5779127,district games,jl talasalapang raya,7371031001,7371031,jl talasalapang raya
5779128,kevin cell,talasalapang raya no 32,7371031001,7371031,talasalapang raya no 32
5779129,kesya cell <zam zam>,jalan minasasari,7371031001,7371031,jalan minasasari
5779130,jual pulsa (hasmi),jl talasalapang,7371031002,7371031,jl talasalapang
5779131,warnet nau nau net (nasrullah),btn minasa upa blok a3,7371031002,7371031,btn minasa upa blok a3
5779132,arif cell,jalan emmy saelan 3 no 8a,7371031002,7371031,jalan emmy saelan 3 no 8a
5779133,penjual pulsa <jemmy>,jalan tidung x timur perumahan stella maris blok a no 1,7371031002,7371031,jalan tidung x timur perumahan stella maris blok a no 1
5779134,penjual pulsa <juan>,tamalate 2 no 175,7371031003,7371031,tamalate 2 no 175
5779135,loket pembayaran listrik online (clara),kompleks permata hijau permai blok h no 20,7371031004,7371031,kompleks permata hijau permai blok h no 20
5779136,jual pulsa (yohanes),aspol todoopuli blok a 2,7371031004,7371031,aspol todoopuli blok a 2
5779137,ipul celluler,jl bonto dg ngirate blk 20 stp no 22,7371031005,7371031,jl bonto dg ngirate blk 20 stp no 22
5779138,kios pulsa <kasmawati>,jl mon emmy saelan lr 2 no 73,7371031006,7371031,jl mon emmy saelan lr 2 no 73
5779139,salsa cell<uni>,jl tidung mariolo,7371031006,7371031,jl tidung mariolo
5779140,maranata cell,jalan bontomanai,7371031007,7371031,jalan bontomanai
5779141,milnet cell,jl rsi faisal 14 no 12,7371031007,7371031,jl rsi faisal 14 no 12
5779142,rezky net,jl faisal xvii lr 2 no 11 a,7371031007,7371031,jl faisal xvii lr 2 no 11 a
5779143,jual pulsa hp <dian>,jalan bonto cinde no 4,7371031008,7371031,jalan bonto cinde no 4
5779144,warnet <adrin zulkarnaen>,rappocini raya lr 9 no 62,7371031008,7371031,rappocini raya lr 9 no 62
5779145,toko voucher internet <syarman>,jalan rappocini raya lr 5,7371031009,7371031,jalan rappocini raya lr 5
5779146,generasi cell,jalan ap pettarani no 110,7371031010,7371031,jalan ap pettarani no 110
5779147,jual pulsa fera,jl sungai saddang lorong mumin 2 no 4,7371031010,7371031,jl sungai saddang lorong mumin 2 no 4
5779148,usaha warnet <basri>,kelapa tiga no6,7371031010,7371031,kelapa tiga no6
5779611,colour nett <edy syam>,jl talasalapang raya no 38,7371031001,7371031,jl talasalapang raya no 38
5779612,iin cell <pulsa elektric>,jalan minasa upa blok m4,7371031,7371031,jalan minasa upa blok m4
5779613,warnet (abd hakim),jl tidung 10 stp 8 no 115,7371031003,7371031,jl tidung 10 stp 8 no 115
5779614,jual pulsa <abd rauf>,jalan banta bantaeng lr 3,7371031007,7371031,jalan banta bantaeng lr 3
5779615,dhiba cell <erwin>,jl cilallang jaya no 23,7371031008,7371031,jl cilallang jaya no 23
5779616,jual pulsa elektrik <suriani>,rappocini raya lr. 9,7371031008,7371031,rappocini raya lr. 9
5817303,penyediaan rumah sewa,jln rutan pondok alam perdana blok b no 6,7371031001,7371031,jln rutan pondok alam perdana blok b no 6
5817304,persewaan rumah,minasaupa resident,7371031,7371031,minasaupa resident
5817305,sewa rumah <dg sila>,btn minasa upa n6 no 5,7371031,7371031,btn minasa upa n6 no 5
5817306,usaha penyewaan rumah <syarifuddin ap>,jalan karunrung raya 1,7371031002,7371031,jalan karunrung raya 1
5817307,kontrakan rumah,permata hijau permai blok 1/ 39,7371031004,7371031,permata hijau permai blok 1/ 39
5817308,penyewaan rumah,jl tamalate 8 no 20,7371031004,7371031,jl tamalate 8 no 20
5817309,kontrakan rumah,jl tidung mariolo no 3,7371031006,7371031,jl tidung mariolo no 3
5817310,rumah kontrakan <amboangka>,jl banta-bantaeng no 10,7371031007,7371031,jl banta-bantaeng no 10
5817311,penyewaan rumah ( h abd gaffar tang ),jl rappocini raya lr 2,7371031009,7371031,jl rappocini raya lr 2
5817312,kontrakan rumah (andi ani),inspeksi kanal,7371031009,7371031,inspeksi kanal
5817484,persewaan rumah (fatimah),kompleks permata hijau permai blok d no.14,7371031004,7371031,kompleks permata hijau permai blok d no.14
5825749,biro reklame 91,jl skarda n1 no 22,7371031001,7371031,jl skarda n1 no 22
5825750,konsultan,mangasa permai blok z no.2,7371031001,7371031,mangasa permai blok z no.2
5825751,media prima <h muh idham idris>,jl talasalapang raya,7371031001,7371031,jl talasalapang raya
5825752,konstruksi <ahcyar>,perum villa mega sari blok e no 11,7371031,7371031,perum villa mega sari blok e no 11
5825753,advertising (andre),btn minasa upa blok k13 no 1,7371031,7371031,btn minasa upa blok k13 no 1
5825754,avatar foto,jl talasalapang no 8,7371031002,7371031,jl talasalapang no 8
5825755,harto fotographer,jl tamalate 2 no 306,7371031003,7371031,jl tamalate 2 no 306
5825756,konsultan hukum,faisal 5,7371031007,7371031,faisal 5
5825757,foto permai <rudy>,jl rappocini raya 123,7371031008,7371031,jl rappocini raya 123
5825831,arsitektur,jl wijaya kusuma raya,7371031007,7371031,jl wijaya kusuma raya
5853149,rental mobil andi allu,jl skardan n1 no 22,7371031001,7371031,jl skardan n1 no 22
5853150,persewaan alat alat out door,jl skarda n blok a4,7371031001,7371031,jl skarda n blok a4
5853151,rezky fc <ilham>,jl sultan alauddin,7371031001,7371031,jl sultan alauddin
5853152,fc amanah fatin,gedung balai sidang unismuh,7371031001,7371031,gedung balai sidang unismuh
5853153,foto copi dan jual atk <agung>,jl syech yusuf,7371031,7371031,jl syech yusuf
5853154,persewaan tenda <halim hayade>,jalan minasa upa blok g1,7371031,7371031,jalan minasa upa blok g1
5853155,jual tiket pesawat online,bumi bosowa permai blok a1 no 18,7371031,7371031,bumi bosowa permai blok a1 no 18
5853156,rental mobil<akbar>,btn minasa upa blok ab 6 no 20,7371031,7371031,btn minasa upa blok ab 6 no 20
5853157,foto copy <r kalocity>,btn minasa upa blok ab 2 no 2,7371031,7371031,btn minasa upa blok ab 2 no 2
5853158,foto copy utama,jalan sekolah guru derawat,7371031002,7371031,jalan sekolah guru derawat
5853159,persewaan alat mendaki <dirga>,jl karunrung raya 2 no 93,7371031002,7371031,jl karunrung raya 2 no 93
5853160,photocopy awaluddin,jl tamalate 1 no 179,7371031003,7371031,jl tamalate 1 no 179
5853161,jasa baby sister (tini),tidung 9 no 28 belakang smp 33 makassar,7371031004,7371031,tidung 9 no 28 belakang smp 33 makassar
5853162,ghina foto copy,jalan borong indah no 7,7371031004,7371031,jalan borong indah no 7
5853163,wirabuana rental oto,tidung 4 setapak 5 no 19,7371031005,7371031,tidung 4 setapak 5 no 19
5853164,foto kopi equilibriur <hasanuddin>,jl mon emmy saelan 3,7371031006,7371031,jl mon emmy saelan 3
5853165,penyewaan motor <alam>,jalan landak baru,7371031007,7371031,jalan landak baru
5853166,foto copy audia,jl landak baru no 128,7371031007,7371031,jl landak baru no 128
5853167,perias pengantin <syamsuddin>,jalan banta bantaeng,7371031007,7371031,jalan banta bantaeng
5853168,travel tirza,jl faisal xvii no a3,7371031007,7371031,jl faisal xvii no a3
5853169,persewaan mobil pick-up (dg sua),jl bonto cinde no 21 b,7371031008,7371031,jl bonto cinde no 21 b
5853170,pengetikan komputer dan print,jalan rappocini raya,7371031008,7371031,jalan rappocini raya
5853172,usaha menyewakan bentor (dg basse),jl rappocini raya lr 1 no.45,7371031009,7371031,jl rappocini raya lr 1 no.45
5853173,electon <muin>,jalan rappocini lr 5 d,7371031009,7371031,jalan rappocini lr 5 d
5853449,usaha print <indriana>,sultan alauddin lr 39,7371031001,7371031,sultan alauddin lr 39
5853450,penyewaan tenda kursi <saharuddin>,btn minasaupa blok k1 no 5,7371031,7371031,btn minasaupa blok k1 no 5
5867199,hidroponik privat <tenri>,jalan bumi 22 blok d9 no 2,7371031001,7371031,jalan bumi 22 blok d9 no 2
5867200,sd mangasa 1,jalan s yek h yusuf,7371031,7371031,jalan s yek h yusuf
5867201,tpa nur syurtiah,aspol toddopuli blok b / 70 a,7371031004,7371031,aspol toddopuli blok b / 70 a
5867202,sd inpres perumnas iv,jl bonto dg rate,7371031005,7371031,jl bonto dg rate
5867203,sma nurkarya tidung,hertasning raya,7371031005,7371031,hertasning raya
5867204,lembaga kursus komputer,jl mapala blok a/3 no 5,7371031006,7371031,jl mapala blok a/3 no 5
5867205,kursus pendidikan <millana>,jalan landak baru no 19,7371031007,7371031,jalan landak baru no 19
5867206,sd inp kelapa tiga i,jalan bakti 4 no.51,7371031010,7371031,jalan bakti 4 no.51
5875688,bidan praktek swasta,jalan tidung 7 stp 4 no 195,7371031003,7371031,jalan tidung 7 stp 4 no 195
5875689,tukng urut (salahuddin),tamalate 3 stp 53 no 67,7371031004,7371031,tamalate 3 stp 53 no 67
5875690,balai pengobatan (bu ros),jalan inspeksi kanal,7371031009,7371031,jalan inspeksi kanal
5875726,klinik pengobatan <suhartati>,jalan pelita raya 2 lr 1 no.13,7371031008,7371031,jalan pelita raya 2 lr 1 no.13
5890625,penulis <amri hadi>,jipang raya,7371031002,7371031,jipang raya
5890626,penyewaan game (azhar),jl tamalate 6 no 288 a,7371031004,7371031,jl tamalate 6 no 288 a
5890627,orkes sas nada group,jalan rappocini raya lr 8 no 24,7371031008,7371031,jalan rappocini raya lr 8 no 24
5890628,stars gym rappocini,jl rappocini raya no 73,7371031009,7371031,jl rappocini raya no 73
5960462,rezky loundry <mulyono>,btn minasa upa blok f21 no 9,7371031,7371031,btn minasa upa blok f21 no 9
5960463,loundry tina,btn minasa upa blok ab 9 no 95,7371031,7371031,btn minasa upa blok ab 9 no 95
5960464,londry umar <hj salma>,jipang raya,7371031002,7371031,jipang raya
5960465,salon darwis,jalan landak baru no 112 a,7371031007,7371031,jalan landak baru no 112 a
5960466,salon oldy <ramli>,jl banta bantaeng no 55,7371031007,7371031,jl banta bantaeng no 55
5960467,tukang cukur <rafi>,jl rappocini raya,7371031009,7371031,jl rappocini raya
5960468,service ac,rappocini lr 3,7371031009,7371031,rappocini lr 3
5960600,salon <uut>,jalan faisal 14 no 15,7371031007,7371031,jalan faisal 14 no 15
5960601,salon andis <hj arni>,jalan cilallang raya no,7371031008,7371031,jalan cilallang raya no
5960707,servis kompor (jafar),jl hertasning baru no 18,7371031004,7371031,jl hertasning baru no 18
5960708,penjahit<nirwana>,jalan wijaya kusuma iv no 4',7371031007,7371031,jalan wijaya kusuma iv no 4'
5960858,laundry (asnani),jalan beringin 4 no 19,7371031004,7371031,jalan beringin 4 no 19
5960859,menjahit <sudarni>,jalan rappocini raya lr. 9c,7371031008,7371031,jalan rappocini raya lr. 9c
5960939,pangkas rambut dzakwan <asri>,jalan minas aupa blok m3,7371031,7371031,jalan minas aupa blok m3
5960940,jahit sepatu,btn minasa upa n4 no 2,7371031,7371031,btn minasa upa n4 no 2
5960941,kantor pengelola puri mutiara,puri mutiara jl monginsidi baru,7371031009,7371031,puri mutiara jl monginsidi baru
5961056,makelar tanah,perum makassar satelit blok al 4,7371031001,7371031,perum makassar satelit blok al 4
5961057,barber <ricky iskandar>,jl tamalate 1 no 14 a,7371031005,7371031,jl tamalate 1 no 14 a
5961058,usaha laundry <aisyah>,buakana,7371031008,7371031,buakana
5961233,penjahit pakaian (wia),toddopuli 1 kampung kassi kass i,7371031004,7371031,toddopuli 1 kampung kassi kass i
5962265,servis ac <hartono>,tidung v stp 4 no 71,7371031005,7371031,tidung v stp 4 no 71
5962266,pres ban <tunru>,jl raya pendidikan,7371031006,7371031,jl raya pendidikan
5962267,laundry smile fresh<romdhoni>,jalan landak baru lr 10 nusa landak mas blok c/13,7371031007,7371031,jalan landak baru lr 10 nusa landak mas blok c/13
5962268,tukang service ac <jamaluddin>,jalan rappocini lr 11 no 35,7371031008,7371031,jalan rappocini lr 11 no 35
5962286,salon hanes <santi>,jl.rappocini raya n0 36,7371031009,7371031,jl.rappocini raya n0 36
5963806,salon flora,jl tala salapang raya,7371031001,7371031,jl tala salapang raya
5964181,asyifa salon,jl tamalate 3 no 278,7371031004,7371031,jl tamalate 3 no 278
5964834,permak jeans <mikhluddin>,jalan minasa upa blok g1,7371031,7371031,jalan minasa upa blok g1
5964843,cuci ac,btn minasa upa blok m4,7371031,7371031,btn minasa upa blok m4
5964844,salon gita,jl tamalate 1 stp 37 no 232,7371031003,7371031,jl tamalate 1 stp 37 no 232
5964845,salon yasmin muslimah,jl monumen emmy saelan,7371031006,7371031,jl monumen emmy saelan
5964857,reparasi kursi <sahrir>,jl mon emmy saelan,7371031006,7371031,jl mon emmy saelan
5965033,tukang parkir <makaraeng >,jl faisal 14,7371031007,7371031,jl faisal 14
5965328,laundry<haidir>,jalan tamalate 2,7371031003,7371031,jalan tamalate 2
5965487,pangkas rambut madura,jalan minasa upa blok a,7371031002,7371031,jalan minasa upa blok a
5965519,laundry pualam (diva),jl monginsidi baru blok ab 10 no 2a,7371031010,7371031,jl monginsidi baru blok ab 10 no 2a
5967074,anto lux,jl hertasning raya,7371031001,7371031,jl hertasning raya
5967075,makassar store,jl rappocini raya,7371031008,7371031,jl rappocini raya
5967076,toko oleh-oleh kareba,jl.a.p.pettarani,7371031009,7371031,jl.a.p.pettarani
5967077,toko mega,jl monginsidi baru no 19,7371031009,7371031,jl monginsidi baru no 19
5967078,optik inayah,jl rappocini raya no 9 telp.081914432414,7371031009,7371031,jl rappocini raya no 9 telp.081914432414
5967079,natural wallpaper,jl rappocini no 89,7371031009,7371031,jl rappocini no 89
5967110,sabar jaya,jl rappocini raya no 211 rt.01 rw.04,7371031,7371031,jl rappocini raya no 211 rt.01 rw.04
5978995,grand maleo hotel,jl pelita raya viii no 1,7371031008,7371031,jl pelita raya viii no 1
5981715,anna spa salon muslimah,jl. andi djemma lr. 2 no. 11,7371031007,7371031,jl. andi djemma lr. 2 no. 11
5981921,mercure makassar nexa,jl ap pettarani no 4,7371031001,7371031,jl ap pettarani no 4
6057932,dprima hotel panakkukang,,7371031008,7371031,
6180868,penjahit <hasnah>,"jl banta "" bantaeng lr. 9",7371031007,7371031,"jl banta "" bantaeng lr. 9"
6180869,depot nurbarokah,"jl banta "" bantaeng lr. 9",7371031007,7371031,"jl banta "" bantaeng lr. 9"
6180870,depot satria mineral,"jl banta""bantaeng lr 9 no. 28",7371031007,7371031,"jl banta""bantaeng lr 9 no. 28"
6180871,san siro meubel,"jl banta""bantaeng lr 9 no. 34",7371031007,7371031,"jl banta""bantaeng lr 9 no. 34"
6180872,pembuat kue basah <nursiah dg. nurung>>,"jl banta""bantaeng lr 10 b no. 66",7371031007,7371031,"jl banta""bantaeng lr 10 b no. 66"
6180873,penjahit <agus priyanto>,jl banta-bantaeng lr 9c no. 48,7371031007,7371031,jl banta-bantaeng lr 9c no. 48
6180877,penjahit <rosminarti>,btn minasa upa blok d 14 no 11,7371031,7371031,btn minasa upa blok d 14 no 11
6180880,depot air minum <ikhsan>,btn minasa upa blok d 11 no 1,7371031,7371031,btn minasa upa blok d 11 no 1
6180941,percetakan celebes raya,jl s saddang baru no 75 b,7371031010,7371031,jl s saddang baru no 75 b
6180942,cv putra maspul,jl s saddang baru no 39,7371031010,7371031,jl s saddang baru no 39
6180943,penjahit,s saddang baru lr 10 no 9,7371031010,7371031,s saddang baru lr 10 no 9
6180944,pembuatan plat dd,s saddang baru no 40,7371031010,7371031,s saddang baru no 40
6180946,percetakan nur asifa,sungai saddang baru no 90,7371031010,7371031,sungai saddang baru no 90
6180947,percetakan andika jaya,sungai saddang baru no 90,7371031010,7371031,sungai saddang baru no 90
6180948,percetakan dio,sungai saddang baru no 90,7371031010,7371031,sungai saddang baru no 90
6180949,rajawali advertising cv,s saddang baru no 72,7371031010,7371031,s saddang baru no 72
6199074,kpri unm,jalan pendidikan blok b1 tidung rappocini,7371031006,7371031,jalan pendidikan blok b1 tidung rappocini
6425125,"tiqa cemerlang, cv",btn minas a up a blok l13 no 16,7371031,7371031,btn minas a up a blok l13 no 16
6425126,"minasa upa persada, pt",btn minasa blok e7 no 13,7371031,7371031,btn minasa blok e7 no 13
6425127,"karya lumbaja, cv",btn minasa upa blok,7371031,7371031,btn minasa upa blok
6425128,"cahaya nusantara, cv",btn minasa upa blok b10 no 6,7371031,7371031,btn minasa upa blok b10 no 6
6425129,"putra banca, pt",btn minasa upa blok b90 no 5,7371031,7371031,btn minasa upa blok b90 no 5
6425130,"surya rigensi daya, cv",btn minasa upa blok h 6 n 0 22,7371031,7371031,btn minasa upa blok h 6 n 0 22
6425131,"general konsultan, cv",btn minasa upa blok k17 no 6,7371031,7371031,btn minasa upa blok k17 no 6
6425132,"sibatek bersinar, cv",btn minasa upa blok l2 no 18,7371031,7371031,btn minasa upa blok l2 no 18
6425134,"tiga lima tujuh, cv",jl akses taman gosyen no 7,7371031,7371031,jl akses taman gosyen no 7
6425135,"waliseri citra tama, cv",jl btn minasa upa,7371031,7371031,jl btn minasa upa
6425136,"lagoosi indonesia, cv",jl griya fajar mas perumahan lagoosi,7371031001,7371031,jl griya fajar mas perumahan lagoosi
6425138,"ramadhan karya pertama, pt",komp permata sari,7371031001,7371031,komp permata sari
6425139,"bundaran emas , pt",komp permata sari ps v no 2,7371031001,7371031,komp permata sari ps v no 2
6425140,"zatria jaya perkasa, cv",makassar satelit biok b no 6,7371031001,7371031,makassar satelit biok b no 6
6425141,"ranggi putra, cv",perumahan bumi bosowa permai,7371031,7371031,perumahan bumi bosowa permai
6425142,"alif karya tehnik, cv",jl karaeng bonto tangnga,7371031002,7371031,jl karaeng bonto tangnga
6425143,"ina persada, cv",jl kr bontotangnga,7371031002,7371031,jl kr bontotangnga
6425145,"mega guna sarana mandiri, cv",jl tidung 7 stp 6 no 224,7371031003,7371031,jl tidung 7 stp 6 no 224
6425146,"anugrah jasa teknik , cv",jl beringin 4 no 7,7371031004,7371031,jl beringin 4 no 7
6425148,"rezky tri tunggal., cv",perumahan puri taman sari blok b 3,7371031004,7371031,perumahan puri taman sari blok b 3
6425149,"paindo raya, cv",puri taman sari blok e2,7371031004,7371031,puri taman sari blok e2
6425150,"surya mandiri, cv",j l b dg ngirate raya,7371031005,7371031,j l b dg ngirate raya
6425151,"halima pratama, cv",jl hertasning komp gpi no zia,7371031005,7371031,jl hertasning komp gpi no zia
6425152,"bintang harapan, cv",jl mapala blok a 13 no 13,7371031006,7371031,jl mapala blok a 13 no 13
6425153,"pelangi, cv",jl mon emmy saelan,7371031006,7371031,jl mon emmy saelan
6425154,"bintang rezky, cv",il bonto mene 1 no 8,7371031007,7371031,il bonto mene 1 no 8
6425155,"kontraktor, cv",jl banta bantaeng b2 no 8,7371031007,7371031,jl banta bantaeng b2 no 8
6425158,"zakiah amaliah, cv",jl bonto mine no 17,7371031007,7371031,jl bonto mine no 17
6425159,"maju sinergi utama, pt",jl faisal raya no 15 c,7371031007,7371031,jl faisal raya no 15 c
6425160,"asri sejahtera, cv",jl landak baru lr 9 buntu no 100,7371031007,7371031,jl landak baru lr 9 buntu no 100
6425161,"era bangun sarana, pt",jl landak baru112h,7371031007,7371031,jl landak baru112h
6425162,"has marka sulawesi, pt",komp graha kualita,7371031007,7371031,komp graha kualita
6425164,"asera teknik mandiri, cv",jl ap pettarani ruko new zamrud blok,7371031008,7371031,jl ap pettarani ruko new zamrud blok
6425165,"dwira family, cv",jl ap pettarani ruko new zamrud blok,7371031008,7371031,jl ap pettarani ruko new zamrud blok
6425166,"buana celebes, pt",jl ap pettarani ruko new zamrud blok c/12-14,7371031008,7371031,jl ap pettarani ruko new zamrud blok c/12-14
6425167,"koya, cv",jl ap pettarani centre blok b 2,7371031008,7371031,jl ap pettarani centre blok b 2
6425168,"niramanis, cv",jl ap pettarani ruko new zamrud blok f/21,7371031008,7371031,jl ap pettarani ruko new zamrud blok f/21
6425169,"adinata, cv",jl rappocini raya lr 5 no 8,7371031009,7371031,jl rappocini raya lr 5 no 8
6425170,"karya 21, cv",jl rappocini raya lr 5 no 8,7371031009,7371031,jl rappocini raya lr 5 no 8
6425172,jimmy,jl sungai saddang baru,7371031010,7371031,jl sungai saddang baru
6425173,"kantor, cv",sungai saddang baru blok 11/10,7371031010,7371031,sungai saddang baru blok 11/10
6425351,"abraham konsultan, cv",btn minasa upa blok m. 8 no 9,7371031001,7371031,btn minasa upa blok m. 8 no 9
6425352,"arika adiprakarsa konsulindo, cv",jl sanrangan komp. dewi kumalasari ae 13 no 12,7371031001,7371031,jl sanrangan komp. dewi kumalasari ae 13 no 12
6425353,"armedia consultant, cv",btn ranggong permai blok l no 16,7371031001,7371031,btn ranggong permai blok l no 16
6425354,"arsines jasa konsultan, cv",btn minasa upa blok f.8 no 7,7371031001,7371031,btn minasa upa blok f.8 no 7
6425355,"arya press, cv",jl komps perum jipang permai blok dp 6 no 10,7371031001,7371031,jl komps perum jipang permai blok dp 6 no 10
6425356,"asha planindo consultant, cv",btn makkio baji blok b8/22/7,7371031001,7371031,btn makkio baji blok b8/22/7
6425357,"asri pratama, cv",btn minasa upa blok m. 8 no 9,7371031001,7371031,btn minasa upa blok m. 8 no 9
6425358,"asti bersaudara, cv",wijaya kusuma ii no 1,7371031001,7371031,wijaya kusuma ii no 1
6425359,"aulia konsultan, cv",jl skarda n btn pemda blok d/2,7371031001,7371031,jl skarda n btn pemda blok d/2
6425360,"darma citra utama, cv",btn minasa upa blok k. 13 no 11 a,7371031001,7371031,btn minasa upa blok k. 13 no 11 a
6425361,"elektrina, cv",btn minasa upa blok e. 8 no 4 mks,7371031001,7371031,btn minasa upa blok e. 8 no 4 mks
6425363,"legar utama, cv",jl skarda n komp. btn mangasa permai blok. u no 5,7371031001,7371031,jl skarda n komp. btn mangasa permai blok. u no 5
6425364,"mitra sejati konstruksi, cv",btn minasa upa blok k. 7 no 1,7371031001,7371031,btn minasa upa blok k. 7 no 1
6425366,"profil konsultan, cv",btn minasa upa blok a2 no 3,7371031001,7371031,btn minasa upa blok a2 no 3
6425367,"putra mandala, cv",komp. permata sari iv/5,7371031001,7371031,komp. permata sari iv/5
6425368,"rejeki utama, cv",komp. permata sari ps. v no 3,7371031001,7371031,komp. permata sari ps. v no 3
6425369,"reyner construksi mandiri, cv",btn minasa upa blk e ruko 1 no 1,7371031001,7371031,btn minasa upa blk e ruko 1 no 1
6425370,"rezki kencana pratama, cv",btn minasa upa blok m7/12,7371031001,7371031,btn minasa upa blok m7/12
6425371,"rezki utama, cv",btn minasa upa blok a.5 no 10,7371031001,7371031,btn minasa upa blok a.5 no 10
6425373,"rizka konstruksi abadi, cv",btn minasa upa blok k 6 no 23,7371031001,7371031,btn minasa upa blok k 6 no 23
6425374,"runa abadi mandiri, cv",btn minasa upa blok g 8/3,7371031001,7371031,btn minasa upa blok g 8/3
6425375,"tata laksana konstruksi, cv",btn minasa upa blok b9 no 5,7371031001,7371031,btn minasa upa blok b9 no 5
6425376,"zafasa konsultan, cv",btn minasa upa blok m 8 no 9,7371031001,7371031,btn minasa upa blok m 8 no 9
6425377,"ilham jaya anugrah, cv",jl kr. bontotangnga ii no 4 f,7371031002,7371031,jl kr. bontotangnga ii no 4 f
6425378,"opec s pratama, cv",jl mapala blok a iv no 2,7371031002,7371031,jl mapala blok a iv no 2
6425379,"tryputra morinda, cv",jl kr. bonto tangnga ii no 4 f,7371031002,7371031,jl kr. bonto tangnga ii no 4 f
6425380,"krisna jaya, cv",jl tidung vi stp 12 no 79,7371031003,7371031,jl tidung vi stp 12 no 79
6425381,"arcotibel, cv",jl letjen. hertasning komp permata hijau permai blok m no 3,7371031004,7371031,jl letjen. hertasning komp permata hijau permai blok m no 3
6425382,"athillah utama, cv",komp. permata hijau blok p 5 no 1,7371031004,7371031,komp. permata hijau blok p 5 no 1
6425383,"fariska mandiri corporation, cv",komp. puri taman sari blok. b3/3,7371031004,7371031,komp. puri taman sari blok. b3/3
6425384,"hasry hastini, cv",jl tidung x stp 7 no 58,7371031004,7371031,jl tidung x stp 7 no 58
6425385,"indah melati perdana, cv",komp. puri taman sari blok d8 no 11,7371031004,7371031,komp. puri taman sari blok d8 no 11
6425386,"rifki putra, cv",jl letjen. hertasning permata hijau permai blok i/3,7371031004,7371031,jl letjen. hertasning permata hijau permai blok i/3
6425387,"sinar surya, cv",komp. puri taman sari blok d2/16,7371031004,7371031,komp. puri taman sari blok d2/16
6425388,"batu mas, cv",jl tidung mariolo no 8 e,7371031006,7371031,jl tidung mariolo no 8 e
6425389,"maha multi, cv",jl raya pendidikan blok f no 17,7371031006,7371031,jl raya pendidikan blok f no 17
6425390,"naya cemerlang, cv",jl raya pendidikan komp. ikip blok a1/15,7371031006,7371031,jl raya pendidikan komp. ikip blok a1/15
6425391,"prima jaya karya, cv",jl emmy saelan iii no 48,7371031006,7371031,jl emmy saelan iii no 48
6425392,"restu anugrah, cv",jl emmy saelan iii/e no 10,7371031006,7371031,jl emmy saelan iii/e no 10
6425393,"dahwah persada, cv",jl rsi faisal xiv no 9 a,7371031007,7371031,jl rsi faisal xiv no 9 a
6425394,"rahmah, cv",jl faisal xvi no 77,7371031007,7371031,jl faisal xvi no 77
6425395,"wira tehnik, cv",jl anggrek blok a1 no 4 toddopuli raya,7371031007,7371031,jl anggrek blok a1 no 4 toddopuli raya
6425396,"bintang rezeki, cv",jl rsi faisal xii no 60,7371031008,7371031,jl rsi faisal xii no 60
6425397,"fajar teknik, cv",jl rs. islam faisal viii no 6 mks,7371031008,7371031,jl rs. islam faisal viii no 6 mks
6425398,"hapins, cv",jl rsi faisal x/33,7371031008,7371031,jl rsi faisal x/33
6425399,"naufal putra, cv",jl pelita raya v lr. 02/16,7371031008,7371031,jl pelita raya v lr. 02/16
6425400,"trisuma, cv",jl rsi faisal raya blok 25b/6,7371031008,7371031,jl rsi faisal raya blok 25b/6
6425401,"arezmah consultant, cv",jl rappocini raya no 206,7371031009,7371031,jl rappocini raya no 206
6425402,"ariani, cv",jl rappocini raya no 206,7371031009,7371031,jl rappocini raya no 206
6425403,"bone raya, cv",jl rappocini raya lr. 9c no 34,7371031009,7371031,jl rappocini raya lr. 9c no 34
6425404,"cahaya harmoni, cv",jl rappocini raya no 181 f,7371031009,7371031,jl rappocini raya no 181 f
6425405,"jaguar inti perkasa, cv",jl rappocini raya iii no 53 c,7371031009,7371031,jl rappocini raya iii no 53 c
6425406,"liandri teknik, cv",rappocini raya v no 23,7371031009,7371031,rappocini raya v no 23
6425407,"mitra makassar, cv",jl rappocini raya 9/9 no 12,7371031009,7371031,jl rappocini raya 9/9 no 12
6425408,"multi cipta adhirancana, cv",jl r.s.i. faisal vi no 21,7371031009,7371031,jl r.s.i. faisal vi no 21
6425409,"mutiara sittah, cv",jl rappocini raya no 92,7371031009,7371031,jl rappocini raya no 92
6425410,"reza bangun persada, cv",jl rappocini raya no 206,7371031009,7371031,jl rappocini raya no 206
6425411,"ridwan putera utama, cv",jl rappocini lrg. 11d no 15,7371031009,7371031,jl rappocini lrg. 11d no 15
6425412,"rokets prima teknik, cv",jl rappocini raya lr 11d/15 buakana,7371031009,7371031,jl rappocini raya lr 11d/15 buakana
6425413,"tri ratna perkasa, cv",jl rappocini raya citra griyatama estate blok c no 13 a,7371031009,7371031,jl rappocini raya citra griyatama estate blok c no 13 a
6425414,"yudha pratama group, cv",jl rappocini raya griyatama blok b/1,7371031009,7371031,jl rappocini raya griyatama blok b/1
6425415,"anugrah pelita perdana, cv",jl pelita raya blok a-46 no 49,7371031010,7371031,jl pelita raya blok a-46 no 49
6425416,"archindo b design, cv",jl pelita raya ii a no 9,7371031010,7371031,jl pelita raya ii a no 9
6425417,"cahaya pelita, cv",jl pelita raya blok a 46/49,7371031010,7371031,jl pelita raya blok a 46/49
6425418,"rezki arini, cv",jl timah v blok a.29 no 8,7371031010,7371031,jl timah v blok a.29 no 8
6425419,"syahrinah, cv",jl pelita raya blok a no 5,7371031010,7371031,jl pelita raya blok a no 5
6425420,"adhi prima mandiri, cv",jl toddopuli 19,7371031,7371031,jl toddopuli 19
6425421,"dwidana, cv",jl komp. ikip b ii no 27/28,7371031,7371031,jl komp. ikip b ii no 27/28
6425422,"panca sarana utama, cv",jl raya pendidikan a. no 2,7371031,7371031,jl raya pendidikan a. no 2
6425423,"tujuh purnama, cv",jl raya pendidikan a no 2,7371031,7371031,jl raya pendidikan a no 2
6425594,"alnaufah, cv",jl karunrung raya n0. 38,7371031009,7371031,jl karunrung raya n0. 38
6425945,"murni abadi, cv",jl rsi faisal raya blok 25 b no 6,7371031007,7371031,jl rsi faisal raya blok 25 b no 6
6427299,"runa abadi mandiri, pt",jl btn minasa upa blok g 8/3,7371031,7371031,jl btn minasa upa blok g 8/3
6427311,"makassar jaya mandiri, cv",btn minasa upa blok n5 no 3,7371031001,7371031,btn minasa upa blok n5 no 3
6427412,"sakinah indah cemerlang, cv",jl rifky blok e3 no 2 bph,7371031001,7371031,jl rifky blok e3 no 2 bph
6427415,"anugrah kencana, cv",jl raya pendidikan a2,7371031006,7371031,jl raya pendidikan a2
6427416,"nurcawa cipta utama, cv",jl sabililhaq lr 5 no 51 tamalanrea jaya,7371031007,7371031,jl sabililhaq lr 5 no 51 tamalanrea jaya
6427417,"to buki putra kumara, cv","jl a. djemma lr 6 no 8, kel. banta - bantaeng",7371031007,7371031,"jl a. djemma lr 6 no 8, kel. banta - bantaeng"
6427481,"yusran karya pratama, cv",btn cv dewi b5 no 8,7371031004,7371031,btn cv dewi b5 no 8
6427512,"karampuang jaya utama, pt",btn minasa sari blok b15 no 1,7371031,7371031,btn minasa sari blok b15 no 1
6427513,"paraikatte karya mandiri, pt",jl aroepala <depan sekolah al azhar>,7371031,7371031,jl aroepala <depan sekolah al azhar>
6427514,"amala, pt",jl aroepala no 28 b,7371031,7371031,jl aroepala no 28 b
6427515,"rimba karya utama, pt",komp pertama sari ps 111 no 8,7371031001,7371031,komp pertama sari ps 111 no 8
6427516,"alia jaya, pt",perum kisel damai blok g2,7371031001,7371031,perum kisel damai blok g2
6427517,"alfindo perkasa, pt","komp jipang permai dp 1 no 1, jl jipang raya",7371031002,7371031,"komp jipang permai dp 1 no 1, jl jipang raya"
6427518,"pratama goden jaya, pt",jl karaeng bonto tangnga no 4,7371031002,7371031,jl karaeng bonto tangnga no 4
6427519,"ratal utama karya, pt","komp diagra, jl karunrung raya 2",7371031002,7371031,"komp diagra, jl karunrung raya 2"
6427520,"sibella cipta graha, pt",komp agraria blok a 9,7371031002,7371031,komp agraria blok a 9
6427521,"rafa putra perdana, pt",jl komp permata hijau lestari alok qi no 2,7371031004,7371031,jl komp permata hijau lestari alok qi no 2
6427523,"aurama karya, pt",jl permata hijau permai blok,7371031004,7371031,jl permata hijau permai blok
6427524,"isperial tunggal contractor, pt","komp gpi, jl hertasning barat e/7",7371031005,7371031,"komp gpi, jl hertasning barat e/7"
6427525,"wijaya karya, pt","komp gpi, jl hertasning",7371031005,7371031,"komp gpi, jl hertasning"
6427526,"multi karya cemerlang, pt","komp gpi blok e/17, jl hertasning",7371031005,7371031,"komp gpi blok e/17, jl hertasning"
6427527,"cakra perkasa, pt","komp gpi no 2a, jl hertasning",7371031005,7371031,"komp gpi no 2a, jl hertasning"
6427528,"putra perkasa, pt","komp gpi no 2a, jl hertasning",7371031005,7371031,"komp gpi no 2a, jl hertasning"
6427529,"ratu arta prima, pt","komp gpi no 2a, jl hertasning",7371031005,7371031,"komp gpi no 2a, jl hertasning"
6427533,"rope n works, pt",jl griya ayu mas blok b 2,7371031006,7371031,jl griya ayu mas blok b 2
6427534,"dayu putrindo, pt",jl mapala blok a 4 no 2a,7371031006,7371031,jl mapala blok a 4 no 2a
6427535,"maharasya citra abadi, pt",jl monumen emmy saelan 3,7371031006,7371031,jl monumen emmy saelan 3
6427536,"surya endar jaya, pt",jl raya pendidikan blok a4,7371031006,7371031,jl raya pendidikan blok a4
6427537,"rewako properti, pt",komp ikip blok a 2 no 3b,7371031006,7371031,komp ikip blok a 2 no 3b
6427538,"sinar jaya abadi acc, pt",komp pemda blok e,7371031006,7371031,komp pemda blok e
6427539,"kanza sejahtera, pt",jl landak bare lorong 8 no 30,7371031007,7371031,jl landak bare lorong 8 no 30
6427540,"purnama karya nugzaha, pt",jl landak baru,7371031007,7371031,jl landak baru
6427543,"surya puzulindo, pt","ruko new zamrud blok e/5, jl ap pettarani",7371031008,7371031,"ruko new zamrud blok e/5, jl ap pettarani"
6427545,"mitracel inti utama, pt",jl nikel 1 no 3,7371031010,7371031,jl nikel 1 no 3
6427546,"gatras, pt",jl pelita raya no,7371031010,7371031,jl pelita raya no
6427547,"mut engineering, pt",jl pelita raya tengah blok a1 no 2,7371031010,7371031,jl pelita raya tengah blok a1 no 2
6427548,"bawakaraeng purnama wijaya, pt",jl timah i blok a 24 no 20,7371031010,7371031,jl timah i blok a 24 no 20
6427549,"nur ali mandiri, pt",jl nikel i blok a 22 no 30,7371031010,7371031,jl nikel i blok a 22 no 30
6427550,"dua delapan propertindo, pt",jl timah ii blok a 25 no 3,7371031010,7371031,jl timah ii blok a 25 no 3
6428446,"kencana pradana abadi, pt",jl timah v blok a29 no 3,7371031010,7371031,jl timah v blok a29 no 3
6428451,"garis global gianindo, pt",btn mangasa permai blok y 1/9 makassar,7371031001,7371031,btn mangasa permai blok y 1/9 makassar
6428470,"wira karya abadi mandiri, pt","ruko business center blok c no 9, jl ap pettarani",7371031008,7371031,"ruko business center blok c no 9, jl ap pettarani"
6428473,"pradipta raya sejahtera, pt",jl timah i no 13,7371031010,7371031,jl timah i no 13
6428475,"samudera phinisi abadi, pt",jl pelita raya blok a14 no 1,7371031010,7371031,jl pelita raya blok a14 no 1
6428498,"wira karsa konstruksi, pt",jl rsi faisal xii no 60,7371031007,7371031,jl rsi faisal xii no 60
6428500,"ammani haluang nusantara, pt",jl banta-bantaeng no 44,7371031007,7371031,jl banta-bantaeng no 44
6428502,"agra arta jaya, pt",jl landak baru no 112a,7371031007,7371031,jl landak baru no 112a
6428503,"anisa jaya konstruksi, pt",btn minasa upa n.10 no 20,7371031001,7371031,btn minasa upa n.10 no 20
6428504,"turi raih saro, pt",jl talasalapang raya no 9 makassar,7371031001,7371031,jl talasalapang raya no 9 makassar
6428507,"mega riski pratama, pt",jl mappala blok e28/3c,7371031006,7371031,jl mappala blok e28/3c
6428512,"adhe karya persada, pt",komp anging mammiri residence h4/35,7371031002,7371031,komp anging mammiri residence h4/35
6428516,"hafiz kalam, pt",jl hertasning baru komp. anging mammiri blok c 3 no 3,7371031002,7371031,jl hertasning baru komp. anging mammiri blok c 3 no 3
6428518,"anugerah dewa utama, pt",monumen emi saelan iii no 28,7371031002,7371031,monumen emi saelan iii no 28
6428526,"awalindo teknik pratama, pt",perum bumi pesona pelangi jl biru no 10,7371031001,7371031,perum bumi pesona pelangi jl biru no 10
6428527,"karya anugerah pasifik, pt",btn minasa upa blok b5 no 19,7371031001,7371031,btn minasa upa blok b5 no 19
6488797,cv. super logam,jl. rappocini raya no.182,7371031,7371031,jl. rappocini raya no.182
6489467,pisana banana chip,btn minasa upa j7/17,7371031,7371031,btn minasa upa j7/17
6592968,depot jaya,jl btn pek blok h12,7371031001,7371031,jl btn pek blok h12
6592969,bengkel las 5a,"jl karunrung raya no 11, rt 005 rw 011",7371031002,7371031,"jl karunrung raya no 11, rt 005 rw 011"
6592970,kue panada <sartika dewi>,karunrung raya no 1 rt 005 rw 001,7371031002,7371031,karunrung raya no 1 rt 005 rw 001
6592971,taylor agung,jl emy saelan 3 rt 005 rw 001,7371031002,7371031,jl emy saelan 3 rt 005 rw 001
6592972,kue bolu <dg. senga>,jl. bonto lanra lr 2,7371031007,7371031,jl. bonto lanra lr 2
6592973,depot air nurul akbar,jl. bontolanra lr. 4 no. 19c,7371031007,7371031,jl. bontolanra lr. 4 no. 19c
6592974,irwan workshop,"minasa upa j 10, 10",7371031011,7371031,"minasa upa j 10, 10"
6592975,penjahit habsa,"minasa upa j3, 22",7371031011,7371031,"minasa upa j3, 22"
6592976,narwis aquarium,"minasa upa m17, 9",7371031011,7371031,"minasa upa m17, 9"
6592977,las mas toyyib,"minasa upa j11, 11",7371031011,7371031,"minasa upa j11, 11"
6592978,ghady florist,"minasa upa j11, 12",7371031011,7371031,"minasa upa j11, 12"
6618857,amanda brownies,"kompl minasa upa bl c-1, jl. aroeppala no.8, gn. sari, kec. rappocini, kota makassar, sulawesi selatan 90233",7371031011,7371031,"kompl minasa upa bl c-1, jl. aroeppala no.8, gn. sari, kec. rappocini, kota makassar, sulawesi selatan 90233"
6619975,teras kondang,jl. jipang raya no. 20,7371031002,7371031,jl. jipang raya no. 20
6619977,kampoeng classik,jalan pelita raya 2,7371031008,7371031,jalan pelita raya 2
6620007,ayam bakar madaeng pelita,jalan pelita raya a27,7371031010,7371031,jalan pelita raya a27
6620423,del manggo hertasning,jl. aroeppala no.9,7371031004,7371031,jl. aroeppala no.9
6620922,warung bakso mas komeng,jl. tudung ix blk 7 no. 6,7371031004,7371031,jl. tudung ix blk 7 no. 6
6620931,mie mangko,jl. letjen hertasning no.18d,7371031004,7371031,jl. letjen hertasning no.18d
6622913,"dayyan sejahtera, cv",btn skarda ii mangasa permai blok s no 9,7371031001,7371031,btn skarda ii mangasa permai blok s no 9
6623222,"jusuf perkasa, cv","komp perum permata hijau lestari blok p-11, jl aroepala no 2",7371031004,7371031,"komp perum permata hijau lestari blok p-11, jl aroepala no 2"
6623403,"mafifa anugrah, cv",jl tidung 10 blok 12 no 248,7371031003,7371031,jl tidung 10 blok 12 no 248
6623504,"akasah bumi cemerlang, cv",jl hertasning raya timur no 17,7371031006,7371031,jl hertasning raya timur no 17
6623513,"solusi konstruksi makassar, cv",perum puri mutiara 3 no 26,7371031009,7371031,perum puri mutiara 3 no 26
6623548,"akubangun bersama indonesia, cv",jl yusuf daeng ngawing komp btn pemda no e24/2,7371031006,7371031,jl yusuf daeng ngawing komp btn pemda no e24/2
6623578,"khakha konstruksi, cv",jl rappocini raya blok 206,7371031008,7371031,jl rappocini raya blok 206
6623606,"bumi perkasa bangunindo, cv",btn minasa upa blok m4/7,7371031001,7371031,btn minasa upa blok m4/7
6623897,"amerta multikondo, cv",btn minasa upa blok d/4 no 10,7371031011,7371031,btn minasa upa blok d/4 no 10
6623984,"mataruang laksana cipta, cv",andi muhammad fauzi surjan,7371031006,7371031,andi muhammad fauzi surjan
6624230,"kahaka steel, cv",btn minasa upa blok n 16 no 12,7371031001,7371031,btn minasa upa blok n 16 no 12
6624265,"nusantara pandemi utama, pt",jl jipang rayaaudiovolumeupaudiovolumeup,7371031002,7371031,jl jipang rayaaudiovolumeupaudiovolumeup
6624298,"mama asiah, cv",jl r s i faisal xii no 7,7371031007,7371031,jl r s i faisal xii no 7
6624414,"hasanah jaya teknik, cv",jl sungai saddang baru no 188 b,7371031010,7371031,jl sungai saddang baru no 188 b
6624645,"saoraja pelita utama, cv","perum marios regency no b3, jl buakana",7371031008,7371031,"perum marios regency no b3, jl buakana"
6624685,"nusa bumi cemerlang, cv",jl hertasning raya timur no 17,7371031004,7371031,jl hertasning raya timur no 17
6624909,"afar prima sakti, cv",jl hertasning barat i blok 23 no 62,7371031005,7371031,jl hertasning barat i blok 23 no 62
6624940,"media propertama investindo, pt","jl pelita raya 6 no c12, rt 001/rw 006",7371031008,7371031,"jl pelita raya 6 no c12, rt 001/rw 006"
6625287,"dikawal rara sejahtera, cv",jl jipang raya ii no 24,7371031002,7371031,jl jipang raya ii no 24
6625321,"penunggang ombak, cv",jl jipang raya komp villa mega sari ruko a1 no 7,7371031002,7371031,jl jipang raya komp villa mega sari ruko a1 no 7
6625363,"buana mayanti, cv",griya maleo indah blok b8,7371031011,7371031,griya maleo indah blok b8
6625398,"real putra bakti, pt",jl skarda n 1 no 3 b,7371031001,7371031,jl skarda n 1 no 3 b
6625436,"ganendra niscala utama, pt",monginsidi baru blok ab 6 no 2,7371031010,7371031,monginsidi baru blok ab 6 no 2
6625499,"gamalion perkasa, cv","komp new zamrud a/4, jl andi pangeran pettarani",7371031008,7371031,"komp new zamrud a/4, jl andi pangeran pettarani"
6625544,"mulia sentosa jaya, cv",banta bantaeng ayulestari blok d no 11,7371031007,7371031,banta bantaeng ayulestari blok d no 11
6625724,"mitra solid jaya, cv",btn minasa upa blok j7 no 4,7371031011,7371031,btn minasa upa blok j7 no 4
6625778,"shazfa utama, cv",btn minasa upa blok n5 no 17,7371031011,7371031,btn minasa upa blok n5 no 17
6625884,"angkasa raya perkasa, cv",komp puri taman sari blok c 7 no 7,7371031004,7371031,komp puri taman sari blok c 7 no 7
6626332,"rachmat abadi, cv",btn minasa upa blok l 2 no 18,7371031011,7371031,btn minasa upa blok l 2 no 18
6626337,"dua putra rajawali mandiri, cv",jl sungai saddang baru,7371031010,7371031,jl sungai saddang baru
6626343,"a3 bangun persada, cv",komp btn minasa upa blok m 10 nomor 20,7371031011,7371031,komp btn minasa upa blok m 10 nomor 20
6626360,"nuansaindah propertindo, pt",komp ruko new zamrud blok c6 jl a p pettarani,7371031008,7371031,komp ruko new zamrud blok c6 jl a p pettarani
6626827,"haruna jaya berkah, cv",jl banta - bantaeng no 52,7371031007,7371031,jl banta - bantaeng no 52
6626937,"install rekayasa engineering, pt",jl rappocini raya no 14 a,7371031007,7371031,jl rappocini raya no 14 a
6627134,"amstel konstruksi, cv",jl tamalate v setapak 8,7371031004,7371031,jl tamalate v setapak 8
6627309,"annora fatihah, cv",jl timah i blok a24 no 14,7371031010,7371031,jl timah i blok a24 no 14
6627380,yotta,"jalan talasalapang 2, gunung sari, rappocini, makassar, sulawesi selatan, sulawesi, 90222, indonesia",7371031001,7371031,"jalan talasalapang 2, gunung sari, rappocini, makassar, sulawesi selatan, sulawesi, 90222, indonesia"
6627407,"alif putra karya, cv",jl landak baru 73/41,7371031007,7371031,jl landak baru 73/41
6627442,"yanka intiland, cv",btn minasasari blok b 11 no 8,7371031011,7371031,btn minasasari blok b 11 no 8
6627500,"putra celebes energi, pt",jl ap pettarani blok e27 no 29,7371031006,7371031,jl ap pettarani blok e27 no 29
6627554,"phinisi celebes nusantara, pt",permata hijau permai blok m no 7 b,7371031004,7371031,permata hijau permai blok m no 7 b
6628024,"usaha karya mandiri sejahtera, cv",jl ap pettarani ruko pettarani center blok b27,7371031008,7371031,jl ap pettarani ruko pettarani center blok b27
6628505,"tri multazam abadi, pt",jl perum taman yasmin indah blok a 1/3,7371031003,7371031,jl perum taman yasmin indah blok a 1/3
6628508,"fnf engineering, cv",jl beringin ii no 06,7371031004,7371031,jl beringin ii no 06
6628748,"trisula mandiri group, pt",jl btn minasa upa blok f,7371031011,7371031,jl btn minasa upa blok f
6628945,"careso mitra sekawan, pt",jl toddoppuli raya no 4a,7371031004,7371031,jl toddoppuli raya no 4a
6629501,"hajja yangki, cv",bosowa permai minasa upa blok b4 no 2,7371031001,7371031,bosowa permai minasa upa blok b4 no 2
6629556,"sulthan rayyan sakti, cv",jl teduh bersinar komp griya fajar mas regency,7371031001,7371031,jl teduh bersinar komp griya fajar mas regency
6629593,"asaba berkarya, cv",jl bontomene no 9b,7371031007,7371031,jl bontomene no 9b
6629704,"tata putra group, cv",jl palm merah no 21 panakkukang,7371031004,7371031,jl palm merah no 21 panakkukang
6629759,"tri gemilang maju, pt","jl puri taman sari blok b3 no 5, kota makassar",7371031004,7371031,"jl puri taman sari blok b3 no 5, kota makassar"
6629967,"adeeva jaya konstruksi, cv","perum anging mamiri blok d 4 nomor 6, jl aroepala",7371031004,7371031,"perum anging mamiri blok d 4 nomor 6, jl aroepala"
6630535,golden asian resto,"four points by sheraton, jalan bonto manai, banta-bantaeng, rappocini, makassar, sulawesi selatan, sulawesi, 90235, indonesia",7371031007,7371031,"four points by sheraton, jalan bonto manai, banta-bantaeng, rappocini, makassar, sulawesi selatan, sulawesi, 90235, indonesia"
6631632,koala es teh,"jalan tala' salapang, gunung sari, rappocini, makassar, sulawesi selatan, sulawesi, 92221, indonesia",7371031001,7371031,"jalan tala' salapang, gunung sari, rappocini, makassar, sulawesi selatan, sulawesi, 92221, indonesia"
6631697,"cahaya kupa, cv",jl rsi faisal xiv blok c/57,7371031007,7371031,jl rsi faisal xiv blok c/57
6631882,"duo family gemilang, cv",jl aroepala perum belmont residence blok c no 16,7371031004,7371031,jl aroepala perum belmont residence blok c no 16
6633282,"afpal nusantara development, pt",jl sultan alauddin perum bumi permata hijau bumi 18 a15 no 2,7371031001,7371031,jl sultan alauddin perum bumi permata hijau bumi 18 a15 no 2
6633298,"laju jaya nusantara, cv",jl beringin raya 4 no 8,7371031004,7371031,jl beringin raya 4 no 8
6633300,"gemilang tirta mandiri, cv",komp puri mutiara blok mutiara ii no 22,7371031009,7371031,komp puri mutiara blok mutiara ii no 22
6633579,"cahaya mutiara berkah, cv",perum taman yasmin blok a1 no 6,7371031003,7371031,perum taman yasmin blok a1 no 6
6633589,"qiana nafeeza, cv",btn minasa upa blok k2 no 7,7371031001,7371031,btn minasa upa blok k2 no 7
6638836,"sumber rezky jaya, cv",perum anging mammiri residence blok b1/ no 25,7371031002,7371031,perum anging mammiri residence blok b1/ no 25
6638936,"restu adhi perkasa, cv",taman yasmin blok e 1 no 3,7371031003,7371031,taman yasmin blok e 1 no 3
6652986,lorong wisata wahdah sehati,jln tidung vi setapak 1,7371031003,7371031,jln tidung vi setapak 1
6698781,pt bgr logistik indonesia,jl. hertasning kompleks perumahan palm mas no. 7,7371031008,7371031,jl. hertasning kompleks perumahan palm mas no. 7
6699945,belle emile .cv,jalan hertasning no. 36,7371031006,7371031,jalan hertasning no. 36
6700916,"pt. zurich asuransi indonesia, tbk",jalan sultan alauddin plaza ruko boulevard blok a no. 21-22,7371031001,7371031,jalan sultan alauddin plaza ruko boulevard blok a no. 21-22
6702483,"kasyaradotcom, pt",jl. bonto langkasa i no.1c makassar,7371031007,7371031,jl. bonto langkasa i no.1c makassar
6702496,"alesha dessert, ud",jl tamalate 4 setapak 6 makassar,7371031004,7371031,jl tamalate 4 setapak 6 makassar
