IDSBR,Nama Usaha,Alamat,Kode Wilayah,Status Perusahaan,len,kode_kecamatan,nama_kecamatan
97443983,WARUNG MAKAN BUNDA RAHAYU,JALAN TALASALAPANG,7371031002,Aktif,10,7371031,Rappocini
97458630,HISANA FRIED CHICKEN,JL HERTASNING BARU,7371031004,Aktif,10,7371031,Rappocini
97457652,ADLU CELL (AGUS),JL.RAPPOCINI RAYA NO.210,7371031008,Aktif,10,7371031,Rappocini
97445202,BFC (AYAM CRISPY),JALAN TAMALATE I,7371031003,Aktif,10,7371031,Rappocini
97445100,PLANET LAUNDRY (YANI),JL TALASALAPANG RUKO,7371031002,Aktif,10,7371031,Rappocini
97444919,BANK SAMPAH PELITA HARAPAN,JL PELITA 4,7371031010,Aktif,10,7371031,Rappocini
97446367,LAUNDRY CORNER,JALAN TALASALAPANG,7371031002,Aktif,10,7371031,Rappocini
97442196,KSP CELEBES,KOMP BUKIT MAS JL TALASALAPANG,7371031002,Aktif,10,7371031,Rappocini
97448060,DAGANG GROSIR SANDAL <RUSLAN>,TIDUNG 6,7371031003,Aktif,10,7371031,Rappocini
97442308,LOKET ON LINE,MONGINSIDI BARU BLOK AB 5,7371031010,Aktif,10,7371031,Rappocini
97443370,FLORA SALON (PATTA NURIDA),JALAN TALASALANG NO 50,7371031002,Aktif,10,7371031,Rappocini
97443160,DAPUR RESTORAN,JL TALASALAPANG,7371031002,Aktif,10,7371031,Rappocini
97443830,PENJAHITAN (SUDIRMAN),JALAN TIDUNG 6 STP 6 NO. 131 RT 3 RW 4 90222,7371031003,Aktif,10,7371031,Rappocini
97453552,KOST PUTRI,BONTO TANGNGA,7371031002,Aktif,10,7371031,Rappocini
97452374,WARUNG SOP UBI(TATY AZWATI),TIDUNG 7,7371031003,Aktif,10,7371031,Rappocini
97453578,SAHABAT GAME 2 <YARIS>,JL. MONUMEN EMMY SAELAN 3,7371031006,Aktif,10,7371031,Rappocini
97452057,WARUNG CAMPURAN (ST MARWAH),JALAN TIDUNG 7,7371031003,Aktif,10,7371031,Rappocini
97452058,JUAL AIR GALON DAN AIR MINERAL (HERI),JL RAPPOCINI RATA,7371031008,Aktif,10,7371031,Rappocini
97453739,KIOS RAPPOCINI (SUANDI),JL. RAPPOCINI RAYA NO.192,7371031008,Aktif,10,7371031,Rappocini
97447251,KONSULTAN HUKUM (ADVOKAT),JL GRIYA AYU MAS,7371031006,Aktif,10,7371031,Rappocini
97450627,NOTARIS,TAMALATE 2 NO 101,7371031004,Aktif,10,7371031,Rappocini
97449639,DEPOT SIMPATI (RAHMAN),JL MAKKIO BAJI 3,7371031006,Aktif,10,7371031,Rappocini
97453838,PENYEWAAN KAMAR ALFATIH (HARUNA),JLN MONUMEN EMMY SAELAN 3 NO 25 A,7371031006,Aktif,10,7371031,Rappocini
97458150,LOUNDRY ONE FRESH,JL. MON.EMMY SAELAN 3,7371031006,Aktif,10,7371031,Rappocini
97453917,PENYEWAAN AMBULANCE (H MUNIR),JL.RAPPOCINI RAYA NO.276,7371031008,Aktif,10,7371031,Rappocini
97458218,HOTEL MAKASSAR INDAH,EMY SAELAN,7371031001,Aktif,10,7371031,Rappocini
97450802,WARUNG CAMPURAN(AMIRUDIN),TIDUNG 6 STP 11,7371031003,Aktif,10,7371031,Rappocini
97453198,LOKET PEMBAYARAN ONLINE LISTRIK (HASNIA),JALAN TIDUNG 7,7371031003,Aktif,10,7371031,Rappocini
97450040,PRIMA FUTSAL (H. SULAIMAN),JL MAKKIO BAJI,7371031006,Aktif,10,7371031,Rappocini
97456460,BENGKEL MOTOR DALLE RAPPO (SHERLY),JL RAPPOCINI RAYA NO.278 B,7371031008,Aktif,10,7371031,Rappocini
97450928,DOKTER PRAKTEK (IRWANTO),TAMALATE 2 BLOK 13 NOMOR 9,7371031003,Aktif,10,7371031,Rappocini
97450357,TOKO KENCANA JAYA (ARDIS),JL. MON.EMMY SAELAN,7371031006,Aktif,10,7371031,Rappocini
97450141,KLINIK GG (HAMZAH),JL MON.EMMY SAELAN,7371031006,Aktif,10,7371031,Rappocini
97457784,SENTRA PAKAIAN BEKAS,JL AROEPALA,7371031004,Aktif,10,7371031,Rappocini
97457808,JUAL BAKSO QALBU (H ILHAM),GEDUNG BALAI SIDANG UNISMUH,7371031001,Aktif,10,7371031,Rappocini
97457809,RUMBU,JL TALASALAPANG <GRAHA ASRI ESTATE A3>,7371031001,Aktif,10,7371031,Rappocini
97457810,APOTEK KENZA,TALLASALAPANG RAYA,7371031001,Aktif,10,7371031,Rappocini
97457807,CANDY CELL (HJ JIME),JL ALAUDDIN RAYA,7371031001,Aktif,10,7371031,Rappocini
97451903,DESAIN GAMBAR BANGUNAN (RAHMAT),JLN MONUMEN EMMY SAELAN 3 LR 50 A,7371031006,Aktif,10,7371031,Rappocini
97457859,CAHAYA ABADI KOMPUTER,SULTAN ALAUDDIN,7371031001,Aktif,10,7371031,Rappocini
97461282,89 CELL,JL TALASALAPANG PERUM JIPANG PERMAI BLOK DP 9 NO 5,7371031002,Aktif,10,7371031,Rappocini
97470855,BENGKEL MAHA MERU MOTOR,JL RAPPOCINI RAYA NO 26,7371031009,Aktif,10,7371031,Rappocini
97470856,BRITON ENGLISH,JL AROEPALA NO 41,7371031004,Aktif,10,7371031,Rappocini
97465819,UD RASNI BUDI MULIA,JL TALASALAPANG NO 99,7371031002,Aktif,10,7371031,Rappocini
97470932,PENJUAL PULSA (SALMIATI),JL RAPPOCINI RAYA LR 3,7371031009,Aktif,10,7371031,Rappocini
97451315,STOKERS HP,JL FAISAL II NO 35,7371031007,Aktif,10,7371031,Rappocini
97465981,FABEL CELL,JALAN TIDUNG 10 NO 246,7371031003,Aktif,10,7371031,Rappocini
97451450,ROEMAH SABLON MAKASSAR,JL TIDUNG 9 STP 12 NO 271,7371031003,Aktif,10,7371031,Rappocini
97451451,HOTEL RUBY,JL PENGAYOMAN,7371031008,Aktif,10,7371031,Rappocini
97471193,KANTOR PENGACARA AMIRULLAH TAHIR,JALAN AP PETTARANI RUKO NEW ZAMRUD,7371031008,Aktif,10,7371031,Rappocini
97465271,ISTANA VARIASI (RUDI),SULTAN ALAUDDIN,7371031001,Aktif,10,7371031,Rappocini
97451536,APOTEK SETIA FARMA (ADI),TAMALATE 1 NOIA,7371031005,Aktif,10,7371031,Rappocini
97451642,SUKSES JAYA MOTOR (YOSEP),JL MON.EMMY SAELAN,7371031006,Aktif,10,7371031,Rappocini
97465395,FRASYA FASHION,LANDAK BARU,7371031007,Aktif,10,7371031,Rappocini
97465489,DEPOT SAS,JALAN TIDUNG 10 NO 263,7371031003,Aktif,10,7371031,Rappocini
97448520,SD MUHAMMADIYAH,JL RAPPOCINI RAYA LR 2 NO 16,7371031009,Aktif,10,7371031,Rappocini
97455202,BANK SAMPAH (HASNAH),JL RAPPOCINIRAYA LR 2,7371031009,Aktif,10,7371031,Rappocini
97455266,BANK SAMPAH AISIYAH,JL RAPPOCINI RAYA NO.7A,7371031009,Aktif,10,7371031,Rappocini
97455379,SD INPRES CILALLAN <HJ. HASNIAH>,JL CILALLAN JAYA NO 30,7371031008,Aktif,10,7371031,Rappocini
97459674,JUALAN BAKSO TUSUK KELILING,JALAN TIDUNG,7371031003,Aktif,10,7371031,Rappocini
97464034,PENJAHITAN SASIKIN (KARIM),JL TIDUNG 10 STP 7 NO.64,7371031003,Aktif,10,7371031,Rappocini
97455607,JUAL BARANG PLASTIK (HUMAIRAH),MONGINSIDI BARU,7371031010,Aktif,10,7371031,Rappocini
97455667,JUAL PULSA (SYAMSINAR),JALAN TIDUNG 7,7371031003,Aktif,10,7371031,Rappocini
97452758,WARUNG SEMBAKO(ABDUL AZIS),JALAN TIDUNG 7,7371031003,Aktif,10,7371031,Rappocini
97455755,TOKO SEMBAKO (PUTRI),JL KR BONTOTANGNGA,7371031002,Aktif,10,7371031,Rappocini
97473301,USAHA BENTOR (MARLIN),JL JAMALATE 2 UJUNG,7371031003,Aktif,10,7371031,Rappocini
97473342,CUCI MOTOR (BUHATIJA),JL TIDUNG 10 STP 1 NO 28,7371031003,Aktif,10,7371031,Rappocini
97473377,TOKO ATIFAK,KOMP IKIP BLOK G III NO 9,7371031006,Aktif,10,7371031,Rappocini
97473396,TOKO (RAHMAN),JL TIDUNG 10 STP 7 NO 14,7371031003,Aktif,10,7371031,Rappocini
97473433,TK MAHARDIKA,FAISAL,7371031007,Aktif,10,7371031,Rappocini
97473435,BRITON,JALAN TALASALAPANG,7371031002,Aktif,10,7371031,Rappocini
97476264,GEDUNG AUDITORIUM AMANAGAPPA,JL RAYA PENDIDIKAN UNM,7371031006,Aktif,10,7371031,Rappocini
97468653,APOTIK MIRZHA,AROPALA NO 26,7371031004,Aktif,10,7371031,Rappocini
97476287,TOKO (HJ HAJERAWATI),JL TIDUNG 9 NO 139,7371031003,Aktif,10,7371031,Rappocini
97476307,NATURAL WALPAPER,JL RAPPOCINI RAYA NO 89 C,7371031009,Aktif,10,7371031,Rappocini
97476370,PENJUALAN PAKAIAN ANAK (ANDI TENRI A),JL BONTOLANGKASA,7371031007,Aktif,10,7371031,Rappocini
97468706,TPA AL JAUHARATUL HUDRO,JL HERTASNING BARU,7371031004,Aktif,10,7371031,Rappocini
97473642,RUSDI GALLERY,LANDAK BARU KOMPLEKS,7371031007,Aktif,10,7371031,Rappocini
97468745,BAKMI JAWA PAK PARDI,HERTASNING BARU NO 30,7371031004,Aktif,10,7371031,Rappocini
97473737,FOTO COPY,JL TALASALAPANG PERUM JIPANG PERMAI BLOK DP 9 NO 5,7371031002,Aktif,10,7371031,Rappocini
97473773,WARUNG SEMBAKO,KOMP IKIP BLOK B III NO 17,7371031006,Aktif,10,7371031,Rappocini
97474397,BENGKEL RM 09,JL TIDUNG 9 STP 11 NO 140,7371031003,Aktif,10,7371031,Rappocini
97473889,RINI BERKAH (KUE KERING),JL TIDUNG 9 STP 4 NO 100,7371031003,Aktif,10,7371031,Rappocini
97474625,JUALAN PAKAIAN (PAJA),JL TAMALATE 2 UJUNG,7371031003,Aktif,10,7371031,Rappocini
97474054,KOPI SAHABAT (MAEMUNAH),JL TIDUNG 10 NO 8,7371031003,Aktif,10,7371031,Rappocini
97473998,JR LOUNDRY (ISMAIL),TAMALATE 1 NO 12 B,7371031005,Aktif,10,7371031,Rappocini
97490476,PENJUAL TUPPER WARE (CUT HERNAWATI),KOMP BUMI PESONA PELANGI BLOK UNGU NO 1,7371031001,Aktif,10,7371031,Rappocini
97490508,JUAL BELI MOGE,JALAN KELAPA TIGA 2 NO 22,7371031010,Aktif,10,7371031,Rappocini
97490511,KOST KOSTAN,JL BUMI 21,7371031001,Aktif,10,7371031,Rappocini
97490512,BUAT MEUBEL (SABARUDDIN),JL BUMI 23,7371031001,Aktif,10,7371031,Rappocini
97490521,WARUNG SEMBAKO (ANDI ARIS),PERUM GOSYEN INDAH,7371031001,Aktif,10,7371031,Rappocini
97490532,WARKOP SS,JL TAMALATE 1,7371031006,Aktif,10,7371031,Rappocini
97490551,BUTIK ZAHRA (SURYANI),JL TALASALAPANG RAYA NO 6,7371031001,Aktif,10,7371031,Rappocini
97490564,SANI FC (SYAMSUDDIN),JL TALASALAPANG RAYA,7371031001,Aktif,10,7371031,Rappocini
97490565,ICE QUEENSHA,JL TALASALAPANG RAYA,7371031001,Aktif,10,7371031,Rappocini
97490580,TOKO KELONTONG (CITRA),JL TODDOPULI 1 SETAPAK 1,7371031004,Aktif,10,7371031,Rappocini
97490520,ERANDO MART,JL AROEPAL A NO 27 B HERTIASNING BARU,7371031001,Aktif,10,7371031,Rappocini
97459722,SERVIS RESMI PIONEER,MONGINSIDI BARU,7371031010,Aktif,10,7371031,Rappocini
97459700,TUPPERWARE,TIDUNG 9 NO 46,7371031004,Aktif,10,7371031,Rappocini
97490630,DEWINTA TRAVEL,BTN MINASA UPA BLOK E1 NO 2,7371031001,Aktif,10,7371031,Rappocini
97490662,ARIB TOUR AND TRAVEL,JL AROEPALA TIMUR NO 62,7371031001,Aktif,10,7371031,Rappocini
97464082,TOKO BABA PETSHOP(ASWIN),JL TAMALATE 1 NO 6A,7371031005,Aktif,10,7371031,Rappocini
97472564,APOTIK BINTANG JAYA,JL RAPPOCINI RAYA NO 24 E,7371031009,Aktif,10,7371031,Rappocini
97472643,USAHA BENTOR,JL TAMALATE 2 UJUNG,7371031003,Aktif,10,7371031,Rappocini
97490940,PS PELITA ANUGRAH (RONI),JALAN PELITA RAYA NO 30,7371031010,Aktif,10,7371031,Rappocini
97490933,AROMA LAUNDRY(HAKIM),BTN MINASA UPA BLOK H 6 NO 10,7371031001,Aktif,10,7371031,Rappocini
97490926,UD SENANG,JL AROEPALA 65,7371031001,Aktif,10,7371031,Rappocini
97469775,JAHITAN (CITTA HAKIM),JL SUNGAI SADDANG BARU,7371031010,Aktif,10,7371031,Rappocini
97506019,KAS FC,JL TALASALAPANG RAYA,7371031001,Aktif,10,7371031,Rappocini
97506026,MINI MARKET,KAMPUS UNISMUH JL SULTAN ALAUDDIN NO 259,7371031001,Aktif,10,7371031,Rappocini
97506057,MEDICAL THERAPY DAN HERBAL STREAM,JL RAYA PENDIDIKAN 3 BLOK D/3 NO 14 A,7371031006,Aktif,10,7371031,Rappocini
97506061,MYLINHA CARGO (HJ MARLINA),JL RAYA PENDIDIKAN 3 BLOK A/3 NO 20,7371031006,Aktif,10,7371031,Rappocini
97469852,PONDOK 110,HERTASNING,7371031005,Aktif,10,7371031,Rappocini
97506092,ROTI DAN CAKE<EDIATI>,JALAN BUMI 8 BLOK 12A,7371031001,Aktif,10,7371031,Rappocini
97506104,DEPOT ANUGRAH LESTARI,JL TAMALATE 4 STP 15 NO 65 RT 03 RW 02 90222,7371031004,Aktif,10,7371031,Rappocini
97467674,AGEN POS PET WATT 45,JL RAPPOCINI RAYA NO.45,7371031009,Aktif,10,7371031,Rappocini
97469911,PENJUALAN PAKAIAN ADAT,JL TIDUNG 10 STP 7 NO.59,7371031003,Aktif,10,7371031,Rappocini
97506106,TOKO RACHMA,JL TAMALATE 4 NO 11,7371031004,Aktif,10,7371031,Rappocini
97469956,BSU SAPPOE,JL RAPPOCINI RAYA LR 4 NO,7371031009,Aktif,10,7371031,Rappocini
97448774,TOKO 88 (M TAHANG),TIDUNG 7 NO 88,7371031003,Aktif,10,7371031,Rappocini
97458956,WARUNG MAKAN MAS KIKI (ZAENAL),JL. SKARDA N 1,7371031006,Aktif,10,7371031,Rappocini
97462460,TOKO (TOKI),JL TIDUNG 10 NO 12,7371031003,Aktif,10,7371031,Rappocini
97463447,BUTIK (BASRI),JL TIDUNG 9 NO 142,7371031003,Aktif,10,7371031,Rappocini
97459066,PRAKTEK DOKTER GIGI (ERNAWATI),JALAN AP PETTARANI RUKO NEW ZAMRUD,7371031008,Aktif,10,7371031,Rappocini
97462521,TOKO CAMPURAN (KADERIA),JL TIDUNG 10 NO 2,7371031003,Aktif,10,7371031,Rappocini
97459117,BUS 47 (IRFAN),JL. SKARDA N 1,7371031006,Aktif,10,7371031,Rappocini
97459241,TOKO OLEH-OLEH CELEBES (AGUS),JL MON EMMY SAELAN 3,7371031006,Aktif,10,7371031,Rappocini
97463740,TOKO (ANTON),JL TIDUNG 8 STP 11 NO 215,7371031003,Aktif,10,7371031,Rappocini
97463741,PRAKTEK DOKTER UMUM  (DR GINA),JL HERTASNING RAYA,7371031008,Aktif,10,7371031,Rappocini
97459355,LOKET PEMBAYARAN LISTRIK,TIDUNG 7 STPK 3 NO.101,7371031003,Aktif,10,7371031,Rappocini
97459356,ES MOLY (RAHMI),JL.RAPPOCINI RAYA NO DEPAN ALFAMART,7371031008,Aktif,10,7371031,Rappocini
97459169,WARKOP CANGKIR,JL LANDAK BARU NO12,7371031007,Aktif,10,7371031,Rappocini
97459466,ISTANA VARIASI,SULTAN ALAUDDIN,7371031001,Aktif,10,7371031,Rappocini
97463854,WARKOP PA`DE,JLN SULTAN ALAUDDIN NO 191,7371031001,Aktif,10,7371031,Rappocini
97463855,KANTIN LAPAS KELAS I,JLN SULTAN ALAUDDIN NO 191 LAPAS KLS 1,7371031001,Aktif,10,7371031,Rappocini
97459519,RENTAL PS GADE (ERNAWATI),JL MONEMMY SAELAN NO 723 B,7371031006,Aktif,10,7371031,Rappocini
97496408,SALON IRA KHANZA,JALAN NIKEL 1 NO 17,7371031010,Aktif,10,7371031,Rappocini
97462901,GANESHA OPERATION,"JL. SULTAN ALAUDDIN, GUNUNG SARI, RAPPOCINI",7371031001,Aktif,10,7371031,Rappocini
97496426,DEPOT AIR MINUM (ABD SALAM),JL TALASALAPANG KOMP P&K BLOK E1 NO 1,7371031001,Aktif,10,7371031,Rappocini
97500431,PRIMA LAUNDRI,JALAN BAKTI 3 LR.2 NO.60,7371031010,Aktif,10,7371031,Rappocini
97496502,DEPOT AIR (WALAUDDIN),RAPPOCINI KEL.GUNUNG SARI,7371031001,Aktif,10,7371031,Rappocini
97502499,ASIA PRIMA,JL AROEPALA NO 67,7371031001,Aktif,10,7371031,Rappocini
97502502,AGEN LOUNDRY (DLOUNDRE),KOMP BUMI PESONA PELANGI BLOK UNGU NO 1,7371031001,Aktif,10,7371031,Rappocini
97500465,TOKO KUE DAN ROTI (ADI JAYA),JALAN TAMALATE 1 NO 23,7371031003,Aktif,10,7371031,Rappocini
97500468,APOTIK GLOBAL,HERTASNING,7371031004,Aktif,10,7371031,Rappocini
97502472,GUDANG TENDA,TIDUNG MARIOLO,7371031006,Aktif,10,7371031,Rappocini
97502514,PRAKTEK DOKTER GIGI,TAMALATE 1 NO 41,7371031004,Aktif,10,7371031,Rappocini
97502591,KOPERASI (SATYA DANA),BTN MINASA UPA BLOK L4 NO 10A,7371031001,Aktif,10,7371031,Rappocini
97500531,DISTRO M ONE,HERTASNING RAYA NO. 78,7371031006,Aktif,10,7371031,Rappocini
97502568,USAHA ANGKOT <SAHIR>,BTN MINASA UPA BLOK L17 NO 8,7371031001,Aktif,10,7371031,Rappocini
97502555,PEMINJAMAN UANG TUNAI <RESKI>,BTN MINASA UPA BLOK N 17 NO 6,7371031001,Aktif,10,7371031,Rappocini
97500488,SD INPRES MINASA UPA 1,BTN MINASA UPA BLOK 06,7371031001,Aktif,10,7371031,Rappocini
97502609,YELA JAYA <A RAHMAN>,BANTA BANTAENG,7371031007,Aktif,10,7371031,Rappocini
97502634,CAFE DAN RESTO RICE,JL AP PETTARANI,7371031007,Aktif,10,7371031,Rappocini
97500539,TOKO UTAMA BANGUNAN (EDI),JALAN SYECH YUSUF,7371031001,Aktif,10,7371031,Rappocini
97500557,KICHENETTO,KOMP KODAM KATANGKA BLOK 02,7371031001,Aktif,10,7371031,Rappocini
97502644,KIOS BERAS (MATTUPUANG),JL SYEKH YUSUF,7371031001,Aktif,10,7371031,Rappocini
97500548,SALON RIAS PENGANTIN (ERNI),KOMP KODAM KATANGKA BLOK G 17,7371031001,Aktif,10,7371031,Rappocini
97502626,LAWARA TOUR DAN RENTAL AKBAR,BTN MINASA UPA BLOK AB NO 11,7371031001,Aktif,10,7371031,Rappocini
97500622,JUAL TIKET ONLINE (NURFITRI),BTN MINASA UPA BLOK B7 NO 5,7371031001,Aktif,10,7371031,Rappocini
97500578,USAHA KRIPIK (ABDI),TAMALATE 4 SETAPAK 7 NO 16,7371031004,Aktif,10,7371031,Rappocini
97502643,BUTIK (NURHAYATI),JL SYEKH YUSUF,7371031001,Aktif,10,7371031,Rappocini
97500592,KANTIN AMANAH,BALAI SIDANG UNISMUH,7371031001,Aktif,10,7371031,Rappocini
97502642,PHINIS HOME STAY,JL RSI FAISAL RAYA 11 BLOK C20,7371031007,Aktif,10,7371031,Rappocini
97500593,RUMAH KOST (STEVIE),JL TALASALAPANG RAYA NO 26,7371031001,Aktif,10,7371031,Rappocini
97500594,CATERING ATTAUFIK PRATAMA,TALLASALAPANG RAYA,7371031001,Aktif,10,7371031,Rappocini
97500655,RUMAH KOST (AMINAH),JL BUMI 21,7371031001,Aktif,10,7371031,Rappocini
97500623,JUAL SAPI (HASANUDDIN),BTN MINASA UPA BLOK B10 NO 10,7371031001,Aktif,10,7371031,Rappocini
97502691,JAHIT PAKAIAN WANITA,BUMI BOSOWA INDAH BLOK L/16,7371031001,Aktif,10,7371031,Rappocini
97500671,LESEHAN BU COMO,JL SULTAN ALAUDDIN,7371031001,Aktif,10,7371031,Rappocini
97500672,FC BAMBA (JABIR SIGARA),JL TALASALAPANG RAYA NO,7371031001,Aktif,10,7371031,Rappocini
97502688,JUAL TABUNG GAS (DARWIS),KOMP BOSOWA INDAH BLOK J/11,7371031001,Aktif,10,7371031,Rappocini
97502689,HOME STAY,KOMP GRIYA FAJAR MAS BLOK L NO 8,7371031001,Aktif,10,7371031,Rappocini
97500669,RAJA HP (ANDI),JL TALASALAPANG RAYA NO 20,7371031001,Aktif,10,7371031,Rappocini
97502740,JUAL KUE KELILING (PONIA),JALAN BORONG INDAH NO 27,7371031004,Aktif,10,7371031,Rappocini
97490388,MIE TITI,JL HERTASNING,7371031001,Aktif,10,7371031,Rappocini
97490393,WARUNG KELONTONG (RFERY),BTN MINASA UPA BLOK N 15NO 14,7371031001,Aktif,10,7371031,Rappocini
97461673,TOKO OPA OMA (JENI R),JL TIDUNG 10 STP 3 NO 16,7371031003,Aktif,10,7371031,Rappocini
97461690,DEPOT ISI ULANG GALON,JL PERUMAHAN JIPANG PERMAK BLOK DP 9 NO 5,7371031002,Aktif,10,7371031,Rappocini
97461732,TPA ULUL ULMI,KARUNRUNG,7371031002,Aktif,10,7371031,Rappocini
97457266,TOKO TAS VIZA COLLECTION,JALAN AP PETTARANI RUKO NEW ZAMRUD BLOK C/19,7371031008,Aktif,10,7371031,Rappocini
97477277,GUEST HOUSE LA`RISS (TONI Y),JL BONTOLANGKASA 1,7371031007,Aktif,10,7371031,Rappocini
97477331,I KHALIFAH,JL JIPANG RAYA,7371031002,Aktif,10,7371031,Rappocini
97477646,ATAKI,JL LANDAK BATU NO 112 H,7371031007,Aktif,10,7371031,Rappocini
97471345,TK ANNUR (FASRIANI),JL MONGISIDI BARU,7371031010,Aktif,10,7371031,Rappocini
97476018,GLOBAL AIRLINES,JL MAPPALA,7371031006,Aktif,10,7371031,Rappocini
97486189,KOS KOSAN,JL BANTA BANTAENG,7371031007,Aktif,10,7371031,Rappocini
97486152,KLINIK GIGI REZA (RASYID),BTN MINASA UPA BLOK 88 NO19,7371031001,Aktif,10,7371031,Rappocini
97486178,SALON KECANTIKAN,JL LANDAK BARU,7371031007,Aktif,10,7371031,Rappocini
97486276,PLANET BUGAR(SUCI),JL MONUNEN EMMY SAELAN NO 30 D,7371031006,Aktif,10,7371031,Rappocini
97487543,BANANA BREAD (LUMIA MALA),JL ALAUDDIN <GRIYA FAJAR MAS>,7371031001,Aktif,10,7371031,Rappocini
97487540,JUAL KARDUS,BTN MINASA UPA,7371031001,Aktif,10,7371031,Rappocini
97487573,PENJUAL GORENGAN,JL WIJAYA KUSUMA 1,7371031007,Aktif,10,7371031,Rappocini
97474302,APOTEK MATARAM FARMA,JL JIPANG,7371031002,Aktif,10,7371031,Rappocini
97474347,PERSEWAAN KAMAR (AMIRUDDIN),BTN MINASA UPA BLOK A,7371031002,Aktif,10,7371031,Rappocini
97490290,JAYA BANGUNAN UD,JL AROEPALA NO 58,7371031001,Aktif,10,7371031,Rappocini
97490301,LAUDRY VIANTI,JL BANTA BANTAENG,7371031007,Aktif,10,7371031,Rappocini
97490291,CAHAYA JATI FURNITURE,JL AROEPALA 57,7371031001,Aktif,10,7371031,Rappocini
97490289,RUMAH MAKAN FEBRY,JL AROEPALA,7371031001,Aktif,10,7371031,Rappocini
97490311,USAHA PENYEWAAN KAMAR (ROSTIA),JALAN KARUNRUNG RAYA 1 LR 1 NO 9,7371031002,Aktif,10,7371031,Rappocini
97490312,TOKO 99,JL TODDOPULI 1 STP 3 NO 99,7371031004,Aktif,10,7371031,Rappocini
97490373,JUAL PULSA <ZULFIKAR>,BUMI BOSOWA PERMAI BLOK A1 NO 18,7371031001,Aktif,10,7371031,Rappocini
97490383,TPA DARUS SALAM BOSOWA,MASJID DARUSSALAM PERUM BOSOWA BLOK A0,7371031001,Aktif,10,7371031,Rappocini
97469607,BERDNAYA CAKE,KOMP IKIP BLOK G III NO 7,7371031006,Aktif,10,7371031,Rappocini
97469685,SEKOLAH SD INPRES BANTA BANTAENG,JL MONGINSIDI BARU NO 75 A,7371031010,Aktif,10,7371031,Rappocini
97469744,TRAVEL ARUN,JL AROEPALA NO 41,7371031004,Aktif,10,7371031,Rappocini
97485796,FOTOCOPY 301 (MUH ZAKKIR),JL MAPALA 2 BLOK D/6 NO 14,7371031006,Aktif,10,7371031,Rappocini
97487070,CV. RAMPOANG CP ADVERTISING,SUNGAI SADDANG BARU  NO 6,7371031010,Aktif,10,7371031,Rappocini
97488402,RENTAL PS 2 (KAHAR),BTN MINASA UPA BLOK A,7371031002,Aktif,10,7371031,Rappocini
97488391,KLINIK GIGI,JL.SUNGAI SADDANG BARU,7371031010,Aktif,10,7371031,Rappocini
97487079,BENGKEL KARYA JAWA (SARYANTO),SUNGAI SADDANG BARU BALLAPARANG 2,7371031010,Aktif,10,7371031,Rappocini
97487098,KATERING SALSABILA,JL BERINGIN RAYA NO,7371031004,Aktif,10,7371031,Rappocini
97488422,KIOS PLB UNM,LINGKUP KAMPUS FIP UNM,7371031002,Aktif,10,7371031,Rappocini
97485876,HARMONY PRODUCTION,JALAN KELAPA TIGA GANG 2 NO 14,7371031010,Aktif,10,7371031,Rappocini
97489095,KIOS DIANA,JL HERTASNING RAYA,7371031004,Aktif,10,7371031,Rappocini
97488427,JUAL BELI MOBIL (SUHARDI),BTN MINASA UPA BLOK L18 NO 6,7371031001,Aktif,10,7371031,Rappocini
97488461,SAFURA KOST (YOLAN NR),JALAN PELITA RAYA LR 4 NO 7,7371031010,Aktif,10,7371031,Rappocini
97488446,LOS ALUMINIUM (ANUGRAH),JL SYEKH YUSUF,7371031001,Aktif,10,7371031,Rappocini
97489155,TOKO OBAT BERIZIN,JL PINANG NO 163,7371031004,Aktif,10,7371031,Rappocini
97489205,JUAL REMPEYEK (SRI MULIATI),BTN MINASA UPA,7371031001,Aktif,10,7371031,Rappocini
97489196,WARUNG MINAKJINGGO,JL HERTASNING 100,7371031005,Aktif,10,7371031,Rappocini
97485910,KANTOR NOTARIS <INA KARTIKA SARI>,JL PELITA RAYA,7371031008,Aktif,10,7371031,Rappocini
97488481,JUAL HP DAN ASESORIS,SUNGAI SADDANG BARU RAYA,7371031010,Aktif,10,7371031,Rappocini
97488504,MINI MARKET RSIA BAHAGIA,BTN MINASA UPA BLOK H 7 NO 9,7371031001,Aktif,10,7371031,Rappocini
97488495,JUAL KAYU (FIRMAN),JL SYEKH YUSUF,7371031001,Aktif,10,7371031,Rappocini
97488503,HAYAR`S MODIFICATION CAR,JALAN MINASA UPA BLOK H 8 NO 1 D,7371031001,Aktif,10,7371031,Rappocini
97489246,JUAL PULSA (MULIATI),PELITA RAYA 2 NO 30,7371031008,Aktif,10,7371031,Rappocini
97485967,PENJAHIT (NILA),JL.WIJAVA KUSUMA 5 NO. 5,7371031007,Aktif,10,7371031,Rappocini
97487243,DORTER PRAKTEK (EWI LINGGO),HERTASNING RAYA TIMUR NO.26,7371031004,Aktif,10,7371031,Rappocini
97487270,RENTAL MOBIL RESA (RISMAN),JALAN BUMI 22 BLOK A 15 NO 15,7371031001,Aktif,10,7371031,Rappocini
97488558,APOTIK AV3 (ANIS DR),SUNGAI SADDANG BARU BLOK A 12,7371031010,Aktif,10,7371031,Rappocini
97488599,TOKO CAHAYA SAMPURNA,JL LANDAK BARU NO 122,7371031007,Aktif,10,7371031,Rappocini
97487359,RM HJ ANNY,JL AROEPALA,7371031004,Aktif,10,7371031,Rappocini
97489302,TOKO KUE ADIJAYA,BTN MINASA UPA K 8 NO 27,7371031001,Aktif,10,7371031,Rappocini
97489329,ZAHRA CELL (LAMIRAH),KOMP. GRIYA FAJAR MAS,7371031001,Aktif,10,7371031,Rappocini
97488649,PERCETAKAN(SUPARMAN RIDI),JALAN WIJAYA KUSUMA 1 BLOK K2 NO 37,7371031007,Aktif,10,7371031,Rappocini
97489341,BLACK CANYON CAFE,HERTASNING NO 38,7371031006,Aktif,10,7371031,Rappocini
97487416,KHARISMA AC (HASAN),SUNGAI SADDANG BARU NO 50/50 A,7371031010,Aktif,10,7371031,Rappocini
97489366,JUAL BARANG CAMPURAN (NUR JANNA),KOMP BPH JALAN BUMI 4 SULTAN ALAUDDIN,7371031001,Aktif,10,7371031,Rappocini
97488679,ISI ULANG GALONG (NURKAYA),HOMPLEKS K ODAM KATANG KA BLOK ES,7371031001,Aktif,10,7371031,Rappocini
97469231,TIKI,JL AROEPALA NO 41,7371031004,Aktif,10,7371031,Rappocini
97469369,APOTEK TAMALATE (SURIATY),TAMALATE 1 BLOK 21 NO 9,7371031005,Aktif,10,7371031,Rappocini
97469495,DAILY COFFE BAR,EMY SAELAN,7371031001,Aktif,10,7371031,Rappocini
97469517,NUSA CITRA (ZULKARNAIN),KOMP IKIP BLOK G II NO 10,7371031006,Aktif,10,7371031,Rappocini
97471569,PUSTU KARUNRUNG,KARUNRUNG RAYA 5 NO 6,7371031002,Aktif,10,7371031,Rappocini
97469497,YASMINE SALON,JL AROEPALLA PERM YASMIN BLOB B 9,7371031003,Aktif,10,7371031,Rappocini
97482843,JUAL PAKAIAN KELILING (RINA),JL KR BONTO TANGNGA 1,7371031002,Aktif,10,7371031,Rappocini
97482949,AUDREY BABY SHOP,JL.SUNGAI SADDANG BARU,7371031010,Aktif,10,7371031,Rappocini
97482912,SKIN CLINIC,JL PELITA RAYA NO A8,7371031008,Aktif,10,7371031,Rappocini
97482942,KOST - KOSTAN (REZKY),JL RAPPOCINI RAYA LR NO 11 B,7371031008,Aktif,10,7371031,Rappocini
97482996,WARKOP MAGFIRAH (KURNIAWAN),JL PELITA RAYA,7371031008,Aktif,10,7371031,Rappocini
97482941,WARKOP GAUL,JL. KELAPA TIGA,7371031010,Aktif,10,7371031,Rappocini
97481799,TOKO SINAR HARAPAN,RAPPOCINI,7371031008,Aktif,10,7371031,Rappocini
97483093,TOKO ALAT OLAHRAGA (DRS AHMAD YAMAN),JALAN LANDAK BARU NO 85 D,7371031007,Aktif,10,7371031,Rappocini
97482035,SD IMPRES BTN IKIP 2,JALAN MONUMEN EMMY SAELAN 3,7371031002,Aktif,10,7371031,Rappocini
97483527,MEKANIK AC MOBIL (FREDY),JL SUNGAI SADDANG BARU,7371031010,Aktif,10,7371031,Rappocini
97472996,ELITE COM,KOMP PURI TAMAN SARI BLOK D 13 NO 8,7371031004,Aktif,10,7371031,Rappocini
97473015,APOTEK SEJATI (ERNI),TAMALATE 1 NO 10,7371031005,Aktif,10,7371031,Rappocini
97473064,JUALAN PAKAIAN (KASMAWATI),JL TAMALATE 2 UJUNG,7371031003,Aktif,10,7371031,Rappocini
97473024,VIRTUAL MART FIP UNM,LINGKUP KAMPUS FIP UNM,7371031002,Aktif,10,7371031,Rappocini
97473026,FOTO COPY GHAZA,LINGKUP KAMPUS FIP UNM,7371031002,Aktif,10,7371031,Rappocini
97473079,KANTOR SMK NEGERI 6,JL LANDAK BARU NO 32,7371031007,Aktif,10,7371031,Rappocini
97473202,RESTO KUTO SOLO,JL LANDAK BARU NO 122,7371031007,Aktif,10,7371031,Rappocini
97473258,KURIR RUMAH ROTI,JL TIDUNG 9,7371031003,Aktif,10,7371031,Rappocini
97460495,TOKO (YULI),JL TIDUNG 10 STP 5 NO 40,7371031003,Aktif,10,7371031,Rappocini
97460769,MITRA TUKANG JAHIT,JL LANDAK BARU NO 2B,7371031007,Aktif,10,7371031,Rappocini
97460986,TOKO (NARWAYA),JL TIDUNG 10 STP 1 NO 27,7371031003,Aktif,10,7371031,Rappocini
97460987,WARUNG SEMBAKO (TOKO ANI),BONTO CINDE NO 38 A,7371031008,Aktif,10,7371031,Rappocini
97464746,JUST CAFE,JALAN AP PETTARANI RUKO NEW ZAMRUD BLOK G/1,7371031008,Aktif,10,7371031,Rappocini
97461234,TOKO IKSAN,JL JIPANG PERMAK BLOK DP 9 NO 5,7371031002,Aktif,10,7371031,Rappocini
97462140,KLINIK (DR A BASO),JALAN AP PETTARANI RUKO NEW ZAMRUD,7371031008,Aktif,10,7371031,Rappocini
97463285,WARUNG MAKAN (YUYUN),JL TIDUNG 10 NO 3,7371031003,Aktif,10,7371031,Rappocini
97458707,TOKO ULFA,JL.TIOUNG 7,7371031003,Aktif,10,7371031,Rappocini
97458708,APOTIK SARTIKA (SHEILA),JL.RAPPOCINI RAYA NO.20C,7371031008,Aktif,10,7371031,Rappocini
97449782,PENJAHITAN (MARDANG),TIDUNG 7 NOMOR 89 RT 3 RW 5,7371031003,Aktif,10,7371031,Rappocini
97448855,WARUNG MAKAN( BONTO),TIDUNG 6,7371031003,Aktif,10,7371031,Rappocini
97469129,EXPEDISI JASA ANGKUTAN,TIDUNG 1 STP 2 NO 1 23B,7371031005,Aktif,10,7371031,Rappocini
97469135,EUROLASIA TRAINING CENTRE (MASNI),JL MON EMMY SAELAN 3,7371031006,Aktif,10,7371031,Rappocini
97469124,DAPUR HERTASNING,HERTASNING,7371031005,Aktif,10,7371031,Rappocini
97489423,JUAL ES PISANG IJO <ASTUTI>,JALAN TIDUNG X TIMUR,7371031002,Aktif,10,7371031,Rappocini
97489421,USAHA PEMBUATAN TAHU (SUPRIYADI),JALAN TIDUNG X STP VIII NOMOR 109 A,7371031002,Aktif,10,7371031,Rappocini
97489441,BIDAN MARATUS SOLEKHA,JL TIDUNG 9 STP 14 NO 126,7371031003,Aktif,10,7371031,Rappocini
97489422,DOKTER PRAKTEK <SIMON>,TODDOPULL RAYA NO 9,7371031004,Aktif,10,7371031,Rappocini
97488791,MINI MARKET (ALIF),KOMP P DAN K,7371031001,Aktif,10,7371031,Rappocini
97488810,AS SUNNAH HERBAL,JL SULTAN ALAUDDIN,7371031001,Aktif,10,7371031,Rappocini
97489415,USAHA KONVEKSI AA COLLECTION (MULYADI),BTN MINASA UPA BLOK 014 NO 19,7371031001,Aktif,10,7371031,Rappocini
97488712,SABLON BIZ (SADDAN),JL LANDAK BARU LR 8 NO 108,7371031007,Aktif,10,7371031,Rappocini
97489576,TOKO BUKU (NURHAYATI),J L SYEKH YUS U F LRS NO 1,7371031001,Aktif,10,7371031,Rappocini
97489600,JUALAN BAKSO KELILING (SYAMSUDDIN),BTN MINASA UPA BLOK F13 NO 16,7371031001,Aktif,10,7371031,Rappocini
97489507,WARKOP ANGING MAMMIRI (H ASRI),BLOK C1 1,7371031002,Aktif,10,7371031,Rappocini
97489638,PONDOK NUSANTARA,HERTASNING TIMUR,7371031004,Aktif,10,7371031,Rappocini
97488828,LOS KESEHATAN (MAARIF),JL SYEKH YUSUF,7371031001,Aktif,10,7371031,Rappocini
97489743,CATRING 22,KOMP BUMI PALEM BLOK Q22,7371031001,Aktif,10,7371031,Rappocini
97489771,WARUNG MAS JOKO,JL TALASALAPANG RAYA NO,7371031001,Aktif,10,7371031,Rappocini
97489768,RM CITRA MINANG,JL TALASALAPANG NO 14B,7371031001,Aktif,10,7371031,Rappocini
97489769,AUFA NET (YANIZAR),JL TALASALAPANG RAYA NO 18B,7371031001,Aktif,10,7371031,Rappocini
97489770,SINAR BUANA MOTOR (SONNY J),JL TALASALAPANG RAYA NO 8,7371031001,Aktif,10,7371031,Rappocini
97491225,TK TPA AL ANSHAR,BTN MINASA UPA BLOK E7 NO 16,7371031001,Aktif,10,7371031,Rappocini
97491243,PERCETAKAN MULTI TALENTA,LANDAK BARU LR 3,7371031007,Aktif,10,7371031,Rappocini
97491264,APOTIK MUTIARA SYARIAH,JL SYECH YUSUF,7371031001,Aktif,10,7371031,Rappocini
97491325,BENGKEL REPARASI MOBIL (FOKUS),JI AROEPALA NO 27 C HERTASNING BARU,7371031001,Aktif,10,7371031,Rappocini
97491327,IDOLA PONSEL (VERY),JALAN RAPPOCINI RAYA NO 219 B,7371031008,Aktif,10,7371031,Rappocini
97491344,PENJUAL MINUMAN,JL TAMALATE 2,7371031003,Aktif,10,7371031,Rappocini
97491200,PUSKESMAS MINASA UPA,JL MINASA UPA RAYA NO 18,7371031002,Aktif,10,7371031,Rappocini
97491408,TK TIARA,JI PELITA 5 NO 39 B,7371031008,Aktif,10,7371031,Rappocini
97487595,JUAL PULSA (MERYANTI),BTN MINASA UPA BLOK B7 NO 2,7371031001,Aktif,10,7371031,Rappocini
97485099,DOKTER GIGI (INDRA),PERUMAHAN KIREL DAMAI BLOK A11,7371031001,Aktif,10,7371031,Rappocini
97485108,KOST KOSTAN (CENDRAKASIH),JL BONTO NGIRATE NOGA,7371031006,Aktif,10,7371031,Rappocini
97487671,EDOTEL MAKASSAR,JL LANDAK BARU NO 132,7371031007,Aktif,10,7371031,Rappocini
97487717,WINA LAUNDRY,JL BUMI 21,7371031001,Aktif,10,7371031,Rappocini
97487674,DOKTER PRAKTEK,HERTASNING RAYA TIMUR,7371031004,Aktif,10,7371031,Rappocini
97487734,COST MEWAH,JL. S. SADDANG BARU,7371031010,Aktif,10,7371031,Rappocini
97485195,WARUNG MAKAN (ROSDIANA),JL PELITA RAYA V L R.2 NO 17,7371031008,Aktif,10,7371031,Rappocini
97487767,KANTIN SMK PELAYARAN,JL SYECH YUSUF,7371031001,Aktif,10,7371031,Rappocini
97487768,CATRING REHAN,PERUM BUKIT SALEKOA BLOK D21,7371031001,Aktif,10,7371031,Rappocini
97487779,MITRA TAMA RAYA PERKASA,JALAN BUMI 19 BLOK A19 NO 19,7371031001,Aktif,10,7371031,Rappocini
97487790,TOKO KELANA JAYA,MAPPALA 26 29,7371031006,Aktif,10,7371031,Rappocini
97472896,LOKET RESMI SEGALA BAYAR,BTN MINASA UPA BLOK A3,7371031002,Aktif,10,7371031,Rappocini
97472888,SD INPRES KAMPUS IKIP,KOMP IKIP BLOK G III,7371031006,Aktif,10,7371031,Rappocini
97472918,TOKO TIRTA ANUGERAH,JLHERTASNING RAYA RUKO GRAHA HERTASNING NO A1-A2,7371031004,Aktif,10,7371031,Rappocini
97472900,USAHA BENTOR (KASI),JL TAMALATE 2 UJUNG,7371031003,Aktif,10,7371031,Rappocini
97485622,TOKO CAMPURAN (ROSTINI),BORONG INDAH,7371031004,Aktif,10,7371031,Rappocini
97482539,TOKO 2 PUTERI(BASRI),JL MONUMEN EMMY SAELAN,7371031006,Aktif,10,7371031,Rappocini
97482617,SD INPRES TIDUNG 2,JL BONTO DG NGIRATE NO 10 A,7371031006,Aktif,10,7371031,Rappocini
97481379,NYAMANNA CHOUX DAN PIE (SYAMSIAR),JL MONUMEN EMMY SAELAN NO 36,7371031006,Aktif,10,7371031,Rappocini
97481263,APOTIK K 24,BONTOCINDE,7371031008,Aktif,10,7371031,Rappocini
97482638,TOKO CAHAYA BELAWA (H MUSLIH),JL BONTO DG NGIRATE NO 16,7371031006,Aktif,10,7371031,Rappocini
97481482,PENJAHITAN PAKAIAN (NURDIN),JL TIDING 10 STP 7 NO.71,7371031003,Aktif,10,7371031,Rappocini
97482623,BENGKEL KETOK MAJIG (SUGIONO),JL PELITA RAYA NO 30,7371031010,Aktif,10,7371031,Rappocini
97481508,RUMAH TANFID AISYIYAH (HJ NAJMAH PATAU),JALAN TIDUNG 3 BLOK NO 27,7371031005,Aktif,10,7371031,Rappocini
97481535,SD INPRES UNGGULAN BTN PEMDA,JL AP PETTARANI BLOK E 19 NO 25,7371031006,Aktif,10,7371031,Rappocini
97474841,TAYLOR (SRI MAHRAWANI),PURI TAMAN SARI BLOK C4,7371031004,Aktif,10,7371031,Rappocini
97474944,CCM MANDIRI - JUAL BELI DAN PENYEWAAN MOTOR,BTN MINASA UPA BLOK E5 NO 3,7371031001,Aktif,10,7371031,Rappocini
97474935,APOTIK PROYA,JL.RAPPOCINI RAYA NO,7371031009,Aktif,10,7371031,Rappocini
97466376,SALON SORAYA (HERAWATI),JL TALASALAPANG NO 97,7371031002,Aktif,10,7371031,Rappocini
97475279,PANGKALAN LPG PERTAMINA(DAUDMB),JALAN TIDUNG 3 STP 7 NO 27,7371031005,Aktif,10,7371031,Rappocini
97475265,LAUNDRY DM,JL RAPPOCINI RAYA,7371031009,Aktif,10,7371031,Rappocini
97480700,FOTO COPY,BUAKANA,7371031008,Aktif,10,7371031,Rappocini
97480702,MAKMUR JAYA,BUAKANA,7371031008,Aktif,10,7371031,Rappocini
97480731,MULTI TEKNIK (HARRIE LIE),SUNGAI SADDANG BARU RAYA NO 14,7371031010,Aktif,10,7371031,Rappocini
97480735,JUAL BAHAN BANGUNAN,SUNGAI SADDANG BARU RAYA NO 18,7371031010,Aktif,10,7371031,Rappocini
97483882,KLINIK KELUARGA SEHAT,JALAN TAMALATE 1 NO 15 A,7371031003,Aktif,10,7371031,Rappocini
97483818,NOTARIS (CHADIJAH IRIANTI),JALAN NIKEL 2 NO 16,7371031010,Aktif,10,7371031,Rappocini
97480691,ANEKA LOGAM,BUAKANA,7371031008,Aktif,10,7371031,Rappocini
97506117,CV. BELLE EMILIE (STUDIO FOTO),HERTASNING NO 36,7371031006,Aktif,10,7371031,Rappocini
97506123,ANI OLSHOP,PELITA RAYA TENGAH 1 BLOK A6B NO 7,7371031010,Aktif,10,7371031,Rappocini
97506118,MAHA REFLEXIOLOGI,JL TODDOPULI RAYA NO 4,7371031004,Aktif,10,7371031,Rappocini
97506133,LABORATORIUM CELULAR,BUAKAN,7371031008,Aktif,10,7371031,Rappocini
97483974,VERMAK (ROSTINI),BORONG INDAH,7371031004,Aktif,10,7371031,Rappocini
97506128,LEMBAGA PSIKOLOGI PROGRES,JL MAPALA BLOK A/3 NO 12,7371031006,Aktif,10,7371031,Rappocini
97506131,GUEST HOUSE D` KHANZA,J L MAPALA BLOK A/3 NO 3,7371031006,Aktif,10,7371031,Rappocini
97470203,RUKO KONTRAKAN (YUSRAN),HERTASNING,7371031005,Aktif,10,7371031,Rappocini
97470288,JUAL SEMBAKO (WANA),PASAR HERTASNING,7371031004,Aktif,10,7371031,Rappocini
97466519,NOTARIS,BUAKANA,7371031008,Aktif,10,7371031,Rappocini
97468130,SINAR RAPPOCINI (HAMID),JL RAPPOCINI RAYA NO.278 A,7371031008,Aktif,10,7371031,Rappocini
97468134,KLINIK SEHAT,PENGAYOMAN NO 3,7371031008,Aktif,10,7371031,Rappocini
97470350,FASHA INTERNUSA TOURS AND TRAVEL,JL TAMALATE 1 179,7371031003,Aktif,10,7371031,Rappocini
97468207,APOTIK HERWITA (HERYANI),JL TIDUNG 10 NO 279,7371031003,Aktif,10,7371031,Rappocini
97468326,SIRAH PICTURES (HARIS),JL TIDUNG 10 NO 294,7371031003,Aktif,10,7371031,Rappocini
97466783,RUMAH MAKANAN AROMA,JL LANDAK BARU NO 5,7371031007,Aktif,10,7371031,Rappocini
97495201,LEMBAGA PSIKOTES,JL FAISAL 2 NO 7,7371031007,Aktif,10,7371031,Rappocini
97466729,KUMON HERTASNING BARU,HERTASNING AROEPALA,7371031004,Aktif,10,7371031,Rappocini
97495196,CAMPURAN 1,JL SKARDA N LORONG 2 NO 57,7371031001,Aktif,10,7371031,Rappocini
97495416,PLANET MOTOR,JL MONUMEN EMMY SAELAN,7371031006,Aktif,10,7371031,Rappocini
97495439,"JASA PEMBAYARAN, LISTRIK, AIR DAN TELPON (JALIL)",JL TALASALAPANG KOMP P&K,7371031001,Aktif,10,7371031,Rappocini
97498902,WARUNG KOPI (DG NIA),JALAN PELITA RAYA,7371031010,Aktif,10,7371031,Rappocini
97498905,USAHA FURNITURE KAYU (AHMAD KAUSAR),JALAN JIPANG RAYA,7371031002,Aktif,10,7371031,Rappocini
97495947,GREEN CELL,JALAN PELITA RAYA,7371031010,Aktif,10,7371031,Rappocini
97498988,KOS KOSAN (RUSHAEDAR),JL BUMI 21,7371031001,Aktif,10,7371031,Rappocini
97495988,CONDONG RAOS,JL PELITA RAYA TENGAH BLOK A 6B NO 5 B,7371031010,Aktif,10,7371031,Rappocini
97497355,RAYHANA SPA,JALAN PELITA RAYA NO 4,7371031010,Aktif,10,7371031,Rappocini
97497363,TPA IKRAMULLAH,JL TAMALATE 8 NO 53,7371031004,Aktif,10,7371031,Rappocini
97497401,ES DAWET AYU (SARTONO),JL SKARDA N LORONG 2,7371031001,Aktif,10,7371031,Rappocini
97497410,TOKO DIANORA,EMMY SAELAN 3,7371031002,Aktif,10,7371031,Rappocini
97497382,RUMAH MAKAN KAPOLO,JL RSI FAISAL 12 NO 6,7371031007,Aktif,10,7371031,Rappocini
97484635,ROEHMANSA (SAHRUDDIN),JL SULTAN ALAUDDIN NO 259,7371031001,Aktif,10,7371031,Rappocini
97484612,JUAL NASI GORENG MAWUT (ABD KHALIM),PELITA RAYA 6 NO 4,7371031008,Aktif,10,7371031,Rappocini
97479226,MAKASSAR PET CLINIC,JL MON EMMY SAELAN NO. 103 A,7371031006,Aktif,10,7371031,Rappocini
97479233,PENJUAL PARFUM (ERWIN WARIS),JL RAPPOCINI RAYA NO 4,7371031009,Aktif,10,7371031,Rappocini
97479211,TK AISYAH,JL TIDUNG BLOK 11 NO 3,7371031003,Aktif,10,7371031,Rappocini
97478271,KOPERASI SMK NEGERI 6,JL LANDAK BARU  NO 132,7371031007,Aktif,10,7371031,Rappocini
97475611,MAGFIRA MART,JL RSI FAISAL RAYA NO 16,7371031007,Aktif,10,7371031,Rappocini
97475610,MAGAWU LAUNDRY (SITTI KHADIJAH),JL RSI FAISAL RAYA 11 BLOK C20,7371031007,Aktif,10,7371031,Rappocini
97491526,TPA TAHFIS ALGI FARI,BTN MINASA UPA BLOK L11 NO B1,7371031001,Aktif,10,7371031,Rappocini
97476429,DUTA MANDIRI TOUR 8 TRAVEL,JL RAPPOCINI RAYA NO 96B,7371031009,Aktif,10,7371031,Rappocini
97491525,JUAL PERLENGKAPAN KAPAL (MOUDY),BTN MINASA UPA BLOK L14 NO 12,7371031001,Aktif,10,7371031,Rappocini
97475669,PAUD MELATI DWP IMIM,JL MAPPALA KAMPUS UNM,7371031006,Aktif,10,7371031,Rappocini
97491527,PENJUAL BAKSO KELILING,BTN MINASA UPA BLOK K17 NO 3,7371031001,Aktif,10,7371031,Rappocini
97476557,LAS BUBUT DINAMIS,JALAN LANDAK BARU NO 96,7371031007,Aktif,10,7371031,Rappocini
97491655,TOKO KELONTONG (INDRIYANTI),KOMP BUMI PESONA PELANGI BLOK UNGU NO 1,7371031001,Aktif,10,7371031,Rappocini
97491737,WARUNG MAKAN JOGJA,JL TAMALATE 2 NO 18,7371031003,Aktif,10,7371031,Rappocini
97490094,MENJUAL KUE (MARYATI),BTN MINASA UPA BLOK K 13 NO 5,7371031001,Aktif,10,7371031,Rappocini
97490110,DEPOT AIR MINUM AQUA (SUAMA),PERUMAHAN ANGIN MAMMIRI BLOK D3 NO 3,7371031002,Aktif,10,7371031,Rappocini
97491746,KANTIN SYAHRUL,JL RAYA PENDIDIKAN,7371031006,Aktif,10,7371031,Rappocini
97492957,JUAL ALAT LISTRIK ELEKTRONIK,JL RAPPOCINI RAYA NO 10 D,7371031009,Aktif,10,7371031,Rappocini
97491695,FIQHI INDAH CELL (RASTINAH),HERTASNING,7371031005,Aktif,10,7371031,Rappocini
97476676,WARKOP PAPA (HJ MARNI),JL MON EMMY SAELAN NO 39,7371031006,Aktif,10,7371031,Rappocini
97478703,IVA COLLECTION,JL TIDUNG 9 STP 18 NO 182,7371031003,Aktif,10,7371031,Rappocini
97478851,SMART ENGLISH TRAINING MAKASSAR,JL RAYA PENDIDIKAN 3 BLOK D/3 NO 9,7371031006,Aktif,10,7371031,Rappocini
97478856,BAJOKI STORE (IKHSAN),JL MONUMEN EMMY SAELAN NO 103 G,7371031006,Aktif,10,7371031,Rappocini
97479042,PUSKESMAS BALLAPARANG,JALAN NIKEL 1 NO 8,7371031010,Aktif,10,7371031,Rappocini
97479029,TOKO SIGMA (ERNI),JL TIDUNG 9 NO 159,7371031003,Aktif,10,7371031,Rappocini
97479037,WARUNG KELONTONG (HJ SYARIFA),JL RAPPOCINI RAYA LR 5 NO 2,7371031009,Aktif,10,7371031,Rappocini
97482089,TOKO JAYA MAKMUR,RAPPOCINI,7371031008,Aktif,10,7371031,Rappocini
97482162,HONEY FASHION,KOMPLEKS PEMDA BLOK  E 20 NO 17,7371031006,Aktif,10,7371031,Rappocini
97482205,KOST KOSAN (MAUTULATAN),JL PELITA RAYA A 22,7371031010,Aktif,10,7371031,Rappocini
97482206,SD INPRES TIDUNG,JL BONTO DG NGIRATE 10 A,7371031006,Aktif,10,7371031,Rappocini
97484237,MAKMUR JAYA LESTARI,JL. SUNGAI SADDANG BARU,7371031010,Aktif,10,7371031,Rappocini
97481054,PENGANGKUTAN TIMBUNAN (MANSUR),PERMATA HIJAU TEGAL,7371031004,Aktif,10,7371031,Rappocini
97481017,PEMBUAT JELLY,JL FAISAL 9 NO 27,7371031007,Aktif,10,7371031,Rappocini
97481120,NOTARIS (IDA NURSANTY),RAPPOCINI,7371031008,Aktif,10,7371031,Rappocini
97481088,BAKSO YOSDA,JL PELITA RAYA NO 27,7371031008,Aktif,10,7371031,Rappocini
97481112,SURYA KENCANA PLASTIK (MADE),HERTASNING,7371031004,Aktif,10,7371031,Rappocini
97481122,WARUNG KECILKELONTONG (DG RAPI),KR BONTO TANGNGA 1,7371031002,Aktif,10,7371031,Rappocini
97481145,PERDANA JJB PRES,JL RAPPOCINI RAYA NO 100,7371031009,Aktif,10,7371031,Rappocini
97496718,WARUNG BUBUR AYAM (RENI),JALAN AP PETTRANI  NO 30,7371031010,Aktif,10,7371031,Rappocini
97496733,JUAL BALOK (H SUKARDI),JL BONTO DG NGIRATE,7371031006,Aktif,10,7371031,Rappocini
97498539,JUAL BELI PAKAIAN KECIL (NELLY),KARUNRUNG,7371031002,Aktif,10,7371031,Rappocini
97498583,AUTO TOP CLEAR (NINGSIH),SUNGAI SADDANG BARU NO 33,7371031010,Aktif,10,7371031,Rappocini
97495711,ANEKA KERAMIK,BUAKANA,7371031008,Aktif,10,7371031,Rappocini
97498743,SD RAPPOCIMI,JL HERTASNING BLOK E 14 NO 1,7371031006,Aktif,10,7371031,Rappocini
97498744,DEPOT AIR MINUM (PIETER PANOMBAN),JALAN TIDUNG X TIMUR PERUMAHAN STELLA MARIS BLOK C NO 3,7371031002,Aktif,10,7371031,Rappocini
97496969,TOKO BERSAMA BANGUNAN,JL MONUMEN EMMY SAELAN,7371031006,Aktif,10,7371031,Rappocini
97496998,PENGELOLAAN DANA SD KOMP IKIP (FITRIYANI),SD KOMP IKIP JL AP PETTARANI,7371031007,Aktif,10,7371031,Rappocini
97497007,PONDOK PELITA,PELITA RAYA TENGAH BLOK A6B NO 4,7371031010,Aktif,10,7371031,Rappocini
97497044,SD KOMP IKIP 1,JALAN AP PETTARANI,7371031007,Aktif,10,7371031,Rappocini
97498808,TAKSI BANDARA (SYARIFUDDIN),JALAN TALASALAPANG 2,7371031001,Aktif,10,7371031,Rappocini
97495701,CHERIA LAUNDRY,JL MAPALA 2 BLOK A/3 NO 5,7371031006,Aktif,10,7371031,Rappocini
97498844,PERMATA FINANCE,JL HERTASNING RAYA,7371031004,Aktif,10,7371031,Rappocini
97477906,HOKKY CELL,RAPPOCINI,7371031008,Aktif,10,7371031,Rappocini
97498872,RUMAH KOST (ABDUL),BUAKANA,7371031008,Aktif,10,7371031,Rappocini
97477966,PERSEWAAN KAMAR (KASMIR),KOMPLEKS AGRARIA A2,7371031002,Aktif,10,7371031,Rappocini
97477999,WARUNG CAMPURAN (RIA),RAPPOCINI RAYA LR 9 NO 30,7371031008,Aktif,10,7371031,Rappocini
97478052,JUAL BELI MOTOR (ASKING),JL MONGINSIDI BARU AB7 1 D,7371031010,Aktif,10,7371031,Rappocini
97477930,PRAKTEK GIGI (SAMUEL),JL HERTASNING RAYA,7371031008,Aktif,10,7371031,Rappocini
97478056,PENYEWAAN KAMAR (SAODAH),RAPPOCINI RAYA LR. 9,7371031008,Aktif,10,7371031,Rappocini
97475449,STASIUN ROTI PANAS,JL RAYA PENDIDIKAN,7371031006,Aktif,10,7371031,Rappocini
97506319,ANISA CELLULAR (ZULHERI),JL MONUMEN  EMMY SAELAN  NO 76,7371031006,Aktif,10,7371031,Rappocini
97506318,PRASMANAN (HABABBUL JANNAH),JL MON EMMY SAELAN,7371031006,Aktif,10,7371031,Rappocini
97479864,FOTO COPY KAMPUS UPP TIDUNG,LINGKUP KAMPUS FIP UNM,7371031002,Aktif,10,7371031,Rappocini
97479879,TOKO CAMPURAN (HARIATI),JL BONTO MENE 1 NO 22,7371031007,Aktif,10,7371031,Rappocini
97479988,PASRAH UTAMA UD,JL LANDAK BARU LR 5C NO 94 N,7371031007,Aktif,10,7371031,Rappocini
97480153,WARUNG PRASMANAN MARASA,JL RSI FAISAL 12 NO 3,7371031007,Aktif,10,7371031,Rappocini
97480200,PRAKTEK DOKTER THT,JL MAPALA 2 BLOK D 5 NO 6,7371031006,Aktif,10,7371031,Rappocini
97480397,DOKTER PRAKTEK NIKEL,JALAN NIKEL RAYA A29 NO 2,7371031010,Aktif,10,7371031,Rappocini
97480330,LAUNDRY QHAREZOO (H ANWAR),JL MONUMEN EMMY SAELAN NO 2 1,7371031006,Aktif,10,7371031,Rappocini
97480342,SMP PGRI 1 TAMALATE,JALAN MONUMEN EMMY SAELAN 3,7371031002,Aktif,10,7371031,Rappocini
97480346,LIA LAUNDRY,JALAN PELITA RAYA,7371031010,Aktif,10,7371031,Rappocini
97484463,KANTOR NOTARIS,JL PELITA RAYA VI BLOK A 36/6,7371031008,Aktif,10,7371031,Rappocini
97480517,LE MOON PIZZA DAN CAFE,HERTASNING,7371031004,Aktif,10,7371031,Rappocini
97493880,JUALAN ABJU (RAUL),BTN MINASA UPA BLOK K15 NO 19,7371031001,Aktif,10,7371031,Rappocini
97492721,USAHA KUE DAN ROTI (YUSRI),GRAHA MANDIRI BLOK D3,7371031001,Aktif,10,7371031,Rappocini
97504620,SHIDQYAH CELL,JL.PINANG NO.32C,7371031004,Aktif,10,7371031,Rappocini
97506411,BENGKEL (ANDI ASO),JL LANDAK BARU,7371031007,Aktif,10,7371031,Rappocini
97506417,TOKO KELONTONG (ASNIAR),KARUNRUNG RAYA 5 NO 22,7371031002,Aktif,10,7371031,Rappocini
97490968,USAHA ONLINE (BU DIAN),GRIA MUTIARA TIMUR 2 BERLIAN 11 A,7371031001,Aktif,10,7371031,Rappocini
97490947,RUMAH KOST (H RUSLI),JALAN WIJAYA KUSUMA 3 BLOK K 22 NO 8,7371031007,Aktif,10,7371031,Rappocini
97506793,SAHABAT LAUNDRY (ASWAN),JALAN TALASALAPANG,7371031002,Aktif,10,7371031,Rappocini
97491112,PONDOK BALLA LOMPOA,JL FAISAL XVII NO 9,7371031007,Aktif,10,7371031,Rappocini
97491132,HIGAR BEAUTY SPA AND GYM,LANDAK BARU 130,7371031007,Aktif,10,7371031,Rappocini
97491049,JUAL PULSA (RAYYA SELULER),BTN MINASA UPABLOK L 7.NO 1,7371031001,Aktif,10,7371031,Rappocini
97491050,DEPOT AIR GALON (RAYYA ZAM ZAM),BTN MINASA UPA BLOK L6 NO 2,7371031001,Aktif,10,7371031,Rappocini
97491093,PERCETAKAN TEKNO CARD (JEMMY T),JL PELITA RAYA BLOK AB NO 60 A,7371031010,Aktif,10,7371031,Rappocini
97492764,BENGKEL AHASS HONDA,JL LANDAK BARU NO 94 D,7371031007,Aktif,10,7371031,Rappocini
97494554,TAYAT CELL (PAHRI),JALAN PELITA RAYA TENGAH BLOK A3C NO 18,7371031010,Aktif,10,7371031,Rappocini
97492812,VIEW NET (YUSRI),JL TALASALAPANG RAYA NO 15 B,7371031001,Aktif,10,7371031,Rappocini
97494563,KONTRAK PULSA,JALAN LANDAK BARU LR 5 C NO 94 Q,7371031007,Aktif,10,7371031,Rappocini
97504469,TRAVEL (MURADIA HANI),TODDOPULI 1,7371031004,Aktif,10,7371031,Rappocini
97494120,JUAL PULSA (NURHIDAYA),JL SYEKH YUSUF,7371031001,Aktif,10,7371031,Rappocini
97494128,INSAN SEJAHTERA,JL SKARDA NI NO,7371031001,Aktif,10,7371031,Rappocini
97494722,BANK SAMPAH (IMMASTIN),JALAN PELITA RAYA TENGAH BLOK A 3 A NO 2,7371031010,Aktif,10,7371031,Rappocini
97498339,WARUNG MAKAN,RAPPOCINI KEL. GUNUNG SARI,7371031001,Aktif,10,7371031,Rappocini
97496547,WARKOP (H MANTRI),JALAN AP PETTRANI 107,7371031010,Aktif,10,7371031,Rappocini
97486937,CAHAYA BANGUNAN (LAU HANDOYO),JL TALASALAPANG RAYA NO 24,7371031001,Aktif,10,7371031,Rappocini
97485665,GERAI OBAT (MIRA),JALAN KELAPA TIGA NO 5,7371031010,Aktif,10,7371031,Rappocini
97485632,KANTOR LP3M (LSM),JL HERTASNING KOMPLES GPI NO 6C,7371031005,Aktif,10,7371031,Rappocini
97488282,APOTIK SEJAHTERAH (KASHARDI),JALAN EMMY SAELAN NO 32,7371031001,Aktif,10,7371031,Rappocini
97488950,DPD GAPEKNA,JL LANDAK BARU NO 112H,7371031007,Aktif,10,7371031,Rappocini
97488344,SD INPRES MINASA UPA,BTN MINASA UPA BLOK 6,7371031001,Aktif,10,7371031,Rappocini
97487032,ILOKI SALON,JL AROEPALA NO 59B,7371031001,Aktif,10,7371031,Rappocini
97488248,APOTIK ANUGRAH SEJATI (HARIANI),BTN MINASA UPA BLOK F 16 NO 9,7371031001,Aktif,10,7371031,Rappocini
97488351,GAME CENTRE GIA,JL AROEPALA NO 66,7371031001,Aktif,10,7371031,Rappocini
97488352,PALLUBASA NUSANTARA,JL AROEPALA,7371031001,Aktif,10,7371031,Rappocini
97488370,JUAL BERAS (SRUI M),JL TEDUH BERSINAR BLOK L/10,7371031001,Aktif,10,7371031,Rappocini
97487034,BUTIK ADRIMU,JL AROEPALA NO255,7371031001,Aktif,10,7371031,Rappocini
97485785,GAME CENTRE (HJ MARNI),JL MONUMEN EMMY SAELAN NO 39,7371031006,Aktif,10,7371031,Rappocini
97488369,CATHERING,KOMP BOSOWA INDAH BLOK J/ 14,7371031001,Aktif,10,7371031,Rappocini
97494957,TOKO SARATA MUHAMAH,BUAKNA,7371031008,Aktif,10,7371031,Rappocini
97495000,RAPPOCINI RAYA MOTOR,BUAKANA,7371031008,Aktif,10,7371031,Rappocini
97495099,KANTOR BKKBS,JALAN AP PETTRANI NO 30,7371031010,Aktif,10,7371031,Rappocini
97495001,TRAVEL (ARSYAD),JL. BORONG INDAH NO.97,7371031004,Aktif,10,7371031,Rappocini
97495033,WISNA LYDIANA (LYDIA),JALAN PELITA RAYA NO 45,7371031010,Aktif,10,7371031,Rappocini
97495127,JUAL AYAM GORENG (HENDRO),JL BONTOLANGKASA,7371031007,Aktif,10,7371031,Rappocini
97491901,KAMAR PERSEWAAN (HJ RAMLAH),GRIYA FAJAR MAS BLOK M/13,7371031001,Aktif,10,7371031,Rappocini
97491899,RUMAH KOST (DG JIPA),JL TEDUH BERSINAR NO 22,7371031001,Aktif,10,7371031,Rappocini
97493141,BINTANG CELL,RAPPOCINI,7371031008,Aktif,10,7371031,Rappocini
97493078,ELEKTONE SKARDA <CHACHA>,JL SKARDA N LORONG 1 NO 50,7371031001,Aktif,10,7371031,Rappocini
97493160,JUAL PULSA (SRI M),JL TEDUH BERSINAR BLOK L/10,7371031001,Aktif,10,7371031,Rappocini
97493162,TUKANG JAHIT PAKAIAN,JL TEDUH BERSINAR NO 12,7371031001,Aktif,10,7371031,Rappocini
97493231,HALO 2000,RAPPOCINI,7371031008,Aktif,10,7371031,Rappocini
97492013,WARUNG SEMBAKO <YUSMIN>,KOMP IKIP BLOK B VI NO 20A,7371031006,Aktif,10,7371031,Rappocini
97486506,REFLEKSI KESEHATAN,JL SUNGAI SADDANG BARU,7371031010,Aktif,10,7371031,Rappocini
97486500,WISMA FARIS,JALAN TIMAH,7371031010,Aktif,10,7371031,Rappocini
97486495,USAHA DAGANG SANDAL DAN SEPATU(SYAMSIR),BTN MINASA UPA BLOK H1 NO 17,7371031001,Aktif,10,7371031,Rappocini
97487828,HOTSPOT AZHAR,JL WIJAYA KUSUMA 1 NO 41,7371031007,Aktif,10,7371031,Rappocini
97487830,SALON EMANUEL,JL WIJAYA KUSUMA 1,7371031007,Aktif,10,7371031,Rappocini
97486580,TEENS,JL  SUNGAI SADDANG BARU,7371031010,Aktif,10,7371031,Rappocini
97485258,SD INPRES BANTA BANTAENG,BALLAPARANG,7371031010,Aktif,10,7371031,Rappocini
97485353,FACHRY FC,JL SULTAN ALAUDDIN,7371031001,Aktif,10,7371031,Rappocini
97485269,WARUNG ECERAN (REZA),TAMALATE 3 NOMOR 3,7371031003,Aktif,10,7371031,Rappocini
97485291,TOKO ARIEF (ABDULLAH),JALAN JIPANG RAYA,7371031002,Aktif,10,7371031,Rappocini
97486629,MAHKOTA TAKSI MAKASSAR (ANDIS),TAMALATE 3 NOMOR 08,7371031003,Aktif,10,7371031,Rappocini
97486662,DIVA ELETRONIK,JL SULTAN ALAUDDIN,7371031001,Aktif,10,7371031,Rappocini
97485408,GALERI MOBIL,HERTASNING NO 84,7371031006,Aktif,10,7371031,Rappocini
97486622,JUAL KELILING KACAMATA (SYAHRUL),JALAN MINASA UPA BLOK G,7371031001,Aktif,10,7371031,Rappocini
97486738,NIKOS DIGITAL PRINT,JL SUNGAI SADDANG BARU,7371031010,Aktif,10,7371031,Rappocini
97488075,LAUNDRY MUFAQ,J L.FAISAL XIV,7371031007,Aktif,10,7371031,Rappocini
97486743,WENNY S (TONY),JL TALASALAPANG RAYA NO 24 C,7371031001,Aktif,10,7371031,Rappocini
97488091,PENGRAJIN GENDANG,KOMP KODAM KATANGKA LORONG 1,7371031001,Aktif,10,7371031,Rappocini
97486802,SALON (IRMA),KARUNRUNG RAYA 5 NO 2B,7371031002,Aktif,10,7371031,Rappocini
97488105,MITRA SAKTI MOTOR PD,JALAN LANDAK BARU NO 104,7371031007,Aktif,10,7371031,Rappocini
97488062,KEDAI KOPI REFIRAH,JALAN LANDAK BARU,7371031007,Aktif,10,7371031,Rappocini
97486762,AGEN BANK MANDIRI,JALAN TAMALATE 3 NO 45,7371031003,Aktif,10,7371031,Rappocini
97486740,JUAL PULSA (RIVALDI),KARUNRUNG RAYA 5,7371031002,Aktif,10,7371031,Rappocini
97486857,NOTARIS (ROSALINA),TODDOPULI RAYA,7371031004,Aktif,10,7371031,Rappocini
97486852,KIOS RARUBA (SUMARNI),GRIYA FAJAR MAS BLOK M 6,7371031001,Aktif,10,7371031,Rappocini
97486877,FC FAKULTAS,JL MAPPANYUKKI NO 47,7371031001,Aktif,10,7371031,Rappocini
97481974,JASA ANGKUTAN <PT SANN>,JL EMMY SAELAN III NO 2,7371031002,Aktif,10,7371031,Rappocini
97478660,RSB AURA IBU,BUAKANA,7371031008,Aktif,10,7371031,Rappocini
97478682,BPRS INDO TIMUR PT,JL RAPPOCINI RAYA NO 212,7371031008,Aktif,10,7371031,Rappocini
97476963,TK HIKMAH,BTN MINASA UPA BLOK AB 15 NO 20,7371031001,Aktif,10,7371031,Rappocini
97478410,SEKOLAH YAYASAN SARIBUANA,JALAN PELITA RAYA NO 2B,7371031010,Aktif,10,7371031,Rappocini
97478407,WIRA JAYA CV,JALAN PELITA RAYA NO 11A RT 2 RW 3 90222,7371031010,Aktif,10,7371031,Rappocini
97478694,CAKRA CELL,JL RAPPOCINI RAYA NO 89 A,7371031009,Aktif,10,7371031,Rappocini
97478408,KOPERASI MEKAR DEPNAKER,JL AP PETTARANI,7371031007,Aktif,10,7371031,Rappocini
97480968,NOTARIS EVITA,JL AP PETTARANI CENTRE BLOK C 10,7371031008,Aktif,10,7371031,Rappocini
97480974,TOKO ALUMINIUM,JL PELITA RAYA BLOK C 20,7371031008,Aktif,10,7371031,Rappocini
97480977,TRAVELMADINA,JL.RAPPOCINI RAYA NO 27,7371031009,Aktif,10,7371031,Rappocini
97481287,ENGLISH BRITISH 5 PT,JL. RAPPOCIINI RAYA NO 27,7371031009,Aktif,10,7371031,Rappocini
97487457,RUMAH MAKAN (NUR ILHAM),JL FAISAL RAYA,7371031007,Aktif,10,7371031,Rappocini
97488701,APOTEK 63 FARMA,JL LANDAK BARU NO 63,7371031007,Aktif,10,7371031,Rappocini
97489412,APOTEK ALDIKA FARMA,JL AROEPALA 22 A,7371031001,Aktif,10,7371031,Rappocini
97488680,CHELSEA CELL (RIDAWATI),JL MON EMMY SAELAN LR 2 NO 2,7371031006,Aktif,10,7371031,Rappocini
97502756,KOLAM RENANG UNM,KAMPUS UNM OLAHRAGA,7371031007,Aktif,10,7371031,Rappocini
97500727,SEKOLAH PAUD,JL RSI FAISAL 14 NO 18,7371031007,Aktif,10,7371031,Rappocini
97502761,TERAPI ORTOPEDO,KOMPLEKS K O DAM KATANGKA BLOK E5,7371031001,Aktif,10,7371031,Rappocini
97502802,PEMBORONG PAVING BLOCK (TAJUDDIN),MINASA UPA BLOK K,7371031001,Aktif,10,7371031,Rappocini
97502801,S M P N 40,JL AROE PALA MINASA UPA TIMUR NO 4,7371031001,Aktif,10,7371031,Rappocini
97479683,POS KPC PANAKKUKANG,JALAN PELITA RAYA A24/2,7371031010,Aktif,10,7371031,Rappocini
97500794,WISMA PELITA MAS,JL PELITA RAYA,7371031008,Aktif,10,7371031,Rappocini
97502816,PENYEWAAN RUMAH KOS,KOMPLEKS KODAM KATANGKA BLOK E5,7371031001,Aktif,10,7371031,Rappocini
97502821,ZAFIRAH SALON,BTN MINASA UPA BLOK K5 NO 8,7371031001,Aktif,10,7371031,Rappocini
97479697,TK KATOLIK SANTO ASISI,JL HERTASNING RAYA NO 102,7371031005,Aktif,10,7371031,Rappocini
97479698,PENGELOLAAN DAN TK PERTIWI,JL BONTOLANGKASA,7371031007,Aktif,10,7371031,Rappocini
97480554,RANGEONG. CV,JLPERMATA HIJAU PERMAI BLOK A NO. 4,7371031004,Aktif,10,7371031,Rappocini
97499523,TPA AL HUDA,BTN AGRARIA,7371031002,Aktif,10,7371031,Rappocini
97501727,TOKO CAHAYA LULU,JL SYEKH YUSUF,7371031001,Aktif,10,7371031,Rappocini
97501731,WARUNG LESEHANMARAJA (AKBAR),JL TODOPOLI 22 BLOK 35 NO 22,7371031006,Aktif,10,7371031,Rappocini
97501752,APOTIK KHARISA FARMA,JLTODDOPULI RAYA NO 12 B,7371031004,Aktif,10,7371031,Rappocini
97501769,QUICK & CLEAN LAUNDRY,JL TODDOPULI RAYA NO 8,7371031004,Aktif,10,7371031,Rappocini
97504974,FARFUM ISI ULANG (RADIAL),JALAN LANDAK BARU LR 5 C NO 94 Q,7371031007,Aktif,10,7371031,Rappocini
97496677,RM KAPURUNG (SURYANSYA),JL PELITA RAYA NO 34,7371031010,Aktif,10,7371031,Rappocini
97484738,LAUNDRY KUYA-KUYA (ABD RAZAK),BTN MINASA UPA BLOK A3,7371031002,Aktif,10,7371031,Rappocini
97499603,PBM AUTO SERVICE,JALAN BALLAPARANG 2 NO.8,7371031010,Aktif,10,7371031,Rappocini
97499604,TPA ALHILAL,JALAN KELAPA TIGA NO.52 B,7371031010,Aktif,10,7371031,Rappocini
97505009,APOTEK NIDA FARMA,JL MINASAUPA RAYA BLOK K 19 NO 3,7371031001,Aktif,10,7371031,Rappocini
97499660,87 PRINTING,JL WIJAYA KUSUMA 1,7371031007,Aktif,10,7371031,Rappocini
97499667,KANAYA BUTIK,BTN HASIRAH BLOK A 6,7371031001,Aktif,10,7371031,Rappocini
97499680,ARUN HOME (SYAMSINAR),PERUMAHAN ANGING MAMMIRI BLOK AG 1,7371031002,Aktif,10,7371031,Rappocini
97491801,POLITEKNIK KESEHATAN LINGKUNGAN,BANTA BANTAENG,7371031007,Aktif,10,7371031,Rappocini
97491813,WANUA TEMPE TEMPE CV,KOMP SKARDA N NO 34,7371031001,Aktif,10,7371031,Rappocini
97489830,DEPOT AIR MINUM AQUATA,JL WIJAYA KUSUMA 1,7371031007,Aktif,10,7371031,Rappocini
97489833,KARYA YONAS LANDE,JL WIJAYA KUSUMA 1 NO 38,7371031007,Aktif,10,7371031,Rappocini
97491835,BAKSO SALEMO (MERY),JLN SYEKH YUSUF,7371031001,Aktif,10,7371031,Rappocini
97489873,WARUNG KELONTONG (PETRIGAMA),BTN MINASA UPA BLOK L15,7371031001,Aktif,10,7371031,Rappocini
97491843,KONTRAKTOR (FAISAL),PERUMAHAN PURI TAMAN SARI BLOK B 7,7371031004,Aktif,10,7371031,Rappocini
97491862,FLORIST YANTI,KOMP IKIP BLOK B I NO 9,7371031006,Aktif,10,7371031,Rappocini
97505086,ALANG WISATA TOUR DAN TRAVEL,JL HERTASNING BARU NO N9,7371031004,Aktif,10,7371031,Rappocini
97505083,PHINISI MENGEMUDI,JL AROEPALA NO 41,7371031004,Aktif,10,7371031,Rappocini
97505084,SMK KESEHATAN TERPADU MEGA REZKY MAKASSAR,JL.AROEPALA HERTASNING BARU BLOK 10 NO.1B,7371031004,Aktif,10,7371031,Rappocini
97491913,LAGOOSI INDONESIA C V,JL GRIYA FAJAR MAS PERUMAHAN LAGOOSI,7371031001,Aktif,10,7371031,Rappocini
97489941,SOERABI VAN JAVA,JL HERTASNING RAYA,7371031004,Aktif,10,7371031,Rappocini
97489944,EMPEK-EMPEK SRIWIJAYA,JL HERTASNING RAYA,7371031004,Aktif,10,7371031,Rappocini
97491923,WAHYU KARYA NUSANTARA.PT,JALAN MAHONI NO 152 B,7371031004,Aktif,10,7371031,Rappocini
97490012,SEKRETARIAT RUSUNAWA,KAMPUS UNISMUH SULTAN ALAUDDIN NO 259,7371031001,Aktif,10,7371031,Rappocini
97495625,PRAKTEK  DOKTER GIGI,JL MAPALA BLOK A 2 NO 14,7371031006,Aktif,10,7371031,Rappocini
97490013,KANTIN UNISMUH (ANDI SRIWARA),KAMPUS UNISMUH JL SULTAN ALAUDDIN NO.259,7371031001,Aktif,10,7371031,Rappocini
97495661,APOTEK ARIFAH,JL HFRTASNING GPI NO 11A,7371031005,Aktif,10,7371031,Rappocini
97495693,KANTOR NOTARIS (JENIATI),JALAN SUNGAI SADDANG BBARU NO 50,7371031010,Aktif,10,7371031,Rappocini
97490088,WARNET,BTN MINASA UPA BLOK L3 NO 19,7371031001,Aktif,10,7371031,Rappocini
97495714,GHONIM CV (DAUD),JALAN SUNGAI JENELATA NO 03,7371031002,Aktif,10,7371031,Rappocini
97492156,KANTIN NURKARYA TIDUNG,SMP SMK NURKARYATI TIDUNG,7371031005,Aktif,10,7371031,Rappocini
97496007,TOKO CAMPURAN,BUAKANA,7371031008,Aktif,10,7371031,Rappocini
97492175,CHENEL ONE CELL (NINGSIH WIRA),JALAN RAPPOCINI RAYA NO 219,7371031008,Aktif,10,7371031,Rappocini
97484961,AYAM KRISPY MAS KABUL,JL ABU BAKAR LAMBOGO KEMAUAN NO 69,7371031001,Aktif,10,7371031,Rappocini
97484986,RAJAIRO GALON (IMRAN),SUNGAI SADDANG BARU TIMUR RAMA A10 NO 17,7371031010,Aktif,10,7371031,Rappocini
97484984,PRAKTEK KULIT (ANIS ANWAR M DR),SUNGAI SADDANG BARU TIMUR RAMA,7371031010,Aktif,10,7371031,Rappocini
97479311,ARMINAREKA PERDANA PT (MITRA),JL HERTASNING BARAT 1 NO 20 MAKASSAR,7371031005,Aktif,10,7371031,Rappocini
97480140,SD KATOLIK SANTO ALOSIUS,JL HERTASNING RAYA NO 102,7371031005,Aktif,10,7371031,Rappocini
97492236,TEH POCI (DIAN NUR SALIM),JL RAYA PENDIDIKAN DEPAN INDOMARET,7371031006,Aktif,10,7371031,Rappocini
97495853,BINTANG HARAPAN CV,JL MAPALA BLOK A 13 NO 13,7371031006,Aktif,10,7371031,Rappocini
97496074,PELITA JAYA LARASINDO CV (SYAHRUN),JALAN PELITA RAYA VI NO 11 RT 2 RW 6 90222,7371031008,Aktif,10,7371031,Rappocini
97480165,MERCURIUS,JL KOMPLEKS PERMATASARI,7371031008,Aktif,10,7371031,Rappocini
97488807,TOKO KELONTONG (SISILIA),JALAN WIJAYA KUSUMA 2 NO 4,7371031007,Aktif,10,7371031,Rappocini
97486800,CV ANUGRAH MANDIRI,JL TIDUNG MARIOLO LORONG 1 NO 26 B,7371031006,Aktif,10,7371031,Rappocini
97492322,USAHA PAKAIAN (LINA),JALAN MONGINSIDI BARU LORONG 9 NO 21,7371031010,Aktif,10,7371031,Rappocini
97480821,SMP NEGERI 13 MAKASSAR,JLTAMALATE 6 NO.2,7371031004,Aktif,10,7371031,Rappocini
97488808,TOKO GUMILANG <SUHASNI>,JALAN WIJAYA KUSUMA 2 NO 12,7371031007,Aktif,10,7371031,Rappocini
97493557,SD INP KASSI KASSI I,JL ASAM KERANJI,7371031004,Aktif,10,7371031,Rappocini
97483624,WARUNG KOPI 46,JALAN PELITA RAYA,7371031010,Aktif,10,7371031,Rappocini
97492425,PENYEWAAN KAMAR,JIPANG  RAYA,7371031002,Aktif,10,7371031,Rappocini
97492494,JUALAN ES CENDOL,JL TIDUNG 9 STP 4 NO 95,7371031003,Aktif,10,7371031,Rappocini
97492503,KSU MITRA MANDIRI,BTN MINASA UPA BLOK J6 NO 7,7371031001,Aktif,10,7371031,Rappocini
97493698,KARTINI (GROSIR),JALAN KARUNRUNG,7371031002,Aktif,10,7371031,Rappocini
97505477,ABUTRAN (MULAR),JL JIPANG PERMAI DP 2,7371031002,Aktif,10,7371031,Rappocini
97493758,KIOS ITA (ITA),BTN MINASA UPA BLOK N11 NO 11,7371031001,Aktif,10,7371031,Rappocini
97494348,TRAVEL UMROH (IR H MUKHLIS),BTN MINASA UPA BLOK EA NO 10,7371031001,Aktif,10,7371031,Rappocini
97494377,KANTOR PENGELOLAH INKUBATOR UNM (HAJRA),JL AP PETTARANI,7371031007,Aktif,10,7371031,Rappocini
97505585,FOTO COPY MUSTAJAB,KARUNRUNG,7371031002,Aktif,10,7371031,Rappocini
97492673,JUAL MINUMAN DINGIN,JL LANDAK BARU LR 5 C NO 94 Q,7371031007,Aktif,10,7371031,Rappocini
97492672,AGEN TABUNG GAS 3 KG,JALAN LANDAK BARU LR 5 C NO 94 Q,7371031007,Aktif,10,7371031,Rappocini
97493862,KOST KOSTAN (HJ NANI),JL WIJAYA KUSUMA RAYA NO 60,7371031007,Aktif,10,7371031,Rappocini
97487020,TOUR & TRAVEL MAURAGA <ASMI>,PELITA 2 NO 2,7371031008,Aktif,10,7371031,Rappocini
97487033,DEWATA ART,JL AROEPALA NO 65,7371031001,Aktif,10,7371031,Rappocini
97481090,HARAJUKU JOK MOBIL,J L AROEPALA,7371031004,Aktif,10,7371031,Rappocini
97480896,PERSEWAAN KAMAR 1,KOMPLEKS PERMATA HIJAU PERMAI BLOK H NO.34,7371031004,Aktif,10,7371031,Rappocini
97480031,KURSUS BAHASA INGGRIS UTOMO,JL TAMALATE II NO 1,7371031003,Aktif,10,7371031,Rappocini
97486270,"RASYA PUTRA ,MANDIRI CV",JL AROUPALA PERMT TAMAN YASMIN B2 2,7371031003,Aktif,10,7371031,Rappocini
97487103,PERTAMINA,JL AP PETTARANI,7371031008,Aktif,10,7371031,Rappocini
97487111,TOKO KANGEN WATER,KOMP.PERMATA PANAKUKKANG NO. 3 A,7371031004,Aktif,10,7371031,Rappocini
97487105,YAYASAN TRI KARSA SMA,JALAN MINASASARI,7371031001,Aktif,10,7371031,Rappocini
97486277,KB PELITA PEDULI ANAK BANGSA,JL PELITA RAYA LR 2 NO 3A,7371031010,Aktif,10,7371031,Rappocini
97486364,KLINIK ADEN,JL.SUNGAI SADDANG BARU,7371031010,Aktif,10,7371031,Rappocini
97481226,PRAKTEK GUNAWAN,JALAN RAPPOCINI RAYA NO 124,7371031008,Aktif,10,7371031,Rappocini
97479877,CEMPAG WAHANA NUSANTARA PT,KOMP PURI MUTIARA BLOK V/7,7371031009,Aktif,10,7371031,Rappocini
97479872,PANGKALAN ELPIJI (HADIJA HANIFA),BTN AGRARIA BLOK S NO 28,7371031002,Aktif,10,7371031,Rappocini
97479868,ALFAMART TAMALATE,JL TAMALATE 1 NO 303,7371031003,Aktif,10,7371031,Rappocini
97480718,PENGEPUL BARANG RONGSOKAN (AGUS),PERMATA HIJAU TEGAL,7371031004,Aktif,10,7371031,Rappocini
97486455,LOKA WISATA ASRI PT,TIDUNG MARIOLO BLOK C 3A,7371031006,Aktif,10,7371031,Rappocini
97487244,INDO MOBIL FINANCE,HERTASNING RAYA TIMUR,7371031004,Aktif,10,7371031,Rappocini
97487255,HALAL MART <AIDA>,GRIYA FAJAR MAS BLOK N,7371031001,Aktif,10,7371031,Rappocini
97487269,PERCETAKAN,BUAKANA,7371031008,Aktif,10,7371031,Rappocini
97486504,KONSULTAN SISNIS (ULUM),JALAN MONGINSIDI BARU AB 4 NO 7,7371031010,Aktif,10,7371031,Rappocini
97486528,GHIDEO TOUR & TRAVEL,JL AP PETTARANI,7371031008,Aktif,10,7371031,Rappocini
97480740,SD. EMY SAELAN,JLTAMALATE 6 NO,7371031004,Aktif,10,7371031,Rappocini
97487297,KATERING PUTRI UTAMI,TALASALAPANG 1 NO 1,7371031001,Aktif,10,7371031,Rappocini
97480742,RENTAL MOBIL FATHIR,JL PELITA RAYA V,7371031008,Aktif,10,7371031,Rappocini
97479909,J SAPRATAMA CV,JL RAPPOCINI RAYA,7371031008,Aktif,10,7371031,Rappocini
97487343,ISMA RAYA UD <M YUSUF>,JL MON EMMY SAELAN NO 84,7371031006,Aktif,10,7371031,Rappocini
97487355,ASURANSI HIMALAYA PT,JL PELITA RAYA NO C 23,7371031008,Aktif,10,7371031,Rappocini
97486574,UD TODOOPULI MOTOR,JL MONUMEN EMMY S A ELAN RUKO NO 38,7371031006,Aktif,10,7371031,Rappocini
97481115,LEMBAGA PENDIDIKAN MITRA,JALAN TAMALATE 3 NO 45,7371031003,Aktif,10,7371031,Rappocini
97481116,KOYA,JL AP PETTARANI CENTRE BLOK B 2,7371031008,Aktif,10,7371031,Rappocini
97486578,PRINT UP,JL SUNGAI SADDANG BARU NO 9A RT 3 RW 2 90222,7371031010,Aktif,10,7371031,Rappocini
97481117,TRAVEL (IKA),JL YUSUF DG AWING BLOK E 27 NO 1,7371031006,Aktif,10,7371031,Rappocini
97487421,MARKISA SIROP ASLI (WEMPI),JALAN BUMI 9 BLOK A.7 NO 8,7371031001,Aktif,10,7371031,Rappocini
97487458,PERUM BULOG DIVRE SULSELBAR,JL ANDI PANGERANG PETTARANI SELATAN,7371031007,Aktif,10,7371031,Rappocini
97481144,CV. ROTI DAN BROWNIES DAENG,JL. HERTASNING/AROEPALA NO. 25 MAKASSAR,7371031004,Aktif,10,7371031,Rappocini
97478581,KANTOR PASCASARJANA,JL BONTOLANGKASA,7371031007,Aktif,10,7371031,Rappocini
97478593,SULAWESI TRAVEL (ADIL),JL MAKKIO BAJI 4 NO 4 A 2,7371031006,Aktif,10,7371031,Rappocini
97483621,PEMBUAT KUE DAN COKLAT (SULVISTIANI),JALAN KARUNRUNG RAYA 4 NO 6,7371031002,Aktif,10,7371031,Rappocini
97483628,BANK MANDIRI TBK,JL BONTOLANGKASA GEDUNG 4C PASCASARJANA,7371031007,Aktif,10,7371031,Rappocini
97481353,BIMBINGAN BELAJAR FOCUS A,LANDAK BARU NO 70,7371031007,Aktif,10,7371031,Rappocini
97477897,PUTRA PERKASA PT <CAKRA>,JL HERTASNING KOMPLES GPI NO 2A,7371031005,Aktif,10,7371031,Rappocini
97483664,SAFARI WISATA,JL.SUNGAI SADDANG BARU,7371031010,Aktif,10,7371031,Rappocini
97483661,INTI BANGUNAN,JL.SUNGAI SADDANG BARU,7371031010,Aktif,10,7371031,Rappocini
97481374,SULTAN JAYA UD,JL BANGKIT RAYA NO 1,7371031004,Aktif,10,7371031,Rappocini
97479556,SMK FARMASI YAMASI,JL MAPALA 2 BLOK D 5 NO.10,7371031006,Aktif,10,7371031,Rappocini
97477907,BORDIR DAN KONVEKSI,RAPPOCINI,7371031008,Aktif,10,7371031,Rappocini
97483672,ALHAMDI,JL.SUNGAI SADDANG BARU,7371031010,Aktif,10,7371031,Rappocini
97491769,KAMAR KONTRAKAN (SOEWARDI),BTN MINASA UPA BLOK N 17 NO 10,7371031001,Aktif,10,7371031,Rappocini
97490131,SAKURA LAUNDRY,JL JIPANG RAYA BLOK AI NO 15,7371031001,Aktif,10,7371031,Rappocini
97490132,RAMAH MOTOR,JL JIPANG RAYA GLOK AL NO 12,7371031001,Aktif,10,7371031,Rappocini
97491832,ASERA GUEST HOUSE,JL MAPPALA A II NO 6,7371031006,Aktif,10,7371031,Rappocini
97490238,TOKO ASKAR,JL TAMALATE 5 SETAPAK 8 NO 21,7371031004,Aktif,10,7371031,Rappocini
97490255,KLINIK KESEHATAN (ARI),JALAN WIJAYA KUSUMA RAYA NO 8,7371031007,Aktif,10,7371031,Rappocini
97490244,STAR FUTSAL,JL HERTASNING RAYA NO B,7371031004,Aktif,10,7371031,Rappocini
97488151,JASA PENGANTARAN,JL AP PETTARANI BLOK E 27 NO 27,7371031006,Aktif,10,7371031,Rappocini
97488553,PT APLIKANUSA LINTAS ARTA,JL RAYA PENDIDIKAN BLOK F1/2,7371031006,Aktif,10,7371031,Rappocini
97488152,KHUSNUL KHOTIMAH TRAVEL PT,JALAN LANDAK BARU LR 10 NO 6,7371031007,Aktif,10,7371031,Rappocini
97488572,GAS ELPIJI,BTN MINASA UPA BLOK N3 NO 7,7371031001,Aktif,10,7371031,Rappocini
97488560,NOTARIS/ PPAT,JL SUNGAI SADDANG BARU NO 12 A,7371031010,Aktif,10,7371031,Rappocini
97488571,JAHIT (ANA),BTN MINASA UPA BLOK N3 NO 22,7371031001,Aktif,10,7371031,Rappocini
97488203,"KANZA SEJAHTERA, PT",JL LANDAK BARU LORONG 8 NO 30,7371031007,Aktif,10,7371031,Rappocini
97488612,YAYASAN TRI BAKTI SMP,JALAN MINASASAKI,7371031001,Aktif,10,7371031,Rappocini
97488236,KATERING D RATE (RAMLI),LANDAK BARU LR 3,7371031007,Aktif,10,7371031,Rappocini
97488735,KOPERASI SIMPAN PINJAM,JL KARUNRUNG RAYA NO 15,7371031002,Aktif,10,7371031,Rappocini
97485878,REGIVL 8 PUTRA CV,KOMPLEKS BPH JL BUMI 2 SULTAN AL AUDDIN,7371031001,Aktif,10,7371031,Rappocini
97485853,APOTIK SETIA FARMA,JALAN RAPPOCINI RAYA,7371031009,Aktif,10,7371031,Rappocini
97486760,ARIMATEA MAKASSAR,JL AP PETTARANI RUKO BISNIS CENTRE BLOK B 7,7371031008,Aktif,10,7371031,Rappocini
97485902,HOME SHOPING,JALAN LANDAK BARU,7371031007,Aktif,10,7371031,Rappocini
97488778,FOTO COPY UNISMUH,JL SULTAN ALAUDDIN <KAMPUS UNISMUH MKS>,7371031001,Aktif,10,7371031,Rappocini
97477832,KLINIK BUDI MULIA,JL. NIKEL 2 BALLAPARANG,7371031010,Aktif,10,7371031,Rappocini
97483386,MUTI KARYA ABADI (LAODE),JL RSI FAISAL 12 NO 5B,7371031007,Aktif,10,7371031,Rappocini
97483433,MASAGENA (NURSYAH),JL.HERTASNING E 9 NO 17,7371031006,Aktif,10,7371031,Rappocini
97477438,KUALA HARAPAN BERSAMA CV,JL HERTASNING BARAT 4 NO 30,7371031005,Aktif,10,7371031,Rappocini
97487459,PT SUMBER ALFARIA TRIJAYA TBK CABANG SYEKH YUSUF,JL SYEKH YUSUF NO 105 KATANGKA,7371031001,Aktif,10,7371031,Rappocini
97487493,ALFA MIDI,JALAN WIJAYA KUSUMA RAYA NO 1,7371031007,Aktif,10,7371031,Rappocini
97487552,KANTOR CV 55 (ANDI TROY),SUNGAI SADDANG BARU BLOK 11/10,7371031010,Aktif,10,7371031,Rappocini
97487544,R2 STATIONERY (H AMIRUDDIN),JL TALASALAPANG RAYA NO 27,7371031001,Aktif,10,7371031,Rappocini
97487548,BIDAN PRAKTEK (NANCY),SUNGAI SADDANG BARU TIMUR RAMA,7371031010,Aktif,10,7371031,Rappocini
97487556,CV TIGA LIMA TUJUH,JL AKSES TAMAN GOSYEN NO 7,7371031001,Aktif,10,7371031,Rappocini
97487555,INDOMARET HERTASNING,JL AROEPALA HERTASNING BARU,7371031001,Aktif,10,7371031,Rappocini
97487547,MCC (DEDY LUMENTUT),JL SUNGAI SADDANG BARU,7371031010,Aktif,10,7371031,Rappocini
97487551,DR GIGI (RAODAH),JL SUNGAI SADDANG BARU,7371031010,Aktif,10,7371031,Rappocini
97480054,AMANAH BINA CIPTA CV (MEGAWATI),JL TIDUNG 8 STP 3 NO 57,7371031003,Aktif,10,7371031,Rappocini
97479212,JUAL KAYU,BUAKANA,7371031008,Aktif,10,7371031,Rappocini
97480059,TOKO SUMBER REZKY <RINI>,JL MONUMEN EMMY SAELAN,7371031006,Aktif,10,7371031,Rappocini
97479235,KANTIN TIZARA (DW),JL AP PETTARANI,7371031007,Aktif,10,7371031,Rappocini
97480228,GATRAS PT,JALAN PELITA RAYA NO,7371031010,Aktif,10,7371031,Rappocini
97477628,JUALAN CAMPURAN (SISWOKO),JL HERTASNING BARAT 2 NO 12,7371031005,Aktif,10,7371031,Rappocini
97477660,ASRI SEJAHTERA CV,JL LANDAK BARU LR 9 BUNTU NO 100,7371031007,Aktif,10,7371031,Rappocini
97482431,DEPOT GALON (M KHALIK),JL.RAPPOCINI RAYA LR 2 NO 6,7371031009,Aktif,10,7371031,Rappocini
97482437,KOPERASI SURYA ABADI,JL SKARDA N2 NO 43,7371031001,Aktif,10,7371031,Rappocini
97480190,SD PERTIWI,JL BONTOLANGKASA 1,7371031007,Aktif,10,7371031,Rappocini
97480861,PT. ANDI SEJAHTERAH,JL SKARDA N NO 3,7371031001,Aktif,10,7371031,Rappocini
97483735,CUCI MOTOR,BUAKANA,7371031008,Aktif,10,7371031,Rappocini
97483744,PT. ISPERIAL TUNGGAL CONTRACTOR,JL HERTASNING BARAT E/7 KOMPLES GPI,7371031005,Aktif,10,7371031,Rappocini
97478371,DOKTER GIGI DRG HADIJA GCOFRIED,JL TAMALATE 1 B 17,7371031005,Aktif,10,7371031,Rappocini
97483883,RS LURAMAY,JALAN YUSUF DG AWING BLOK E 19 NOMOR 11,7371031006,Aktif,10,7371031,Rappocini
97483888,ZACKY TOUR DAN RAVEL,JL A PETTARANI KOMP RUKO PETTARANI CENTRE BLOK A2 A3,7371031008,Aktif,10,7371031,Rappocini
97483897,ALFA MART <DIKA>,JL MONUMEN EMMY SAELAN,7371031006,Aktif,10,7371031,Rappocini
97483879,ASTRA UD TRUCKS,JL AP PETTARANI BUSIN IS CENTRE,7371031006,Aktif,10,7371031,Rappocini
97483889,INDOMARET 1,JL AROEPALA,7371031004,Aktif,10,7371031,Rappocini
97483910,BALAI PENGOBATAN,KOMPLEKS PEMDA BLOK  E 24 NO 72,7371031006,Aktif,10,7371031,Rappocini
97492714,APOTEK UNISMUH,JL TALASALAPANG RAYA,7371031001,Aktif,10,7371031,Rappocini
97492719,SMA TRISAKTI AROEPALA,JL AROEPALA NO 5,7371031001,Aktif,10,7371031,Rappocini
97492759,TOKO UTAMA,BUAKANA,7371031008,Aktif,10,7371031,Rappocini
97492043,ALFA MART SUNGAI SADDANG BARU,JL.SUNGAI SADDANG BARU,7371031010,Aktif,10,7371031,Rappocini
97492779,TRITUNGGAL<SAHRUNAS PT>,JL LIVING PLAZA PETTARANI,7371031006,Aktif,10,7371031,Rappocini
97492056,TOKO MAKASSAR JAYA BARU,JALAN RAPPOCINI RAY A NO 187 C,7371031008,Aktif,10,7371031,Rappocini
97492811,PEGADAIAN PERSERO PT,JL TALASAPANG RAYA,7371031001,Aktif,10,7371031,Rappocini
97492806,LEVANA CV,BTN MINASA UPA BLOK A B 43 NO. 2,7371031001,Aktif,10,7371031,Rappocini
97492893,TK ISLAM UMIDA,TALASALAPANG RAYA,7371031001,Aktif,10,7371031,Rappocini
97492951,PENGADAAN BARANG (MUIS),PERUMAHAN PURI TAMAN SARI BLOK B 5/6,7371031004,Aktif,10,7371031,Rappocini
97492978,"MUT ENGINEERING, PT",JALAN PELITA RAYA TENGAH BLOK A1 NO 2,7371031010,Aktif,10,7371031,Rappocini
97492962,KK INDONESIA PT,JL SULTAN ALAUDDIN PLAZA BLOK AB 17 18,7371031001,Aktif,10,7371031,Rappocini
97492279,SUMBER MAJU UD,JL.PINANG NO.30 RT 1 RW 10 90222,7371031004,Aktif,10,7371031,Rappocini
97493100,APOTEI WIDYA,BUAKANA,7371031008,Aktif,10,7371031,Rappocini
97487664,DEPOT AIR MINUM (LAODE SAEHI),JALAN KARUNRUNG RAYA 1,7371031002,Aktif,10,7371031,Rappocini
97487658,INSAN PERDANA CV,JL BANTA BANTAENG NO 17 B,7371031007,Aktif,10,7371031,Rappocini
97487665,ALFAMART TOODOPULI RAYA,JL TODDOPULI RAYA,7371031004,Aktif,10,7371031,Rappocini
97487695,WIRAKARSA KONSTRUKSI PT,JL BONTOMENE NO 11,7371031007,Aktif,10,7371031,Rappocini
97487663,PUSKUD SUL SEL,PERUMAHAN PEMDA E 13 NO 8A,7371031006,Aktif,10,7371031,Rappocini
97487735,DEALER HONDA MOTOR,IL.SUNGAI SADDANG BARU,7371031010,Aktif,10,7371031,Rappocini
97491711,TOKO MITRA JAYA ( HUDI ),JALAN RAPPOCINI RAYA NO 186,7371031008,Aktif,10,7371031,Rappocini
97487733,BANK PANIN,Jl. Sungai Saddang Baru No. B2 Makassar,7371031010,Aktif,10,7371031,Rappocini
97487743,PERCETAKAN JAYA RAYA,JL. SUNGAI SADDANG BARU RT 3 RW 2 90222,7371031010,Aktif,10,7371031,Rappocini
97487764,JILC LANDAK BARU,JALAN LANDAK BARU NO 112J,7371031007,Aktif,10,7371031,Rappocini
97491679,WRAPPED,LANDAK BARU 130,7371031007,Aktif,10,7371031,Rappocini
97487769,KANTOR JASA PENILAI PUBLIK,PERUM BUKIT SALEKOA BLOK D11,7371031001,Aktif,10,7371031,Rappocini
97478726,CATERING ANUGERAH,JL RSI FAISAL NO 7 6,7371031007,Aktif,10,7371031,Rappocini
97489681,SAWAWA <RUDI>,BALLAPARANG,7371031010,Aktif,10,7371031,Rappocini
97489690,KOPERASI  PERUM PERUMNAS,JL HERTASNING NO 1,7371031004,Aktif,10,7371031,Rappocini
97490547,BILAL COMPUTER CV,BTN MINASA SARI,7371031001,Aktif,10,7371031,Rappocini
97491322,APPA SE RE SERE CV,JL AROEPALA KOMP RUKO GRAND ROYAL NO 4,7371031001,Aktif,10,7371031,Rappocini
97490623,ANDIKA CV,JL MINASAUPA RAYA BLOK C6 NO 5,7371031001,Aktif,10,7371031,Rappocini
97490629,T K MINASA UPA,B T N MINASA UPA BLOK E4 NO 16,7371031001,Aktif,10,7371031,Rappocini
97490627,RESKY TRI PUTRA CV,JALAN KELAPA TIGA 2 NO 28,7371031010,Aktif,10,7371031,Rappocini
97490660,UD SINJAI,JL AROEPALA,7371031001,Aktif,10,7371031,Rappocini
97491326,YAMAHA TALA MOTOR,JL AROEPALA HERTASNING BARU,7371031001,Aktif,10,7371031,Rappocini
97489773,USAHA GALON,JL SULTAN ALAUDDIN NO 259,7371031001,Aktif,10,7371031,Rappocini
97491422,RAHIM ABADI CV,BTN MINASAUPA BLOK K1 NO 19,7371031001,Aktif,10,7371031,Rappocini
97489772,LAUNDRY ASMADINA,JL SULTAN ALAUDDIN NO 25 A (DALAM KAMPUS UNISMUH),7371031001,Aktif,10,7371031,Rappocini
97491419,HALLO PHONE (ROBERT),JALAN RAPPOCINI RAYA NO 215,7371031008,Aktif,10,7371031,Rappocini
97491415,REWAKO PROPERTI PT,KOMP IKIP BLOK A 2 NO 3B,7371031006,Aktif,10,7371031,Rappocini
97491407,KONSULTAN HUKUM <ANNIE>,JL BONTO MENE I NO 6,7371031007,Aktif,10,7371031,Rappocini
97489689,PDAM UNIT PANAKKUKANG KOTA MAKASSAR,JL. TAMALATE 5 BLOK 4 NO. 11,7371031004,Aktif,10,7371031,Rappocini
97491324,SD AL AZHAR,JL. AROEPALA HERTASNING BARU,7371031001,Aktif,10,7371031,Rappocini
97491417,SALON KHAMILA,BTN MINASA UPA BLOK J3 NO 8,7371031001,Aktif,10,7371031,Rappocini
97490579,SPBU HERTASNING RAYA,JL HERTASNING RAYA NO 74,7371031004,Aktif,10,7371031,Rappocini
97490617,KANTIN KOPERASI,JL AP PETTARANI,7371031007,Aktif,10,7371031,Rappocini
97490661,STAND 40,BTN MINASA UPA BLOK N9/27,7371031001,Aktif,10,7371031,Rappocini
97490681,USAHA DAGANG AL QILAH,GRAHA MANDIRI 1 BLOK C NO 1,7371031001,Aktif,10,7371031,Rappocini
97489851,POLITEKNIK KESEHATAN MAKASSAR,JL. WIJAYA KUSUMA NO. 46 MAKASSAR,7371031007,Aktif,10,7371031,Rappocini
97491465,SRI SATYA DENTAL CARE (GEDE),JALAN SUNGAI SADDANG BARU LORONG MUMIN 2 NO 5,7371031010,Aktif,10,7371031,Rappocini
97491477,KLINIK GIGI ADELIA,JALAN WIJAYA KUSUMA RAYA,7371031007,Aktif,10,7371031,Rappocini
97489861,WISMA LAPPO ASE PERUM BULOG,JL AP PETTARANI,7371031007,Aktif,10,7371031,Rappocini
97490716,DOKTER PRAKTEK HATASE NURNA,BNT MINASA UPA BLOK A5,7371031002,Aktif,10,7371031,Rappocini
97491478,KSU GOTONG ROYONG,JL BERINGIN 7 NO 4,7371031004,Aktif,10,7371031,Rappocini
97490734,TOKO KAKTIKA (NUR WANA),BTN MINASA UPA BLOK A5,7371031002,Aktif,10,7371031,Rappocini
97490731,FURNITURE (ONG BUNG SIONG),JL LANDAK BARU LORONG 9,7371031007,Aktif,10,7371031,Rappocini
97489899,TOKEN LISTRIK (RAPIUDDIN),BTN MINASAUPA,7371031001,Aktif,10,7371031,Rappocini
97491518,TOKO JAYA (IRFAN FAHMI),JL KUMALA,7371031001,Aktif,10,7371031,Rappocini
97489976,SURYA RIGENSI DAYA CV <YULIANA>,BTN MINASA UPA BLOK H 6 N 0 22,7371031001,Aktif,10,7371031,Rappocini
97490819,MANDIRI PRIVAT,PERUM VILLA MEGA SARI BLOK C NO 3,7371031001,Aktif,10,7371031,Rappocini
97490760,SMK TRISAKTI AROEPALA,JL AROEPALA NO 5,7371031001,Aktif,10,7371031,Rappocini
97489979,SMA RAIDERS,JALAN BAKTI 4 NO.21,7371031010,Aktif,10,7371031,Rappocini
97490838,ERA BANGUN SARANA PT,JL LANDAK BARU112H,7371031007,Aktif,10,7371031,Rappocini
97488883,APOTIK HARTATI,J L TAMALATE I NO 3,7371031004,Aktif,10,7371031,Rappocini
97488891,SARANA SULSEL VENTURA PT,JL RSI FAISAL RAYA,7371031007,Aktif,10,7371031,Rappocini
97486878,"HERO SUPERMARKET, PT (GIANT ALAUDDIN)",JL SULTAN ALAUDDIN NO. 261,7371031001,Aktif,10,7371031,Rappocini
97486893,CATERING PUTRI,BTN MINASAUPA BLOK F14/1,7371031001,Aktif,10,7371031,Rappocini
97488953,ARFA PRATAMA,JL FAISAL12 NO 12 A,7371031007,Aktif,10,7371031,Rappocini
97486858,SOP SAUDARA,TODDOPULI RAYA,7371031004,Aktif,10,7371031,Rappocini
97488957,INDOMARET MINASA UPA BLOK E,BTN MINASA UPA RUKO E NO 1,7371031001,Aktif,10,7371031,Rappocini
97486938,FAST FOOD INDONESIA PT,JL SULTAN ALAUDDIN,7371031001,Aktif,10,7371031,Rappocini
97488955,FAMILY INN,JL RSI FAISAL 12 NO 10,7371031007,Aktif,10,7371031,Rappocini
97488958,4J OPERATION,BTN MINASA UPA RUKO E NO 7,7371031001,Aktif,10,7371031,Rappocini
97488978,PERCETAKAN PRINCE (ADITYA),PELITA RAYA NO 26 RT 1 RW 1 90222,7371031010,Aktif,10,7371031,Rappocini
97489029,TPA NURSAKINAH,JALAN S YEKH Y USUF,7371031001,Aktif,10,7371031,Rappocini
97489030,SD NEGERI KATANGKA,JALAN S YEK H Y US U F,7371031001,Aktif,10,7371031,Rappocini
97489076,GEOSPATIAL CV (JOHAN EDEN),TAMALATE 2 NO 7A,7371031003,Aktif,10,7371031,Rappocini
97489102,PANGKALAN ELPIJI 3 KG,BTN MINASA UPA BLOK K14 NO 17,7371031001,Aktif,10,7371031,Rappocini
97489045,TRAVEL AM UTAMA,BTN MINAM UM BLOK ABHNO 8,7371031001,Aktif,10,7371031,Rappocini
97489027,SAUDI PATRIA WISATA PT,RUKO AMBASALDA JL RS FAISAL RAYA,7371031007,Aktif,10,7371031,Rappocini
97484155,KENDARI POS,JL RAPPOCINI RAYA NO 4 B,7371031009,Aktif,10,7371031,Rappocini
97489101,INDOMARET,BTN MINASA UPA BLOK K13 NO 9 B,7371031001,Aktif,10,7371031,Rappocini
97489113,TK AISIAH FAJAR SADIQ,JALAN LANDAK BARU LR 2 NO 25,7371031007,Aktif,10,7371031,Rappocini
97484169,BINTANG REZKY CV,IL BONTO MENE 1 NO 8,7371031007,Aktif,10,7371031,Rappocini
97489028,BAYU BUANA TRAVEL PT,RUKO AMBASADOR JL FAISAL RAYA,7371031007,Aktif,10,7371031,Rappocini
97489100,CINCAU (ANDI BESSE),BTN MINASA UPA N3 NO 23,7371031001,Aktif,10,7371031,Rappocini
97482639,KURNIA ABADI CV,IL RAPPOCINI RAYA NO 179,7371031008,Aktif,10,7371031,Rappocini
97482784,CV MITRA TRANS,JALAN HERTASNING 6 NO 25,7371031006,Aktif,10,7371031,Rappocini
97484238,RAJAWALI ADVERTISING,JL. SUNGAI SADDANG BARU 92 A,7371031010,Aktif,10,7371031,Rappocini
97482848,ASURANSI ASEI,Jl ap petarani kompleks petarani bisnis center blok E no 1,7371031006,Aktif,10,7371031,Rappocini
97482845,RUTAN PT,JALAN AP  PETARANI NO 110,7371031008,Aktif,10,7371031,Rappocini
97482878,INDOMART,LANDAK BARU,7371031007,Aktif,10,7371031,Rappocini
97482891,KOPERASI SURYA AMANAH,JL AROEPALA,7371031004,Aktif,10,7371031,Rappocini
97482890,WAHANA MEGAHPUTRA SEJAHTERA PT,JL ANDI PANGERAN PETARANI NO 116,7371031008,Aktif,10,7371031,Rappocini
97482903,INDOMARET,TAMALATE 1 NO 2,7371031003,Aktif,10,7371031,Rappocini
97482913,GREEN CAFE,KASSI-KASSI,7371031004,Aktif,10,7371031,Rappocini
97484416,CAHAYA MAPPALA CV (JOKO),JL MAPPALA BLOK A5 NO 39F RT 7 RW 9 90222,7371031006,Aktif,10,7371031,Rappocini
97484466,BUTIK KEISHA,JL. AROEPALA BLOK X NO. IA,7371031004,Aktif,10,7371031,Rappocini
97484467,INDOMART,JL MONGONSIDI BARU,7371031009,Aktif,10,7371031,Rappocini
97482944,BRI UNIT SUNGAI SADDANG BARU,JL. SUNDAI SADDANG BARU,7371031010,Aktif,10,7371031,Rappocini
97483009,TRISULA NUSANTARA CV,JL BONTO MENE NO 23 RT 4 RW 7 90222,7371031007,Aktif,10,7371031,Rappocini
97483015,NOTARIS,KOMP.PHP BLOK J/33,7371031004,Aktif,10,7371031,Rappocini
97483006,PIVOTAL ENGINEERING CONSULTANT CV,BUAKANA RAYA NO 33,7371031008,Aktif,10,7371031,Rappocini
97483041,ARINI KOPI CENTER UD,JL AROEPALA NO.1,7371031004,Aktif,10,7371031,Rappocini
97483126,DOKTER PRAKTEK (RAMLAH),HERTASNING,7371031004,Aktif,10,7371031,Rappocini
97483145,"SAGITA UTAMA LESTARI, PT",JL M APALA A 4 NO 12,7371031006,Aktif,10,7371031,Rappocini
97484623,KELOMPOK BERMAIN TUNAS MUDA,JL TIDUNG MARIOLO LR 1,7371031006,Aktif,10,7371031,Rappocini
97484680,GALAXY AC,JL SUNGAI SADDANG BARU,7371031010,Aktif,10,7371031,Rappocini
97484664,JUAL GAS (RAFIUDDIN),TODDOPULI 1,7371031004,Aktif,10,7371031,Rappocini
97484672,INDOMARET,JL S SADDANG BARU NO 11,7371031010,Aktif,10,7371031,Rappocini
97484683,GREENSVILLE MONTESSORI SCHOOL,KOMPLEKS PEMDA BLOK E 30,7371031006,Aktif,10,7371031,Rappocini
97483128,KSP BATAVIA (MUHTAR),HERTASNING RAYA TIMUR NO 12 A,7371031004,Aktif,10,7371031,Rappocini
97483333,GAHARA HOTEL,JL HERTASNING E 9 NO 23,7371031006,Aktif,10,7371031,Rappocini
97483337,RUMAH MAKAN LANDAK BARU (HAMZAH),LANDAK BARU,7371031007,Aktif,10,7371031,Rappocini
97484752,TOKO FISGIB (NOVITA),TODDOPULI 1 NO 47,7371031004,Aktif,10,7371031,Rappocini
97484754,TOKO SINAR REJEKI (FREDI),TODDOPULI RAYA,7371031004,Aktif,10,7371031,Rappocini
97481560,JUAL KAYU (ARAS),JL TIDUNG MARIOLO,7371031006,Aktif,10,7371031,Rappocini
97484753,SOPIR TAXI (SAHABUDDIN),TODDOPULI 1 NO 43,7371031004,Aktif,10,7371031,Rappocini
97498815,PEDAGANG PUPUK,PELITA RAYA 2 LR 4 NO 85,7371031008,Aktif,10,7371031,Rappocini
97498813,PUNGGAWA PRINT (IQBAL),SUNGIA SADDANG BARU NO 37 RT 1 RW 9 90222,7371031010,Aktif,10,7371031,Rappocini
97497935,JUAL MINUMAN DINGIN DAN MAKANAN RINGAN (NORMA),SD KOMP IKIP JL AP PETTARANI,7371031007,Aktif,10,7371031,Rappocini
97497939,DAYU PUTRINDO PT,JL MAPALA BLOK A 4 NO 2A,7371031006,Aktif,10,7371031,Rappocini
97497947,PERCETAKAN ABADI (HENDRA),JL SUNGAI SADDANG BARU,7371031010,Aktif,10,7371031,Rappocini
97498008,"RATU ARTA PRIMA, PT",JL HERTASNING KOMPLES GPI NO 2A,7371031005,Aktif,10,7371031,Rappocini
97498029,PRAKTEK DOKTER GIGI,JL MAPALA 2 BLOK A 4 NO 4,7371031006,Aktif,10,7371031,Rappocini
97498816,NOTARIS,JL TAMALATE 4 NO 146,7371031004,Aktif,10,7371031,Rappocini
97498149,CV BINATECH (SYAMSUL),JL HERTASNING BLOK E NO 1,7371031006,Aktif,10,7371031,Rappocini
97498190,KOPERASI BERKAT,JL.TAMALATE V.NO.26,7371031004,Aktif,10,7371031,Rappocini
97493177,JUAL ES CINCAU,RAPPOCINI,7371031008,Aktif,10,7371031,Rappocini
97492437,PT MEGA NIKMAT PERSADA NUSANTARA,JL.BALLAPARANG II NO.13,7371031010,Aktif,10,7371031,Rappocini
97492505,YAYASAN RUMAH YATIM,JL LANDAK BARU NO 98,7371031007,Aktif,10,7371031,Rappocini
97493281,AASESORIS KOMPUTER,BUAKANA,7371031008,Aktif,10,7371031,Rappocini
97492524,MULIA VIKAR PT,JL KOMP PERMATA HIJAU LESTARI,7371031004,Aktif,10,7371031,Rappocini
97492515,TOYS GAMES INDONESIA PT,JL AP PETTARANIN KAV 1 NO 3,7371031006,Aktif,10,7371031,Rappocini
97493297,TOKO SUARA PRIMA,RAPPOCINI,7371031008,Aktif,10,7371031,Rappocini
97493362,ALFA MART,JL SKARDA N NO 1,7371031001,Aktif,10,7371031,Rappocini
97493413,GHAISAN MART,KOMP MANGGASA PERMAI RUKO NO 6,7371031001,Aktif,10,7371031,Rappocini
97492616,TK ANAK ALIM,MINASA UPA PERUMAHAN GRIYA ASRI NO 18,7371031001,Aktif,10,7371031,Rappocini
97492629,DWI PUTRA SANIPURNA,JALAN LANDAK BARU NO 88,7371031007,Aktif,10,7371031,Rappocini
97493517,WARKOP MALOMO,RAPPOCINI,7371031008,Aktif,10,7371031,Rappocini
97493519,PEGADAIAN PT,RAPPOCINI,7371031008,Aktif,10,7371031,Rappocini
97493625,LAUNDRY HANAYA REZEKY (LANTUNGGU MUSTAFA),JL LANDAK BARU 8 NO 113,7371031007,Aktif,10,7371031,Rappocini
97481798,"INDOMARET / PT INDOMARCO, TBK",RAPPOCINI RAYA NO 173,7371031008,Aktif,10,7371031,Rappocini
97487988,CV PUTRA MASPUL NO.39,JL.SUNGAI SADDANG BARU,7371031010,Aktif,10,7371031,Rappocini
97487984,BKL SINAR LOJONG CV,JL.FAISAL XVII NO.2,7371031007,Aktif,10,7371031,Rappocini
97488392,PT BPR NIAGA MANDIRI,JL HERTASNING RAYA TIMUR NO 17,7371031004,Aktif,10,7371031,Rappocini
97488426,SHEKINAH CV,JL AROEPALA KOMP RUKO PDGI NO 1,7371031001,Aktif,10,7371031,Rappocini
97488388,DARTEX TAYLOR (SUDARMAN),JALAN WIJAYA KUSUMA RAYA NO 7,7371031007,Aktif,10,7371031,Rappocini
97488409,TALA MOTOR,JL RAPPOCINI RAYA 159 A RT 2 RW 5 90222,7371031008,Aktif,10,7371031,Rappocini
97488048,BENGKEL MOBIL (FADLI),JALAN WIJAYA KUSUMA RAYA NO 9,7371031007,Aktif,10,7371031,Rappocini
97494378,KOPERASI SIMPAN PINJAM LPMP (MAKKA),AP PETTARANI,7371031007,Aktif,10,7371031,Rappocini
97495150,KOPRASI SIMPAN PINJAM PASCASARJANA (WADDI),JL BONTOLANGKASA,7371031007,Aktif,10,7371031,Rappocini
97494408,JANGGALA BORDIR KOMPUTER,JALAN RAPPOCINI LR 5B,7371031009,Aktif,10,7371031,Rappocini
97485560,ANTI CORRUPTION COMMITTEE,JL AP PETTARANI RUKO BISNIS CENTRE BLOK A 17,7371031008,Aktif,10,7371031,Rappocini
97495212,ALFA RIA TRIJAYA TBK,JALAN PELITA RAYA N0 28,7371031010,Aktif,10,7371031,Rappocini
97494456,"PURI YUHANA, PT",JL LANDAK BARU NO 94 A B,7371031007,Aktif,10,7371031,Rappocini
97495294,TEKNIK EKSAKTA PT,JL FAISAL 10 42,7371031007,Aktif,10,7371031,Rappocini
97485669,PANGKALAN GAS ELPIJI LATOARI,JALAN KELAPA TIGA GANG 4 NO 16,7371031010,Aktif,10,7371031,Rappocini
97485779,BINTANG WISATA TOUR AND TRAVEL,BONTO MENE,7371031007,Aktif,10,7371031,Rappocini
97485767,KOPERASI MEGA DELIMA,JL.BERINGIN RAYA,7371031004,Aktif,10,7371031,Rappocini
97495526,PT. ASURANSI STACO MANDIRI,JL. PANDANG RAYA NO. 20B,7371031008,Aktif,10,7371031,Rappocini
97501497,TK KANAK KANAK BIDARAYYA,BTN MINASA UPA BLOK A,7371031002,Aktif,10,7371031,Rappocini
97501471,PAINDO RAYA CV,PURI TAMAN SARI BLOK E2 NO 2,7371031004,Aktif,10,7371031,Rappocini
97503120,TIQA CEMERLANG CV,BTN MINAS A UP A BLOK L13 NO 16,7371031001,Aktif,10,7371031,Rappocini
97503155,YAYASAN MARKAS IMAM MALIK,JL RSI FAISAL 14 NO 14,7371031007,Aktif,10,7371031,Rappocini
97503199,UNIVERSITAS MUHAMMADIYAH MAKASSAR,JL SULTAN ALAUDDIN NO 258,7371031001,Aktif,10,7371031,Rappocini
97500666,REFLEKSI UBC (UNISMUH),JL TALASALAPANG RAYA,7371031001,Aktif,10,7371031,Rappocini
97500695,FAJAR UTAMA MAKASSAR PERKASA PT,HERTASNING NO.54,7371031006,Aktif,10,7371031,Rappocini
97500690,YAYASAN KANKER <DENI>,JL BUMI 21,7371031001,Aktif,10,7371031,Rappocini
97478857,KOPMA ALMAMATER UNM FOTO COPY DAN JUAL ATK (HIDAYAT),JL BONTOLANGKASA,7371031007,Aktif,10,7371031,Rappocini
97477972,KLINIK PRAKTEK DOKTER GIGI,JIPANG RAYA,7371031002,Aktif,10,7371031,Rappocini
97477975,SALON LAURA,BUAKANA,7371031008,Aktif,10,7371031,Rappocini
97481458,YAMAHA DALLE RAPPO MOTOR,JL. RAPPOCINI RAYA NO. 278,7371031008,Aktif,10,7371031,Rappocini
97481456,TRIJAYA PRATAMA PT,JL A PANGERAN PETTARANI,7371031007,Aktif,10,7371031,Rappocini
97478911,JUALAN PULSA (NIKEN),JL HERTASNING BARAT 2 NO 12,7371031005,Aktif,10,7371031,Rappocini
97478934,TK KHALIFAH 45,JL HERTASNING BARAT 1 NO 45,7371031005,Aktif,10,7371031,Rappocini
97481537,KOPERASI KANTOR KESEJAHTERAAN,JL MAPPALA IV BLOK  E 27 NO 12 B,7371031006,Aktif,10,7371031,Rappocini
97481517,DOKTER PRAKTER (ARINA),JL FAISAL 9 NO 2 1,7371031007,Aktif,10,7371031,Rappocini
97497069,ASURANSI HARTA PT,JL AP PETTARANI RUKO CENTRE BLOK B 15,7371031008,Aktif,10,7371031,Rappocini
97497070,JALUR NUGRAHA EKAKURIR PT (JNE),JL YUSUF DG AWING BLOK E 27 NO 6,7371031006,Aktif,10,7371031,Rappocini
97497050,RESTO CAFE D FAMILIA,JL YUSUF DG AWING BLOK E 27 NO 12 A,7371031006,Aktif,10,7371031,Rappocini
97497068,TK SALSABILA (SABRIAH),JALAN PELITA RAYA BLOK A3 NO 7,7371031010,Aktif,10,7371031,Rappocini
97497099,ALFAMIDI LANDAK BAFU,JALAN LANDAK BARU,7371031007,Aktif,10,7371031,Rappocini
97498294,USAHA HENDRIK,JL. SUNGAI SADDANG BARU LR BERKAH NO. 3A RT 3 RW 2 90222,7371031010,Aktif,10,7371031,Rappocini
97497129,MUSFIRATUR PT,JL AP PETTARANI CENTRE BLOK C 15 16,7371031008,Aktif,10,7371031,Rappocini
97497098,CIPTA GELEGAR CV,JL AP PETTARANI KOMPLEKS EKS CENTER B 19,7371031008,Aktif,10,7371031,Rappocini
97497165,TOKO GORDEN AL FAIZAN,RAPPOCINI,7371031008,Aktif,10,7371031,Rappocini
97498406,SMP NEGERI 13 MAKASSAR,JL. TAMALATE 6 NO. 2,7371031004,Aktif,10,7371031,Rappocini
97497292,LATIVI MEDIA KARYA PT,JL BONTO MENE NO 11,7371031007,Aktif,10,7371031,Rappocini
97498476,FUTSAL TANGGO,JL YUSUF DG NGAWING BLOK E NO 1,7371031006,Aktif,10,7371031,Rappocini
97497592,KONSULTAN CV BETIGA PUTRA,JL RAPPOCINI RAYA LR 11B 19,7371031008,Aktif,10,7371031,Rappocini
97498515,CV CIKINDO (HARYANTO),JALAN PELITA RATA VI BLOK B NO 2,7371031008,Aktif,10,7371031,Rappocini
97497602,EXEL BOOY WORK,IL SUNGAI SADDANG BARU,7371031010,Aktif,10,7371031,Rappocini
97497387,BELIAN CAHAYA INTI UTAMA.PT,JALAN PELITA RAYA NO 2B,7371031010,Aktif,10,7371031,Rappocini
97497361,INDOMEDIA DIGITAL PRINT DAN ADVERTISING,"JL SUNGAI SADDANG BARU NO9 D,E",7371031010,Aktif,10,7371031,Rappocini
97497381,TK ALMIRAH,JALAN MEMMY JAELAN 3 NO 4 KOMP PU JENEBERANG,7371031002,Aktif,10,7371031,Rappocini
97497366,KOPERASI KPN TAMALATE SMP NEGERI 33 MAKASSAR NO 1,JL TAMALATE 6 NO.1,7371031004,Aktif,10,7371031,Rappocini
97497634,MEGAHPUTRA SEJAHTERA PT,JALAN A. P PETARANI NO 114,7371031008,Aktif,10,7371031,Rappocini
97497606,KOPERASI (ABD KASIM),SUNGAI SADDANG BARU LR MU`MIN 2 NO 13 C,7371031010,Aktif,10,7371031,Rappocini
97497637,RAHMAT JAYA (INDA MALIA),JL TALASALAPANG RAYA NO 8A,7371031001,Aktif,10,7371031,Rappocini
97498561,KM MART KOPERASI LESTARI,JL AP PETTARANI,7371031007,Aktif,10,7371031,Rappocini
97497664,KLINIK UNISMUH MEDICAL CENTRE,JL TALASALAPANG RAYA,7371031001,Aktif,10,7371031,Rappocini
97497666,OM CHICK CRISPY (ALI MURTADO),JL TALASALAPANG RAYA NO,7371031001,Aktif,10,7371031,Rappocini
97497669,"FAZA JAYA PRATAMA, PT",JL LANDAK BARU LORONG 8 NO 30,7371031007,Aktif,10,7371031,Rappocini
97497740,BANK BRI,TALASALAPANG RAYA,7371031001,Aktif,10,7371031,Rappocini
97497749,WIJAYA KARYA PT,JL HERTASNING KOMPLES GPI,7371031005,Aktif,10,7371031,Rappocini
97497759,KOPERASI PRIMADANA SARI,JL TAMALATE 4 STP 16 NO 6,7371031004,Aktif,10,7371031,Rappocini
97497504,CV MAKMUR JANNAH,JALAN FAISAL 16 MO 77,7371031007,Aktif,10,7371031,Rappocini
97497503,"TRI STAR MANDIRI, PT",JALAN PELITA RAYA VI NO 32,7371031008,Aktif,10,7371031,Rappocini
97498760,APOTEK TIDUNG FARMA,JL TIDUNG MARIOLO,7371031006,Aktif,10,7371031,Rappocini
97498742,PLAY GRUP(ARDI HASAN),JL HERTASNING E10 NO 9,7371031006,Aktif,10,7371031,Rappocini
97497914,SENTRAL CARGO PT,JALAN PELITA RAYA NO 34,7371031010,Aktif,10,7371031,Rappocini
97498724,KANTOR ADVOKAT/KONSULTAN HUKUM,JL AP PETTARANI CENTRE BLOK A NO 9,7371031008,Aktif,10,7371031,Rappocini
97498726,MEDIATRON SEJAHTERA CV,JL LANDAK BARU LORONG 8 NO 6C,7371031007,Aktif,10,7371031,Rappocini
97484954,BENGKEL SATRIA MOTOR (RUDI),JL RAPPOCINI RAYA NO 37 C,7371031009,Aktif,10,7371031,Rappocini
97486197,PAUD KHALIF,JL TALASALAPANG 2 KOMP PEMDA BLOK G1 NO 5,7371031001,Aktif,10,7371031,Rappocini
97486999,PEGADAIAN PT,PEGADAIAN PELITA A24/3,7371031010,Aktif,10,7371031,Rappocini
97498856,HOLLAND FARMER,JL SUNGAI SADDANG BARU,7371031008,Aktif,10,7371031,Rappocini
97498863,MUTIARA COOKIES (OLA),JL TOODOPULI 1 STP 3 NO 108 RT 01 RW 06 90222,7371031004,Aktif,10,7371031,Rappocini
97498969,SINAR GALESONG MANDIRI,AP PETARANI NO 55,7371031008,Aktif,10,7371031,Rappocini
97499032,NAHDA CV,JL LANDAK BARU LORONG 8 NO 22 A RT 5 RW 6 90222,7371031007,Aktif,10,7371031,Rappocini
97495315,TRITUNGGAL CV,JL RAPPONI RAYA PERUMAHAN,7371031008,Aktif,10,7371031,Rappocini
97495392,TOKO EMBA BONTO JAYA,JL BONTO DG NGIRATE NO 16 RT 03 RW 8 90222,7371031006,Aktif,10,7371031,Rappocini
97496536,SOPPENG UTAMA CV,JL TAMALATE 2 NO 329 RT 2 RW 2 90222,7371031003,Aktif,10,7371031,Rappocini
97491668,BERKAH MOTOR (NURDIN),RAPPOCINI,7371031008,Aktif,10,7371031,Rappocini
97484962,ALFAMART,JL RAYA TALASALAPANG,7371031001,Aktif,10,7371031,Rappocini
97484958,PT <BRIGHT> FOOD DAN DRINK,JL SULTAN ALAUDDIN,7371031001,Aktif,10,7371031,Rappocini
97484966,PERSEWAAN KAMAR,KOMPLEKS PERMATA HIJAU PERMAI BLOK L NO.I,7371031004,Aktif,10,7371031,Rappocini
97485092,PT ADVANTAGE SCM,JALAN HERTASNING 7,7371031006,Aktif,10,7371031,Rappocini
97485171,JUAL BELI MOTOR SERAM ABADI MOTOR,JL.RAPPOCINI RAYA NO 12,7371031009,Aktif,10,7371031,Rappocini
97487809,AZZA GASCARE INVENSINDO,JL BONTO MENE 1 NO 28,7371031007,Aktif,10,7371031,Rappocini
97487860,PEGADAIAN UNIT MINASA UPA,BTN Minasa Upa Blok E Ruko Minasa Upa No. 9,7371031001,Aktif,10,7371031,Rappocini
97488247,EDUCARE INSTITUTE,BTN MINASA UPA BLOK F15 NO 2,7371031001,Aktif,10,7371031,Rappocini
97488286,KOS PUTRI (MASDAR SYARIF),TODDOPULI 1,7371031004,Aktif,10,7371031,Rappocini
97487903,ALFA MART <EVILADJANI>,JALAN EMMY SAELAN,7371031001,Aktif,10,7371031,Rappocini
97502278,CV GENERAL KONSULTAN,BTN MINASA UPA BLOK K17 NO 6,7371031001,Aktif,10,7371031,Rappocini
97502280,PEGADAIAN,BTN MINASA UPA BLOK K13 NO 4,7371031001,Aktif,10,7371031,Rappocini
97502281,TALASALAPANG MOTOR CV,JL HERTASNING BARU NO180,7371031001,Aktif,10,7371031,Rappocini
97502282,BUANA CIPTA CV,JL HERTASNING BARU NO 78,7371031001,Aktif,10,7371031,Rappocini
97502283,TELAGA PITU INTERNASIONAL,BTN MINASA UPA BLOK AB 1 NO. 7,7371031001,Aktif,10,7371031,Rappocini
97501807,BENGKEL LAS (SAHRIL),JALAN RSI FAISAL XIV A 79,7371031007,Aktif,10,7371031,Rappocini
97501812,ESQ LEADERSHIP CENTER PERWAKILAN MAKASSAR,JL HERTASNING BARU <AROEPALA NO 9A>,7371031001,Aktif,10,7371031,Rappocini
97501825,DATO FIRMAN,KOMP BUMI BOSOWA INDAH BLOK M,7371031001,Aktif,10,7371031,Rappocini
97501814,ARYANI UD,JL AROEPALA,7371031001,Aktif,10,7371031,Rappocini
97501815,ROOTS ROCK REGGAE,JL AROEPALA NO 22,7371031001,Aktif,10,7371031,Rappocini
97502310,TPA AL FITRAH,MINASA UPA BLOK N1 NO 1 2,7371031001,Aktif,10,7371031,Rappocini
97502279,CV WALISERI CITRA TAMA (ANDRI TENRI ANGKA),JL BTN MINASA UPA,7371031001,Aktif,10,7371031,Rappocini
97501829,PRAKTEK PERAWAT (DEASY),KOMP P DAN K BLOK G 1/14,7371031001,Aktif,10,7371031,Rappocini
97495964,"IRWANA , CV (RAPOCINI PONSEL)",JLN. RAPOCINI RAYA NOMOR 170,7371031008,Aktif,10,7371031,Rappocini
97496223,CV MITRA SEJATI (MANSYUR TOTO),JL MONUMEN  EMMY SAELAN,7371031006,Aktif,10,7371031,Rappocini
97490025,INDOMARET EMMY SAELAN 3,EMMY SAELAN 3,7371031002,Aktif,10,7371031,Rappocini
97490006,BPR NIAGA MADANI (HASNIAH),HERTASNING RAYA TIMUR NO 18 C,7371031004,Aktif,10,7371031,Rappocini
97489169,BENGKEL MOBIL (ZUL),JALAN WIJAYA KUSUMA RAYA NO 9,7371031007,Aktif,10,7371031,Rappocini
97490020,TPA DARUL FALAH,BTN MINASA UPA,7371031001,Aktif,10,7371031,Rappocini
97489152,HOTEL ROMEDO,JALAN LANDAK BARU,7371031007,Aktif,10,7371031,Rappocini
97489207,KANTOR PEGADAIAN,JALAN BORONG INDAH A2 NO 2,7371031004,Aktif,10,7371031,Rappocini
97490056,RUMAH MAKAN (MIE GALANG),KOMPLEKS PERMATA HIJAU PERMAI BLOK B NO. 24,7371031004,Aktif,10,7371031,Rappocini
97489222,KLINIK GIGI (NUR ISMAH),JALAN WIJAYA KUSUMA 1 BLOK 85 NO 67,7371031007,Aktif,10,7371031,Rappocini
97490058,RANGGI PUTRA CV (ILHAM),PERUMAHAN BUMI BOSOWA PERMAI,7371031001,Aktif,10,7371031,Rappocini
97490061,UTAMA BERKAH MOTOR CV,JALAN LANDAK BARU NO 114,7371031007,Aktif,10,7371031,Rappocini
97490014,THE INTERNATIONALENGLISH,JL TALLASALAPANG,7371031001,Aktif,10,7371031,Rappocini
97489204,EKSPEDISI (RUDI),B T N MINASA UPA G 16 NO 7,7371031001,Aktif,10,7371031,Rappocini
97489202,OMEGA,BTN MINASA UPA,7371031001,Aktif,10,7371031,Rappocini
97489221,BALAI PENGOBATAN GIGI RAHMAT HUSADA,JALAN WIJAYA KUSUMA 1,7371031007,Aktif,10,7371031,Rappocini
97490062,APOTIK KIMIA FARMA,JL SULTAN ALAUDDIN NO 305 A,7371031001,Aktif,10,7371031,Rappocini
97490073,GROSOR TEH BOTOL SOSRO <PEAHA>,JL. MONUMEN EMMY SAELAN 3 NO 5,7371031002,Aktif,10,7371031,Rappocini
97490074,AURAMA KARYA PT,J L.PERMATA HIJAU PERMAI BLOK A NO 26,7371031004,Aktif,10,7371031,Rappocini
97484009,ZAKIAH AMALIAH CV,JL BONTO MINE NO 17,7371031007,Aktif,10,7371031,Rappocini
97490063,PESANTREN ADDARAEN SMA,JL SULTAN ALAUDDIN NO 305 A,7371031001,Aktif,10,7371031,Rappocini
97490093,TK ISLAM AL FURQAN,BTN MINASA UPA N1 NO 1 2,7371031001,Aktif,10,7371031,Rappocini
97490096,ARINDA BAHANA PERKASA CV,BTN MINASA UPA BLOK AB 10 A NO. 6,7371031001,Aktif,10,7371031,Rappocini
97490112,ALFA MART KOMP PERUMAHAN ANGING MAMMIRI,PERUMAHAN ANGIN MAMMIRI,7371031002,Aktif,10,7371031,Rappocini
97484043,CV WIRA KARYA ANUGRAH,BTN MANGASA PERMAI BLOK Z.3 NO 4,7371031001,Aktif,10,7371031,Rappocini
97490111,RESKI BOUTIQUE COLECTION,PERUMAHAN ANGING MAMMIRI BLOK D1 8,7371031002,Aktif,10,7371031,Rappocini
97489269,PAUD (NORMAWATI),KARUNRUNG RAYA NO 49,7371031002,Aktif,10,7371031,Rappocini
97489287,AQILA NET,JALAN EMMY SAELAN 3,7371031002,Aktif,10,7371031,Rappocini
97490982,JUAL AYAM CRISPY,BTN MINASA UPA N1 NO 4,7371031001,Aktif,10,7371031,Rappocini
97490988,MUTIARA FINANCIAL,JL RAPPOCINI RAYA 189,7371031008,Aktif,10,7371031,Rappocini
97489364,DUTA IRAMA,J L SULTAN ALAUDDIN,7371031001,Aktif,10,7371031,Rappocini
97490196,MIDI UTAMA INDONESIA TBK HERTASNING5 PT,JL ARUPALA,7371031001,Aktif,10,7371031,Rappocini
97490194,APOTEK AMIRAH FARMA,JL AROEPALA KOMP PDGI NO 12,7371031001,Aktif,10,7371031,Rappocini
97491022,KANTOR JPP,KOMP IKIP B IV NO 7,7371031006,Aktif,10,7371031,Rappocini
97489409,SMP TRISAKTI,JL AROEPALA NO 5,7371031001,Aktif,10,7371031,Rappocini
97489411,HIKMA JAYA UD,JL AROEPALA NO 22B,7371031001,Aktif,10,7371031,Rappocini
97490240,TEGUH TANI MANDIRI CV (ANDI SANTY),PERUMAHAN BUMI BOSOWA PERMAI BLOK B1 NO 18,7371031001,Aktif,10,7371031,Rappocini
97491046,RAHMAT CV,JL AROEPALA NO 88 HERTASNING BARU,7371031001,Aktif,10,7371031,Rappocini
97489424,KONSUIL WILAYAH SULSEL,JL TODOPULI RAYA NO 4C,7371031004,Aktif,10,7371031,Rappocini
97491051,CV KARYA LUMBAJA CV,BTN MINASA UPA BLOK,7371031001,Aktif,10,7371031,Rappocini
97490261,UKAIL COLECTION,BTN MINASA UPA N2 NO 19,7371031001,Aktif,10,7371031,Rappocini
97490258,"PP PERSERO,PT",JL HERTASNING BLOK 2 NO 1,7371031004,Aktif,10,7371031,Rappocini
97491083,PAUD AMINAH,JL HERTASNING,7371031008,Aktif,10,7371031,Rappocini
97490300,KANTIN GUSBAR,HERTASNING BLOK E 14 NO 2,7371031006,Aktif,10,7371031,Rappocini
97491090,CV RISKA KARYA,JL SUNGAI SADDANG BARU NO. 90 RT 1 RW 8 90222,7371031010,Aktif,10,7371031,Rappocini
97478192,B FRIED CHICKEN EXPREZZ,JL RAPPOCINI RAYA NO 87,7371031009,Aktif,10,7371031,Rappocini
97490313,HUTCHISON 3 INDONESIA,HERTASMING NO 26,7371031006,Aktif,10,7371031,Rappocini
97479062,PT INIXINDO MAGGURU MACCA CEMERLANG,JALAN NIKEL 1 BLOK A22 NO 18,7371031010,Aktif,10,7371031,Rappocini
97490336,SURYA 75 CV,KOMP BUMI PALEM BLOK Q5,7371031001,Aktif,10,7371031,Rappocini
97479063,SITI NAMIRAH,JL MAPPALA 4 BLOK AG NO 1,7371031006,Aktif,10,7371031,Rappocini
97490331,PENYEWAAN GEDUNG (KH ZEED),JL SULTAN ALAUDDIN NO 305 A,7371031001,Aktif,10,7371031,Rappocini
97490332,ALFA MIDI SULTAN ALAUDDIN I,JL SULTAN ALAUDDIN,7371031001,Aktif,10,7371031,Rappocini
97479087,DEMELIA HOTEL,JALAN NIKEL 1A 22 71,7371031010,Aktif,10,7371031,Rappocini
97478242,CAPPUCINO GOOD,JL RAPPOCINI RAYA NO 38,7371031009,Aktif,10,7371031,Rappocini
97479097,GHAISAN MOTOR CV,JL LANDAK BARU NO 60,7371031007,Aktif,10,7371031,Rappocini
97489525,PRAKTEK DOKTER GIGI (NUR AENI),BTN MINASA UPA BLOK F 13 NO 13 C,7371031001,Aktif,10,7371031,Rappocini
97490353,DEPOT AIR MINUM ANGGA,BTN MINASA UPA BLOK K 13 NO 7,7371031001,Aktif,10,7371031,Rappocini
97490403,TOKO PHOTO COPY (LIONG),JALAN KUSUMA WIJAYA RAYA NO 9,7371031007,Aktif,10,7371031,Rappocini
97490390,BENGKEL ROSITA,JL AROEPALA NO 28,7371031001,Aktif,10,7371031,Rappocini
97490377,SARANA MAJU LESTARI PT,JL FAISAL 12 NO 40 A,7371031007,Aktif,10,7371031,Rappocini
97489574,"ARCI PRATAMA KONSULTAN, PT",JL RSI FAISAL RAYA,7371031007,Aktif,10,7371031,Rappocini
97490389,BENGKEL LAS SYUKRULLAH,JL AROEPALA,7371031001,Aktif,10,7371031,Rappocini
97490395,TRI PUTRA MANDIDI CV,BTN MINASA UPA BLOK K3 NO11,7371031001,Aktif,10,7371031,Rappocini
97489560,DOKTER PRAKTEK (FAIZAL),JL.BUMI 13A NO 11,7371031001,Aktif,10,7371031,Rappocini
97490401,WARUNG CAMPURAN (HJ RUDJNAH),JALAN WIJAYA KUSUMA RAYA NO 1,7371031007,Aktif,10,7371031,Rappocini
97489596,BOR SUMUR,BTN MINASA UPA BLOK K16 NO 18,7371031001,Aktif,10,7371031,Rappocini
97491224,GOWA RENTAL (HAMKA),B T N MINAS A UP A BLOK E 7 NO 10,7371031001,Aktif,10,7371031,Rappocini
97491219,KANTOR ASTRAD,JL AP PETTARANI 98 A,7371031008,Aktif,10,7371031,Rappocini
97491233,ANGKUTAN UMUM (H. MASRI),BTN MINASA UPA BLOK F,7371031001,Aktif,10,7371031,Rappocini
97499679,TK ADIKA PUTRI,PERUMAHAN ANGING MAMIRI BLOK F2  1,7371031002,Aktif,10,7371031,Rappocini
97499675,TK AZIZAH,JL. KELAPA TIGA NO.9,7371031010,Aktif,10,7371031,Rappocini
97499993,CAHAYA SENGKANG FURNITURE (H ABDUL MAJID),JL MONUMEN EMMY SAELAN NO 27,7371031006,Aktif,10,7371031,Rappocini
97491246,YAYASAN SHIHATUL IMAN,JALAN WIJAYA KUSUMA 2 NO 5,7371031007,Aktif,10,7371031,Rappocini
97478295,KOPERASI LESTARI,JL AP PETTARANI,7371031007,Aktif,10,7371031,Rappocini
97478296,I KHALIFAH (RACHMAWATI),TAMALETE 2 NO 7,7371031003,Aktif,10,7371031,Rappocini
97500004,DEPOT AIR ASY SYIFAA,BTN MINASA UPA BLOK J3 NO 10 RT 03 RW 11 90221,7371031001,Aktif,10,7371031,Rappocini
97499712,PAUD HASIRAH,BTN HASIRAH BLOK E5,7371031001,Aktif,10,7371031,Rappocini
97489636,APOTEK KIMIA FARMA,JL AP PETTARANI,7371031007,Aktif,10,7371031,Rappocini
97491245,FOTO COPY SINAR JAYA <RUSDI>,JALAN WIJAYA KUSUMA RAYA,7371031007,Aktif,10,7371031,Rappocini
97489635,SIPAKALEBBI 2 PT,RUKO AMBASADOR JL RS FAISAL RAYA NO 9AB,7371031007,Aktif,10,7371031,Rappocini
97491287,CELEBES RAYA,JL.SUNGAI SADDANG BARU NO. 75B RT 3 RW 2 90222,7371031010,Aktif,10,7371031,Rappocini
97500006,KARTINI TAYLOR,BTN MINASA UPA BLOK J5 NO 13 RT 04 RW 12 90221,7371031001,Aktif,10,7371031,Rappocini
97489634,JASA PRIMA LOGISTIK BULOG PT,JL RS FAISAL RAYA RUKO AMBASADOR NO 3,7371031007,Aktif,10,7371031,Rappocini
97491270,KEMBAR JAYA <ANTONI>,JALAN RAPPOCINI RAYA NO 187 A,7371031008,Aktif,10,7371031,Rappocini
97490500,ALFA MART BULOG,JL FAISAL RAYA,7371031007,Aktif,10,7371031,Rappocini
97490515,TOKO CAMPURAN,BTN MINASA UPA N1 NO 14,7371031001,Aktif,10,7371031,Rappocini
97499727,YAYASAN PENDIDIKAN MULIA BHAKTI SEJAHTERA,KELAPA TIGA,7371031010,Aktif,10,7371031,Rappocini
97490516,ALFA MART,BTN MINASA UPA NI NO 7,7371031001,Aktif,10,7371031,Rappocini
97490534,TK,MAKASSAR,7371031001,Aktif,10,7371031,Rappocini
97490507,BARUGA LAPPO ASE PERUM BULOG,JL AP PETTARANI,7371031007,Aktif,10,7371031,Rappocini
97500054,PT ANANDA NURUL HAROMAIN,JL LANDAK BARU NO 63,7371031007,Aktif,10,7371031,Rappocini
97500080,PDAM UNIT RAPPOCINI KOTA MAKASSAR,JL. SULTAN ALAUDDIN KOMP. RUKO BPH BLOK R2 NO. 1,7371031001,Aktif,10,7371031,Rappocini
97489128,SD NEGERI 1 MINASA UPA,MINASA UPA BLOK L,7371031001,Aktif,10,7371031,Rappocini
97500124,RANTOR C3 VISUAL,KOMP IKIP BLOK G I,7371031006,Aktif,10,7371031,Rappocini
97500130,PERUM PERUMNAS REGIONAL VII,J L HERTASNING BLOK B1 NO. 1,7371031004,Aktif,10,7371031,Rappocini
97500132,KOPERASI SIMPAN PINJAM AMAL KARYA,JL TAMALATE I NO 41,7371031004,Aktif,10,7371031,Rappocini
97500147,DUTA KONSTRUKSI CV,KOMP BPH BLOK E 2 NO 8,7371031001,Aktif,10,7371031,Rappocini
97494851,TOKO WJ PLASTIK,RAPPOCINI,7371031008,Aktif,10,7371031,Rappocini
97494830,MEKAR KASIH CV,JALAN PELITA RAYA A 24,7371031010,Aktif,10,7371031,Rappocini
97485279,KANTOR P T SWADARNA SARANA,JALAN HERTASNING 7 NO 4,7371031006,Aktif,10,7371031,Rappocini
97494912,MANDALA FINANCE PT,JALAN PELITA RAYA A28/I,7371031010,Aktif,10,7371031,Rappocini
97499331,PENGISIAN TABUNG PEMADAM,SUNGAI SADDANG BARU BALLAPARANG 2,7371031010,Aktif,10,7371031,Rappocini
97499333,TOKO 16 (VERY),TODDOPULI RAYA,7371031004,Aktif,10,7371031,Rappocini
97499334,APOTEK AKA (ADE RAHMI),TODDOPULI RAYA,7371031004,Aktif,10,7371031,Rappocini
97499335,KOPERASI SERBA USAHA <ILHAM JAYA>,RAPPOCINI RAYA NO 114,7371031008,Aktif,10,7371031,Rappocini
97494217,MEGA FINANCE PT,JALAN PELITA RAYA A26,7371031010,Aktif,10,7371031,Rappocini
97494966,PRAKTEK DOKTER UMUM (WILLI),JALAN RAPPOCINI RAYA NO 124,7371031008,Aktif,10,7371031,Rappocini
97499380,BANK BRI,RAPPOCINI RAYA NO 133,7371031008,Aktif,10,7371031,Rappocini
97485406,HOTEL HERTASNING,HERTASNING RAYA,7371031006,Aktif,10,7371031,Rappocini
97499391,PERMODALAN NASIONAL MADANI PT,JALAN PELITA RAYA BLOK,7371031010,Aktif,10,7371031,Rappocini
97485407,AIA FINANCIAL <NURBAYA>,JALAN DAHLIA KOMPLEKS TAMAN DAHLIA 2,7371031008,Aktif,10,7371031,Rappocini
97485409,SMP NAHDIYAT SWASTA,RAPPOCINI RAYA LR 90 NO.16,7371031008,Aktif,10,7371031,Rappocini
97485404,DJ DONUT`S,HERTASNING RAYA NO 88H,7371031006,Aktif,10,7371031,Rappocini
97485405,DHD TOUR & TRAVEL,HERTASNING RAYA NO 88B,7371031006,Aktif,10,7371031,Rappocini
97485376,YUDISTIRA GALIA INDONESIA,JALAN BONTO LANRA NO 19,7371031007,Aktif,10,7371031,Rappocini
97499786,STC MOTOR,JALAN KELAPA TIGA 2 NO 22,7371031010,Aktif,10,7371031,Rappocini
97495087,ADEEN CV (PRAKTEK DOKTER),JL HERTASNING KOMPLES GPI NO 8E,7371031005,Aktif,10,7371031,Rappocini
97495116,BINTANG TIMUR JAYA CV,JL MONUMEN EMMY SAELAN NO 103 C,7371031006,Aktif,10,7371031,Rappocini
97494346,STREET MAKASSAR,KOMP IKIP BLOK A I NO 20,7371031006,Aktif,10,7371031,Rappocini
97499879,WARUNG KOPI MEDINA (TRI),LANDAK BARU,7371031007,Aktif,10,7371031,Rappocini
97503653,TPA AL-IKHLAS (MEGAWATI),JL TIDUNG 8 STP 3 NO 57,7371031003,Aktif,10,7371031,Rappocini
97499880,KOPERASI SEPAKAT KARYA SEJAHTERA,JL TAMALATE 4 STP 6 NO 249,7371031004,Aktif,10,7371031,Rappocini
97503671,TONG TJIE,MAKASSAR,7371031001,Aktif,10,7371031,Rappocini
97503673,RUSUNNAWA B UNISMUH MAKASSAR,JL SULTAN ALAUDDIN NO 259,7371031001,Aktif,10,7371031,Rappocini
97503684,SSA BIMBEL,BTN MINASA UPA RUKO E NO 9,7371031001,Aktif,10,7371031,Rappocini
97503668,ALFAMART GUNUNG SARI,JL TALASALAPANG,7371031001,Aktif,10,7371031,Rappocini
97503674,MINI MARKET,JL SULTAN ALAUDDIN NO 259,7371031001,Aktif,10,7371031,Rappocini
97503683,KEMBAR CV <SYAMSU RIJAL>,BTN MINASA UPA BLOK E7 NO 3,7371031001,Aktif,10,7371031,Rappocini
97500398,SMP RAIDERS,JALAN BAKTI 4 NO.21,7371031010,Aktif,10,7371031,Rappocini
97500416,PENJUAL IKAN BAKAR,JALAN WIJAYA KUSUMA RAYA,7371031007,Aktif,10,7371031,Rappocini
97500442,SALON KECANTIKAN (ETY),JALAN WIJAYA KUSUMA RAYA NO 6,7371031007,Aktif,10,7371031,Rappocini
97500448,OPTIK HUSADA (MUH TANG),BTN MINASAUPA BLOK C3 NO 10,7371031001,Aktif,10,7371031,Rappocini
97500461,PEGADAIAN,JL LANDAK BARU,7371031007,Aktif,10,7371031,Rappocini
97500429,USAHA CENTER CELL,JL SULTAN ALAUDDIN,7371031001,Aktif,10,7371031,Rappocini
97481678,KOPERASI MITRA SULAWESI MANDIRI,JL FAISAL 12 NO 3,7371031007,Aktif,10,7371031,Rappocini
97501851,AGEN TRAVEL ARMINAREKA,BTN MINASA UPA BLOK AB 5 NO 7,7371031001,Aktif,10,7371031,Rappocini
97496617,"MURNI KONTRUKSI INDONESIA, PT",KOMP PERMATA HIJAU PERMAL 1/17,7371031004,Aktif,10,7371031,Rappocini
97501948,INDOMARET JIPANG RAYA,JL JIPANG RAYA BLOK AI NO 17,7371031001,Aktif,10,7371031,Rappocini
97501962,JUAL BELI BARANG BEKAS (PASOLO),B T N MINASA UPA BLOK E 5 NO 15,7371031001,Aktif,10,7371031,Rappocini
97501993,ANUGRAH JASA TEKNIK .CV,JL.BERINGIN 4 NO 7,7371031004,Aktif,10,7371031,Rappocini
97501927,ALFAMART,JL AROEPALA,7371031001,Aktif,10,7371031,Rappocini
97501992,TOKO BAJU (YUNARTI),JALAN WIJAYA KUSUMA RAYA NO 1 A,7371031007,Aktif,10,7371031,Rappocini
97502473,ALFA MIDI MINASA UPA,BTN MINASA UPA RUKO E NO 5-6,7371031001,Aktif,10,7371031,Rappocini
97502488,KPS MAKMUR MANDIRI,PERUMAHAN BUMI BOSOWA PERMAI BLOK B2 NO 18,7371031001,Aktif,10,7371031,Rappocini
97502506,DEPOT AIR MINUM ISI ULANG (ARTA),JALAN SUNGAI SADDANG BARU LORONG MUMIN 2 NO 4 B,7371031010,Aktif,10,7371031,Rappocini
97502017,OMEGA MOTOR <SHOWROOM>,HERTASNING RAYA NO 52 B,7371031006,Aktif,10,7371031,Rappocini
97502500,BANK TABUNGAN NEGARA,JL HERTASNING NO 2,7371031004,Aktif,10,7371031,Rappocini
97502492,KONTRAKTOR (TRIUTAMA CV) (ERICK LISAL),JALAN BANTA BANTAENG B2 NO 8,7371031007,Aktif,10,7371031,Rappocini
97502039,SARANA SUKSES SEJATI (ALEX),JALAN RAPPOCINI RAYA NO 181 E,7371031008,Aktif,10,7371031,Rappocini
97502019,ZATRIA JAYA PERKASA.CV,MAKASSAR SATELIT BIOK B NO 6,7371031001,Aktif,10,7371031,Rappocini
97502517,TOKO RUSTAM,BTN MINASA UPA BLOK N3 NO 22,7371031001,Aktif,10,7371031,Rappocini
97502045,PRAKTEK DOKTER GIGI (DRG NURAENY),TODDOPULI 6 JALAN BORONG INDAH 8/1,7371031004,Aktif,10,7371031,Rappocini
97502518,TAILOR TATI,BTN MINASA UPA BLOK N2 NO 10,7371031001,Aktif,10,7371031,Rappocini
97502077,SUMBER KARYA KLIN PT,JL JIPANG RAYA NO 35,7371031001,Aktif,10,7371031,Rappocini
97502526,VISIONE CV,JL AROEPALA KOMP RUKO GRAND ROYAL NO 6 RT 5 RW 10 90221,7371031001,Aktif,10,7371031,Rappocini
97496675,PT ZARINDAH PERDANA (IRMA),JALAN PELITA RAYA NO 42,7371031010,Aktif,10,7371031,Rappocini
97496697,(HADRIANTI)ALFA HOTEL,JL PELITA RAYA NO 28,7371031010,Aktif,10,7371031,Rappocini
97496714,INDO MARET,JL RAPPOCINI RAYA NO 173,7371031008,Aktif,10,7371031,Rappocini
97496703,CATERING  GLORY,"JL RSI FAISAL XII NO 8, KEL BANTA-BANTAENG KEC RAPPOCINI",7371031007,Aktif,10,7371031,Rappocini
97496742,TK RAHMAH,KOMPLEKS PEMDA BLOK E 28,7371031006,Aktif,10,7371031,Rappocini
97496955,JUAL BALOK (NURNA NENSI),JL BONTO DG NGIRATE NO 18 RT 03 RW 8 90222,7371031006,Aktif,10,7371031,Rappocini
97497000,PRAKTEK DOKTER GIGI <DRG H ABD JALIL USMAN>,JALAN RAPPOCINI RAYA NO 124,7371031008,Aktif,10,7371031,Rappocini
97501274,NASI KUNING MAS ANTO,PERUM MUTIARA TIMUR 2 BERLIAN 14,7371031001,Aktif,10,7371031,Rappocini
97501280,YAYASAN AZZAHRAH,JL WIJAYA KUSUMA V NO 13,7371031007,Aktif,10,7371031,Rappocini
97501271,CV HIDAYAH AHMADIAH <AHMAD ALI RIZAL>,PURI TAMAN SARI BLOK B2,7371031004,Aktif,10,7371031,Rappocini
97501312,LOUDRY RASK (TITI),BTN MINASA UPA N1 NO 17,7371031001,Aktif,10,7371031,Rappocini
97501311,LES PRIVATE (SAHARI),BTN MINASA UPA BLOK N2 NO 3,7371031001,Aktif,10,7371031,Rappocini
97501315,RENTAL MOBIL (RIDWAN),JALAN WIJAYA KUSUMA RAYA NO 17,7371031007,Aktif,10,7371031,Rappocini
97501316,KOST KOSTAN (MUSDALIFA),JALAN WIJAYA KUSUMA 1 BLOK K 1 NO 1,7371031007,Aktif,10,7371031,Rappocini
97501326,SYIFA ZIDAN UD,JALAN KARUNRUNG RAYA,7371031002,Aktif,10,7371031,Rappocini
97501414,HOTEL SAFARI,JL LANDAK BARU,7371031007,Aktif,10,7371031,Rappocini
97501430,WARUNG BAKOS SOLO (MAS THIO),BTN MINASA UPA BLOK J2 NO 12,7371031001,Aktif,10,7371031,Rappocini
97501458,TK NAURAH,JL TODDOPULI SETAPAK 13,7371031004,Aktif,10,7371031,Rappocini
97502903,MUGNI SANUR UTAMA CV,JALAN BUMI 18 BLOK A16 NO 3,7371031001,Aktif,10,7371031,Rappocini
97502933,"MAUPA MASAGENAA, CV",BTN MINASA UPA BLOK AB 16 NO 1A RT 5 RW 21 90221,7371031001,Aktif,10,7371031,Rappocini
97503016,TK MITRA BUNDA (SRI),JALAN BORONG INDAH KOMPLEKS PONDOK ASRI BLOK A/1A,7371031004,Aktif,10,7371031,Rappocini
97502979,WARNET (HASBI),JALAN WIJAYA KUSUMA RAYA NO 7,7371031007,Aktif,10,7371031,Rappocini
97503094,KOPERASI,BTN MINASA UPA BLOK D9 NO 11,7371031001,Aktif,10,7371031,Rappocini
97499191,KOPERASI STIALAN,AP PETTARANI,7371031008,Aktif,10,7371031,Rappocini
97499260,MULTY FLORIST,JALAN KARUNRUNG RAYA 1 NO 27,7371031002,Aktif,10,7371031,Rappocini
97491713,REZKY TRI TUNGGAL. CV,PERUMAHAN PURI TAMAN SARI BLOK B 3,7371031004,Aktif,10,7371031,Rappocini
97491771,CATERING SEKAR (DEWI),BTN MINASA UPA BLOK N 17 NO 3,7371031001,Aktif,10,7371031,Rappocini
97491718,TOKO ENERGY <YONO>,LANDAK BARU NO 33A,7371031007,Aktif,10,7371031,Rappocini
97500707,SMK PELAYARAN KATANGKA,JL SYECH YUSUF,7371031001,Aktif,10,7371031,Rappocini
97503963,D`MALEO HOTEL,PELITA RAYA VIII NO.1,7371031008,Aktif,10,7371031,Rappocini
97504026,INDOMART RIFMATAMA PT,LANDAK BARU,7371031007,Aktif,10,7371031,Rappocini
97504019,ALKES GIGI (IWAN),LANDAK BARU LR 2,7371031007,Aktif,10,7371031,Rappocini
97504024,MEDIASI MULTI JASA CV,JL TAMALATE 4 STP 4 NO 153 RT 1 RW 2 90222,7371031004,Aktif,10,7371031,Rappocini
97504044,NURMI JAYA CV,JALAN MANGGARUPI,7371031001,Aktif,10,7371031,Rappocini
97504062,CV SUNGAI SADDANG,JL. SUNGAI SADDANG BARU,7371031010,Aktif,10,7371031,Rappocini
97504064,JIMMY,JL. SUNGAI SADDANG BARU,7371031010,Aktif,10,7371031,Rappocini
97505440,KOPERASI PENGAYOMAN,JLN RUTAN NO 8,7371031001,Aktif,10,7371031,Rappocini
97504096,PERCETAKAN (HERAWATI HJ),SUNGAI SADDANG BARU RAYA NO 14 RT 5 RW 1 90222,7371031010,Aktif,10,7371031,Rappocini
97499148,CAR KENCANA AUTO RAYA CV,JL AP PETTARANI RUKO BUSINIS CENTER NO 19,7371031006,Aktif,10,7371031,Rappocini
97504135,SALON RANI (ENDANG),LANDAK BARU,7371031007,Aktif,10,7371031,Rappocini
170714,"INDRA CIPTA DIMENSI, PT",JL LETJEN HERTASNING RUKO BLOK C NO 1,7371031008,Aktif,10,7371031,Rappocini
97505482,KENCANA MEUBEL,JL RAPPOCINI RAYA NO 82 B,7371031009,Aktif,10,7371031,Rappocini
97505474,"BUMI INDO GRAHA, PT",JL RAPPOCINI RAYA NO 108,7371031009,Aktif,10,7371031,Rappocini
97505478,KONTRAKTOR LISTRIK,LANDAK BARU,7371031007,Aktif,10,7371031,Rappocini
97506729,PT Panin Bank Tbk cabang Permatasari,Kompleks Ruko Permatasari No. 2 Jl. Sultan Alaudin Makassar,7371031001,Aktif,10,7371031,Rappocini
97506764,KFC PETTARANI MAKASSAR PT,JL AP PETTARANI No 88,7371031006,Aktif,10,7371031,Rappocini
97505486,POSYANDU DAHLIA 08,JL JIPANG PERMAI,7371031002,Aktif,10,7371031,Rappocini
97505487,ALFA MART PT,JALAN TAMALATE 1,7371031005,Aktif,10,7371031,Rappocini
97499565,PERISTIWA KAMAR KOST,TAMALATE 3 NOMOR 98,7371031003,Aktif,10,7371031,Rappocini
97499605,TRAVEL (BACHNAR),J L AROEPALA,7371031004,Aktif,10,7371031,Rappocini
97499904,HOTEL CELEBES,LANDAK RARU,7371031007,Aktif,10,7371031,Rappocini
97499926,SUPLIER ALAT LISTRIK,PERUM MUTIARA TIMUR 2 BERLIAN NO 8,7371031001,Aktif,10,7371031,Rappocini
97499935,CAHAYA NUSANTARA CV,BTN MINASA UPA BLOK B10 NO 6,7371031001,Aktif,10,7371031,Rappocini
97493667,AUTO RENT <ERNI>,JLN SYEKH YUSUF,7371031001,Aktif,10,7371031,Rappocini
97493881,MARTABAK DAN TERANG BULAN GUDANG RASA,BTN MINASA UPA BLOOK K17 NO 4,7371031001,Aktif,10,7371031,Rappocini
97493974,TOKO SENANG,JL RAPOCINI RAYA NO 186,7371031008,Aktif,10,7371031,Rappocini
97493897,KOST TITI,BTN MINASA UPA BLOK J3 NO 12,7371031001,Aktif,10,7371031,Rappocini
97493899,WARUNG BAKSO SOLO (SURIANTI),BTN MINASA UPA BLOK J5 NO 10,7371031001,Aktif,10,7371031,Rappocini
97493975,APOTIK IRA FARMA,JALAN RAPPOCINI RAYA,7371031009,Aktif,10,7371031,Rappocini
97494052,DEPOT AIR ISI ULANG FM,JL.BERINGIN 3 NO.9,7371031004,Aktif,10,7371031,Rappocini
97494072,OTO MULTI ARTHA PT,JALAN PELITA BLOK A28,7371031010,Aktif,10,7371031,Rappocini
97493901,AL LOONDRIKI,BTN MINASA UPA BLOK J5 NO 5,7371031001,Aktif,10,7371031,Rappocini
97503554,INDOMART PT,BTN MINASA UPA BLOK F21,7371031001,Aktif,10,7371031,Rappocini
97503570,ULTRA KREASI NUSANTARA CV (SERLY),JALAN SUNGAI SADDANG BARU NO 48 RT 2 RW 5 90222,7371031010,Aktif,10,7371031,Rappocini
97506441,"BHAKTI SRI UTAMA ,PT",Jl. Hertasning 8 Blok E 9 No. 3,7371031006,Aktif,10,7371031,Rappocini
97501064,ACE HARDWARE (INDONESIA TBK) PT,JL AP PETTARANI KAV E1 NO 3,7371031006,Aktif,10,7371031,Rappocini
97501066,PT KUMALA CELEBES MOTOR (MAZDA 2),JL AP PETTARANI,7371031006,Aktif,10,7371031,Rappocini
97503598,KOPERASI ANUGRAH MANDIRI,PERUMAHAN BUMI BOSOWA PERMAI BLOK B2 NO 9,7371031001,Aktif,10,7371031,Rappocini
97501078,TPQ ANNAHDLIYAH,JALAN KELAPA TIGA NO 31 A,7371031010,Aktif,10,7371031,Rappocini
97503633,ADHISA DAYA CIPTA.PT,JALAN MAHONI.NO 156,7371031004,Aktif,10,7371031,Rappocini
97503636,GAS ELPIJI (HARLINA),JL HERTASNING BARAT 2 NO 12,7371031005,Aktif,10,7371031,Rappocini
97506321,APOTIK NUR RAHMA (RAHMA),JL YUSUF DG NGAWING NO 4,7371031006,Aktif,10,7371031,Rappocini
97506320,CV MITRA JAYA (RIZKY),JL YUSUF DG NGAWING,7371031006,Aktif,10,7371031,Rappocini
170713,"CIKARSA KONSULINDO, PT",JALAN FAISAL X NO 34,7371031008,Aktif,10,7371031,Rappocini
97506413,CV GURELLA,J L LANDAK BAR U,7371031007,Aktif,10,7371031,Rappocini
170712,"BIOSFERA WIDHY ENGINEERING, PT",JL. HERTASNING RUKO C/ 1,7371031008,Aktif,10,7371031,Rappocini
97504922,INDOMARET,JL TALASALAPANG,7371031002,Aktif,10,7371031,Rappocini
97504917,SWAMITRA USP,JL AP PETTARANI RUKO NEW ZAMRUD BLOK F/19,7371031008,Aktif,10,7371031,Rappocini
97504909,BANK RAKYAT INDONESIA PT,JL AROEPALA,7371031001,Aktif,10,7371031,Rappocini
97506020,INDOMARET,JL TALASALAPANG RAYA,7371031001,Aktif,10,7371031,Rappocini
97506021,KANTIN UNISMUH,KAMPUS UNISMUH JL SULTAN ALAUDDIN NO 259,7371031001,Aktif,10,7371031,Rappocini
97506027,BANK SULSELBAR,TALASALAPANG RAYA,7371031001,Aktif,10,7371031,Rappocini
97504905,APOTEK RSIA BAHAGIA,B T N MINAS A UP A BLOK HT NO 9,7371031001,Aktif,10,7371031,Rappocini
97506059,TOKO BAHAN BANGUNAN 1,BUAKANA,7371031008,Aktif,10,7371031,Rappocini
97502095,ANUGRAH FITRA HIDAYAH PT,JL SULTAN ALAUDDINNO. 258,7371031001,Aktif,10,7371031,Rappocini
97502112,"PASIFIK MOTOR, CV",JL HERTASNING RAYA RUKO GRAHA HERTASNING NO A3-A4,7371031004,Aktif,10,7371031,Rappocini
97502120,ALFA MART,JALAN MINASA UPA,7371031001,Aktif,10,7371031,Rappocini
97502117,ALFA MART PINANG RAY A,J L PINANG,7371031004,Aktif,10,7371031,Rappocini
97502139,MULTI SUKSES INTERNATIONAL PT (MULTILEVEL),KOMP BUMI PESONA PELANGI BLOK KUNING NO 11,7371031001,Aktif,10,7371031,Rappocini
97500255,PESANTREN ADDARAEN SMP,JL SULTAN ALAUDDIN NO 305 A,7371031001,Aktif,10,7371031,Rappocini
97500250,RAJA GRAFINDO PERSADA PT,BPH BLOK A 14 NO 3 RT 4 RW 20 90221,7371031001,Aktif,10,7371031,Rappocini
97500256,ALFA MART,JL SULTAN ALAUDDIN,7371031001,Aktif,10,7371031,Rappocini
97502621,LIVING PLAZA PANBAKERS MELIYANI WIJAYA,JL LIVING PLAZA PETTARANI,7371031006,Aktif,10,7371031,Rappocini
97502629,BAKSO GORENG <AMINA>,JL HERTASNING RAYA,7371031006,Aktif,10,7371031,Rappocini
97502625,WARUNG BAKSO SOLO MAS PANJUL,BTN MINASA UPA BLOK K16 NO 13,7371031001,Aktif,10,7371031,Rappocini
97500269,SINAR A TIGA UD <BASO>,BTN MINASA UPA BLOK N 15 NO 1,7371031001,Aktif,10,7371031,Rappocini
170672,"KINERJA CAHAYA ABADI, PT",Jl. Skarda N Komps Mangasa Permai Blok V No. 1,7371031001,Aktif,10,7371031,Rappocini
97502736,MULTI SUKSES INTERNASIONAL (ANDI IIN),MINASA SARI BLOK B13 NO 1,7371031001,Aktif,10,7371031,Rappocini
97501098,SALON HUQMI,JL MONUMEN EMMY SAELAN N3,7371031002,Aktif,10,7371031,Rappocini
97501086,DOKTER PRAKTEK (ASNAWI),HERTASNING,7371031004,Aktif,10,7371031,Rappocini
97501100,ANUGRAH TERANG MAKMUR,PELITA RATA 6 NO 7,7371031008,Aktif,10,7371031,Rappocini
97500292,TRAVEL PRIMERAA,JL JIPANG RAYA BLOK AT NO 14,7371031001,Aktif,10,7371031,Rappocini
97501127,PT BANK BRI TAMALATE,JL.HERTASNING RUKO GRAHA HERTASNING NO.14,7371031004,Aktif,10,7371031,Rappocini
97500343,WARTEG KARUNIA (ZAINAL),HERTASNING,7371031005,Aktif,10,7371031,Rappocini
97500328,AZIZAH WISATA TRAVEL,JL.SUNGAI SADDANG BARU,7371031010,Aktif,10,7371031,Rappocini
97501178,INDOMARET <INDOMARCO PRISMATAMA> PT,JALAN PELITA RAYA NO 7,7371031008,Aktif,10,7371031,Rappocini
97503255,WARUNG CAMPURAN(ROHANI),TIDUNG 6 NOMOR 33,7371031003,Aktif,10,7371031,Rappocini
97503271,PT SINAR GALESONG MANDIRI,JL AROEPALA HERTASNING BARU,7371031001,Aktif,10,7371031,Rappocini
97500743,PT SAPTA KARYA CITRA MANDIRI,HERTASNING REGENCY NO 15,7371031004,Aktif,10,7371031,Rappocini
97503260,ALFAMART,TAMALATE 2 NO.86,7371031004,Aktif,10,7371031,Rappocini
97504972,ANUGRAH MOBIL INDO CV,JL LANDAK BARU NO 94 C,7371031007,Aktif,10,7371031,Rappocini
97506086,LO LONG WAY CV,KOMP BOSOWA INDAH BLOK J/10,7371031001,Aktif,10,7371031,Rappocini
97500795,KOPERASI SMP NEG 13,JL TAMALATE 6 NO.2,7371031004,Aktif,10,7371031,Rappocini
97503329,SAZAFA MANDIRI CV,JL SYEKH YUSUF,7371031001,Aktif,10,7371031,Rappocini
97506101,CATERING BUNDA QTA,TAMALATE 5 SETAPAK 7 NO 3,7371031004,Aktif,10,7371031,Rappocini
97500826,CV DIVA KARYA MANDIRI (LUKMAN),JL HERTASNING E 15 NO 2 KOMP GUBERNUR,7371031006,Aktif,10,7371031,Rappocini
97503364,HERBAL HPAI (DJAIMAN),BTN MINASA UPA BLOK N12 NO.12,7371031001,Aktif,10,7371031,Rappocini
97503392,MAJU SINERGI UTAMA PT,JL FAISAL RAYA NO 15 C,7371031007,Aktif,10,7371031,Rappocini
97500832,MUNIRA SETIA.CV,JALAN MAHONI NO 142 RT 5 RW 9 90222,7371031004,Aktif,10,7371031,Rappocini
97500887,LOUNDRY COIN (MILA),LANDAK BARU,7371031007,Aktif,10,7371031,Rappocini
97503412,SIPAKALEBBI PT,RUKO AMBARADA JL RS FAISAL RAYA,7371031007,Aktif,10,7371031,Rappocini
97503401,TOKO TAUFIK <SEMBAKO>,BTN MINASAUPA BLOK F14/6,7371031001,Aktif,10,7371031,Rappocini
97506122,APOTIK SEJATI,JALAN RAPPOCINI RAYA,7371031009,Aktif,10,7371031,Rappocini
97506129,CAHAYA REZEKY,JALAN RAPPOICNI RAYA NO 184,7371031008,Aktif,10,7371031,Rappocini
97500904,GOWATA P T,KOMP BPH JALAN BUMI 2 SULTAN ALAUDDIN,7371031001,Aktif,10,7371031,Rappocini
97500905,R8 MART,JALAN SULTAN,7371031001,Aktif,10,7371031,Rappocini
97503453,PT NITRON MANDIRI <RONALD>,BTN MINASA UPA G30/1,7371031001,Aktif,10,7371031,Rappocini
97503457,PANTRY HOUSE,JALAN PELITA RAYA NO 10,7371031010,Aktif,10,7371031,Rappocini
97503485,YAYASAN SEKOLAH ISLAM AL AZHAR,JL AROEPALA HERTASNING BARU,7371031001,Aktif,10,7371031,Rappocini
97503486,SMP AL AZHAR,JL AROEPALA HERTASNING BARU,7371031001,Aktif,10,7371031,Rappocini
97503487,ALFAMIDI HERTASNING  BARU,JL AROEPALA NO 001,7371031001,Aktif,10,7371031,Rappocini
97500967,PENGADAAN KONS TRUKSI (MALIK),TODDOPULI 1 SETAPAK 6 NO 61,7371031004,Aktif,10,7371031,Rappocini
97500969,HADI PUTRA BERSAUDARA PT,JALAN BUMI 18 BLOK 15 NO 5,7371031001,Aktif,10,7371031,Rappocini
97506272,BINAYA PAYA PT,JALAN PELITA RAYA BLOK A28/7,7371031010,Aktif,10,7371031,Rappocini
97500507,ALFAMART TALLASALAPANG,TALASALAPANG RAYA,7371031001,Aktif,10,7371031,Rappocini
97500522,KPN IKHLAS DINAS P2K,JL HERTASNING RAYA (KANTOR DINAS P K),7371031004,Aktif,10,7371031,Rappocini
97500591,KOPERASI AMANAH,JL SULTAN ALAUDDIN,7371031001,Aktif,10,7371031,Rappocini
97501564,LYRICS KARAOKE <AMIRUDDIN>,PELITA RAYA NO 4,7371031008,Aktif,10,7371031,Rappocini
97503831,FAVE HOTEL,JL PELITA RAYA NO 8,7371031008,Aktif,10,7371031,Rappocini
97503832,INDOMARET,JLN HERTASNING BARU NO 342,7371031004,Aktif,10,7371031,Rappocini
97503854,"ARMINA SARI,PT",JALAN PELITA RAYA NO 6,7371031010,Aktif,10,7371031,Rappocini
97503858,VIFA MANDIRI PRATAMA,JALAN PELITA RAYA BLOK A22 NO 2,7371031010,Aktif,10,7371031,Rappocini
97503920,"SUMBER ALFARIA TRIJAYA, TBK, PT",JL TAMALATE 1 BLOK 18 NO. 1,7371031004,Aktif,10,7371031,Rappocini
97501703,RENTAL SAVA,KOMPLEKS KODAM KATANGKA BLOK E5,7371031001,Aktif,10,7371031,Rappocini
97503907,RUMAH BERSALIN ANANDA,JL LANDAK BARU NO 63,7371031007,Aktif,10,7371031,Rappocini
97501732,CIPTA MURNI UD,JL PALM RAJA NO 3,7371031004,Aktif,10,7371031,Rappocini
97501755,SALON FITRI (PAHIMAH),BTN MINASA UPA,7371031001,Aktif,10,7371031,Rappocini
97502233,CV SIBATEK BERSINAR (SITI SALYUTI),BTN MINASA UPA BLOK L2 NO 18,7371031001,Aktif,10,7371031,Rappocini
97502237,AGEN UMROH DAN HAJI,J L TIOUNG MARIOLO,7371031006,Aktif,10,7371031,Rappocini
97502230,TOKO CAMPURAN YULIANTI,JL TIDUNG MARIOLO LR 1,7371031006,Aktif,10,7371031,Rappocini
97502244,KONSULTAN BANGUNAN <MUHINDAR>,PERUMAHAN GRAHA MANDIRI BLOK D1,7371031001,Aktif,10,7371031,Rappocini
97502752,NOTARIS MAKKARAKA.SH,JL TAMALATE I NO 25 A,7371031004,Aktif,10,7371031,Rappocini
97502753,BANK B T P N SYARIAH,HERTASNING RAYA NO 88C,7371031006,Aktif,10,7371031,Rappocini
97502786,EATERY RESTO,LANDAK BARU 130,7371031007,Aktif,10,7371031,Rappocini
97502788,TOKO MEGA MAKMUR (NIXON),JALAN RAPPOCINI RAYA NO 183 A,7371031008,Aktif,10,7371031,Rappocini
97502790,CIPTA INTI PRATAMA (JASA KONSULTAN HUKUM),GRIYA MALEO INDAH BWK B NO 8,7371031001,Aktif,10,7371031,Rappocini
97504443,PT BINTANG MANDIRI JAYA,JALAN HERTASNING 6 NO 12 D,7371031006,Aktif,10,7371031,Rappocini
97504461,JNE HERTASNING,JLN HERTASNING BARU,7371031004,Aktif,10,7371031,Rappocini
97504526,ALFAMART KOMPLEKS AGRARIA,JL EMMY SAELAN 3 BLOK TAMALATE,7371031002,Aktif,10,7371031,Rappocini
97504724,MEUBEL JAYA ABADI (MUSUTIO),JL MAKKIO BAJI 1,7371031006,Aktif,10,7371031,Rappocini
97504528,KARYA MANDIRI JAYA CV,JL RAYA PENDIDIKAN BLOK B 6 RT 6 RW 4 90222,7371031006,Aktif,10,7371031,Rappocini
97504765,"RADIO VENUS, PT",KOMPLEKS PERMATA HIJAU PERMAI IL. PALM RAJA BLOK L NO.9,7371031004,Aktif,10,7371031,Rappocini
97504797,UNM OLAHRAGA,JL WIJAYA KUSUMA RAYA NO 19,7371031007,Aktif,10,7371031,Rappocini
97504854,STADIAREKA CV,JL CILALLANG JAYA NO 64 A,7371031008,Aktif,10,7371031,Rappocini
97504665,BANDENG PRESTO BAROKAH,JALAN FAISAL 16,7371031007,Aktif,10,7371031,Rappocini
97505968,CV PRAWARNA,SKARDA N H NO 6,7371031002,Aktif,10,7371031,Rappocini
97505961,DOKTER PRAKTEK (EVA),JALAN FAISAL 9 NO 27,7371031007,Aktif,10,7371031,Rappocini
97505967,POS KPC PETTARANI PT,JALAN AP PETTARANI,7371031007,Aktif,10,7371031,Rappocini
97503741,SMA AL AZHAR,JL AROEPALA HERTASNING BARU,7371031001,Aktif,10,7371031,Rappocini
97503744,UJAS TRAVEL,JL HERTASNING BARU BLOK A B 1 RAYA,7371031001,Aktif,10,7371031,Rappocini
97503740,TK ISLAM AL AZHAR,JL AROEPALA HERTASNING BARU,7371031001,Aktif,10,7371031,Rappocini
97505583,TOKO MULIA,JL RAPPOCINI RAYA NO 84,7371031009,Aktif,10,7371031,Rappocini
97505586,INANG MATUTU,JALAN TAMALATE 1 NO,7371031005,Aktif,10,7371031,Rappocini
97504331,YAYASAN TRI BAKTI SD,JALAN SYECH YUSUF,7371031001,Aktif,10,7371031,Rappocini
97504322,DOKTER PRAKTEK (ARIYANTI),HERTASNING RAYA TIMUR,7371031004,Aktif,10,7371031,Rappocini
97504432,DOKTER GIGI,KOMPLEKS PEMDA BLOK E 24,7371031006,Aktif,10,7371031,Rappocini
97504208,FOTOCOPY (KPR UNM),JL RAYA PENDIDIKAN BLOK B 1,7371031006,Aktif,10,7371031,Rappocini
97504281,JAYA SAKTI CV,JL SYECH YUSUF KOMP MINASAUPA B C6 NO 5,7371031001,Aktif,10,7371031,Rappocini
252587,PT Pegadaian Persero CPP TALASALAPANG,JALAN TALASALAPANG NO.7,7371031001,Aktif,10,7371031,Rappocini
252586,"KIMIA FARMA, PT",JL.HERTASNING NO.11   MAKASSAR RT     RW,7371031,Aktif,7,7371031,Rappocini
259765,RS ISLAM FAISAL,JL. AP PETTARANI,7371031007,Aktif,10,7371031,Rappocini
94420206,"PT. BISI International Tbk, Kantor Cabang Makassar","Jl.  Bonto  Lanra  No.  5,  Kotamadya  Makassar, Sulawesi Selatan",7371031007,Aktif,10,7371031,Rappocini
94431924,"PT Pegadaian (Persero), UPC SUKARIA",Jl. A.P.Pettarani II No.54 Makassar,7371031,Aktif,7,7371031,Rappocini
94431918,"PT Pegadaian (Persero), UPC LANDAK BARU",Makassar,7371031,Aktif,7,7371031,Rappocini
94421382,"PT. Bank Tabungan Negara (Persero) Tbk., Kantor Cabang Pembantu SYARIAH MAKASSAR PANAKUKKANG",Jl. Boulevard Ruko Jasper II No. 41,7371031,Aktif,7,7371031,Rappocini
94422259,BTN Kantor KAS LAYANAN POS ONLINE PETTARANI,"Jl. AP.Pettrarani Makassar 90222 , Makassar",7371031,Aktif,7,7371031,Rappocini
94432005,"PT Pegadaian (Persero), UPS PETTARANI","Ruko New Zamrud Jl. A. P. Pettarani, Makassar",7371031,Aktif,7,7371031,Rappocini
94416148,"Perum BULOG, KANTOR WIL.  SULSEL DAN SULBAR",Jl A P Pettarani Selatan MAKASSAR - 90222 RT     RW     90222,7371031009,Aktif,10,7371031,Rappocini
94431864,PT Pegadaian Persero UPC TODDOPULI BARU,Jalan Toddopuli Makassar Sulawesi Selatan,7371031,Aktif,7,7371031,Rappocini
94434407,"PT Pos Indonesia (Persero), Kantor Regional  X Makassar",JL AP PETARANI,7371031009,Aktif,10,7371031,Rappocini
94421603,"PT. Bank Tabungan Negara (Persero) Tbk., Kantor Cabang Pembantu Panakukang",Jl. Hertasning Blok I No. 2,7371031006,Aktif,10,7371031,Rappocini
94657272,"PT. PERUSAHAAN LISTRIK NEGARA (PERSERO), PROYEK INDUK PEMBANGKIT DAN JARINGAN SULAWESI, MALUKU DAN PAPUA",JL LETJEN HERTASNING BLOK B,7371031,Aktif,7,7371031,Rappocini
94435128,"PT. POS INDONESIA, Kantor Pos Cabang Dalam Kota Makassarpanakukang",JALAN PELITA RAYA A NO 24/2,7371031010,Aktif,10,7371031,Rappocini
94654883,"PT Bank Syariah Bukopin, Kantor Kas Makassar","Jl. Sultan Alaudin No. 259, Gunung Sari, Rappocini, Makassar 90221",7371031001,Aktif,10,7371031,Rappocini
94428770,"PT Sumber Alfaria Trijaya Tbk., Makassar Branch, Toko Alfamart TALASALAPANG",JL. TALASALAPANG NO. KEL GUNUNG SARI KEC RAPPOCINI,7371031001,Aktif,10,7371031,Rappocini
94428814,"PT Sumber Alfaria Trijaya Tbk., Makassar Branch, Toko Alfamart EMMY SAELAN 2","JL. EMMY SAELAN RT.002/006 KEL.GUNUNG SARI KEC.RAPPOCINNI, MAKASAR",7371031001,Aktif,10,7371031,Rappocini
94650432,"PT Pupuk Sriwidjaja Palembang (PSP), Kantor PPD Sulawesi Selatan",Jl. A.P. Pettarani Panakukang Makasar 90222,7371031,Aktif,7,7371031,Rappocini
94658396,"Restoran KFC, Makassar 4","D`Best Panakukang Mall Makassar, Jl. Boulevard Raya",7371031,Aktif,7,7371031,Rappocini
97749708,WARUNG INTERNET<HASMAR JAYA>,JALAN TIDUNG 3 STP 5 NO 119,7371031005,Aktif,10,7371031,Rappocini
97749720,GREEN AULIA HOTEL <AKBAR>,JALAN EMMY SAELAN NO.25,7371031001,Aktif,10,7371031,Rappocini
97750826,PONDOK PESANTREN AL IMAM ASHIM,TIDUNG MARIOLO LR. 7 NO. 11B RT 2 RW 1 90222,7371031006,Aktif,10,7371031,Rappocini
97750850,CV MAKASSAR JAYA BARU <RUDY>,JALAN RAPPOCINI RAYA NO 231,7371031008,Aktif,10,7371031,Rappocini
97751617,JUAL BER AS <H A Z I Z >,JALAN BONTO DG RATE NO.1,7371031006,Aktif,10,7371031,Rappocini
97751619,AFI CELL,BTN MINASA UPA BLOK K13 NO 10 A,7371031001,Aktif,10,7371031,Rappocini
97445189,BANGUNAN SYAKINAH,RUKO PERMATA SARI NO 21,7371031001,Aktif,10,7371031,Rappocini
97443306,"ENTOLO BUAWA MANDIRI, PT",JL. TIMAH I BLOK 25 NO 12,7371031010,Aktif,10,7371031,Rappocini
97443297,KOPERASI,RUKO PERMATA SARI NO 4,7371031001,Aktif,10,7371031,Rappocini
97443595,CATUR PUTRA HARMONIC PT,JALAN SULTAN ALAUDDIN,7371031001,Aktif,10,7371031,Rappocini
97750311,PENJUAL PASIR <AKBAR>,JL AROEPALA KOMP,7371031004,Aktif,10,7371031,Rappocini
97446273,INA PERSADA CV,JL KR BONTOTANGNGA,7371031002,Aktif,10,7371031,Rappocini
97749661,DUTA ABADI MOTOR PT,JALAN RAPPOCINI 120 - 122,7371031008,Aktif,10,7371031,Rappocini
97749671,TOKO SEMBAKO <ROSMINA>,JALAN DG IRATE NO.4,7371031005,Aktif,10,7371031,Rappocini
97444875,BMT INSAN MADANI,JL TALASALAPANG,7371031002,Aktif,10,7371031,Rappocini
97445794,MAKMUR JAYA NIAGA PT,JL RAYA PENDIDIKAN KOMP BALLA PANAKUKANG BLOK F 11,7371031006,Aktif,10,7371031,Rappocini
97445777,INDOMARET,JALAN TAMALATE I,7371031003,Aktif,10,7371031,Rappocini
97443948,APOTIK PERDANA FARMA 2,JALAN LANDAK BARU NO 112 B,7371031007,Aktif,10,7371031,Rappocini
97443950,REZKI AULIA CV,JL AROUPALA PERM T YASMIN B2/ 8,7371031003,Aktif,10,7371031,Rappocini
97750018,JUAL AYAM POTONG <KAMARUDDIN>,JALAN KARAENG BONTO TANGGA 2,7371031002,Aktif,10,7371031,Rappocini
97750117,COTO PARAIKATTE,AP PETTARANI 25,7371031008,Aktif,10,7371031,Rappocini
97750580,WARUNG MAKAN MAS RIZKI,JL. HERTASNING BARU KOMP PHP NO.35,7371031004,Aktif,10,7371031,Rappocini
97750633,WARNET GAME,JL PURI BLOK C6 NO 1,7371031004,Aktif,10,7371031,Rappocini
97750670,KEBAB TURKI <ROSDIANA>,JL TAMALATE 1,7371031005,Aktif,10,7371031,Rappocini
97750695,DIAMOND CELL <PHILIP>,JALAN RAPPOCINI RAYA NO 193,7371031008,Aktif,10,7371031,Rappocini
97750667,INDOMARET,JL SULTAN ALAUDDIN KOMP ALAUDDIN PLAZA BLOK OFFICE 06,7371031001,Aktif,10,7371031,Rappocini
97749950,TOKO SEMBAKO <<ILHAM>,JALAN BONTO CINDE NO 3,7371031008,Aktif,10,7371031,Rappocini
97749985,FOTO COPY <AGUNG>,TAMALATE 1 NO,7371031005,Aktif,10,7371031,Rappocini
97442222,USAHA AIR GALON (HJ ROYANI),JL RAPPOCNI LR. 4,7371031009,Aktif,10,7371031,Rappocini
97455956,TK AISYAH 4 KASSI KASSI,JL HERTASNING RAYA,7371031004,Aktif,10,7371031,Rappocini
97446950,SMP ANAK BANGSA,JL TALASALAPANG,7371031002,Aktif,10,7371031,Rappocini
97447015,NEW BENHILL HOTEL,JALAN SULTAN ALAUDDIN,7371031001,Aktif,10,7371031,Rappocini
97751293,AYAM PENYET MAS YOGO,BTN MINASA UPA BLOK J5 NO 7,7371031001,Aktif,10,7371031,Rappocini
97442805,KOPERASI PENGAYOMAN (PTUN),JL RAYA PENDINKAN NO I,7371031006,Aktif,10,7371031,Rappocini
97443427,"BAWAKARAENG PURNAMA WIJAYA, PT",JL. TIMAH I BLOK A 24 NO. 20,7371031010,Aktif,10,7371031,Rappocini
97443433,"AMEDIKA UTAMA SEJAHTERA ,PT",Jl. Landak Baru No. 120,7371031007,Aktif,10,7371031,Rappocini
97750222,PUSKESMAS KASSI - KASSI,J L TAMALATE,7371031004,Aktif,10,7371031,Rappocini
97442948,"MEGA KARYA SPARTANINDO ,PT",Jl. Mahoni No. 107,7371031004,Aktif,10,7371031,Rappocini
97447886,TK ANAK BANGSA,JL TALASALAPANG,7371031002,Aktif,10,7371031,Rappocini
97448108,POIN HOUSE,JL AP PETTARANI NO 2,7371031001,Aktif,10,7371031,Rappocini
97448050,KOPERASI TELKOM,JL AP PETTARANI NO 2A,7371031001,Aktif,10,7371031,Rappocini
97448664,CONTRACTOR CONSULTANT ENGINEER,KOMPLEKS PERMATA SARI PS 111 NO 15,7371031001,Aktif,10,7371031,Rappocini
97449642,BANK BRI <JOKO>,TAMALATE 2,7371031005,Aktif,10,7371031,Rappocini
97447240,"RIMBA KARYA UTAMA, PT",KOMPLEKS PERTAMA SARI PS 111 NO 8,7371031001,Aktif,10,7371031,Rappocini
97749519,BENGKEL KARYA MANDIRI,SULTAN ALAUDDIN NO. 288C,7371031001,Aktif,10,7371031,Rappocini
97444851,BENGKEL (DASWAR),RUKO PERMATA SARI NO 23,7371031001,Aktif,10,7371031,Rappocini
97446398,PANGKAS RAMBUT CAHAYA MADURA,KOMP BPH PLAZA,7371031002,Aktif,10,7371031,Rappocini
97446449,SMK PANCA MARGA,JL TALASALAPANG,7371031002,Aktif,10,7371031,Rappocini
97446516,GUDANG CV RAHMAT,KOMP BPH PLAZA,7371031002,Aktif,10,7371031,Rappocini
97449439,TK AISIYAH,JL RAPPOCINI RAYA LR 2 NO 16,7371031009,Aktif,10,7371031,Rappocini
97454990,WARUNG MAKAN (ILO),JLN MONUMEN EMMY SAELAN,7371031006,Aktif,10,7371031,Rappocini
97454994,TOKO PENJUALAN AKI PT SUDAN <KEVIN>,JL BONTOLANGKASA NO 11,7371031007,Aktif,10,7371031,Rappocini
97443836,BERKAH UTAMI CV,JALAN SULTAN ALAUDDIN NO 121,7371031001,Aktif,10,7371031,Rappocini
97445356,ROPE N WORKS PT,JL GRIYA AYU MAS BLOK B 2,7371031006,Aktif,10,7371031,Rappocini
97751507,MONEN CELL,JL BANTA-BANTAENG NO 19,7371031007,Aktif,10,7371031,Rappocini
97443088,EXPEDISI (CV KHARISMA JAYA),JALAN TALASALAPANG,7371031002,Aktif,10,7371031,Rappocini
97751506,HOTSPOT,JL TIDUNG 7 STP 2 20 66,7371031003,Aktif,10,7371031,Rappocini
97448365,WIFI CORNER,JALAN AP PETTARANI NO 2 PLAZA TELKOM,7371031001,Aktif,10,7371031,Rappocini
97446843,"CV ADINATA KARYA <DRS. H. MUCHTAR RAHMAN, MSI>",JL RAPPOCINI RAYA LR 5 NO 8,7371031009,Aktif,10,7371031,Rappocini
97442557,TK NUR FADILLAH,KOMP IKIP BLOK 68 NO. 6,7371031006,Aktif,10,7371031,Rappocini
97450541,INDOMARET,JL MONUMEN EMMY SAELAN,7371031006,Aktif,10,7371031,Rappocini
97450562,ALFA MIDI <JOKO>,TAMALATE 1 NO 1,7371031005,Aktif,10,7371031,Rappocini
97450933,PENYEWAAN KAMAR (MUH. JASMIN),JL CILALLAN JAYA,7371031008,Aktif,10,7371031,Rappocini
97444028,"YABES SARANA MANDIRI ,PT",JL. PELITA RAYA VI NO. 7,7371031008,Aktif,10,7371031,Rappocini
97445943,ALTEGRA KOMPUTER,TAMALATE 1,7371031003,Aktif,10,7371031,Rappocini
97444085,INDOMARET,JL TIDUNG,7371031005,Aktif,10,7371031,Rappocini
97444796,BANK BRI,RUKO PERMATA SARI NO 12,7371031001,Aktif,10,7371031,Rappocini
97453934,TOKO DEA (HJ NURSIAH),JL. MON.EMMY SAELAN 3,7371031006,Aktif,10,7371031,Rappocini
97466110,PADMA 88 PT,JL. BONTO LANRA No. 34,7371031007,Aktif,10,7371031,Rappocini
97463189,RUMAH KOS (RAHMAD),JL RAPPOCINI RAYA LR 6,7371031009,Aktif,10,7371031,Rappocini
97463261,PONDOK MUSA (AMIRUDDIN),JL WIJAYA KISUMA,7371031009,Aktif,10,7371031,Rappocini
97463286,BENGKEL MEGA SAKTI CV,JL MON EMMYSAELAN 3 NO 1,7371031006,Aktif,10,7371031,Rappocini
97463277,DEPOT AIR MAS (HAWARI),JL RAPPOCINI RAYA LR 5 NO 28,7371031009,Aktif,10,7371031,Rappocini
97466955,PT. MULTINDO AUTO FINANCE,JL. AROEPALA KOMP RUKO PDGI 1 NO. 1,7371031004,Aktif,10,7371031,Rappocini
97446046,SD ANAK BANGSA,JL TALASALAPANG,7371031002,Aktif,10,7371031,Rappocini
97455603,AL AMANI MART (TUTUP),MAKASSAR,7371031002,Aktif,10,7371031,Rappocini
97455668,ALFAMART,JL RAPPOCINI RAYA NO.290,7371031008,Aktif,10,7371031,Rappocini
97451840,INDONESIA POS(BURHANUDDIN),JL.TIDUNG 7 NOMOR 14 RT 1 RW 5,7371031003,Aktif,10,7371031,Rappocini
97455260,ALFAMART CABANG SKARDA NI <MASRIA>,JL. SKARDA N 1,7371031006,Aktif,10,7371031,Rappocini
97458092,ARTHABUANA,JALAN AP PETTARANI RUKO NEW ZAMRUD BLOK C-11,7371031008,Aktif,10,7371031,Rappocini
97460944,TELKOMSEL PT,JALAN PENGAYOMAN NO 1,7371031008,Aktif,10,7371031,Rappocini
97458105,PRIMA U,JALAN AP PETTARANI RUKO NEW ZAMRUD BLOK,7371031008,Aktif,10,7371031,Rappocini
97458103,BALAI KESEHATAN GIGI (MAHARANI),JL MON EMMY SAELAN 3C,7371031006,Aktif,10,7371031,Rappocini
97447636,GRAPARI TELKOMSEL,JALAN AP PETTARANI NO 2,7371031001,Aktif,10,7371031,Rappocini
97451320,TK KHALIFAH,JL RST FAISAL 12 NO 2,7371031007,Aktif,10,7371031,Rappocini
97451424,SMP MUHAMMADIYAH,BONTO DG NGIRATE,7371031005,Aktif,10,7371031,Rappocini
97451425,TANINDO SUBUR PRIMA PT,BONTO LANRA RAYA,7371031007,Aktif,10,7371031,Rappocini
97457281,USAHA RUMAH KOST (PONDOK MITRA),JL RAPPOCINI LR 6,7371031009,Aktif,10,7371031,Rappocini
97457274,RAGAM JAYA CV,JALAN AP PETTARANI RUKO NEW ZAMRUD BLOK D/21 RT 6 RW 3,7371031008,Aktif,10,7371031,Rappocini
97457398,TOKO BARANG CAMPURAN (ARIS),JL WIJAYA KUSUMA,7371031009,Aktif,10,7371031,Rappocini
97457527,BUANA CELEBES PT,JALAN AP PETTARANI RUKO NEW ZAMRUD BLOK C/12-14,7371031008,Aktif,10,7371031,Rappocini
97457146,KARGO,JALAN AP PETTARANI RUKO NEW ZAMRUD BLOK D16-17,7371031008,Aktif,10,7371031,Rappocini
97457163,RUMAH KOS (TAUFIK),JL RAPPOCIN I RAYA LR 6,7371031009,Aktif,10,7371031,Rappocini
97457684,TAZKIYAH UMROH,JL AP PETTARANI CENTRE BLOK C 11,7371031008,Aktif,10,7371031,Rappocini
97456413,BERCA SCHINDLER LIFT PT,JALAN AP PETARANI RUKO NEW,7371031008,Aktif,10,7371031,Rappocini
97457942,BENGKEL LAS ASMA JAYA,BTN MINASA UPA BLOK F12/9,7371031001,Aktif,10,7371031,Rappocini
97457943,MEDIA SEMBILAN SEMBILAN CV,BTN MINASAUPA BLOK F10/1,7371031001,Aktif,10,7371031,Rappocini
97459713,MANNYINGARRI INDTIMI PT,JALAN AP PETTARANI RUKO NEWZAMRUD BLOK C4-5,7371031008,Aktif,10,7371031,Rappocini
97459868,TANAWALI TOUR & TRAVEL,JALAN AP PETTARANI RUKO NEW ZAMRUD BLOK E/3,7371031008,Aktif,10,7371031,Rappocini
97453883,TK BUNAYAH,KOMP BPH JL BUMI 2 SULTAN ALAUDDIN,7371031001,Aktif,10,7371031,Rappocini
97452279,WARUNG MAKAN(NUR),TIDUNG 7 BLOK 3 NOMOR 13,7371031003,Aktif,10,7371031,Rappocini
97453186,BACH MULTI GLOBAL PT (RAHMAN),JLN MONUMEN EMMY SAELAN 3 LR 50 A,7371031006,Aktif,10,7371031,Rappocini
97452375,"WASKITA KARYA, PT",JL.A.P.PETTARANI NO.88,7371031008,Aktif,10,7371031,Rappocini
97452470,CV MUTHIARA MANDIRI,JL KR BONTOTANGNGA,7371031002,Aktif,10,7371031,Rappocini
97462650,CV CLARA DUTA,SALAN WIJAY A KUSUMA 2 NO 2,7371031007,Aktif,10,7371031,Rappocini
97462670,INDOMARET,JL RAYA PENDIDIKAN 1,7371031006,Aktif,10,7371031,Rappocini
97462683,MEGAHTAMA TOUR & TRAVEL,JALAN AP PETTARANI RUKO NEW ZAMRUD BLOK,7371031008,Aktif,10,7371031,Rappocini
97452137,BUS 47 PULSA ALL OPERATOR (AHMAD),JL RAPPOCINI RAYA NO.208,7371031008,Aktif,10,7371031,Rappocini
97452198,SDN RAPPUCINI 1,JL CILALLAN JAYA NO 30,7371031008,Aktif,10,7371031,Rappocini
97458155,PERSADA ARSITEKTUR PT,JALAN AP PETTARANI RUKO NEW ZAMRUD BLOK,7371031008,Aktif,10,7371031,Rappocini
97456699,APOTIK HUKI HEALTHY CARE,JL TALASALAPANG NO 41 A,7371031002,Aktif,10,7371031,Rappocini
97458305,MAJALAH LOKAL,JALAN TIDUNG 7 STPK 9,7371031003,Aktif,10,7371031,Rappocini
97459273,CV DARMA KARYA INSANI,JL TALASALAPANG 46A 36,7371031002,Aktif,10,7371031,Rappocini
97458638,GORONG GORONG,JL JIPANG RAYA,7371031002,Aktif,10,7371031,Rappocini
97459372,MINUMAN MUBAHID,JLN TAMALATE 6 STP 12 NO 26,7371031006,Aktif,10,7371031,Rappocini
97459396,"TIRTA NINDO, CV <FIRMAN>",JLN MONUMEN EMMY SAELAN 3 NO 30,7371031006,Aktif,10,7371031,Rappocini
97458678,SDN RAPPOCINI,JL CILALLAN JAYA NO 30,7371031008,Aktif,10,7371031,Rappocini
97458686,CV GERBANG TIMUR (DARDAB),JL MON.EMMY SAELAN 3 RT 4 RW 3 90222,7371031006,Aktif,10,7371031,Rappocini
97444649,KONTRAKAN RUMAH HJ HASNI,JL.RAPPOCINI LORONG 1,7371031009,Aktif,10,7371031,Rappocini
97444654,MARIDI RUMAH CETAK,RUKO PERMATA SARI NO 16-17,7371031001,Aktif,10,7371031,Rappocini
97444665,TRAVEL PT (ADE),RUKO PERMATA TARI NO 12,7371031001,Aktif,10,7371031,Rappocini
97455080,GOJEK MOTOR(SUBHAN),JL LANDAK BARU LORONG 1 NO 318,7371031007,Aktif,10,7371031,Rappocini
97455117,SMA NAHDIYAT (SWASTA),RAPPOCINI RAYA LR. 9D NO 16,7371031008,Aktif,10,7371031,Rappocini
97455118,KAMPUS POLTEKES TIDUNG,JALAN BENDUNGAN BILI BILI NO 1,7371031002,Aktif,10,7371031,Rappocini
97452675,MEUBEL KAYU (YUSRI),JL. MON EMMY SAELAN,7371031006,Aktif,10,7371031,Rappocini
97452685,"KARYA ASRINDAH (PERCETAKAN MUSLIMIN), CV",TIDUNG 4 SETAPAK 7 NO,7371031005,Aktif,10,7371031,Rappocini
97463792,KOPERASI PEGAWAI LAPAS PENGAYOMAN,JLN SULTAN ALAUDDIN NO 191 LAPAS KLS 1,7371031001,Aktif,10,7371031,Rappocini
97463795,KANTIN UMEGA RUTAN KELAS 1 MAKASSAR,JLN RUTAN NO 8,7371031001,Aktif,10,7371031,Rappocini
97463913,DWIRA FAMILY CV,JALAN AP PETTARANI RUKO NEW ZAMRUD BLOK,7371031008,Aktif,10,7371031,Rappocini
97470567,MEIDA WISATA PT,JALAN AP PETTARANI RUKO NEW ZAMRUD BLOK E,7371031008,Aktif,10,7371031,Rappocini
97473585,TPQ BABUL JANNAH,JL RAPPOCINI RAYA LR 3 NO 03,7371031009,Aktif,10,7371031,Rappocini
97470569,KIOS MITRA 45 (DG NGAGA),JL.RAPPOCINI LR.4,7371031009,Aktif,10,7371031,Rappocini
97475603,CV AKBAR JAYA PERKASA,JALAN WIJAYA KUSUMA 3 BLOK K 7 NO 15,7371031007,Aktif,10,7371031,Rappocini
97462048,AZHAR GOLDEN,JALAN AP PETTARANI RUKO NEW ZAMRUD BLOK,7371031008,Aktif,10,7371031,Rappocini
97461962,GAPEKSINDO (ASOSIASI),RUKO ZAMRUD F/11,7371031008,Aktif,10,7371031,Rappocini
97460255,TK AISYAH,TAMALATE 1 NO 74,7371031005,Aktif,10,7371031,Rappocini
97460267,PERSEWAAN RUMAH (NURHAEDAH),JL KR BONTOTANGNGA,7371031002,Aktif,10,7371031,Rappocini
97455883,TOKO SEMBAKO,JL JIPANG RAYA,7371031002,Aktif,10,7371031,Rappocini
97458727,RAMA WISATA TOUR & TRAVEL,JALAN AP PETTARANI RUKO NEW ZAMRUD BLOK C/8,7371031008,Aktif,10,7371031,Rappocini
97458743,BENGKEL LAS SENTOSA,JL MON.EMMY SAELAN,7371031006,Aktif,10,7371031,Rappocini
97459461,NIRAMANIS CV,JL AP PETTARANI RUKO NEW ZAMRUD BLOK F/21,7371031008,Aktif,10,7371031,Rappocini
97458838,KANTOR PENGACARA DAN KONSULTAN HUKUM (GARUDA LAW),JALAN AP PETTARANI RUKO NEW ZAMRUD BLOK,7371031008,Aktif,10,7371031,Rappocini
97459499,MEDIA WISATA UTAMA PT,JALAN AP PETTARANI RUKO NEW ZAMRUD,7371031008,Aktif,10,7371031,Rappocini
97458834,ASERA TEKNIK MANDIRI CV,JALAN AP PETTARANI RUKO NEW ZAMRUD BLOK,7371031008,Aktif,10,7371031,Rappocini
97476079,GENDRA JAYA (ERNI),JL RAPPOCINI RAYA DEPAN APOTIK SEJATI,7371031009,Aktif,10,7371031,Rappocini
97471030,"SURYA PUZULINDO, PT",JALAN AP PETTARANI RUKO NEW ZAMRUD BLOK E/5,7371031008,Aktif,10,7371031,Rappocini
97474325,NASA  <AIRLINE EDUCATION CENTER>,JALAN SULTAN ALAUDDIN KOMP PLAZA BLIK OFF 9,7371031001,Aktif,10,7371031,Rappocini
97474317,GUDANG,JLMON EMMY SAELAN,7371031006,Aktif,10,7371031,Rappocini
97474348,AMEDIKA UTAMA SEJAHTERA PT,JALAN LANDAK BARU,7371031007,Aktif,10,7371031,Rappocini
97474340,JUAL ECERAN GALON,JL PURI BLOK C6 NO 1,7371031004,Aktif,10,7371031,Rappocini
97446091,PEGADAIAN PT,JALAN TAMALATE 1,7371031003,Aktif,10,7371031,Rappocini
97444594,KOPERASI PEGAWAI REPUBLIK INDONESIA (KPRI),JL RAYA PENDIDIKAN <KOMP BALLA PANAKKUKANG> BLOK B1,7371031006,Aktif,10,7371031,Rappocini
97444550,SERVIS HP DAN LAPTOP,JALAN TIDUNG 6 STPK 6,7371031003,Aktif,10,7371031,Rappocini
97446218,ADVERTISING GRAPHIC DESIGN PRINTING,KOMP BPH PLASA N3,7371031002,Aktif,10,7371031,Rappocini
97471937,SMP NEGERI 21,BTN MINASA UPA BLOK A5,7371031002,Aktif,10,7371031,Rappocini
97471980,INDOMARET,JL RAPPOCINI RAYA NO 173 C,7371031009,Aktif,10,7371031,Rappocini
97468087,FOTOGRAFER,BONTO LANRA NO 3 D,7371031007,Aktif,10,7371031,Rappocini
97468151,REKLAMENDO,JL PELITA RAYA VI NO. 1 RT 4 RW 6 90222,7371031008,Aktif,10,7371031,Rappocini
97468150,"TRI STAR MANDIRI, PT",JL PELITA RAYA 6 NO 8,7371031008,Aktif,10,7371031,Rappocini
97468230,SALON PIPI (ABD KADIR),JL RAPPOCINI LR 3A NO 18,7371031009,Aktif,10,7371031,Rappocini
97470544,KISEL PT <TDC TELKOMSEL>,JL TAMALATE 1,7371031006,Aktif,10,7371031,Rappocini
97465035,PENJUAL GAS (HJ ROYANI),JL RAPPOCINI LR 4,7371031009,Aktif,10,7371031,Rappocini
97467187,KOPERASI SIMPAN PINJAM SIPAKATALLASA,JL HERTASNING BARU NO 59,7371031004,Aktif,10,7371031,Rappocini
97467197,VITA MART,EMY SAELAN,7371031001,Aktif,10,7371031,Rappocini
97465310,MULTISON INDONESIA <LAODE>,JL RSI FAISAL 12 NO 5 B,7371031007,Aktif,10,7371031,Rappocini
97465088,UD M ACCINI (BUHOM H),JL MON EMMY SAELAN 3 NO 2,7371031006,Aktif,10,7371031,Rappocini
97460147,TIKI PENGIRIMAN,JLN RUTAN NO 75,7371031001,Aktif,10,7371031,Rappocini
97460148,KANTIN BU YULI,KOMPLEKS LAPAS,7371031001,Aktif,10,7371031,Rappocini
97460228,GRESIK CIPTA SEJAHTERA PT,JALAN AP PETTARANI RUKO NEW ZAMRUD BLOK A/18-19 RT 6 RW 3 90222,7371031008,Aktif,10,7371031,Rappocini
97464596,ALFAMIDI EMY SAELAN MAKASSAR,"JL MONUMEN  EMMY SAELAN, KEL TIDUNG, KEC RAPPOCINI KOTA MAKASSAR",7371031006,Aktif,10,7371031,Rappocini
97467271,DSD MUHAMMADIYAH,JL BONTO DG NGIRATE,7371031005,Aktif,10,7371031,Rappocini
97464603,GUDANG EVENT ORGENESIOR,JALAN LANDAK GANG II,7371031007,Aktif,10,7371031,Rappocini
97466297,CV MEGA GUNA SARANA MANDIRI,JALAN TIDUNG 7 STP 6 NO 224,7371031003,Aktif,10,7371031,Rappocini
97466298,KANTOR ADVOKAT FMN,JALAN AP PETTARANI RUKO NEW ZAMRUD BLOK,7371031008,Aktif,10,7371031,Rappocini
97466474,KLINIK GIGI (REZA),JL JIPANG RAYA,7371031002,Aktif,10,7371031,Rappocini
97468756,PUPUK KALTIM PT,JALAN AP PETTARANI,7371031008,Aktif,10,7371031,Rappocini
97469012,PEGADAIAN SYARIAH,JALAN AP PETTARANI RUKO NEW ZAMRUD BLOK,7371031008,Aktif,10,7371031,Rappocini
97468775,PERSEWAAN RUMAH,JL JIPANG RAYA,7371031002,Aktif,10,7371031,Rappocini
97466512,PELANGI CV KONTRAKTOR BANGUNAN,JL MON EMMY SAELAN,7371031006,Aktif,10,7371031,Rappocini
97466522,ALFA MIDI,JL RAPPOCINI RAYA NO 87,7371031009,Aktif,10,7371031,Rappocini
97469028,ANUGERAH MANDIRI,SULTAN ALAUDDIN,7371031001,Aktif,10,7371031,Rappocini
97469036,JUAL ALAT BANGUNAN (RIFCKY),JL MON EMMY SAELAN NO 123 A,7371031006,Aktif,10,7371031,Rappocini
97465449,PURNAMA KARYA NUGZAHA,JL LANDAK BARU,7371031007,Aktif,10,7371031,Rappocini
97466604,PELANGI WISATA MADANIAH TOUR AND TRAVEL,JL TAMALATE 1 NO 14 A RUKO OPPA LT 2,7371031005,Aktif,10,7371031,Rappocini
97466603,TK IT & SD IT AL BIRUNI MANDIR,JL JIPANG RAYA KOMP RUKO NO 20-26,7371031002,Aktif,10,7371031,Rappocini
97465439,ZINTAH INDAH,JL AP PETTARANI RUKO NEW ZAMRUD BLOK,7371031008,Aktif,10,7371031,Rappocini
97466407,PT MUSTIKA KARYA ABADI <SHELLY>,JALAN HERTASNING PALM MAS NO 3,7371031008,Aktif,10,7371031,Rappocini
97473697,NUSANTARA TOR AND  TRAVEL,JL TAMALATE 1 NO 8,7371031005,Aktif,10,7371031,Rappocini
97473721,INDOMARET,JL EMYSAELAN 3,7371031006,Aktif,10,7371031,Rappocini
97465532,"LADJALANI, CV",RUKO ZAMRUD BLOK F/18,7371031008,Aktif,10,7371031,Rappocini
97468480,PAUD LESTARI,JL KR BONTOTANGNGA,7371031002,Aktif,10,7371031,Rappocini
97473819,MEDIA KOMUNIKA (RINO),JALAN RAPPOCINI RAYA NO 187 B,7371031008,Aktif,10,7371031,Rappocini
97470646,MANNYINGARI INDONESIA TIMUR PT <ARIF>,JL RAPPOCINI RAYA NO 34,7371031009,Aktif,10,7371031,Rappocini
97469232,SURYA JAYA CV,J L AROEPALA NO 44 A,7371031004,Aktif,10,7371031,Rappocini
97470657,CV. HAS MARKA SULAWESI,KOMP GRAHA QUALITY NO 14,7371031007,Aktif,10,7371031,Rappocini
97473875,TUMANURUNG CV,KOMP PURI TAMAN SARI BLOK D 6 NO 8,7371031004,Aktif,10,7371031,Rappocini
97473888,GOLDEN ASEAN RESTO,LANDAK BARU 130,7371031007,Aktif,10,7371031,Rappocini
97469264,GUDANG DEAN DEKORASI CV,JL MON EMMY SAELAN,7371031006,Aktif,10,7371031,Rappocini
97473950,BIMBINGAN BELAJAR MATEMATIKA DASAR,JL TAMALATE 2 BLOK 9 NO 88,7371031003,Aktif,10,7371031,Rappocini
97474005,GELATIK SUPRA PT,PERUMAHAN PURI TAMAN SARI BLOK B 6/8,7371031004,Aktif,10,7371031,Rappocini
97474008,MANDALA SIMPAN PINJAM,JL SALAPANG RAYA,7371031002,Aktif,10,7371031,Rappocini
97474017,CV KENSU GLOBALINDO,JL B DG NGIRATE BLK 20 STP 4 NO 465,7371031005,Aktif,10,7371031,Rappocini
97469368,TOKO GROSIR (KASMI),BTN MINISA UPA BLOK A4,7371031002,Aktif,10,7371031,Rappocini
97474034,FOTO COPY  (MARDANIAH),RAPPOCINI RAYA NO 225,7371031008,Aktif,10,7371031,Rappocini
97465769,NOTARIS,BLOK F/20,7371031008,Aktif,10,7371031,Rappocini
97474033,ZIDAN ALFATIH CV,JL AROUPALA PERMT KYASMIN BLOM B2,7371031003,Aktif,10,7371031,Rappocini
97471899,TK ADILIKA,JL TIDUNG 9 STP 14,7371031003,Aktif,10,7371031,Rappocini
97475193,CV ALIF KARYA TEHNIK (ANDREY),JALAN KARAENG BONTO TANGNGA,7371031002,Aktif,10,7371031,Rappocini
97475226,KLINIK (EFFENDY DR),JL SKARDA N 1,7371031001,Aktif,10,7371031,Rappocini
97472881,PENYEWAAN KAMAR (AMIRUDDIN),JL MINASA KARYA,7371031002,Aktif,10,7371031,Rappocini
97472821,PEGADAIAN UPC TAMALATE,JL B DG NGIRATE BLK 20 NO 10,7371031005,Aktif,10,7371031,Rappocini
97472887,SERVICE AC (IQBAL),KOMP PURI TAMAN SARI BLOK D 13 NO 5,7371031004,Aktif,10,7371031,Rappocini
97472905,KSP WANITA TERATAI,JL.RAYA PENDIDIKAN,7371031006,Aktif,10,7371031,Rappocini
97472913,TOKO CAMPURAN (AMINAH),TODDOPULI 1 NO 46,7371031004,Aktif,10,7371031,Rappocini
97472914,BUMI PUTERA (ABIDIN),TODDOPULI RAYA,7371031004,Aktif,10,7371031,Rappocini
97472942,MANDIRI IN HEALTH,HERTASNING RAYA NO 7,7371031008,Aktif,10,7371031,Rappocini
97472912,PT. INTISEL PRODAKTIFAKOM,JL VETERAN SELATAN LR. 71 NO. 2,7371031007,Aktif,10,7371031,Rappocini
97472916,SUMBER BANGUNAN (BUDI),TODDOPULI RAYA,7371031004,Aktif,10,7371031,Rappocini
97475242,COFFEE RICH (MARCUS),JALAN RAPPOCINI RAYA NO 219 J,7371031008,Aktif,10,7371031,Rappocini
97472990,KOPERASI AL BIRUNI,JL JIPANG PERMAI,7371031002,Aktif,10,7371031,Rappocini
97475289,JENDELA COFFE,BUAKANA,7371031008,Aktif,10,7371031,Rappocini
97475312,SUPERMARKET <ALFAMART>,JL RAPPOCINI RAYA NO 65,7371031009,Aktif,10,7371031,Rappocini
97475334,MUJUR JAYA CELL <IKHSAN>,JALAN RAPPOCINI RAY A NO 217,7371031008,Aktif,10,7371031,Rappocini
97475376,APOTIK KIMIA FARMA,JALAN HERTASNING RAYA NO 11,7371031008,Aktif,10,7371031,Rappocini
97469838,AYI INTERIOR,KOMP PURI TAMAN SARI BLOK D 3 NO 15,7371031004,Aktif,10,7371031,Rappocini
97475414,KOPERASI SEJAHTERA,KOMPLEK JIPANG PERMAI DP 3A NO 8,7371031002,Aktif,10,7371031,Rappocini
97473025,KREDIT PLUS,JL RAPPOCINI RAYA,7371031008,Aktif,10,7371031,Rappocini
97464758,APOTIK SUMBER HIDUP,"JALAN AP PETTARANI RUKO NEW ZAMRUD BLOK B1,2,10",7371031008,Aktif,10,7371031,Rappocini
97467763,PUTRA TUNGGAL PT,JL HERTASNING BARU,7371031004,Aktif,10,7371031,Rappocini
97467759,PRAKTEK DOKTER GIGI LOANNITA,JALAN AP PETTARANI RUKO NEW ZAMRUD,7371031008,Aktif,10,7371031,Rappocini
97467580,APOTIK SAIKHAN FARMA,HERTASNING BARU,7371031004,Aktif,10,7371031,Rappocini
97467588,SMA MUHAMMADIYAH,JL B DG NGIRATE NO 22,7371031005,Aktif,10,7371031,Rappocini
97467770,RUMAH KOS (H SAKHRIR),JL WIJAYA KUSUMA,7371031009,Aktif,10,7371031,Rappocini
97461183,TRAVEL BUANA PERSADA (VIVI),JL TAMALATE 1 NO 18 C,7371031006,Aktif,10,7371031,Rappocini
97444614,SAMI UTAMA JAYA PT,KOMP BALLA PANAKUKANG BLOK E 5,7371031006,Aktif,10,7371031,Rappocini
97461423,COKONURI MART,JALAN RUTAN NO 75,7371031001,Aktif,10,7371031,Rappocini
97461422,TK (RATNA),JLN RUTAN BLOK A NO 1,7371031001,Aktif,10,7371031,Rappocini
97461648,TPQ AL-FURQON,JL MON EMMY SAELAN 4 NO 20,7371031006,Aktif,10,7371031,Rappocini
97471571,RUMAH SEHAT (RUSTAMIN),TODDOPULI 1,7371031004,Aktif,10,7371031,Rappocini
97471666,PERSEWAAN KAMAR <SITI ZAITUN>,JL WIJAYA KUSUMA 1,7371031007,Aktif,10,7371031,Rappocini
97471669,PERAWATAN GIGI (NURLILI),BTN MINAS UPA BLOK F5 NO 18,7371031001,Aktif,10,7371031,Rappocini
97471731,ALFA MART,LANDAK BARU,7371031007,Aktif,10,7371031,Rappocini
97466679,PT BHANDA GHARA RESKA,JL. HERTASNING KOMPLEKS  PERUMAHAN PALM MAS NO. 7,7371031008,Aktif,10,7371031,Rappocini
97465883,TRIJAYA,JL RAPPOCINI RAYA,7371031009,Aktif,10,7371031,Rappocini
97476272,PT INDOMARCO PRISMATAMA,JL HERTASNING PLAM MAS,7371031008,Aktif,10,7371031,Rappocini
97476374,TAMAN KANAK TERATAI (SURIANI),JL BONTOLANGKASA,7371031007,Aktif,10,7371031,Rappocini
97476345,WARNET HIDAYAT,BUAKANA,7371031008,Aktif,10,7371031,Rappocini
97471224,BTPN MITRA BISNIS,JL SULTAN ALAUDDIN PLAZA NO 3,7371031001,Aktif,10,7371031,Rappocini
97476448,INSAN JAYA ABADI CV,JL HERTASNING BARAT 3 NO 66,7371031005,Aktif,10,7371031,Rappocini
97474570,PRAKTEK DOKTER GIGI,JL RAPPOCINI RAYA NO 84A,7371031009,Aktif,10,7371031,Rappocini
97474637,CV SURYA MANDIRI,J L B DG NGIRATE RAYA,7371031005,Aktif,10,7371031,Rappocini
97474699,KARYA 21 (REZA),JL RAPPOCINI RAYA LR 5 NO 8,7371031009,Aktif,10,7371031,Rappocini
97476625,UNIVERSITAS NEGERI MAKASSAR,JL A P PETTARANI GEDUNG BG KAMPUS UNM GUNUNG SARI,7371031006,Aktif,10,7371031,Rappocini
97474864,KOPERASI BERKAT,JL JIPANG PERMAI DP 9 NO 4,7371031002,Aktif,10,7371031,Rappocini
97474851,HEXA MULIA PT,Jl. Rappocini Raya No. 92,7371031009,Aktif,10,7371031,Rappocini
97464677,YAYASAN PPPA DARUL QUR`AN,JALAN AP PETTARANI RUKO NEW ZAMRUD BLOK G/2,7371031008,Aktif,10,7371031,Rappocini
97463063,PESONA PRIMA UTAMA PT,JALAN AP PETTARANI RUKO NEW ZAMRUD BLOK,7371031008,Aktif,10,7371031,Rappocini
97469625,CITRA UTAMA CV,JALAN AP PETTARANI RUKO NEW ZAMRUD BLOK,7371031008,Aktif,10,7371031,Rappocini
97470346,TK DHARMA WANITA,JL TAMALATE 4 STP 4 NO 159,7371031004,Aktif,10,7371031,Rappocini
97473415,KIOS GAS ELPIJI,JL AROUPALA PERMT YASMIN G1 6,7371031003,Aktif,10,7371031,Rappocini
97471859,KJ PP JASA PENILAI PUBLIK (FIRMANSYA),JL HERTASNING PALAMAS,7371031008,Aktif,10,7371031,Rappocini
97470458,MEDIA ONLINE (SYARIFUDDIN),TODDOPULI 1,7371031004,Aktif,10,7371031,Rappocini
97470484,STIE PI YASPIM,JL ANDI PANGERAN PETTARANI NO 99 B,7371031008,Aktif,10,7371031,Rappocini
97469561,ROPERASI DEPAG,JALAN AP PETTARANI NO 223,7371031008,Aktif,10,7371031,Rappocini
97465089,TOKO BARANG CAMPURAN (HJ ERYANI),JL RAPPOCINI L R 4,7371031009,Aktif,10,7371031,Rappocini
97469486,SPBU PT GASINA <YUSUFTYOS>,JALAN AP PETARANI - RAPPOCINI,7371031008,Aktif,10,7371031,Rappocini
97474936,TK PLAYGROUP AISYIYAH,JALAN MINASA UPA,7371031002,Aktif,10,7371031,Rappocini
97475052,"MAHARASYA CITRA ABADI, PT",JLN MONUMEN EMMY SAELAN 3,7371031006,Aktif,10,7371031,Rappocini
97472761,AGEN TRAVEL (INDRAWATI),PURI TAMAN SARI BLOK C1 NO 4,7371031004,Aktif,10,7371031,Rappocini
97468327,KANTOR GAPENSI,JL KOMP PERMATA SARI,7371031008,Aktif,10,7371031,Rappocini
97472246,MANYINGARRI PT,JALAN BONTO LANRA BNO 11,7371031007,Aktif,10,7371031,Rappocini
97468333,ALFA MART,HERTASNING AROEPALA NO 8,7371031004,Aktif,10,7371031,Rappocini
97469974,ADIRA,JL TIDUNG,7371031005,Aktif,10,7371031,Rappocini
97469976,PEGADAIAN EMMY SAELAN,JALAN MONUMEN EMMY SAELAN NO 14 B,7371031001,Aktif,10,7371031,Rappocini
97504811,BIDAN PRAKTIK SWASTA,JALAN MINASA UPA BLOK G3 NO 15,7371031001,Aktif,10,7371031,Rappocini
97499736,UD H KADIR (KADIR),JL SYECH YUSUF,7371031001,Aktif,10,7371031,Rappocini
97501272,RENTAL MOBIL (FIRMAN),JL MINASA KARYA,7371031002,Aktif,10,7371031,Rappocini
97501292,TANA DOANG KAROAS <DEWI>,BTN MINASA UPA K 12 NO 11,7371031001,Aktif,10,7371031,Rappocini
97499075,PEMBORONG,JALAN BANTA BANTAENG,7371031007,Aktif,10,7371031,Rappocini
97501336,DEPOT ISI ULANG AIR GALON(NURDIANA),JL RSI FAISAL LR 7 NO 17,7371031007,Aktif,10,7371031,Rappocini
97499098,PERSEWAAN KAMAR,JL WIJAYA KUSUMA 1 NO 5,7371031007,Aktif,10,7371031,Rappocini
97501359,PERSEWAAN KAMAR (HALIM NAYADE H),JALAN MINASA UPA BLOK G1 NO 13,7371031001,Aktif,10,7371031,Rappocini
97501390,LAUNDRY RISKA (ABDUL AZIS,JL SUNGAI SADDANG BARU AB 4,7371031010,Aktif,10,7371031,Rappocini
97499163,TOKO BUR,JL RAPPOCINI RAYA NO 4,7371031009,Aktif,10,7371031,Rappocini
97501413,SD INPRES KARUNRUNG,KARUNRUNG RAYA 5,7371031002,Aktif,10,7371031,Rappocini
97501431,INDRA CELL (YERI CAHYADI),BTN MINASA UPA BLOK J3/13,7371031001,Aktif,10,7371031,Rappocini
97500126,CATERING CITRA (ABRIANSYAH),JALAN BUMI 8 BLOK A7 NO 9,7371031001,Aktif,10,7371031,Rappocini
97500135,BANK SAMPAH KATANGKA,JL SYEKH YUSUF,7371031001,Aktif,10,7371031,Rappocini
97500150,GALAXY ACCESORIES (SUTANTO),SUNGAI SADDANG BARU NO 8A,7371031010,Aktif,10,7371031,Rappocini
97500108,USAHA PENYEWAAN RUMAH ORW 02,KOMP KODAM KATANGKA BLOK G 21,7371031001,Aktif,10,7371031,Rappocini
97500133,JUAL AKSESORI KELILING (NUR RIDWAN),JALAN KARUNRUNG RAYA 1,7371031002,Aktif,10,7371031,Rappocini
97500248,RIAS PENGANTIN (HJ ANNA),BTN MINASA UPA BLOK EA NO 10,7371031001,Aktif,10,7371031,Rappocini
97500265,DRAGON TAYLOR,JL RAPPOCINI,7371031008,Aktif,10,7371031,Rappocini
97500306,DESAIN GRAFIS (PAK IQBAL),PERUM VILLA MEGA SARI BLOK BI NO 3,7371031001,Aktif,10,7371031,Rappocini
97500305,PERSEWAAN ALAT PESTA,AL.JIPANG RAYA BLOK AI NO.9,7371031001,Aktif,10,7371031,Rappocini
97500334,JUAL BELI MOTOR <SATRIA>,JALAN JIPANG RAYA,7371031001,Aktif,10,7371031,Rappocini
97500279,KONSULTAN TEKNIK (YUMEDI),BTN MINASA UPA BLOK N I7 NO 13,7371031001,Aktif,10,7371031,Rappocini
97500319,FADILLAH BARU PD,PELITA RAYA NO A5 / 8D,7371031008,Aktif,10,7371031,Rappocini
97497665,WARUNG SUROBOYO (SUKOCO),JL TALASALAPANG RAYA,7371031001,Aktif,10,7371031,Rappocini
97497744,PENJUAL PETI MAYAT GELORA,JL RAPPOCINI RAYA NO 4,7371031009,Aktif,10,7371031,Rappocini
97445742,TOKO BANGUNAN,KOMP BPH PLAZA NO N15,7371031002,Aktif,10,7371031,Rappocini
97446914,JUALAN PARFUM (JUAN),JALAN TAMALATE 2,7371031003,Aktif,10,7371031,Rappocini
97446022,WARKOP BUNDU,KOMP BPH PLAZA NO 1,7371031002,Aktif,10,7371031,Rappocini
97504858,BENG KEL LAS SENINDO PERKASA,JL MAKKIO BAJI 5,7371031006,Aktif,10,7371031,Rappocini
97504867,ZAQI COLLECTION(BASO),TIDUNG 7 NOMOR 96,7371031003,Aktif,10,7371031,Rappocini
97504906,JUAL PAKAIAN OLAHRAGA (TAHIR),MINASA UPA PERUMAHAN GRIYA ASRI NO 10,7371031001,Aktif,10,7371031,Rappocini
97504910,HERTS COFFE,JL AROEPALA NO 255,7371031001,Aktif,10,7371031,Rappocini
97504927,TIQAHKU BOUTIQUE,JL AP PETTARANI RUKO NEW ZAMRUD BLOK,7371031008,Aktif,10,7371031,Rappocini
97445364,NASI GORENG (MBAK ATIK),JALAN TALASALAPANG,7371031002,Aktif,10,7371031,Rappocini
97497933,GEDUNG BALAI MUTIARA,JALAN NIKEL RAYA A20 NO 16,7371031010,Aktif,10,7371031,Rappocini
97498041,LOKET PEMBAYARAN LISTRIK (ALAM),JL TAMALATE 6 NO 90,7371031004,Aktif,10,7371031,Rappocini
97498142,TERAS MARINA,JALAN NIKEL 1 NO 4 B,7371031010,Aktif,10,7371031,Rappocini
97501449,LOKET PEMBAYARAN ONLINE (AULIYA),KOMP GRIYA FAJAR MAS BLOK M,7371031001,Aktif,10,7371031,Rappocini
97501448,TOKO KELONTONG (ANI),KOMP GRIYA FAJAR MAS REGENVY NO 1A,7371031001,Aktif,10,7371031,Rappocini
97499194,TREVEL,JL LANDAK BARU PERUM PLI,7371031007,Aktif,10,7371031,Rappocini
97501450,JUAL ES (SUHRIANI),KOMP GRIYA FAJAR MAS,7371031001,Aktif,10,7371031,Rappocini
97499787,KOS KOSAN (IRWAN),JL BUMI 22,7371031001,Aktif,10,7371031,Rappocini
97499229,RAMLAH (GROSIR),JALAN KARUNRUNG RAYA,7371031002,Aktif,10,7371031,Rappocini
97499230,TOKO FACHRI,JL TAMALATE 4 NO 29,7371031004,Aktif,10,7371031,Rappocini
97499778,LINA CAMPURAN,GEDUNG BALAI SIDANG UNISMUH,7371031001,Aktif,10,7371031,Rappocini
97499237,ATTG 8,JL FAISAL 11 10,7371031007,Aktif,10,7371031,Rappocini
97499803,PENYEWAAN KAMAR (HANTER),RAPPOCINI RAYA LR. 9,7371031008,Aktif,10,7371031,Rappocini
97499828,PENYEWAAN KAMAR (MUSTAMIN),RAPPOCINI RAYA LR. 9,7371031008,Aktif,10,7371031,Rappocini
97499861,KONSTRUKSI (TAKBIR),VILLA MEGASARI BLOK BI NO 6,7371031001,Aktif,10,7371031,Rappocini
97499862,BATU AKIK (FIRDAUS),PERUM VILLA MEGA SARI BLOK H NO 14,7371031001,Aktif,10,7371031,Rappocini
97501535,TK ALFIRAH,JL JAPANG RAYA BLOK AI NO 18,7371031001,Aktif,10,7371031,Rappocini
97501522,PENJUALAN PAKAIAN,JL TAMALATE 2 UJUNG,7371031003,Aktif,10,7371031,Rappocini
97501526,PEDAGANG SENDAL KELILING,KOMP KODAM KATANGKA BLOK G22 / F <BELANGKA>,7371031001,Aktif,10,7371031,Rappocini
97501565,JUAL RUMPUT LAUT,BOSOWA PERMAI A3 NO 17,7371031001,Aktif,10,7371031,Rappocini
97501566,USAHA TUPPERWARE (RAMLAH),BTN MINASA UPA BLOK L15 NO 15,7371031001,Aktif,10,7371031,Rappocini
97499877,TOKO PRIMA,JL JIPANG RAYA NO 29,7371031001,Aktif,10,7371031,Rappocini
97499310,RUMAH MAKAN HAPPY,JL RAPPOCINI RAYA,7371031009,Aktif,10,7371031,Rappocini
97499894,DNA LAUNDRY (AGUS),JALAN JIPANG RAYA,7371031002,Aktif,10,7371031,Rappocini
97499330,USAHA OLAHAN COKLAT (IRWAN),SUNGAI SADDANG BARU BALLAPARANG 2,7371031010,Aktif,10,7371031,Rappocini
97499934,WARUNG CAMPURAN (RAWIAH),TODDOPULI 1 KAMPUNG KASSI KASSI,7371031004,Aktif,10,7371031,Rappocini
97499936,BUTIK <HENNY>,BTN MINASA UPA BLOK B8 NO 4,7371031001,Aktif,10,7371031,Rappocini
97499955,JUAL AYAM KRISPI AKBAR (ASLAM),GEDUNG BALAI SIDANG UNISMUH,7371031001,Aktif,10,7371031,Rappocini
97499956,SIRAJUDDIN,KOMPLEKS KODAM KATANGKA BLOK E5,7371031001,Aktif,10,7371031,Rappocini
97501594,LAUNDRY PRIMA (YULIANTI),PURI TAMAN SARI BLOK C7 NO 15,7371031004,Aktif,10,7371031,Rappocini
97499957,WARUNG IDA,KOMPLEKS KODAM KATANGKA ELOK E5,7371031001,Aktif,10,7371031,Rappocini
97499958,BENGKEL LAS AL HADITS,KOMPLEKS K O DAM KAT A H G K A BLOK E5,7371031001,Aktif,10,7371031,Rappocini
97499972,ZULFIKAR RENT CAR,KOMP KODAM KATANGKA BLOK B NO 16,7371031001,Aktif,10,7371031,Rappocini
97499985,WARUNG CAMPURAN NINA (NURDIANA),JALAN BUMI 9 BLOK AG NO 1,7371031001,Aktif,10,7371031,Rappocini
97500005,AQILAH TAYLOR,BTN MINASA UPA BLOK J4 NO 22,7371031001,Aktif,10,7371031,Rappocini
97501652,LAUNDRY DE LAOENDRE (INDAH),BTN MINASA UPA BLOK B5 NO 8,7371031001,Aktif,10,7371031,Rappocini
97499416,PHOTOGRAPHY (ASRI),GRIYAFAJARMAS,7371031001,Aktif,10,7371031,Rappocini
97499417,TOKO KELONTONG,KOMP GRIYA FAJAR MAS REGENCY 2 NO 21,7371031001,Aktif,10,7371031,Rappocini
97500030,SEWA TENDA KURSI (H ARDI),BTN MINASAUPA BLOK KI/26,7371031001,Aktif,10,7371031,Rappocini
97500032,RAJA LAUDRY ALUDDIN,KOMP GRIYA FAJAR MAS BLOK G,7371031001,Aktif,10,7371031,Rappocini
97501662,BALAI PENGOBATAN GIGI SEJAHTERA,JALAN EMMY SAELAN 3,7371031002,Aktif,10,7371031,Rappocini
97499435,CISTRISTOR ATK,KOMP GRIYA FAJAR MAS REGENCY I BLOK A/16,7371031001,Aktif,10,7371031,Rappocini
97499452,KURSUS BHS INGGRIS,KOMP MANGASA PERMAI BLOK Y,7371031001,Aktif,10,7371031,Rappocini
97501681,CHIELICIOUS MKS (CICI),JL GRIYA FAJAR MAS PERUMAHAN LAGOOSI,7371031001,Aktif,10,7371031,Rappocini
97501669,USAHA ISI ULANG AIR MINUM (MUJABAR),KASSI-KASSI,7371031004,Aktif,10,7371031,Rappocini
97499474,TOKO KELONTONG,JL BUMI 21,7371031001,Aktif,10,7371031,Rappocini
97499475,JUAL PAKAIAN,BUMI 22 BLOK D 6/7,7371031001,Aktif,10,7371031,Rappocini
97501704,PENJAHIT (SAHARI),KOMPLEKS KDOAM KATANGKA BLOK E 5,7371031001,Aktif,10,7371031,Rappocini
97501707,COTO MAKASSAR BAHARI,JL FAISAL RAYA,7371031007,Aktif,10,7371031,Rappocini
97501708,CATRING (BU FERA),KOMP KODAM KATANGKA BLOK 6B1,7371031001,Aktif,10,7371031,Rappocini
97501709,POSYANDU,KOMP KODAM KATANGKA,7371031001,Aktif,10,7371031,Rappocini
97501711,LOS PERCETAKAN,JL SYEKH YUSUF,7371031001,Aktif,10,7371031,Rappocini
97499488,DELL COM,JL SULTAN ALAUDDIN,7371031001,Aktif,10,7371031,Rappocini
97503176,MENJUAL IKAN LELE (NIKMATULLAH),BTN MINASA UPA BLOK 64 NO 13,7371031001,Aktif,10,7371031,Rappocini
97503177,DEPOT AIR MINUM (MUHAMMAD OPU),BTN MINASA UPA BLOK EA NO 12,7371031001,Aktif,10,7371031,Rappocini
97503203,APOTEK C 312 (ZOHRA),JL MINASA UPA RAYA BLOK C3 NO 12,7371031001,Aktif,10,7371031,Rappocini
97503208,RUMAH CEMILAN MAKASSAR (SRI YULIANI),JL MINASA UPA RAYA BLOK C6 NO 3,7371031001,Aktif,10,7371031,Rappocini
97503210,SALON IDA WIJAYA (IDA ROYANI),BTN MINASA UPA BLOK L14 NO 12,7371031001,Aktif,10,7371031,Rappocini
97502837,NASI KUNING (HASNIAH),KOMP KODAM KATANGKA BLOK G 22 / F <BELANGKA>,7371031001,Aktif,10,7371031,Rappocini
97502853,KLINIK ADDARAEN,JL SULTAN ALAUDDIN NO 305 A,7371031001,Aktif,10,7371031,Rappocini
97500815,CHERIA SUPPLIER (KURNIANTO),JALAN WIJAYA KUSUMA 3 BLOK K 9 NO 2,7371031007,Aktif,10,7371031,Rappocini
97503178,PRODUKSI MIE BASAH,BTN MINASA UPA BLOK E8 NO 4 RT 06 RW 07 90221,7371031001,Aktif,10,7371031,Rappocini
97502844,YAYASAN TPA MASJID DARUL MUTTAQIN,BTN MINASA UPA BLOK A5,7371031002,Aktif,10,7371031,Rappocini
97500828,BUAT ROTI (MULIANAH),JALAN KELAPA TIGA GANG 1 NO,7371031010,Aktif,10,7371031,Rappocini
97502866,USAHA KUE TRADISIONAL,BTN MINASA UPA BLOK L15 NO 13,7371031001,Aktif,10,7371031,Rappocini
97502885,TK TPA RAUDHATUL JANNAH,JALAN BUMI 22 BLOK A 15 NO 20,7371031001,Aktif,10,7371031,Rappocini
97500861,GERAI KHAS,JL AP PETTARANI,7371031007,Aktif,10,7371031,Rappocini
97502891,KOPERASI SEJAHTERA,BTN MINASA UPA BLOK L 7 NO 3,7371031001,Aktif,10,7371031,Rappocini
97500860,RUMAH MAKAN TAKANA JUO,RUKO AMBASADOR NO 14 JL RS FAISAL RAYA,7371031007,Aktif,10,7371031,Rappocini
97503251,APOTEK MARWAH HUSADA,TAMALATE 1,7371031005,Aktif,10,7371031,Rappocini
97503243,TOKO JOICE(SUSANA),TIDUNG G STP 9 NOMOR 69,7371031003,Aktif,10,7371031,Rappocini
97503316,JUAL KAYU (WAHYUDI),JL SYEKH YUSUF,7371031001,Aktif,10,7371031,Rappocini
97502951,USAHA BAKSO (DG BANTANG),JALAN KELAPA TIGA GANG 2 NO 2,7371031010,Aktif,10,7371031,Rappocini
97503371,WARUNG KELONTONG (SURIANTI),BTN MINASA UPA BLOK N 16 NO 25,7371031001,Aktif,10,7371031,Rappocini
97501012,4WD CELL (DEWAN WAHYUDI),JL MONUMEN EMMY SAELAN NO 8,7371031006,Aktif,10,7371031,Rappocini
97503399,WIJAYA GLASS (WIDIANTO),BALLA PARANG JLSUNGAI SADDANG,7371031010,Aktif,10,7371031,Rappocini
97503411,FREZE LAUNDRY,JL RS FAISAL RAYA NO 8,7371031007,Aktif,10,7371031,Rappocini
97501071,USAHA PEMBUATAN KASTING (NURJANNAH),JL MINASA UPA BLOK K,7371031001,Aktif,10,7371031,Rappocini
97503454,SUPLIYER BUAH(SYUKUR),BTN MINASA UPA,7371031001,Aktif,10,7371031,Rappocini
97503077,PERSEWAAN TENDA (AGUS),BTN MINASA UPA,7371031001,Aktif,10,7371031,Rappocini
97501085,APOTIK ATIQAH (PAISA),HERTASNING RAYA TIMUR NO 12 B,7371031004,Aktif,10,7371031,Rappocini
97503078,PENYEWAAN BAJU PENGANTIN,BTN MINASA UPA,7371031001,Aktif,10,7371031,Rappocini
97501115,BENTOR (ZAINUDDIN),JALAN KARUNRUNG RAYA 4,7371031002,Aktif,10,7371031,Rappocini
97503461,JUAL BELI MOBIL BEKAS (ANDI ALAM),BTN MINASA UPA BLOK G1 NO 3,7371031001,Aktif,10,7371031,Rappocini
97503418,KLINIK SUPER THIBBUN NABAWI,PERUM GOSYEN,7371031001,Aktif,10,7371031,Rappocini
97503076,JUAL BARANG CAMPURAN,BTN MINASA UPA BLOK E5 NO 13,7371031001,Aktif,10,7371031,Rappocini
97503495,LAUNDRY DELIMA <M NUR>,JL MAPALA 2 BLOK D 5 NO 3,7371031006,Aktif,10,7371031,Rappocini
97501147,KLINIK ASTRI,JL MAPPALA,7371031006,Aktif,10,7371031,Rappocini
97501150,N BOUTIQUE (HARI YANTI),LANDAK BARU 39,7371031007,Aktif,10,7371031,Rappocini
97501796,ALIF 77 KONVEKSI,BTN MINASA UPA BLOK K7 27,7371031001,Aktif,10,7371031,Rappocini
97501803,NASI GORENG JAKARTA,BTN MINASA UPA BLOK K13 NO 14,7371031001,Aktif,10,7371031,Rappocini
97501837,JUAL ALAT RUMAH TANGGA (ARYATI),BTN MINASA UPA BLOK C3 NO 18,7371031001,Aktif,10,7371031,Rappocini
97501838,AIR MINUM VITA (BURHANUDDIN),JL MINASA UPA RAYA BLOK C3 NO 17,7371031001,Aktif,10,7371031,Rappocini
97501781,JUAL SEMBAKO (HENDRAWATI),JALAN TIDUNG X TIMUR PERUMAHAN STELLA MARIS BLOK A10,7371031002,Aktif,10,7371031,Rappocini
97501826,KOST KOSAN (ANA),GRIYA FAJAR MAS BLOK M,7371031001,Aktif,10,7371031,Rappocini
97501827,JUAL BUAH (HJ SALAMANG),KOMP. BARUGA FAJAR MAS,7371031001,Aktif,10,7371031,Rappocini
97501901,JUAL BUKU(AGUNG),BOSOWA PERMAI BLOK B5 NO 12,7371031001,Aktif,10,7371031,Rappocini
97503672,TOKO ALAM SUMBER,JL TALASALAPANG RAYA NO 11,7371031001,Aktif,10,7371031,Rappocini
97503686,DEPOT AIR,KAMPUS UNISMUH JL SULTAN ALAUDDIN NO 259,7371031001,Aktif,10,7371031,Rappocini
97501945,APOTIK COR FAIZALD,JL BUMI 13 A NO 11,7371031001,Aktif,10,7371031,Rappocini
97501953,MANTRI SUNAT SULAIMAN,JALAN MINASA UPA BLOK G3,7371031001,Aktif,10,7371031,Rappocini
97503733,KANTIN SEKOLAH <SD NEGERI 1 MINASA UPA>,JL MINASA UPA BLOK L,7371031001,Aktif,10,7371031,Rappocini
97503725,RM TUNU BALE,JL AROEPALA NO 63,7371031001,Aktif,10,7371031,Rappocini
97503746,GEDA NUSA TOURS DAN TRAVEL,JL AEROPALA NO 27 A HERTASNING BARU,7371031001,Aktif,10,7371031,Rappocini
97501935,LAUNDRITTA,JL PAL M MERAH NO 26,7371031004,Aktif,10,7371031,Rappocini
97503820,SUSU KEDELAI (JESIE),PERUM VILLA MEGA SARI BLOK E NO 23,7371031001,Aktif,10,7371031,Rappocini
97502013,TOKO ELVIRA,TAMALATE 4 NO 1,7371031004,Aktif,10,7371031,Rappocini
97503843,NOTARIS RUSNI BUHAERAH,JALAN PELITA RAYA NO A22 NO 9A,7371031010,Aktif,10,7371031,Rappocini
97503921,KLINIK GIGI FIRAFI,"JL. TAMALATE 1 NO.4, MAKASSAR",7371031004,Aktif,10,7371031,Rappocini
97502030,KEDAI INTAN,JL RAYA PENDIDIKAN DEPAN INDOMART,7371031006,Aktif,10,7371031,Rappocini
97502032,PAUD ADIBA,JL TALASAPANG,7371031001,Aktif,10,7371031,Rappocini
97503911,GEDUNG GRAHA NUR TASNIM,HERTASNING RAYA NO. 84,7371031006,Aktif,10,7371031,Rappocini
97502036,SANGGAR RIAS MELATI,HERTASNING NO 60,7371031006,Aktif,10,7371031,Rappocini
97502046,PENEADAAN BARANG DAN JASA (ISRAT SIRATU),JALAN WIJAYA KUSUY 1 BLOK K2 NO 7,7371031007,Aktif,10,7371031,Rappocini
97446687,KONSULTASI,JALAN TALASALAPANG,7371031002,Aktif,10,7371031,Rappocini
97502094,EVERYDAY LAUNDRY,PERUM VILLA MEGASARI BLOK E NO 11,7371031001,Aktif,10,7371031,Rappocini
97502096,ANUGRAH MEUBEL,JL TALASALAPANG RAYA,7371031001,Aktif,10,7371031,Rappocini
97502097,TOKO AKI KARYA SEJAHTERA (EFFENDY),JL TALASALAPANG RAYA NO 27 B,7371031001,Aktif,10,7371031,Rappocini
97502101,SD KASSI KASSI,JL ASAM.KERANJI,7371031004,Aktif,10,7371031,Rappocini
97502102,PANGKAS RAMBUT NIZAM,JL PINANG NO 168,7371031004,Aktif,10,7371031,Rappocini
97502103,JUAL ALAT RUMAH TANGGA (HENNY),BTN MINASA UPA BLOK 88 NO 4,7371031001,Aktif,10,7371031,Rappocini
97502076,TPA ASHABUL KAHFI,JL ASAM KERANJI NO 225,7371031004,Aktif,10,7371031,Rappocini
97504067,EKSPEDISI <AMIR>,JL TIDUNG MARIOLO,7371031006,Aktif,10,7371031,Rappocini
97504055,KOPERASI,JL LANDAK BARU LR 7,7371031007,Aktif,10,7371031,Rappocini
97504054,SOP KONRO BAWAKARAENG,JL TALASALAPANG,7371031002,Aktif,10,7371031,Rappocini
97504139,TOKO BINTANG RAS <BOBBY>,JALAN LANDAK BARU,7371031007,Aktif,10,7371031,Rappocini
97502315,SALON ILOKI,JL TAMALATE 4 NO 9,7371031004,Aktif,10,7371031,Rappocini
97502234,CATERING (NURLELA),JL FAISAL 4 NO 1 9,7371031007,Aktif,10,7371031,Rappocini
97502238,SMUN 9 MAKASSAR,JL KARUNRUDIG RAYA NO 37,7371031002,Aktif,10,7371031,Rappocini
97502301,PONDOK PANRITA,JL RSI FAISAL XVII LR 3,7371031007,Aktif,10,7371031,Rappocini
97502303,JAHIT PAKAIAN,BTN MINASA UPA BLOK E8 NO 18,7371031001,Aktif,10,7371031,Rappocini
97502304,TK MIMASA UPA,BTN MINASA UPA BLOK E4 NO 11A 16 18,7371031001,Aktif,10,7371031,Rappocini
97502308,TOKO AZ ZAHRA,JL TAMALATE 5 SETAPAK 9,7371031004,Aktif,10,7371031,Rappocini
97502347,BUTIK POJOK BUSANA,JL HERTASNING RAYA,7371031004,Aktif,10,7371031,Rappocini
97504172,SD INP PERUMNAS,JLTAMALATE 6,7371031004,Aktif,10,7371031,Rappocini
97502424,TOKO AN NUR(MUH SAID),JL SYEKH YUSUF NO 145 KATANGKA,7371031001,Aktif,10,7371031,Rappocini
97502418,GALON (WIDODO),JL KARUNRUNG RAYA NO 15,7371031002,Aktif,10,7371031,Rappocini
97502457,KEDAY 08 (FADLY),GEDUNG BALAI SIDANG UNISMUH,7371031001,Aktif,10,7371031,Rappocini
97504366,LOKET PEMBAYARAN,HERTASNING RAYA NO 78,7371031006,Aktif,10,7371031,Rappocini
97504379,ORZHY GYM (JUM),JL WIJAYA KUSUMA RAYA NO 49,7371031007,Aktif,10,7371031,Rappocini
97504380,PONDOK AYU (ISMI),JL WIJAYA KUSUMA RAYA NO 49,7371031007,Aktif,10,7371031,Rappocini
97787938,LAMACCA HOTEL,JL AP PETTARANI NO 1,7371031007,Aktif,10,7371031,Rappocini
97788064,NEW BENHILL HOTEL,JALAN SULTAN ALAUDDIN NO.177 TELP. 0411-885422,7371031001,Aktif,10,7371031,Rappocini
97788123,MAYSARA WISMA,LANDAK BARU NOMOR 23,7371031007,Aktif,10,7371031,Rappocini
97788129,THOMAS FAMLY WISMA INN,JL SULTAN ALAUDDIN 2,7371031007,Aktif,10,7371031,Rappocini
97788138,D GREEN HOTEL,JL. LETJEN HERTASNING NO.58 TELP. 0411-869888,7371031005,Aktif,10,7371031,Rappocini
97844690,WARKOP CORNER (SURYANTO),KOMP. BPH JALAN BUMI 1 NO 3 SULTAN ALAUDDIN,7371031001,Aktif,10,7371031,Rappocini
97862710,JUAL NASI KUNING,KANTIN KAMPUS UNISMUH JALAN SULTAN ALAUDDIN,7371031001,Aktif,10,7371031,Rappocini
97862712,ES KELAPA MUDA <SARIBONE>,GOWA,7371031001,Aktif,10,7371031,Rappocini
97876428,WARUNG BAKSO RUDAL,JL MON EMMY SAELAN,7371031006,Aktif,10,7371031,Rappocini
98047378,CAFE THE BOSS - CABE MERAH,SULTAN ALAUDDIN KOMP ALAUDDIN PLAZA RUKO 1,7371031001,Aktif,10,7371031,Rappocini
98047379,D' GREEN HOTEL,HERTASNING NO.58,7371031006,Aktif,10,7371031,Rappocini
98047381,VIRSANINDO ARUNG MANDIRI,ONTA BARU NO.23/ KOMP GRIYA PANAKKUKANG BLOK D NO.20,7371031005,Aktif,10,7371031,Rappocini
98047386,SOTO AYAM LAMONGAN CAK HAR,ANDI DJEMMA NO.95A-B,7371031007,Aktif,10,7371031,Rappocini
98047391,ASATU MANSION GUEST HOUSE,BUAKANA KAV A1,7371031008,Aktif,10,7371031,Rappocini
98049215,WARUNG PANGKEP,AROEPALA,7371031001,Aktif,10,7371031,Rappocini
98049301,WARUNG MAKAN TALENTA,JL AROEPALA NO 128,7371031001,Aktif,10,7371031,Rappocini
98049304,CATERING DIAN,JALAN RAYA PENDIDIKAN KOMPLEKS IKIP PERDOS GUNUNG SARI BLOK G2 NO. 93,7371031006,Aktif,10,7371031,Rappocini
98049311,KANTIN SEKOLAH SD IKIP 1,JL AP PETTARANI (SD KOMP IKIP),7371031007,Aktif,10,7371031,Rappocini
98066100,REVIRA INN,Jl. Bonto Mene No.1 Banta-Bantaeng Kec. Rappocini Kota Makassar,7371031007,Aktif,10,7371031,Rappocini
2471593,LEMBAGA PENELITIAN SOSIAL DAN DEMOKRASI,BANTA-BANTAENG LR 8,7371031007,Aktif,10,7371031,Rappocini
2472071,KALANRATU TRI KARYA,JL TAMALATE VII,7371031003,Aktif,10,7371031,Rappocini
2473403,ADHISA DAYA CIPTA,"JL MAHONI NO 156 RT 005 RW 009, KASSI-KASSI",7371031004,Aktif,10,7371031,Rappocini
2474500,TRIS JAYA PERKASA,JL LANDAK BARU,7371031007,Aktif,10,7371031,Rappocini
2474680,BAISHENG ELEKTRONIK MAKASSAR,JL AP PETTARANI KAV E,7371031006,Aktif,10,7371031,Rappocini
2475460,SUKSES ABADI JAYA,"KOMP.PURI TAMAN SARI BLOK.C3/7, KASSI-KASSI",7371031004,Aktif,10,7371031,Rappocini
2475477,SANY SEJAHTERA,"JL TALASALAPANG NO 11 C RT.001 RW.014, GUNUNG SARI",7371031001,Aktif,10,7371031,Rappocini
2477432,PENGKAJIAN DAN PENGEMBANGAN SUMBER DAYA MASYARAKAT SULAWESI SELATAN,"RSI FAIZAL RUKO AMBASSADOR NO KAV 8 RT 000 RW 000, BANTA-BANTAENG",7371031007,Aktif,10,7371031,Rappocini
2478607,BAGUS PRATAMA INDONESIA,KOMP BTN MINASA UPA BLOK,7371031001,Aktif,10,7371031,Rappocini
2478794,ABG DUA PUTRA,JL SKARDA N KOMPLEK MANGASA,7371031001,Aktif,10,7371031,Rappocini
2480448,AL SALAM ANUGRAH WISATA,JL JIPANG RAYA RUKO MUSTIKA MEGA SARI,7371031001,Aktif,10,7371031,Rappocini
2480663,QUANTUM MEDIA SEJAHTERA,KOMP BTN MINASA UPA,7371031001,Aktif,10,7371031,Rappocini
2481106,SAKTI BERJAYA,JL EMMY SAELAN KOMPLEKS GRAHA SARI,7371031001,Aktif,10,7371031,Rappocini
2481179,SINAR INTI CELEBES,PERMATA HIJAU PERMAI BLOK D NOMOR 1,7371031004,Aktif,10,7371031,Rappocini
2481622,KHAULA (LKSA NUR QADRI),MINASA UPA,7371031002,Aktif,10,7371031,Rappocini
2482371,SERENA JOOST,"JL TIDUNG VII STP 9 BLOK 12/158 RT.00B RW.007, MAPPALA",7371031003,Aktif,10,7371031,Rappocini
2482977,SAMI UTAMA JAYA,JL RAYA PENDIDIKAN,7371031006,Aktif,10,7371031,Rappocini
2483331,AZZAHRA LABCHEMINDO,JL BANTA-BANTAENG LR. 9,7371031007,Aktif,10,7371031,Rappocini
2485797,MITRA ABADI REJEKI SENTOSA,JL. YUSUF DG. NGAWING,7371031006,Aktif,10,7371031,Rappocini
2486463,PROQUANTUM PRIMA,"JL.TIDUNG VII NO.96 RT.03 RW.05, MAPPALA",7371031003,Aktif,10,7371031,Rappocini
2486857,TAMANGAPA MEDIKA MANDIRI,JALAN NIKEL 2 NOMOR 20,7371031010,Aktif,10,7371031,Rappocini
2487097,NIFA LAGOON,JL MANGASA PERMAI,7371031001,Aktif,10,7371031,Rappocini
2487140,ADINATA KARYA,"JL RAPPOCINI RAYA 5 NO 8 RT 005 RW 001, RAPPOCINI",7371031009,Aktif,10,7371031,Rappocini
2488308,PUROGURAMA IT CONSULTANT,JL. RAPPOCINI RAYA,7371031009,Aktif,10,7371031,Rappocini
2488623,MENARA PRIMA SEJAHTERA,JL HERTASNING 5,7371031006,Aktif,10,7371031,Rappocini
2488961,RAHAYU INTI SEJAHTERA,JL BUMI 18,7371031001,Aktif,10,7371031,Rappocini
2489871,KARYA BANGUN NUSANTARA,JL LANDAK BARU LR 5A,7371031007,Aktif,10,7371031,Rappocini
2490130,KARYA GURA UTAMA,MINASA KARYA,7371031002,Aktif,10,7371031,Rappocini
2490214,MITRA MAKASSAR MANDIRI,KOMPLEKS VILLA HARMONY,7371031,Aktif,7,7371031,Rappocini
2491497,MITRA JAYA,"JL BONTO DG NGIRATE BLOK 20 NO 76 RT 000 RW 000, BONTO MAKKIO",7371031005,Aktif,10,7371031,Rappocini
2491546,LKSA JABAL RAHMA,JALAN HERTASNING,7371031004,Aktif,10,7371031,Rappocini
2491592,MAHA MEGA TOURS,"JL.JIPANG PERMAI BLOK.DP.II NO.9, KARUNRUNG",7371031002,Aktif,10,7371031,Rappocini
2491991,JAGRA LINTAS SEMESTA,JL.BUMI,7371031001,Aktif,10,7371031,Rappocini
2492987,BUMI CELEBES MAKMUR,BTN MINASA UPA,7371031001,Aktif,10,7371031,Rappocini
2493078,RIFQA MANDIRI UTAMA,JALAN PELITA RAYA 2 KOMP REGENCY NOMOR 8 MAKASSAR,7371031008,Aktif,10,7371031,Rappocini
2493267,LEMBAGA PENGKAJIAN DAN PENGEMBANGAN PEMERINTAH DAERAH (LP3D),JL TODDOPULI 6 BORONG INDAH 10,7371031004,Aktif,10,7371031,Rappocini
2493674,KKG PAI KEC RAPPOCINI,JL AROEPPALA,7371031001,Aktif,10,7371031,Rappocini
2493936,TRI PUTRI PRATAMA BIKERU,JL BORONG INDAH 9,7371031004,Aktif,10,7371031,Rappocini
2494158,TEKAD MANDIRI,JL CILALLANG JAYA VII BLOK,7371031008,Aktif,10,7371031,Rappocini
2494333,RAYYAN FAJRIAL,JL. NIKEL,7371031008,Aktif,10,7371031,Rappocini
2495456,REZEKI ANANDA BERSAMA,KOMPLEKS ANGING MAMMIRI RESIDENCE,7371031002,Aktif,10,7371031,Rappocini
2495614,TRI TUNGGAL JAYA,JL TALASALAPANG II KOMPLEKS P & K,7371031001,Aktif,10,7371031,Rappocini
2498657,SUMBER UTAMA MANDIRI,JL PERUMAHAN PONDOK INDAH MAKASSAR,7371031007,Aktif,10,7371031,Rappocini
2498925,KARYA JASA PUTRAPERKASA,JL. A.P. PETTARANI KOMP. NEW ZAMRUD E/10 MAKASSAR,7371031008,Aktif,10,7371031,Rappocini
2498932,QUINN TOUR & TRAVEL,JL TALASALAPANG RAYA RUKO EXECUTIVE BUSINESS CENTER,7371031001,Aktif,10,7371031,Rappocini
2499019,USAHA AGRO SUKSES,POROS MINASA UPA,7371031001,Aktif,10,7371031,Rappocini
2499330,SAMANTHA NUSANTARA SEJAHTERA,JL AROEPALA,7371031001,Aktif,10,7371031,Rappocini
2499778,KALFAUZAN,KOMP BTN MINASA UPA,7371031001,Aktif,10,7371031,Rappocini
2499892,GLOWDERM ANUGERAH ABADI,JL TALASALAPANG EKSKLUSIF BUSSINES CENTRE RUKO,7371031001,Aktif,10,7371031,Rappocini
2500113,RIDHA MANDIRI,JL. NIPAH,7371031004,Aktif,10,7371031,Rappocini
2500385,IM TAILOR,JL MONGINSIDI BARU,7371031010,Aktif,10,7371031,Rappocini
2502334,KARYA ANG JAYA,JL PELITA RAYA,7371031008,Aktif,10,7371031,Rappocini
2502865,PANRITA INTEGRA,JL TAMALATE 6,7371031004,Aktif,10,7371031,Rappocini
2502899,BOLONG MARE PERSADA,JL TODDOPULI 6 PURI TAMAN SARI,7371031004,Aktif,10,7371031,Rappocini
2503152,A TIGA,JL AP PETTARANI RUKO NEW ZAMRUD,7371031008,Aktif,10,7371031,Rappocini
2503315,KARSA GLOBAL,JL TIMAH I,7371031010,Aktif,10,7371031,Rappocini
2503430,TIGA LIMA TUJUH ANUGRAH,"JL AROEPALA AKSES PERUM TAMAN GOSYEN NO 07, GUNUNG SARI",7371031001,Aktif,10,7371031,Rappocini
2503432,ANUGERAH INOVASI GLOBAL MANDIRI,JL A P PETTARANI,7371031008,Aktif,10,7371031,Rappocini
2505139,PUTRA JAYA UTAMA MANDIRI,JL. PELITA RAYA 5 LR 2/16,7371031008,Aktif,10,7371031,Rappocini
2505304,ZONA AUTO MAKASSAR,JL TALASALAPANG,7371031001,Aktif,10,7371031,Rappocini
2505510,MITRA UTAMA,JL BONTOCINDE,7371031008,Aktif,10,7371031,Rappocini
2505671,ANANDA IDY BAHAGIA,JL. ANDI DJEMMA,7371031007,Aktif,10,7371031,Rappocini
2506015,UD AROMA LAUT,JL PELITA RAYA,7371031010,Aktif,10,7371031,Rappocini
2508800,CELEBES POWER INDONESIA,JL RAPPOCINI RAYA LR 6,7371031008,Aktif,10,7371031,Rappocini
2509038,PUTERA KOMUNIKASINDO,"JL.TAMALATE I NO.25 A RT.003 RW.001, KASSI-KASSI",7371031004,Aktif,10,7371031,Rappocini
2509562,WIRADEWA WIDYA KONSULINDO,JL. HERTASNING BARU/AROEPALA KOMP PDGI,7371031001,Aktif,10,7371031,Rappocini
2509595,INDUKSI KREATIF INDONESIA,JALAN TIDUNG IV SETAPAK 7 BLOK 16 NOMOR 149,7371031005,Aktif,10,7371031,Rappocini
2509916,BATARA MANDIRI,KOMP GRIYA MINASA UPA MANDIRI,7371031,Aktif,7,7371031,Rappocini
2510137,AL BURUJ,JL AP PETTARANI,7371031007,Aktif,10,7371031,Rappocini
2510755,DAHSYAT ABADI UTAMA 88,JL COKONURI DALAM KOMP RUKAN,7371031006,Aktif,10,7371031,Rappocini
2511221,KARYA UTAMA,JL PELITA RAYA,7371031010,Aktif,10,7371031,Rappocini
2511532,MISK INTERNATIONAL,KOMP GRIYA KISEL,7371031001,Aktif,10,7371031,Rappocini
2511641,BERKAT KANA ABADI,JL HERTASNING RAYA,7371031006,Aktif,10,7371031,Rappocini
2511993,SOLUSI AMAN PRATAMA,JL. AROEPALA NOMOR 2 HERTASNING BARU,7371031004,Aktif,10,7371031,Rappocini
2512606,MAKASSAR CENTRAL MOBIL,JL MONGINSIDI BARU,7371031009,Aktif,10,7371031,Rappocini
2513030,CAHAYA MUTIARA SEJAHTERA,JL BERINGIN V,7371031004,Aktif,10,7371031,Rappocini
2514295,MARGAH PANGAN NUSANTARA,GRAHA MAPALA PERMAI,7371031006,Aktif,10,7371031,Rappocini
2514338,AGRO MITRA USAHA,FAISAL 9 NO.12,7371031007,Aktif,10,7371031,Rappocini
2514476,SUKSES TERA YAYAT,JL PERMATA HIJAU PERMAI,7371031004,Aktif,10,7371031,Rappocini
2514509,SUMBER TANI BERDIKARI,JALAN FAISAL RAYA III NO. 1,7371031007,Aktif,10,7371031,Rappocini
2514577,BUMI DAUN MEKAR,JALAN PENDIDIKAN RAYA,7371031006,Aktif,10,7371031,Rappocini
2516073,AMANDA UTAMI,"JL.TAMALATE 3 STP 52 NO.49 RT.003 RW.004, KASSI-KASSI",7371031004,Aktif,10,7371031,Rappocini
2516306,AMAYA INTEGRASI,KOMPLESK MANGASA PERMAI,7371031001,Aktif,10,7371031,Rappocini
2516923,CV OTO TEMAN INDONESIA,RAPPOCINI RAYA LORONG,7371031008,Aktif,10,7371031,Rappocini
2517165,FOCUS MITRA RAYA,JL BUAKANA,7371031008,Aktif,10,7371031,Rappocini
2517185,GOLDEN CELEBES,JL RSI FAISAL XII,7371031007,Aktif,10,7371031,Rappocini
2517607,FADIL PRATAMA,JL TAMALATE I,7371031003,Aktif,10,7371031,Rappocini
2517645,HALIK PUTRA WARDANA,JL KOMP GRIYA FAJAR MAS REGENCY,7371031001,Aktif,10,7371031,Rappocini
2518811,LEMBAGA FORUM KESATUAN RAKYAT SULAWESI SELATAN (FKR SULSEL),"JL RSI FAISAL 14 NO A71, BANTA-BANTAENG",7371031007,Aktif,10,7371031,Rappocini
2518850,MUTIARA SYARIAH GROUP,JL SYEKH YUSUF,7371031001,Aktif,10,7371031,Rappocini
2519573,MUSTIMAH,"JL RUKO PURI TALASALAPANG NO.9 RT.000 RW.000, KARUNRUNG",7371031002,Aktif,10,7371031,Rappocini
2519579,MITRA JYOTI,KOMP PU JENEBERANG,7371031002,Aktif,10,7371031,Rappocini
2519892,BINA AGRO HARAPAN MANDIRI,JL SYECH YUSUF PERUMAHAN MINASA SARI,7371031001,Aktif,10,7371031,Rappocini
2520518,MAKRO INDTIM,"JL RAPPOCINI RAYA NO 171 RT.002 RW.005, BUAKANA",7371031008,Aktif,10,7371031,Rappocini
2521151,DIGITAL SMARTPRO,PERUM JIPANG PERMAI,7371031002,Aktif,10,7371031,Rappocini
2521342,MOZAVFE MAKASSAR SEJAHTERA,JL SUNGAI SADDANG BARU,7371031010,Aktif,10,7371031,Rappocini
2521620,DEYATRIS HUSADA BERSATU,"JL TALASALAPANG RUKO BPH PLAZA BLOK M1/3 RT.004 RW.007, KARUNRUNG",7371031002,Aktif,10,7371031,Rappocini
2522100,RESVAN MANDIRI,JL COKONURI DALAM 1,7371031006,Aktif,10,7371031,Rappocini
2522862,MEDIA KREASI,JL KOMPLEK MANGASA PERMAI  SKARDAN,7371031001,Aktif,10,7371031,Rappocini
2523139,AREZMAH CONSULTANT,JL RAPPOCINI RAYA,7371031008,Aktif,10,7371031,Rappocini
2523377,INA KONSULTAN,JL KR BONTOTANGNGA,7371031002,Aktif,10,7371031,Rappocini
2524544,GENIUS COMPUTER CENTRE,JL SUNGAI SADDANG BARU,7371031010,Aktif,10,7371031,Rappocini
2526398,HERAWATI,BTN MINASA UPA BLK L.5,7371031,Aktif,7,7371031,Rappocini
2526953,ENERGI TRIPLE F,JL AROEPALA PERUM ANGING MAMMIRI,7371031002,Aktif,10,7371031,Rappocini
2527814,SOUTH SIDE,JALAN HERTASNING BARU PERUMAHAN TAMAN YASMIN INDAH,7371031003,Aktif,10,7371031,Rappocini
2528539,INTERASEAN SAKTI PERKASA,JALAN SULTAN ALAUDDIN NO. 321,7371031001,Aktif,10,7371031,Rappocini
2529741,HIJAU DAUN CEMERLANG,"JL. PELITA 3 UTARA NO. 1, RT.001 RW.008, BALLA PARANG",7371031010,Aktif,10,7371031,Rappocini
2529842,PUTRA KALLOLO UTAMA,JL KACONG DG LALANG 3 PERUM PDAM TIRTASARI,7371031001,Aktif,10,7371031,Rappocini
2530421,ZAMRUD ENERGI PERSADA,JL AROEPALA KOMPLEKS PERMATA HIJAU PERMAI,7371031004,Aktif,10,7371031,Rappocini
2531105,SINAR GALESONG MULIA,"JL AP PETTARANI NO 55 RT 001 RW 003, BUAKANA",7371031008,Aktif,10,7371031,Rappocini
2531593,STWOR,JALAN. LANDAK BARU I,7371031007,Aktif,10,7371031,Rappocini
2531732,KEN,JL TEDUH BERSINAR KOMPLEK LAGOSI HOME,7371031001,Aktif,10,7371031,Rappocini
2531915,JASA DIFA,JL. GUNUNG SARI KOMP. MINASA UPA,7371031001,Aktif,10,7371031,Rappocini
2531936,VERNAKURAL DESIGN KONSULTAN,JL BTN MINASA UPA KOMP. MINASA INDAH,7371031001,Aktif,10,7371031,Rappocini
2531958,HANA KARYA KONSULTAN,JL MINASA UPA,7371031002,Aktif,10,7371031,Rappocini
2532199,LIMA LIMA KONSULTAN,"JL.SUNGAI SADDANG BARU BLOK A.11 NO.10, BALLA PARANG",7371031010,Aktif,10,7371031,Rappocini
2532713,ZAHIRA PUTRI,JL. TIDUNG 9,7371031003,Aktif,10,7371031,Rappocini
2533612,KERABAT SEJATI,"KOMPLEK PEMDA BLOK E20/13 JL AP PETTARANI, MAPPALA",7371031003,Aktif,10,7371031,Rappocini
2534548,TIQA CEMERLANG,JL BTN MINASA UPA,7371031001,Aktif,10,7371031,Rappocini
2534610,ERLAM,"JL BONTO DG NGIRATE I BLOK 20/30 RT.001 RW.006, BONTO MAKKIO",7371031005,Aktif,10,7371031,Rappocini
2534738,JASA INDAH CONSULTANT,"KOMP.SKARDA N NO.13 RT.005 RW.016, GUNUNG SARI",7371031001,Aktif,10,7371031,Rappocini
2534876,INFOTRON,KOMP KODAM GUNUNG SARI LAMA,7371031001,Aktif,10,7371031,Rappocini
2536266,NIRWANA NUSA PASIFIK,JL PELITA RAYA,7371031010,Aktif,10,7371031,Rappocini
2536432,GHONIM,"JL S JENELATA C.3 PU RT 001 RW 005, KARUNRUNG",7371031002,Aktif,10,7371031,Rappocini
2537490,DIVANAYA,KOMPLEK PURI TAMAN SARI,7371031004,Aktif,10,7371031,Rappocini
2537632,SAMALONA,"JL CILALLANG RAYA NO 46, BUAKANA",7371031008,Aktif,10,7371031,Rappocini
2537928,DAULAT RAKYAT,"JL. KARUNRUNG RAYA V NO.7 RT.001 RW.009, KARUNRUNG",7371031002,Aktif,10,7371031,Rappocini
2538041,DEWARI BALASOKA,BTN AYU LESTARI,7371031007,Aktif,10,7371031,Rappocini
2538485,SMP KARYA 2,JL. LETJEN HERTASNING,7371031004,Aktif,10,7371031,Rappocini
2542182,ADRIF DUTA NAZINDO,JL KR BONTOTANGNGA BLOK,7371031002,Aktif,10,7371031,Rappocini
2542564,HARAPAN MADANI,"JL.MONGISIDI BARU AB.5/20, BALLA PARANG",7371031010,Aktif,10,7371031,Rappocini
2543863,MAFIRA SEJAHTERAH,JL RSI FAISAL XI,7371031007,Aktif,10,7371031,Rappocini
2544012,JAYA KARYA ABADI,JL TALASALAPANG RUKO B,7371031001,Aktif,10,7371031,Rappocini
2544655,KITAKITA TEKNOLOGI INDONESIA,JL SKARDA N II,7371031001,Aktif,10,7371031,Rappocini
2544663,WASD LABS,BTN MINASA UPA,7371031001,Aktif,10,7371031,Rappocini
2545177,SOLUSINDO GROUP,"JL MAPPALA KOMPLEK PEMDA BLOK E21/5 RT 005 RW 007, TIDUNG",7371031006,Aktif,10,7371031,Rappocini
2547814,KARYA DUA MATA,JL. RAYA PENDIDIKAN 2,7371031006,Aktif,10,7371031,Rappocini
2548113,PELANGI PARAMUDA PERKASA,"JL HERTASNING PERMATA HIJAU LESTARI BLOK P7/10 RT 002 RW 014, KASSI-KASSI",7371031004,Aktif,10,7371031,Rappocini
2548936,ANOA JAYA,BTN MINASA UPA,7371031001,Aktif,10,7371031,Rappocini
2549183,ALTA MANDIRI RAYA,JL TRISAKTI HERTASNING BARU,7371031,Aktif,7,7371031,Rappocini
2549898,AGUNG NISYA PERSADA,JL KELAPA TIGA DUA,7371031010,Aktif,10,7371031,Rappocini
2549936,REZA BANGUN PERSADA KONSULTAN,JL RAPPOCINI RAYA,7371031008,Aktif,10,7371031,Rappocini
2552561,E-STUDIO,JL TIDUNG VI,7371031002,Aktif,10,7371031,Rappocini
2552588,RASYA PUTRA MANDIRI,"PERUMAHAN TAMAN YASMIN BLOK B2/2 RT 001 RW 001, MAPPALA",7371031003,Aktif,10,7371031,Rappocini
2553765,HARDIYANTI 2N,JL KELAPA TIGA LR BERKAH,7371031010,Aktif,10,7371031,Rappocini
2555226,VENOM UTAMA PERSADA,JL. RAPPOCINI RAYA,7371031008,Aktif,10,7371031,Rappocini
2555417,MULTI KARYA PRATAMA,JL RUTAN,7371031001,Aktif,10,7371031,Rappocini
2555667,WITAMA SANJAYA PERKASA,JL HERTASNING BARU AROEPALA,7371031,Aktif,7,7371031,Rappocini
2555773,ROYAL PERSADA PROPERTI,JL MON EMMY SAELAN 3,7371031002,Aktif,10,7371031,Rappocini
2556077,DELAPAN MEGA TEKNIK,JL PELITA EAYA,7371031010,Aktif,10,7371031,Rappocini
2556406,REZKY TENRI ABADI,JL KOMPLEKS PERMATA HIJAU INDAH,7371031001,Aktif,10,7371031,Rappocini
2556802,AFIANET,"JL LANDAK BARU LORONG 8  NO 39 RT 003 RW 066, BANTA-BANTAENG",7371031007,Aktif,10,7371031,Rappocini
2556812,AM UTAMA,"BTN MINASA UPA BLOK AB11/8 RT 002 RW 010, GUNUNG SARI",7371031001,Aktif,10,7371031,Rappocini
2556901,TIGAPUTRA ANUGRAH,JL BONTO DG NGIRATE BLOK,7371031005,Aktif,10,7371031,Rappocini
2556910,MUARA MAS NIAGA,JL RSI FAISAL XII,7371031007,Aktif,10,7371031,Rappocini
2557919,VIER COMMUNICATION,"BTN AGRARIA BLOK O NO. 03 RT.007 RW.002, KARUNRUNG",7371031002,Aktif,10,7371031,Rappocini
2558147,TRI PUTRA ABIDIN,JALAN BONTOTANGNGA 2,7371031002,Aktif,10,7371031,Rappocini
2558172,CV. PANGAN CAHAYA SINERGI,TAMALATE IV,7371031004,Aktif,10,7371031,Rappocini
2558330,ANANDA,JL LANDAK BARU LR 6,7371031007,Aktif,10,7371031,Rappocini
2559007,SENTRAL NUSA DIGITAMA,JL RAPPOCINI RAYA,7371031009,Aktif,10,7371031,Rappocini
2559437,PENDIDIKAN NOBEL INDONESIA,JL ST ALAUDDIN,7371031001,Aktif,10,7371031,Rappocini
2559610,"PT PRATAMA GODEAN JAYA - PT ADZKA UTAMA, KSO",JL KARAENG BONTO TANGNGA V,7371031002,Aktif,10,7371031,Rappocini
2560160,CAHAYA SEJAHTERA PRIMA,"JL ANDI PANGERAN PETTARANI NO 55, BUAKANA",7371031008,Aktif,10,7371031,Rappocini
2560219,SAMUDERA SULAWESI,JL PELITA RAYA,7371031010,Aktif,10,7371031,Rappocini
2560819,BINTOENG MITRA MANDIRI,JL TIDUNG 2 STP 1,7371031005,Aktif,10,7371031,Rappocini
2561221,PUSAT KEGIATAN BELAJAR MASYARAKAT MASAGENA,"JL HERTASNING 1 BLOK BLOK E10 NO 11 RT 000 RW 000, TIDUNG",7371031006,Aktif,10,7371031,Rappocini
2561391,AMANAH SEJAHTERA,JL KOMP. BTN AGRARIA,7371031002,Aktif,10,7371031,Rappocini
2562040,KB FINANSIA MULTI FINANCE,JL RAPPOCINI RAYA,7371031008,Aktif,10,7371031,Rappocini
2562046,KB/TK ISLAM TERPADU ANAK ALIM MAKASSAR,PERUM GRIYA MINASA ASRI,7371031001,Aktif,10,7371031,Rappocini
2562149,MANYOI MANDIRI INDONESIA,"KOMPLEK BUMI PERMATA HIJAU , JALAN BUMI 17 BLOK D NOMOR 09",7371031001,Aktif,10,7371031,Rappocini
2562169,TUNGGAL JAYA SENTOSA,JL BONTO LANGKASA I,7371031007,Aktif,10,7371031,Rappocini
2564793,KLINIK DIAN,JL BTN MINASA UPA,7371031001,Aktif,10,7371031,Rappocini
2564872,ARYA SEJAHTERA MANDIRI,JL BTN BUMI BOSOWA PERMAI,7371031001,Aktif,10,7371031,Rappocini
2564899,KARYAWAN SIPAKALEBBI KANDATEL MAKASSAR,JL A.P. PETTARANI,7371031001,Aktif,10,7371031,Rappocini
2565895,TUDDA MEGA BUANA,JL SKARDA N 1 KOMPLEK MANGASA PERMAI,7371031001,Aktif,10,7371031,Rappocini
2566520,CAKRA INDOMEGA JAYA,JL. RAPPOCINI RAYA,7371031009,Aktif,10,7371031,Rappocini
2566963,SOLUSI INFORMASI MANDIRI,JL A.P.PETTARANI  TIDUNG,7371031006,Aktif,10,7371031,Rappocini
2566972,TRIPUTRA,JL BTN MINASA UPA,7371031001,Aktif,10,7371031,Rappocini
2567243,ALKEMIS MOVEMENT,JL TIDUNG 9 STP 1,7371031004,Aktif,10,7371031,Rappocini
2567313,ULTRA KREASI NUSANTARA,JL. SUNGAI SADDANG BARU,7371031010,Aktif,10,7371031,Rappocini
2567456,TRANS NASIONAL TEKNOLOGI,JL NIKEL I,7371031010,Aktif,10,7371031,Rappocini
2567787,SINERGI EDU GLOBAL,JL TALASALAPANG,7371031002,Aktif,10,7371031,Rappocini
2567891,CELEBES MANDIRI JAYA,JL BERINGIN 2,7371031004,Aktif,10,7371031,Rappocini
2569033,PUSAT KEGIATAN BELAJAR MASYARAKAT (PKBM) AL FATIHAH,"JL BUAKANA NO 34 RT.002 RW.004, BUAKANA",7371031008,Aktif,10,7371031,Rappocini
2570029,SUKSES MULIA INDONESIA,JL. TAMALATE IV,7371031004,Aktif,10,7371031,Rappocini
2570159,NABILA TYAGA UTAMA,JL COKONURI PERUMAHAN GRAND SALEMBA NO 15E  GUNUNG SARI,7371031001,Aktif,10,7371031,Rappocini
2570442,CITRA TERPADU,"JL.WIJAYA KUSUMA II NO.7 RT.011 RW.001, BANTA-BANTAENG",7371031007,Aktif,10,7371031,Rappocini
2571214,MEDIA POLHUKAM INDONESIA,JL TALASALAPANG,7371031001,Aktif,10,7371031,Rappocini
2571416,MEGA UGI UTAMA,JL RSI FAISAL XIV,7371031007,Aktif,10,7371031,Rappocini
2572016,IRWIN PUTRA MANDIRI,JL HERTASNING BLOK E10/5 RT 001 RW 007,7371031006,Aktif,10,7371031,Rappocini
2572167,BASMALA COM,MONUMEN EMMY SAELAN III,7371031002,Aktif,10,7371031,Rappocini
2572362,JAUSYAN KABIR,"WIJAYA KUSUMA V/14 RT.004 RW.001, BANTA-BANTAENG",7371031007,Aktif,10,7371031,Rappocini
2573287,KEBUN TEKNOLOGI INDONESIA,JL LANDAK BARU BONTO LANGKASA 1,7371031007,Aktif,10,7371031,Rappocini
2573973,KHAERUL MUNIF,BTN MINASA UPA,7371031001,Aktif,10,7371031,Rappocini
2574276,"PT ADHI KARYA (PERSERO) TBK-PT BAWAKARAENG PURNAMA WIJAYA, JO","JL HERTASNING BLOK II NO 2 RT 001 RW 002, KASSI-KASSI",7371031004,Aktif,10,7371031,Rappocini
2575307,NIAGA BINTANG SEJAHTERA,"JALAN TALASALAPANG, KOMPLEKS RUKO TALASALAPANG NO. 6",7371031001,Aktif,10,7371031,Rappocini
2575464,OASA ANUGERAH TIGATAMA,"JL.AROEPALA PERMATA HIJAU LESTARI BLOK P.7 NO.12 RT.02 RW.14, KASSI-KASSI",7371031004,Aktif,10,7371031,Rappocini
2576828,BUMI SARANA MANDIRI,"KOMPLEKS BTN GRIYA MANDIRI BLOK A/3 RT.005 RW.008, GUNUNG SARI",7371031001,Aktif,10,7371031,Rappocini
2576829,LINTAS PERSADA NUSANTARA,JL HERTASNING BARU BTN MINASA UPA,7371031001,Aktif,10,7371031,Rappocini
2577276,FADEL UTAMA PERKASA,JL MONUMEN EMMY SAELAN II D BLOK,7371031006,Aktif,10,7371031,Rappocini
2579022,UPANA STUDIO INTERNASIONAL,JL JIPANG RAYA III,7371031002,Aktif,10,7371031,Rappocini
2579683,DEGREES GOLF,JL TIMAH,7371031010,Aktif,10,7371031,Rappocini
2580150,THENET SOLUSINDO CONSULTANT,JL LANDAK BARU LR.4,7371031007,Aktif,10,7371031,Rappocini
2580755,TUMBUH KEMBANG INDONESIA,JALAN RAYA PENDIDIKAN PERUMAHAN BALLA PANAKKUKANG,7371031006,Aktif,10,7371031,Rappocini
2580930,ASTRA INTERNATIONAL TBK,A.P.PETTARANI,7371031008,Aktif,10,7371031,Rappocini
2580961,WISATA KELANA INDONESIA,JL. FAISAL KOMPLEKS PHINISI NUSANTARA,7371031007,Aktif,10,7371031,Rappocini
2581676,MEGA KARYA DWITAMA,JL BONTO LANRA LR 2,7371031007,Aktif,10,7371031,Rappocini
2581681,ARRAHMA,"JL MONUMEN EMMY SAELAN KOMPLEK RUKO BLOK J NO.14 RT 001 RW 016, GUNUNG SARI",7371031001,Aktif,10,7371031,Rappocini
2582327,PANRITA REKAYASA,KOMP P & K BLOK A1,7371031001,Aktif,10,7371031,Rappocini
2582344,KARYA TUNGGAL UTAMA,JL SKARDAN KOMP MANGASA PERMAI,7371031001,Aktif,10,7371031,Rappocini
2582708,PIRAMIDA AMANAH SAKTI,JL TODDOPULI IX PERUM PURI TAMAN SARI,7371031004,Aktif,10,7371031,Rappocini
2583085,KREASI ORANG MUDA,JL BTN MINASA UPA,7371031001,Aktif,10,7371031,Rappocini
2584576,MANUNGGAL ARTHA PRIMA,JL PELITA RAYA,7371031010,Aktif,10,7371031,Rappocini
2584674,MARDHATI,"JL.SKARDA N III NO.1 RT.001 RW.002, GUNUNG SARI",7371031001,Aktif,10,7371031,Rappocini
2587239,FARA TEKNOLOGI CERDAS,BTN MINASA UPA,7371031002,Aktif,10,7371031,Rappocini
2588565,MEGAGUNA SARANA MANDIRI,JL TIDUNG VII STP. 6,7371031003,Aktif,10,7371031,Rappocini
2589636,RAYYAN PUTRA,JL PELITA RAYA V LR 1,7371031008,Aktif,10,7371031,Rappocini
2589852,YAYASAN RAIDERS HASANUDDIN UJUNGPANDANG,JL KELAPA TIGA GANG 2,7371031010,Aktif,10,7371031,Rappocini
2590009,MAY STAR PERSADA,BTN MINASA UPA,7371031001,Aktif,10,7371031,Rappocini
2590331,DAGO,"JL.BTN.MINASA UPA RAYA BLOK.C3/13 RT.001 RW.005, GUNUNG SARI",7371031001,Aktif,10,7371031,Rappocini
2590751,LIMA MENARA RAJA,JL AROEPALA KOMP. HARMONI,7371031003,Aktif,10,7371031,Rappocini
2590762,ZAMA GAUTAMA,JL BTN MINASA UPA,7371031,Aktif,7,7371031,Rappocini
2591044,BIAS MONARCHY KONSULTAN,JL TIDUNG IX,7371031004,Aktif,10,7371031,Rappocini
2591580,ASRI ABADI SOLUSI,"PERUMAHAN JIPANG PERMAI BLOK DP4 NO 6 RT 001 RW 008, KARUNRUNG",7371031002,Aktif,10,7371031,Rappocini
2592236,MAUPA MASAGENA MEDIA KREASINDO,JL AROEPALA BTN MINASA UPA,7371031001,Aktif,10,7371031,Rappocini
2592795,LEMBAGA PENDIDIKAN NAYRA,JL PENGAYOMAN PERUMAHAN TAMAN PERMATA SARI,7371031008,Aktif,10,7371031,Rappocini
2595774,RAMA JAYA,"JL TAMALATE I BLOK 18/1, BONTO MAKKIO",7371031005,Aktif,10,7371031,Rappocini
2597047,CAHAYA MULIA,JL RSI FAISAL,7371031007,Aktif,10,7371031,Rappocini
2597866,ASY'ARI BAHARUDDIN,"JL. TAMAN GOSYEN RAYA, MAKASSAR",7371031,Aktif,7,7371031,Rappocini
2598744,ARAYU CLINIC INDONESIA,JL. LANDAK BARU,7371031007,Aktif,10,7371031,Rappocini
2599751,DUTA RAVITA ANANDA MAKASSAR,JL. MONUMEN EMYSAELAN KOMP. GRAHA SARI,7371031001,Aktif,10,7371031,Rappocini
2600991,WIRA MITRA USAHA,JL JIPANG RAYA,7371031002,Aktif,10,7371031,Rappocini
2601074,NOCTURNAL,BTN MINASA UPA,7371031001,Aktif,10,7371031,Rappocini
2601145,MANAJEMEN PENGETAHUAN,JL TIDUNG 7 STP 6,7371031003,Aktif,10,7371031,Rappocini
2602676,PADAR MITRA PERSADA,JL BTN MINASA UPA,7371031001,Aktif,10,7371031,Rappocini
2602943,RAIHAN MEDIA PUSTAKA,JL MON EMMY SAELAN III,7371031006,Aktif,10,7371031,Rappocini
2603783,ANNISA PUTRI MANDIRI,JL SEKOLAH GURU PERAWAT TIDUNG,7371031002,Aktif,10,7371031,Rappocini
2604551,SERA INTI MAKMUR SEJAHTERA,PERUMAHAN GRIYA MALEO INDAH,7371031,Aktif,7,7371031,Rappocini
2604650,ANDYS,JL MAPPALA,7371031006,Aktif,10,7371031,Rappocini
2604756,TIGA MENARA SULAWESI,BTN MINASA UPA,7371031001,Aktif,10,7371031,Rappocini
2605940,INDRA TEKNIK,"JL TAMALATE 7 STP 40 BLOK 5/167 RT 007 RW 001, MAPPALA",7371031003,Aktif,10,7371031,Rappocini
2606085,DIGI PUSTAKA,JL RAPPOCINI RAYA,7371031008,Aktif,10,7371031,Rappocini
2607766,CIPTA PRIMA LESTARI,JL AROEPALA KOMP PERMATA HIJAU LESTARI,7371031004,Aktif,10,7371031,Rappocini
2608209,CATUR KARYA RAKARY,KOMP GRIYA FAJAR MAS BLOK,7371031001,Aktif,10,7371031,Rappocini
2608355,ANUGERAH TEKNIK,"PERUMAHAN CITRA TIDUNG REGENCY BLOK I NO 3 RT 005 RW 005, KARUNRUNG",7371031002,Aktif,10,7371031,Rappocini
2609315,AZZURI ENGINEERRING,JL AROEPALA ANGIN MAMIRI RESIDENCE BLOK G 2,7371031002,Aktif,10,7371031,Rappocini
2609646,MANNA SEJATI,KOMP. MANGASA PERMAI,7371031001,Aktif,10,7371031,Rappocini
2610574,SULAWESI AGRO SUKSES,JL HERTASNING VI,7371031006,Aktif,10,7371031,Rappocini
2610784,NUNA,BTN MINASA SARI RAYA,7371031001,Aktif,10,7371031,Rappocini
2611188,KENCANA MANAKARRA,JL TIDUNG IX STP 18 NO 186 RT 004 RW 012 MAPPALA,7371031003,Aktif,10,7371031,Rappocini
2611492,POMA BARA NUSANTARA,JL. SUNGAI SADDANG BARU,7371031010,Aktif,10,7371031,Rappocini
2611653,GEONET INDONESIA CORPORATION,JL SYEK YUSUF BTN MINASA UPA,7371031001,Aktif,10,7371031,Rappocini
2611734,FAJAR UTAMA REALESTATE,JL HERTASNING RAYA,7371031006,Aktif,10,7371031,Rappocini
2612080,KHADZIYAH KAMIILA PUTRI,JL RAPPOCINI RAYA LR 5,7371031009,Aktif,10,7371031,Rappocini
2612168,RIMA TRIJAYA,JL TAMALATE 5,7371031004,Aktif,10,7371031,Rappocini
2612304,PUTRA SAHARU MAKASSAR,"RUKO AMBASSADOR NO 2 JL RSI FAISAL RAYA RT.006 RW.002, BANTA-BANTAENG",7371031007,Aktif,10,7371031,Rappocini
2612355,DARA BEBIKA,"PERUMAHAN ANGING MAMMIRI BLOK D6/4 RT 000 RW 000, KARUNRUNG",7371031002,Aktif,10,7371031,Rappocini
2613023,DUTA MANDIRI ADVERTISING,JL TAMALATE 4,7371031004,Aktif,10,7371031,Rappocini
2613554,TIRO KALUMPANG JAYA,JL PERUMAHAN PESONA PELANGI JALAN BIRU,7371031009,Aktif,10,7371031,Rappocini
2613562,HLIMA SAUDARA,JALAN TEDUH BERSINAR KOMPLEKS BUMI BOSOWA INDAH,7371031001,Aktif,10,7371031,Rappocini
2613902,INTI SUKSES BERSAMA,JL. RAYA PENDIDIKAN,7371031006,Aktif,10,7371031,Rappocini
2614245,KAREZO CIPTA PERKASA,KOMP. VILLA HARMONI MINASA UPA,7371031,Aktif,7,7371031,Rappocini
2614344,TEKNIK EKSAKTA,KOMP BTN MINASA UPA,7371031,Aktif,7,7371031,Rappocini
2614394,ARIYUS BERSINAR LESTARI JAYA,JL. AROEPALA KOMP. PERMATA HIJAU,7371031004,Aktif,10,7371031,Rappocini
2614535,GRACIA CIPTA MANDIRI,JL MONGINSIDI BARU,7371031010,Aktif,10,7371031,Rappocini
2615178,DYAN ABADI KARYA,"PERUMNAS PANAKKUKANG JL TIDUNG 8 BLOK XI/37 RT.001 RW.008, MAPPALA",7371031003,Aktif,10,7371031,Rappocini
2615189,PRAKARSA MUKTI,JL. KARAENG BONTOTANGNGA,7371031002,Aktif,10,7371031,Rappocini
2615625,JELAJAH KARSA PRIMA,JL PELITA III,7371031010,Aktif,10,7371031,Rappocini
2615857,CORSELA,JL TIDUNG 3,7371031005,Aktif,10,7371031,Rappocini
2616118,AULIA ARSYI UTAMA,AP PETTARANI,7371031006,Aktif,10,7371031,Rappocini
2616640,RASIAH MEGACOM,"JL.SULTAN ALAUDDIN KOMP.RUKO PERMATA SARI NO.31 RT.001 RW.003, GUNUNG SARI",7371031001,Aktif,10,7371031,Rappocini
2617250,ALFALAH JAYA MANDIRI,BTN MINASAUPA,7371031,Aktif,7,7371031,Rappocini
2618705,NAEING PUTRA GRUP,JL SULTAN ALAUDDIN KOMP BPH RUKO II,7371031001,Aktif,10,7371031,Rappocini
2619275,MANNA CAHAYA TERANG LOGISTIK,JL TALASALAPANG KOMP DJIPANG PERMAI,7371031002,Aktif,10,7371031,Rappocini
2620531,TRIAS ANUGERAH MULIA,"JL. PALM RAJA NO, 49 B/9 (BARU)",7371031004,Aktif,10,7371031,Rappocini
2620680,KARYA AGANTA SUKSES,JL BTN MINASA UPA BLOK M8,7371031,Aktif,7,7371031,Rappocini
2621023,RIDWAN RIZKY UTAMA,"BTN.MINASA UPA BLOK. G.9 NO.4, GUNUNG SARI",7371031001,Aktif,10,7371031,Rappocini
2621046,SATYA GRAHA,"KOMPLEK PERMATA HIJAU LESTARI BLK P12/6 JLAROEPALA, KASSI-KASSI",7371031004,Aktif,10,7371031,Rappocini
2621456,KUDO SUKSES JAYA,JL AP PETTARANI 90,7371031008,Aktif,10,7371031,Rappocini
2621820,SYAKIR MEDIA PRESS,KELAPA TIGA,7371031010,Aktif,10,7371031,Rappocini
2621900,AGRO GLOBAL SENTOSA,JL. RSI FAIZAL XII NO.7,7371031007,Aktif,10,7371031,Rappocini
2621964,AULIA KHANSA WISATA,JALAN RSI FAISAL 14 NOMOR 13,7371031007,Aktif,10,7371031,Rappocini
2622331,MUSYAWARAH GURU MATA PELAJARAN PENDIDIKAN AGAMA KRISTEN KOTA MAKASSAR,JL RAPPOCINI RAYA,7371031008,Aktif,10,7371031,Rappocini
2622383,SAMUDERA TEKNIK PERSADA,JL AKASIA,7371031004,Aktif,10,7371031,Rappocini
2622483,MUSTIKA KARYA PRATAMA,JL HERTASNING KOMPLEKS PALM MAS,7371031008,Aktif,10,7371031,Rappocini
2622495,BARUGA CIPTA LESTARI,"JL KOMPLEK PURI TAMAN SARI BLOK E2/1 RT.004 RW.012, KASSI-KASSI",7371031004,Aktif,10,7371031,Rappocini
2622564,ORYZA,"JL PENDIDIKAN III  BLOK BLOK D I  NO 11 RT 004 RW 004, TIDUNG",7371031006,Aktif,10,7371031,Rappocini
2623373,MALINO INTI MEDIA,BTN MINASA UPA,7371031001,Aktif,10,7371031,Rappocini
2625030,PENDIDIKAN NURUL BUNGA HARAPAN,"JL.MINASA UPA BLOK.C4/3, KARUNRUNG",7371031002,Aktif,10,7371031,Rappocini
2625702,AQILA SARANA TEHNIK,JL PELITA II LR.3,7371031008,Aktif,10,7371031,Rappocini
2625780,ANAKMUDA DEVELOPMENT,BTN MINASA UPA BLOK,7371031,Aktif,7,7371031,Rappocini
2625960,MANGGALA KARYA,JL WIJAYA KUSUMA KOMP KESEHATAN,7371031007,Aktif,10,7371031,Rappocini
2625966,BOSS BROTHER INDONESIA,JL BANTA-BANTAENG RAYA,7371031007,Aktif,10,7371031,Rappocini
2626137,SEMESTADATA,"JL LANDAK BARU NO 58A RT.004 RW.003, BANTA-BANTAENG",7371031007,Aktif,10,7371031,Rappocini
2626758,ADI SUKSES MANDIRI,JL TODDOPULI 1 BLOK 25,7371031004,Aktif,10,7371031,Rappocini
2626836,PINISI RADJA UTAMA,BTN MINASA UPA BLOK F14/6,7371031001,Aktif,10,7371031,Rappocini
2628498,MAUPA MASAGENA (MASA),"BTN MINASA UPA JL AROEPALA BLOK AB16/1A RT.006 RW.021, GUNUNG SARI",7371031001,Aktif,10,7371031,Rappocini
2628680,TUJUH - TUJUH,JL KOMP. P & K,7371031001,Aktif,10,7371031,Rappocini
2629476,PT. MEDIATANI CITA INDONESIA,BTN MINASA UPA,7371031,Aktif,7,7371031,Rappocini
2629677,PERAJA ENTERPRISE TENTS AND DECORATION,JL TIDUNG MARIOLO,7371031006,Aktif,10,7371031,Rappocini
2630380,BUNGA BANGSA INDONESIA,"JL.M.UPA BLOK.C4/3, KARUNRUNG",7371031002,Aktif,10,7371031,Rappocini
2630624,ANUGERAH SEJATI MANDIRI,PERUMAHAN BTN MINASA UPA,7371031001,Aktif,10,7371031,Rappocini
2631363,KELOMPOK UMKM BERKARYA,JL TAMALATE 2,7371031003,Aktif,10,7371031,Rappocini
2631876,IPRO CELEBES CONSULTANT,ANGING MAMMIRI RESIDENCE,7371031002,Aktif,10,7371031,Rappocini
2633366,CV. SOFYA MITRA NIAGA,JL. ANDI DJEMMA LR. 6 PERUMAHAN PESONA LANDAK INDAH,7371031007,Aktif,10,7371031,Rappocini
2633367,BERANDA DIGITAL KREASI,JL. MONGINSIDI BARU 44,7371031009,Aktif,10,7371031,Rappocini
2634289,ALMAS FAIDA UTAMA,"JL MON EMMY SAELAN  BLOK BLOK III C NO 12 B RT 004 RW 002, TIDUNG",7371031006,Aktif,10,7371031,Rappocini
2635689,ANUGERAH ASET UTAMA,JL. AROEPALA,7371031004,Aktif,10,7371031,Rappocini
2636246,BANGUN INTI GEMILANG,JL. RAPPOCINI RAYA,7371031009,Aktif,10,7371031,Rappocini
2636397,AURA KARYA,JL SALEKOWA RAYA,7371031,Aktif,7,7371031,Rappocini
2636468,PUTRA MANDIRI,"JL BONTO DG NGIRATE I STP 4 BLOK 20/54 RT.002 RW.006, BONTO MAKKIO",7371031005,Aktif,10,7371031,Rappocini
2636937,NESHIA PRATAMA,JL LANDAK BARU,7371031007,Aktif,10,7371031,Rappocini
2637832,SULAWESI COMMUNITY FOUNDATION,JL TAMAN GOSEN RAYA II (PERMATA HIJAU TEGAL),7371031004,Aktif,10,7371031,Rappocini
2638823,MAJELIS TAKLIM UMMU - SHOLEHAH KANTOR KEMENTERIAN AGAMA KOTA MAKASSAR,JL RAPPOCINI RAYA,7371031008,Aktif,10,7371031,Rappocini
2639582,ALFAZZA JAYA AMANAH,JL BUMI BOSOWA PERMAI,7371031,Aktif,7,7371031,Rappocini
2640328,AGUNG SUKSES MEDIKA,"JL.TIDUNG 8 NO.160 RT.003 RW.009, MAPPALA",7371031003,Aktif,10,7371031,Rappocini
2642215,PT. SUMBER ALAM REZEKI GROUP,JALAN HERTASNING VI BLOK E.8 NOMOR 12. M.,7371031006,Aktif,10,7371031,Rappocini
2642295,ARYA JAYA,"JL YUSUF DG NGAWING NO 1 RT.003 RW.006, TIDUNG",7371031006,Aktif,10,7371031,Rappocini
2642363,TRIMEGAH ENERGI PRIMA TAMA,JL AP PETTARANI,7371031008,Aktif,10,7371031,Rappocini
2642387,PRIMA JAYA KARYA,"JL.EMMY SAELAN III NO.48, KARUNRUNG",7371031002,Aktif,10,7371031,Rappocini
2642396,LKP NUR MUKHLISAH,JL. SKARDA LR.04,7371031001,Aktif,10,7371031,Rappocini
2642443,LINGKAR AKSES NUSANTARA,JL. PELITA II LR. 2 NO. 122 MAKASSAR,7371031008,Aktif,10,7371031,Rappocini
2642486,SS ARSINESIA,JL BTN MINASA UPA,7371031001,Aktif,10,7371031,Rappocini
2643841,UNTUK KITA SULAWESI,JL RAYA PENDIDIKAN KOMPLEKS ROYAL,7371031006,Aktif,10,7371031,Rappocini
2644523,ANOA ALAM JAYA,"KOMPLEK PURI TAMAN SARI BLOK B7/7 RT 001 RW 012, KASSI-KASSI",7371031004,Aktif,10,7371031,Rappocini
2644915,EAST STAR LOGISTICS,JL MONUMEN EMMY SAELAN KOMPLEK GRAHA SARI,7371031001,Aktif,10,7371031,Rappocini
2645416,"PT. GUNUNG RAYA BULUKUMBA - PT. DUA DELAPAN PROPERTINDO, KSO",JL TIMAH II,7371031010,Aktif,10,7371031,Rappocini
2646639,LIMA TEKNOLOGI GLOBAL,JL LANDAK BARU LORONG 3,7371031007,Aktif,10,7371031,Rappocini
2647554,BELLE EMILIE,"JL HERTASNING RAYA NO 36 RT 002 RW 007, TIDUNG",7371031006,Aktif,10,7371031,Rappocini
2647597,MITRASEL INTI UTAMA,JL NIKEL I,7371031010,Aktif,10,7371031,Rappocini
2647698,ENERSI TEHNIK,"JL.BONTO MENE I NO.6, BANTA-BANTAENG",7371031007,Aktif,10,7371031,Rappocini
2649152,YAYASAN ARRAHMAH,KOMPLEK PEMDA BLOK E28/21 JL AP PETTARANI RT 003 RW 005 TIDUNG,7371031006,Aktif,10,7371031,Rappocini
2649464,PENGKAJIAN PEMBERDAYAAN MASYARAKAT (YKPM),JL HERTASNING BARU PERUM TAMAN YASMIN INDAH BLOK A1,7371031003,Aktif,10,7371031,Rappocini
2649978,DARMA CITRA UTAMA,JL BTN MINASA UPA,7371031001,Aktif,10,7371031,Rappocini
2649979,TUSINDO GLOBAL UTAMA,PERMATA HIJAU LESTARI BLOK P2 NOMOR 19,7371031004,Aktif,10,7371031,Rappocini
2650152,PERKASA BANK CONSULTAN,JL. RAPPOCINI RAYA,7371031008,Aktif,10,7371031,Rappocini
2650192,SURYA BUANA MANDIRI,"KOMP.VILLA MEGA SARI BLOK F NO.12,RT.008/RW.003,GUNUNG SARI",7371031001,Aktif,10,7371031,Rappocini
2650206,INSTHINK 3D STUDIO,BTN MINASA UPA,7371031001,Aktif,10,7371031,Rappocini
2650921,HIJRAH HANIYAH OLEUM,JALAN KARUNRUNG RAYA V BLOK F / 08,7371031002,Aktif,10,7371031,Rappocini
2652320,ADINALTA,BTN MINASA UPA BLOK,7371031001,Aktif,10,7371031,Rappocini
2652722,YAYASAN INDONESIA TIMUR (YAYASAN INTIM),"JL RAPPOCINI RAYA NO 171 RT.002 RW.005, BUAKANA",7371031008,Aktif,10,7371031,Rappocini
2653447,KOMPAK MITRA BERJAYA,JL A.P PETTARANI,7371031010,Aktif,10,7371031,Rappocini
2655113,SAHABAT KARZA AGRO UTAMA,JL RAPPOCINI RAYA,7371031008,Aktif,10,7371031,Rappocini
2655354,FORUM KERUKUNAN UMAT BERAGAMA KOTA MAKASSAR,PERUM GRIYA FAJAR MAS BLOK A/6,7371031,Aktif,7,7371031,Rappocini
2655618,LANGKASA GLOBAL MEDIA KOMUNIKASI,JL TALASALAPANG KOMPLEKS MANGASA VILLAGE,7371031001,Aktif,10,7371031,Rappocini
2657348,BERITAINI MEDIA INTERNUSA,JL TIDUNG VII STP I,7371031003,Aktif,10,7371031,Rappocini
2658251,GARIS SILUET KONSULTAN,JL TODDOPULI 6 PURI TAMAN SARI,7371031004,Aktif,10,7371031,Rappocini
2659250,PERMATA AKSARA,"JL.AROEPALA SAMPING SMP 40 TEMBUSAN KOMP. ANGGREK MINASA UPA,RT.004/RW.010,GUNUNG SARI",7371031001,Aktif,10,7371031,Rappocini
2659339,SETYA ABADI,"JL. JIPANG RAYA NO. 13 KEL. KARUNRUNG, KEC. RAPPOCINI, KOTA MAKASSAR",7371031002,Aktif,10,7371031,Rappocini
2659340,RAJAMAWELLANG,JL COKONURI,7371031002,Aktif,10,7371031,Rappocini
2661500,BERKAH LIMA TUJUH,RAYA PENDIDIKAN,7371031006,Aktif,10,7371031,Rappocini
2661597,NUR BERKAH,RAPPOCINI RAYA LR.5G,7371031009,Aktif,10,7371031,Rappocini
2661957,NASRAT TRANS SEJAHTERA,KOMP BTN MINASA UPA,7371031001,Aktif,10,7371031,Rappocini
2663886,NADI PATI,KOMP BTN MINASA UPA BLOK,7371031001,Aktif,10,7371031,Rappocini
2664196,REAKSI CONSULINDO,JL BUAKANA,7371031008,Aktif,10,7371031,Rappocini
2664438,ARUNIMA SUKSES,JL BONTO MANAI,7371031007,Aktif,10,7371031,Rappocini
2664470,MEGA LESTARI CITA,"RUKO PERMATA SARI NO 31 JL SULTAN ALAUDDIN, GUNUNG SARI",7371031001,Aktif,10,7371031,Rappocini
2664720,MUJIZAT,"JL.RSI.FAIZAL XIV BLOK A.32, BANTA-BANTAENG",7371031007,Aktif,10,7371031,Rappocini
2665175,LESTARI MEGA WISATA,JALAN HERTASNING BARU NOMOR 7,7371031004,Aktif,10,7371031,Rappocini
2665304,CV KARINA CITRA MANDIRI,JALAN SAKRDA,7371031001,Aktif,10,7371031,Rappocini
2665713,METROPOLITAN ANUGERAH INDONESIA,JL ANDI DJEMMA (EX LANDAK BARU),7371031007,Aktif,10,7371031,Rappocini
2665890,DANU KARYA DWITAMA,JL YUSUF DAENG NGAWING,7371031006,Aktif,10,7371031,Rappocini
2666076,BOOBLE MITRA KREATIF,JL MON EMMY SAELAN,7371031006,Aktif,10,7371031,Rappocini
2666264,ESTINA MEDIA,"JL.AROEPALA SAMPING SMP 40 TEMBUSAN KOMP. ANGGREK MINASA UPA,RT.004/RW.010,GUNUNG SARI",7371031001,Aktif,10,7371031,Rappocini
2666348,JAUHARY PERKASA,JL SULTAN ALAUDDIN KOMP PERMATA SARI RUKO,7371031001,Aktif,10,7371031,Rappocini
2668058,AN NUUR,"JL.MONGISIDI BARU LR.2 NO.1 RT.004 RW.005, BALLA PARANG",7371031010,Aktif,10,7371031,Rappocini
2668404,TKIT ALBIRUNI MANDIRI JIPANG,JL JIPANG RAYA KOMPLEKS RUKO,7371031002,Aktif,10,7371031,Rappocini
2669155,DIAZ GLOBAL MULIA,JL BTN AGRARIA,7371031002,Aktif,10,7371031,Rappocini
2669898,KARYA LISENDO MEMBANGUN,KOMP ANGING MAMMIRI RESIDENCE,7371031006,Aktif,10,7371031,Rappocini
2670467,GINAN MEDIA WISATA,JALAN ANDI PANGERAN PETTARANI RUKO NEW ZAMRUD BLOK F NO. 5,7371031008,Aktif,10,7371031,Rappocini
2670564,ABADI REDENA,PERUMAHAN PERMATA SUDIANG RAYA BLOK F6,7371031010,Aktif,10,7371031,Rappocini
2671370,DUA DUA KARYA,"JL MAPPALA BLOK A5 NO 2 RT 003 RW 008, TIDUNG",7371031006,Aktif,10,7371031,Rappocini
2671411,RUMAH NUTRISI INDONESIA,"PERUMAHAN GUBERNUR BLOK E15/9, JALAN HERTASNING 9",7371031006,Aktif,10,7371031,Rappocini
2671605,BINTANG AGRI JAYA,JL HERTASNING BARU KOMP PERMATA HIJAU LESTARI P10/12,7371031004,Aktif,10,7371031,Rappocini
2672119,AZZIHRA ANUGERAH,JL TALASALAPANG 3,7371031002,Aktif,10,7371031,Rappocini
2673596,JAYA MANDIRI MAKASSAR,JL. TAMALATE 5,7371031004,Aktif,10,7371031,Rappocini
2673938,KARYA SEMESTA PERSADA,JL BUMI 10 KOMP BPH ALAUDDIN,7371031001,Aktif,10,7371031,Rappocini
2674316,GEGAP GEMPITA,"JL SKARDA N III BLOK C/30 RT.006 RW.016, GUNUNG SARI",7371031001,Aktif,10,7371031,Rappocini
2674364,AGTAR JAYA PRIMA,JL RAYA PENDIDIKAN BLOK,7371031006,Aktif,10,7371031,Rappocini
2674378,TOYOTA ASTRA FINANCIAL SERVICES,JL SULTAN ALAUDDIN RUKO ALAUDDIN BLOK,7371031001,Aktif,10,7371031,Rappocini
2674432,PELAYARAN SPECTRA TIRTASEGARALINE,JL BTN MINASA UPA,7371031002,Aktif,10,7371031,Rappocini
2676877,AMEDIKA UTAMA SEJAHTERA,"JL LANDAK BARU NO 120 RT 007 RW 006, BANTA-BANTAENG",7371031007,Aktif,10,7371031,Rappocini
2677163,SLV MODERN TRAVELIDO,JALAN AP PETTARANI RUKO NEW ZAMRUD A/25,7371031008,Aktif,10,7371031,Rappocini
2678354,TIRE SOLUTION,JL HERTASNING BARU,7371031002,Aktif,10,7371031,Rappocini
2680300,MITRA MANDIRI,MINASA UPA,7371031001,Aktif,10,7371031,Rappocini
2680329,ASET AKHIRAT INDONESIA,"JL HERTASNING BARAT 2, KOMPLEKS GRIYA PANAKKUKANG INDAH",7371031005,Aktif,10,7371031,Rappocini
2681946,KARYA MUJUR PRASETYA,JL RAPPOCINI RAYA,7371031008,Aktif,10,7371031,Rappocini
2683482,AHNUR RADHA MANDIRI,JL MINASA SARI PERUM GRIYA MINASA SARI,7371031001,Aktif,10,7371031,Rappocini
2684092,TATA DWI PUTRA,"JL.TALASALAPANG NO.44, GUNUNG SARI",7371031001,Aktif,10,7371031,Rappocini
2684806,PELITA ABADI NUSANTARA,"JL PELITA RAYA TENGAH A2 NO 3A RT.003 RW.009, BALLA PARANG",7371031010,Aktif,10,7371031,Rappocini
2685012,GRAHA EDUKASI MAKASSAR,JL BTN MINASA UPA,7371031001,Aktif,10,7371031,Rappocini
2685594,R6 JAYA,"JL.TIDUNG IX STP 21 NO.251, MAPPALA",7371031003,Aktif,10,7371031,Rappocini
2686760,SDIT AL BIRUNI JIPANG,JL JIPANG RAYA KOMPLEKS RUKO,7371031002,Aktif,10,7371031,Rappocini
2688338,MUMTAZ KARA SADAJIWA,JL AROEPPALA ANGING MAMMIRI RESIDENCE,7371031002,Aktif,10,7371031,Rappocini
2688558,TIGA A PERDANA,JL CILALLANG JAYA,7371031008,Aktif,10,7371031,Rappocini
2689275,HURAIRAH SEJAHTERA NUSANTARA,JALAN BONTOMENE,7371031007,Aktif,10,7371031,Rappocini
2689759,GAHARA PUTRA PERKASA,JL HERTASNING,7371031006,Aktif,10,7371031,Rappocini
2690289,ELVIRA SATU NUSA,JL. AROEPALA NO. 2,7371031004,Aktif,10,7371031,Rappocini
2691732,WARTEG SELERA,JL TALASALAPANG RAYA,7371031001,Aktif,10,7371031,Rappocini
2693083,ANUGERAH PRIMA JAYA,"JL AROEPALA PERUM PERMATA HIJAU LESTARI BLOK Q5/6 RT 002 RW 002, KASSI-KASSI",7371031004,Aktif,10,7371031,Rappocini
2694290,LEMBAGA LINTAS INDONESIA,"KOMPLEKS PERMATA HIJAU JL PALEM RAYA BLOK A/3 RT.001 RW.011, KASSI-KASSI",7371031004,Aktif,10,7371031,Rappocini
2695562,GHIFARINDO,"JL HERTASNING BARU KOMPLEK ANGING MAMMIRI RECIDENCE BLOK F1/6 RT 001 RW 001, KASSI-KASSI",7371031004,Aktif,10,7371031,Rappocini
2696295,INDUK SULMAPA KEKAR,JL. TIDUNG MARIOLO LR.1,7371031006,Aktif,10,7371031,Rappocini
2698002,DAYU PUTRINDO,JL MAPPALA RAYA,7371031006,Aktif,10,7371031,Rappocini
2698129,SAHABAT RANDA,"JL.RAPPOCINI RAYA NO.186, BUAKANA",7371031008,Aktif,10,7371031,Rappocini
2698188,KENCANA JAYA,JL MONUMEN EMMY SAELAN,7371031006,Aktif,10,7371031,Rappocini
2698435,PUSAT LAYANAN KONSELING DAN PSIKOLOGI MAKASSAR,KOMP. UNM,7371031006,Aktif,10,7371031,Rappocini
2698801,AIMMA KASIH SAYANG,JALAN SKARDA N 3 NOMOR 19,7371031002,Aktif,10,7371031,Rappocini
2698978,REJEKI SUKSES MANDIRI INDOTAMA,JL TAMALATE 1 BLOK,7371031005,Aktif,10,7371031,Rappocini
2699088,VAL RAY MULTIMEDIA,JALAN RSI FAISAL II BLOK B NOMOR 17,7371031007,Aktif,10,7371031,Rappocini
2699303,CELEBES BANGUN NUSANTARA,BTN MINASA UPA BLOK AB. 14 NOMOR 8,7371031001,Aktif,10,7371031,Rappocini
2699662,REZKY MULTAZAM,"JL.AP PETTARANI KOMP.NEW ZAMRUD BLOK.E NO.14, BUAKANA",7371031008,Aktif,10,7371031,Rappocini
2699908,LEMBAGA PENDIDIKAN TRY DHISKA,"JL.TAMALATE V STP XI NO.167 RT.006 RW.003, KASSI-KASSI",7371031004,Aktif,10,7371031,Rappocini
2701546,MEGATAMA  BUANA,JL CILALANG JAYA VII,7371031008,Aktif,10,7371031,Rappocini
2702247,NIRA MANIS,JL AP PETTARANI RUKO NEW ZAMRUD,7371031008,Aktif,10,7371031,Rappocini
2703057,MERAKI BERKAT IRAYA,SULTAN ALAUDDIN RUKO ALAUDDIN PLAZA,7371031001,Aktif,10,7371031,Rappocini
2703181,ZAP UTAMA,JL BTN MINASA UPA,7371031001,Aktif,10,7371031,Rappocini
2703827,AURA ALAM REZEKY,BTN MINASA UPA BLOK E6/2,7371031001,Aktif,10,7371031,Rappocini
2703950,BUSSAN AUTO FINANCE,KOMPLEKS ALAUDDIN PLAZA RUKO SOHO,7371031001,Aktif,10,7371031,Rappocini
2704332,SEGERINDO,"JL. TIDUNG 9 BLOK 9 STP. 5 NO. 152 RT. 002 RW. 012, MAPPALA",7371031003,Aktif,10,7371031,Rappocini
2705501,MITRA BOSI INTERCONTINENTAL,JL YUSUF DG NGAWING,7371031006,Aktif,10,7371031,Rappocini
2708490,INDOFATIH BERKAH MULIA,JL. MINASA UPA BLOK M1 BTN MINASA INDAH RESIDENCE BLOK C/10,7371031001,Aktif,10,7371031,Rappocini
2708778,ROES PADUWAI,JL KELAPA TIGA NO 24 RT 003 RW 006 BALLA PARANG,7371031010,Aktif,10,7371031,Rappocini
2708812,IDE KREASI PARAKITA,TIDUNG VII STP 1,7371031003,Aktif,10,7371031,Rappocini
2709105,MUDA TEHNIK,JL PANDAN BLOK B2/2 RT 001 RW 010 KASSI-KASSI,7371031004,Aktif,10,7371031,Rappocini
2709131,ALMAIRA,JL HERTASNING PERUM HALMIN RESIDENCE,7371031003,Aktif,10,7371031,Rappocini
2709260,SMART INTERNATIONAL INDONESIA,JL SUNGAI SADDANG BARU NO 26 RT. 004 RW. 002 BALLA PARANG,7371031010,Aktif,10,7371031,Rappocini
2710884,PUPUK SARI TANI,"JL.M.EMMY SAELAN NO.99, KARUNRUNG",7371031002,Aktif,10,7371031,Rappocini
2711265,JOIN MEDIASIBER INDONESIA,JL KOMP MINASA UPA,7371031,Aktif,7,7371031,Rappocini
2712445,SARANA SUKSES MEDIKA,"JL.RAPPOCINI RAYA NO.93 RT.001 RW.004, RAPPOCINI",7371031009,Aktif,10,7371031,Rappocini
2713817,ZELDA KHARISMA PRATAMA,BTN MINASA UPA BLOK,7371031001,Aktif,10,7371031,Rappocini
2715721,YAYASAN TOLI TOLI UTARA,JL. BERINGIN RAYA,7371031004,Aktif,10,7371031,Rappocini
2716165,PATAKA TRUPUT DHARMADYAKSA,JL LANDAK BARU LR 1,7371031007,Aktif,10,7371031,Rappocini
2716393,PHINISI CITRA NUSANTARA,JL RSI FAISAL RAYA BLOK,7371031007,Aktif,10,7371031,Rappocini
2717155,LEMBAGA BANTUAN HUKUM MAKASSAR,"JL PELITA RAYA VI BLOK A34/9, BUAKANA",7371031008,Aktif,10,7371031,Rappocini
2717655,HARYUDINA INDONESIA,JL BANTA-BANTAENG RAYA,7371031007,Aktif,10,7371031,Rappocini
2717870,SUGONG,JL TAMALATE 4 STP 15 BLOK,7371031004,Aktif,10,7371031,Rappocini
2718578,DUTA PERKASA,"JL PELITA RAYA 9 NO 28, BALLA PARANG",7371031010,Aktif,10,7371031,Rappocini
2719566,ASAP EDIT STATION,JL.TODDOPULI I STP 1,7371031004,Aktif,10,7371031,Rappocini
2719639,ANNAJAH RAJA WISATA,REGENCY FAJAR MAS C.6,7371031001,Aktif,10,7371031,Rappocini
2719877,CITRA IBU,"KOMP.KESEHATAN BANTA-BANTAENG BLOK A/62, BANTA-BANTAENG",7371031007,Aktif,10,7371031,Rappocini
2720595,PB. HMI,JL TAMALATE V,7371031004,Aktif,10,7371031,Rappocini
2720618,INDONESIAN CRISIS CENTER (ICC),BTN MINASA UPA,7371031001,Aktif,10,7371031,Rappocini
2721549,ZARINDAH PERDANA,JALAN PELITA RAYA NO 42 RT: 02 RW: 02,7371031010,Aktif,10,7371031,Rappocini
2722195,RACHMAT ABADI,PERUMAHAN BTN MINASA UPA,7371031001,Aktif,10,7371031,Rappocini
2722253,AQSA TALENTA MANDIRI,JL AROEPALA KOMP PERMATA HIJAU LESTARI,7371031004,Aktif,10,7371031,Rappocini
2722505,FORUM KAMPUNG BAHASA SULAWESI (FKBS),KOMP BTN MINASA UPA,7371031001,Aktif,10,7371031,Rappocini
2723320,RESOPA MITRA GLOBAL,"JL HERTASNING KOMPLEKS PERMATA HIJAU PERMAI BLOK B NO 21 RT 001 RW 011, KASSI-KASSI",7371031004,Aktif,10,7371031,Rappocini
2724874,TK TERATAI UNM,JL. BONTO LANGKASA KAMPUS PASCASARJANA UNM,7371031007,Aktif,10,7371031,Rappocini
2724939,RAUDHATUL ATHFAAL MARDHATI,JL SKARDA N 3,7371031001,Aktif,10,7371031,Rappocini
2724954,TK BIDARAYYA,BTN MINASA UPA,7371031002,Aktif,10,7371031,Rappocini
2725492,EKA SURYA DWIMEGA,KOMPLEKS PERMATA SARI PS IV/1,7371031001,Aktif,10,7371031,Rappocini
2725915,ALPROMOSINDO,"JL TAMALATE I NO 26 RT 002 RW 002, KASSI-KASSI",7371031004,Aktif,10,7371031,Rappocini
2725916,SMART ENGLISH TRAINING,"JL.RAYA PENDIDIKAN KOMP.PERUMNAS IKIP BLK A3 18/19 RT.000 RW.000, TIDUNG",7371031006,Aktif,10,7371031,Rappocini
2726102,GHANIY PUTRA PERKASA,BTN MINASA UPA BLOK L5/22 RT 002 RW 008 GUNUNG SARI,7371031001,Aktif,10,7371031,Rappocini
2726881,SURYA KENCANA PRAKARSA,JL. SULTAN ALAUDDIN,7371031001,Aktif,10,7371031,Rappocini
2727682,SOLUSI INTI MEDIA,JALAN TIDUNG V BLOK 16 NO.3,7371031006,Aktif,10,7371031,Rappocini
2727696,SAJADAH PUTIH MAMA,BTN MINASA UPA BLOK F 17 NO.31,7371031001,Aktif,10,7371031,Rappocini
2727766,KARYA AGUNG MANDIRI,"JL HERTASNING VI NO 2 RT 006 RW 005, TIDUNG",7371031006,Aktif,10,7371031,Rappocini
2728643,MEGA CITRA NUSANTARA,JL ANDI DJEMMA,7371031007,Aktif,10,7371031,Rappocini
2729336,BANK BTPN SYARIAH TBK,JL HERTASNING,7371031006,Aktif,10,7371031,Rappocini
2729502,DIVAZA INSANI SEJAHTERA,BTN MINASA UPA,7371031001,Aktif,10,7371031,Rappocini
2729660,MAYASA ARCHIPOLOGY CONSULTANT,KOMP MAKASSAR TOWN HOUSE,7371031006,Aktif,10,7371031,Rappocini
2729700,ANUGERAH MITRA SEJAHTERA BERSAMA,JL AP PETTARANI,7371031008,Aktif,10,7371031,Rappocini
2730231,PERKUMPULAN MANGUNI INDONESIA,BTN MINASA UPA,7371031001,Aktif,10,7371031,Rappocini
2730304,SUGIH BERJASA,JL MONGINSIDI BARU,7371031009,Aktif,10,7371031,Rappocini
2730493,MEGAREZKY DIGITAL PUBLIKA,JL INSPEKSI WADUK BITOA MAKASSAR,7371031004,Aktif,10,7371031,Rappocini
2730535,LSM SEKOCI INDORATU DPC KOTA MAKASSAR,KOMP MINASA UPA BLOK,7371031001,Aktif,10,7371031,Rappocini
2730933,POS KEADILAN PEDULI UMMAT (PKPU),JL TAMALATE 1 BLOK 17,7371031005,Aktif,10,7371031,Rappocini
2731775,SMA RAIDERS MAKASSAR,"JL KELAPA TIGA GANG 2 NO 21 RT 005 RW 007, BALLA PARANG",7371031010,Aktif,10,7371031,Rappocini
2732031,KEKASIH AQSHA FORUM,KOMP BTN MINASA UPA BLOK J6,7371031,Aktif,7,7371031,Rappocini
2735886,BUDI MULYA,JL.NIPAH,7371031004,Aktif,10,7371031,Rappocini
2736063,MARGA DIGJAYA,JL SULTAN ALAUDDIN (RUKO ALAUDDIN PLAZA OFFICE 05),7371031001,Aktif,10,7371031,Rappocini
2736799,EMPATPUTRA MEDIA SEJATI,JL TAMALATE 7 STP 24,7371031003,Aktif,10,7371031,Rappocini
2737290,ASEP HENDRO RACING SPORTS,JL SULTAN ALAUDDIN BOULEVARD BLOK,7371031001,Aktif,10,7371031,Rappocini
2738940,ETERNAL AGRICULTURE INDONESIA,JL. SUNGAI SADDANG NO.44,7371031009,Aktif,10,7371031,Rappocini
2739475,AN NUUR,JL MONGINSIDI BARU LR 2,7371031010,Aktif,10,7371031,Rappocini
2739896,LAMBDA KREASINDO,JL KARUNRUNG ASRI BLOK E NO.14 RT/RW /,7371031002,Aktif,10,7371031,Rappocini
2740192,PERKUMPULAN SANGGAR CELEBES INDONESIA PERFORMING ARTS,JL TALASALAPANG BPH PLAZA,7371031002,Aktif,10,7371031,Rappocini
2740474,PUTRI ADINDA,"JL.RAPPOCINI RAYA 3 NO.59 B RT.001 RW.001, RAPPOCINI",7371031009,Aktif,10,7371031,Rappocini
2741439,MEDIA LIPUT GRUP,JALAN MINASA SARI RAYA BLOK,7371031001,Aktif,10,7371031,Rappocini
2741480,ANUGRAH MAKMUR PERSADA,MAPPALA,7371031006,Aktif,10,7371031,Rappocini
2742914,PEGAWAI NEGERIPENGAYOMANLEMB PEMASYARAKATAN KELAS  I,"JL.ST ALAUDDIN NO.191, GUNUNG SARI",7371031001,Aktif,10,7371031,Rappocini
2743122,MITRA INDONESIA DESAIN CEMERLANG,JL YUSUF DG NGAWING,7371031006,Aktif,10,7371031,Rappocini
2744412,ANTARA RAYA,RSI FAISAL X,7371031007,Aktif,10,7371031,Rappocini
2745282,LKP ANDIKA,JL PELITA RAYA LR 5,7371031008,Aktif,10,7371031,Rappocini
2745448,TAMAN KANAK-KANAK TIARA,JL PELITA V,7371031008,Aktif,10,7371031,Rappocini
2745705,ADIPURA SERVICE INDO,ANGING MAMMIRI RESIDENCE,7371031002,Aktif,10,7371031,Rappocini
2746675,YAYASAN PENDIDIKAN MITRA SYAH,"JL HERTASNING NO 84 RT 000 RW 000, TIDUNG",7371031006,Aktif,10,7371031,Rappocini
2746777,WANKOM JATAM PURA,JL GUNUNG SARI  KOMP.KODAM,7371031001,Aktif,10,7371031,Rappocini
2746831,YAYASAN LUQMANUL HAKIM,KOMPLEK MINASA UPA BLOK H7 PERUMAHAN GRIYA MINASA ASRI NO 20 RT 003 RW 024 GUNUNG SARI,7371031001,Aktif,10,7371031,Rappocini
2747387,YAYASAN PENDIDIKAN ASWAJAH AL ASYARIYAH,JALAN KELAPA TIGA,7371031010,Aktif,10,7371031,Rappocini
2748075,ANDHIKA,"JL.RAPPOCINI RAYA LR.5 NO.27 A, RAPPOCINI",7371031009,Aktif,10,7371031,Rappocini
2748719,MALAKA ANUGERAH PERKASA,JL AROEPALA KOMP PERMATA HIJAU PERMAI,7371031004,Aktif,10,7371031,Rappocini
2749194,LEMBAGA SWADAYA MASYARAKAT DWI KARYA MANDIRI,"KOMPLEK PURI TAMAN SARI BLOK D7/7 JL TODDOPULI 6 RT.006 RW.012, KASSI-KASSI",7371031004,Aktif,10,7371031,Rappocini
2749619,TK DAN KB ADILIKA,JL. HERTASNING BARU KOMP PERMATA HIJAU LESTARI,7371031003,Aktif,10,7371031,Rappocini
2749758,TK ANGGREK PERMATA,KOMP. PERMATA HIJAU HERTASNING JL. PALM RAJA,7371031004,Aktif,10,7371031,Rappocini
2750482,MUAFA CAHAYA MANDIRI,JL SKARDA N 3,7371031001,Aktif,10,7371031,Rappocini
2751124,INTRACO PENTA WAHANA,JL PELITA RAYA,7371031010,Aktif,10,7371031,Rappocini
2751126,KB LESTARI,JL KR BONTO TANGNGA,7371031002,Aktif,10,7371031,Rappocini
2751774,LEMBAGA PELATIHAN DAN KURSUS ANDIRA,"JL SYECH YUSUF BTN MINASA UPA BLOK F3 NO 2 RT 002 RW 011, GUNUNG SARI",7371031001,Aktif,10,7371031,Rappocini
2753284,YAYASAN ANDI SAREFE,"JL TIDUNG IX BLOK 9 NO 57 RT.03 RW.05, KASSI-KASSI",7371031004,Aktif,10,7371031,Rappocini
2754169,MULTI DIMENSI PROJECT,"JL HERTASNING BLOK E16/2 RT 002 RW 004, MAPPALA",7371031003,Aktif,10,7371031,Rappocini
2754926,BERITAINI.COM,JL TIDUNG 7 STP 1,7371031003,Aktif,10,7371031,Rappocini
2755209,DOCTOR UTAMA INDONESIA,JL AP PETTARANI KOMP RUKO ZAMRUD,7371031008,Aktif,10,7371031,Rappocini
2757216,SAODA PANDARI,PERUM ANGING MAMIRI,7371031002,Aktif,10,7371031,Rappocini
2757398,INDRI SAMUDERA LINES,JL PELITA RAYA 317,7371031010,Aktif,10,7371031,Rappocini
2757522,SIKAMALI,"JL BANTA-BANTAENG WIJAYA KUSUMA I BLOK K7/18 RT.018 RW.001, BANTA-BANTAENG",7371031007,Aktif,10,7371031,Rappocini
2757593,GLORI SUKSES MAKMUR,JL LANDAK BARU LR.8,7371031007,Aktif,10,7371031,Rappocini
2757961,PENSA GLOBAL AGROMANDIRI (YAPENSA),"JL.RSI.FAISAL XII NO.15, BANTA-BANTAENG",7371031007,Aktif,10,7371031,Rappocini
2758130,ANAK INDONESIA SUKSES,JL PELITA RAYA,7371031010,Aktif,10,7371031,Rappocini
2759853,JELAJAH NEGERI NUSANTARA,JL AROEPALA HALMIN RESIDENCE,7371031003,Aktif,10,7371031,Rappocini
2760491,ADY PUTRA PRIMA KENCANA,JL PANDAN BLOK,7371031004,Aktif,10,7371031,Rappocini
2761028,SINAR ABADI SENTOSA,JL.MON EMMY SAELAN KOMP P&K,7371031001,Aktif,10,7371031,Rappocini
2761148,MANDIRI TUNAS FINANCE,JL AP PETTARANI KAV 18 RUKO PETTARANI BUSSINES CENTRE,7371031006,Aktif,10,7371031,Rappocini
2761396,SOLIDARITAS SUKU MAKASSAR,"JL AROEPALA, KOMP. PERMATA HIJAU PERMAI",7371031003,Aktif,10,7371031,Rappocini
2763462,BINTANG SARANA TEKNIK,JL SUNGAI SADDANG BARU,7371031010,Aktif,10,7371031,Rappocini
2765894,TANNIEWA PUTRA,BTN MINASA UPA,7371031001,Aktif,10,7371031,Rappocini
2766104,AICOMP,JL. KARUNRUNG RAYA II,7371031002,Aktif,10,7371031,Rappocini
2766284,LIMA PERKASA KONSTRUKSI,JL SUNGAI SADDANG BARU BLOK,7371031010,Aktif,10,7371031,Rappocini
2766495,CREATIVE PROJECT,KOMPLEK PEMDA BLOK E20/16 RT 001 RW 005 TIDUNG,7371031006,Aktif,10,7371031,Rappocini
2767327,DUA SUKSES JAYA,JL METROPOLITAN RESIDEN,7371031007,Aktif,10,7371031,Rappocini
2767580,RAJA MULTI SARANA,JL MONUMEN EMMY SAELAN 3D,7371031006,Aktif,10,7371031,Rappocini
2767675,TEKNOLOGI TANAH AIR,HERTASNING 1,7371031006,Aktif,10,7371031,Rappocini
2768656,AIRTECH,BTN MINASA UPA BLOK F.7 NO.12,7371031,Aktif,7,7371031,Rappocini
2769484,ARA CITRA ABADI,JALAN KOMPLEKS GRIYA MINASA SARI BLOK D NOMOR 12,7371031001,Aktif,10,7371031,Rappocini
2769596,LEMBAGA PENDIDIKAN DAN KURSUS (LPK) ANNIE,"BTN MINASA UPA BLOK AB10A/1 RT.006 RW.021, GUNUNG SARI",7371031001,Aktif,10,7371031,Rappocini
2769906,CV. KEMBAR MAJU SEJAHTERA,BTN MINASA UPA,7371031001,Aktif,10,7371031,Rappocini
2769909,A2 MEDIKA,KOMPLEKS UNM BLOK A2 NO. 21,7371031006,Aktif,10,7371031,Rappocini
2772035,ADSA TIMUR RAYA,"JL AP PETTARANI KOMP. PETTARANI CENTER BLOK B NO27 RT.002 RW.001, BUAKANA",7371031008,Aktif,10,7371031,Rappocini
2772949,KK INDONESIA,JL SULTAN ALAUDDIN RUKO ALAUDDIN PLAZA,7371031001,Aktif,10,7371031,Rappocini
2772972,SUKSES JAYA MEDIKA,"JL.TALA'SALAPANG RAYA NO.47 B, KARUNRUNG",7371031002,Aktif,10,7371031,Rappocini
2773287,"PT SARANA BANGUN UTAMA - PT BAWAKARAENG PURNAMA WIJAYA, KSO","JL TIMAH 1 BLOK BLOK A24 NO 20 RT 000 RW 000, BALLA PARANG",7371031010,Aktif,10,7371031,Rappocini
2773616,BELIAN CAHYA UTAMA,JL PELITA RAYA,7371031010,Aktif,10,7371031,Rappocini
2773846,JONATHAN MAKMUR SEJAHTERA,"JL RAPPOCINI NO 112 RT 000 RW 000, BUAKANA",7371031008,Aktif,10,7371031,Rappocini
2774612,AL-IKHWAN FARA BOGA,KR BONTO TANGGA II,7371031002,Aktif,10,7371031,Rappocini
2775415,LINGKAR NUSANTARA MANDIRI,JL TALASALAPANG,7371031001,Aktif,10,7371031,Rappocini
2775547,LIPUTAN MAKASSAR,JL AP PETTARANI RUKO NEW ZAMRUD,7371031008,Aktif,10,7371031,Rappocini
2775979,BERKAH SEJAHTERA,"JL.TIDUNG IX STP.14 NO.161 A RT.004 RW.011, MAPPALA",7371031003,Aktif,10,7371031,Rappocini
2776530,CV. ZAM-ZAMY FURNITURE,JL. JIPANG RAYA KARUNRUNG,7371031002,Aktif,10,7371031,Rappocini
2777568,SINAR GEMILANG PRIMA,JL AP PETTARANI,7371031008,Aktif,10,7371031,Rappocini
2778212,KELUARGA SEJAHTERA BERSAMA,"JL AP PETTARANI NO 55, BUAKANA",7371031008,Aktif,10,7371031,Rappocini
2779297,AURAA MEKAR JAYA,KOMP GRAHA HASIRAH PERMAI D,7371031001,Aktif,10,7371031,Rappocini
2780744,BINA UTAMA PERSADA,A.P.PETTARANI KOMPLEKS RUKO ZAMRUD,7371031008,Aktif,10,7371031,Rappocini
2782179,FABIO CITRA PERSADA,RAPPOCINI RAYA,7371031005,Aktif,10,7371031,Rappocini
2782268,BULU MOTO DELAPAN-DELAPAN,JL WIJAYA KUSUMA RAYA,7371031007,Aktif,10,7371031,Rappocini
2782922,MUFLIH INTI KONSULTAN,"KOMP. MANGASA PERMAI BLOK W.1 NO. 4 RT.001 RW.009, GUNUNG SARI",7371031001,Aktif,10,7371031,Rappocini
2782984,KARYA BINTANG INSPIRASI,JL RAPPOCINI RAYA LR 6,7371031009,Aktif,10,7371031,Rappocini
2783634,ENERGI INDONESIA JAYA,KOMP BTN MINASA UPA,7371031001,Aktif,10,7371031,Rappocini
2784166,GEOMATIK CONSULTANT,JL AP PETTARANI RUKO PETTARANI CENTER,7371031008,Aktif,10,7371031,Rappocini
2784564,FARISKA MANDIRI CORPORATION,"TODDOPULI 6 KOMP. PURI TAMAN SARI BLOK B3 NO.3 RT.001 RW.012, KASSI-KASSI",7371031004,Aktif,10,7371031,Rappocini
2784790,VIVO JAYA SEJAHTERA,JL KELAPA TIGA,7371031010,Aktif,10,7371031,Rappocini
2785449,PENA MEDIA MANDIRI,JL MONUMEN EMMY SAELAN KOMPLEKS SKARDA N,7371031001,Aktif,10,7371031,Rappocini
2785686,WARDHANA INDAH WISATA,"JL.COKONURI DALAM II NO.5 RT.001 RW.004, KARUNRUNG",7371031002,Aktif,10,7371031,Rappocini
2786968,SKALA CIPTA LESTARI,KOMPLEK P&K MANGASA PERMAI,7371031001,Aktif,10,7371031,Rappocini
2787608,PENDIDIKAN SARI BUANA,"JL.A.P.PETTARANI IV NO.57, BUAKANA",7371031008,Aktif,10,7371031,Rappocini
2790981,LEMBAGA INFORMASI ESTETIKA DAN SOSIAL (INFESSO),JL TIDUNG 2 STP I BLOK,7371031005,Aktif,10,7371031,Rappocini
2791044,SANGGAR ININNAWA,"JL SULTAN ALAUDDIN LR AL AZHAR I NO 10 RT 001 RW 016, GUNUNG SARI",7371031001,Aktif,10,7371031,Rappocini
2792198,CIPTA HIRARCHY KONSULTAN,JL RAPPOCINI,7371031008,Aktif,10,7371031,Rappocini
2792546,JAYA ABADI SENTOSA,JL HERTASNING BARAT IV,7371031005,Aktif,10,7371031,Rappocini
2793186,ORENS PERDANA MANDIRI,JL. MONUMEN EMMY SAELAN III KOMP. AGRARIA,7371031002,Aktif,10,7371031,Rappocini
2793335,ADI SURYA PRATAMA,"JALAN MONUMEN EMMY SAELAN 3, KOMPLEKS PU. JENEBERANG",7371031002,Aktif,10,7371031,Rappocini
2793362,NASDA BERSAUDARA GROUP,"JL.PENGAYOMAN I/IV, BUAKANA",7371031008,Aktif,10,7371031,Rappocini
2794178,RADIFHA ARTS,BTN MINASA UPA,7371031001,Aktif,10,7371031,Rappocini
2795582,NAPOLEON PERSADA,JL LANDAK BARU LR 10,7371031007,Aktif,10,7371031,Rappocini
2795874,ZEINTA INTAN KALIMANTAN,JL AP PETTARANI KOMP. NEW ZAMRUD BLOK,7371031008,Aktif,10,7371031,Rappocini
2796049,ABDI SIRAH MEGATAMA,JL LANDAK BARU LR II,7371031007,Aktif,10,7371031,Rappocini
2796794,MUSYAWARAH GURU TATA BOGA KOTA MAKASSAR,"SMK NEGERI 6 MAKASSAR JL LANDAK BARU NO 132, BANTA-BANTAENG",7371031007,Aktif,10,7371031,Rappocini
2797104,ADDARAEN,JL SULTAN ALAUDDIN,7371031001,Aktif,10,7371031,Rappocini
2797142,KARYA CELEBES,JL RSI FAISAL XVI,7371031007,Aktif,10,7371031,Rappocini
2797287,SELERA MITRA MANDIRI,JL SYECH YUSUF,7371031001,Aktif,10,7371031,Rappocini
2797426,AL FATH MANDIRI,JL KR BONTOTANGNGA,7371031002,Aktif,10,7371031,Rappocini
2797716,MILLENIUM,JL RUTAN SALEMBA,7371031001,Aktif,10,7371031,Rappocini
2797800,IRAMASUKA INTAN NUSANTARA,"JL PELITA II NO 17 RT.004 RW.007, BUAKANA",7371031008,Aktif,10,7371031,Rappocini
2799033,ARCHINDO PRATAMA INTERNATIONAL,JL MONUMEN EMMY SAELAN,7371031001,Aktif,10,7371031,Rappocini
2799085,LINGKAR PERSADA,BTN. MINASA SARI,7371031001,Aktif,10,7371031,Rappocini
2799171,PARA KITA BERSAUDARA,JL MINASA UPA TENGAH BTN MINASA SARI,7371031001,Aktif,10,7371031,Rappocini
2799270,SINAR GALESONG PERKASA,"JL AP PETTARANI NO 55, BUAKANA",7371031008,Aktif,10,7371031,Rappocini
2799613,RANGGA MEDIKA PUTERA,JL AROEPALA,7371031004,Aktif,10,7371031,Rappocini
2799975,KARYA JASA BERSAMA,BTN MINASA UPA BLOK N 17 / 6,7371031001,Aktif,10,7371031,Rappocini
2800282,LEMB KAJIAN PENGEMBANGAN OLAHRAGA&KESEHATAN IND,"JL MAHONI NO 133, KASSI-KASSI",7371031004,Aktif,10,7371031,Rappocini
2800495,MULYA SAKTI WIJAYA,KOMPLEK PERMATA HIJAU PERMAI BLOK J/12 RT 005 RW 011 KASSI-KASSI,7371031004,Aktif,10,7371031,Rappocini
2800512,MULTI ANALIS PERENCANA,JL MINASA UPA BTN MINASA UPA,7371031,Aktif,7,7371031,Rappocini
2800567,TAPPU MAGARETTA BERKAH,JL. A.P. PETTARANI RUKO NEW ZAMRUD BLOK B NO. 7,7371031008,Aktif,10,7371031,Rappocini
2800629,MUTIARA QAYYA,PERUMAHAN BTN MINASA UPA,7371031001,Aktif,10,7371031,Rappocini
2800868,ALFA AR-SITTAH CONSULTANT,JL AROEPALA KOMP PERMATA HIJAU LESTARI,7371031004,Aktif,10,7371031,Rappocini
2800886,OVAL DELAPAN ENAM,RUKO NEW ZAMRUD JL AP PETTARANI,7371031008,Aktif,10,7371031,Rappocini
2801087,EMIR KONSULTAN,"BTN MINASA UPA BLOK B1/4 RT.001 RW.003, KARUNRUNG",7371031002,Aktif,10,7371031,Rappocini
2803731,HAJJAH FATIMAH TJAKKA,JLN. BONTOLANRA,7371031007,Aktif,10,7371031,Rappocini
2803984,LUWUK ANUGERAH MINERAL ABADI,BUMI PERMATA HIJAU JL BUMI 17 BLOK D NO 9,7371031001,Aktif,10,7371031,Rappocini
2804822,KENCANA PRADANA ABADI,JL TIMAH V,7371031010,Aktif,10,7371031,Rappocini
2805359,PROFESIONAL INDONESIA UTAMA GLOBAL MULIA,JL PELITA RAYA TENGAH 3,7371031010,Aktif,10,7371031,Rappocini
2805824,SURYA PRIMA MANDIRI,JL MAPPALA,7371031006,Aktif,10,7371031,Rappocini
2806234,BIMA RANCANG NUSANTARA,JL KARUNRUNG KARUNRUNG RAYA 11,7371031002,Aktif,10,7371031,Rappocini
2806333,TAKKONA SEJAHTERA,JL RSI FAISAL,7371031007,Aktif,10,7371031,Rappocini
2806440,ANSAN OSAKA MANDIRI,BTN MANGASA PERMAI,7371031001,Aktif,10,7371031,Rappocini
2808557,BCA FINANCE,KOMPLEK ALAUDDIN PLAZA,7371031001,Aktif,10,7371031,Rappocini
2809752,CISCO SINAR JAYA,JL MAPPALA,7371031003,Aktif,10,7371031,Rappocini
2810005,HASTA USAHA MANDIRI,JL HERTASNING IX,7371031006,Aktif,10,7371031,Rappocini
2810011,JENDELA NUSANTARA (JENUS),"JL AP PETTARANI BLOK E20/23 RT 002 RW 005, TIDUNG",7371031006,Aktif,10,7371031,Rappocini
2810280,ARMINA SARI MUSTARI,JL PELITA RAYA,7371031010,Aktif,10,7371031,Rappocini
2811299,NUR NINGRAT MEDIKA,KOMPLEK BTN MINASA UPA,7371031001,Aktif,10,7371031,Rappocini
2811516,MEGATAMA BUANA NUSA INDAH,JL KOMPLEKS PERUMAHAN BUMI TIRTA NUSANTARA,7371031009,Aktif,10,7371031,Rappocini
2811745,PHINISI MEDIA INDONESIA,JL TAMALATE I,7371031006,Aktif,10,7371031,Rappocini
2812246,MITRA CEMERLANG,"JL.RAPPOCINI RAYA 3 NO.59 B RT.001 RW.001, RAPPOCINI",7371031009,Aktif,10,7371031,Rappocini
2813437,LEMBAGA PENDIDIDIKAN DAN KURSUS ARINI,"JL TAMALATE 5 NO 76 RT.001 RW.003, KASSI-KASSI",7371031004,Aktif,10,7371031,Rappocini
2813507,KAZAKI ART SCHOOL,JL RSI FAISAL 2,7371031007,Aktif,10,7371031,Rappocini
2813512,RESOPA ANAQATA PERKASA,JL KOMPLEK PERMATA HIJAU LESTARI,7371031004,Aktif,10,7371031,Rappocini
2813604,GHANIYY ARRAZZAAQ PRATAMA,BTN MINASA UPA BLOK K2 NOMOR 22,7371031,Aktif,7,7371031,Rappocini
2813755,ADIL TECHNOLOGY MANDIRI,"JL CILALLANG JAYA 7 BLOK A/17 RT 004 RW 002, BUAKANA",7371031008,Aktif,10,7371031,Rappocini
2813781,SURYA FITRAH,"JL RAYA PENDIDIKAN KOMP BALLA PANAKKUKANG BLOK BLOK C NO 3 RT 005 RW 004, TIDUNG",7371031006,Aktif,10,7371031,Rappocini
2814586,ZAHRA RIDHO ILAHI,JL BTN MINASA UPA,7371031,Aktif,7,7371031,Rappocini
2815599,MYLINHA,"JL.MAPALA BLOK A 3 NO.20 RT.000 RW.000, MAPPALA",7371031003,Aktif,10,7371031,Rappocini
2815981,BERSAUDARA OKE SEKALI,KOMP. BTN MINASA UPA,7371031,Aktif,7,7371031,Rappocini
2816268,FAMILY,BTN MINASA UPA BLOK,7371031001,Aktif,10,7371031,Rappocini
2817263,GUNATA ABADI PERKASA,JL. AROEPALA KOMP PERMATA HIJAU PERMAI BLOK N4 NO. 9,7371031004,Aktif,10,7371031,Rappocini
2817387,BERKAH PUTRI MANDIRI,JL LANDAK BARU,7371031007,Aktif,10,7371031,Rappocini
2817403,DELAPAN SEMBILAN,"KOMPLEK MANGASA PERMAI BLOK Q1/3 JL SKARDA'N RT.005 RW.019, GUNUNG SARI",7371031001,Aktif,10,7371031,Rappocini
2818893,NUSANTARA,"JL.TAMALATE I NO.8 RT 001 RW 002 , BONTO MAKKIO",7371031005,Aktif,10,7371031,Rappocini
2819163,MITRA PATRIA KONSULTAN,BTN MINASA UPA,7371031001,Aktif,10,7371031,Rappocini
2819170,GARUDA SAKTI ENGINEERING,"JL TAMALATE IV STP 16 NO 73 RT 002 RW 001, KASSI-KASSI",7371031004,Aktif,10,7371031,Rappocini
2820486,CIPTA SOLUSINDO MANDIRI,"JL TEDUH BERSINAR KOMPLEK GRIYA FAJAR MAS BLOK D/13 RT 001 RW 022, GUNUNG SARI",7371031001,Aktif,10,7371031,Rappocini
2820966,BIMPNT EAGA SPORT COUNCIL SUL-SEL,JL WIJAYA KUSUMA RAYA,7371031007,Aktif,10,7371031,Rappocini
2822070,INDO BANGUN,JL KOMP PERMATA HIJAU PERMAI,7371031004,Aktif,10,7371031,Rappocini
2823052,ATIQAH TAHTA MANDIRI,JL RAPPOCINI RAYA,7371031008,Aktif,10,7371031,Rappocini
2823561,PANGAN SEGAR NUSANTARA,LANDAK BARU LORONG 1,7371031007,Aktif,10,7371031,Rappocini
2823969,JEKA TURATEA,PELITA RAYA VII LORONG 1,7371031008,Aktif,10,7371031,Rappocini
2824227,USAHA LESTARAI FOOD,JL AROEPALA KOMP PHL,7371031004,Aktif,10,7371031,Rappocini
2824677,BUNDA,PERUMAHAN BTN MINASA UPA,7371031001,Aktif,10,7371031,Rappocini
2824691,SKY PROJECT OFFICIAL,JL TALASALAPANG,7371031002,Aktif,10,7371031,Rappocini
2824782,PEMBANGUNAN INDONESIA MAKASSAR (YASPIM),JL ANDI PANGERAN PETTARANI,7371031008,Aktif,10,7371031,Rappocini
2824931,BIZMAK KARYA UTAMA,JL RSI FAISAL XV,7371031007,Aktif,10,7371031,Rappocini
2825192,RABIN & PARTNERS,JL LANDAK BARU GRAHA QUALITY,7371031007,Aktif,10,7371031,Rappocini
2825420,SEMBADA INDONESIA,JL SKARDA N 1,7371031001,Aktif,10,7371031,Rappocini
2825500,HALAQA FAJAR PRATAMA,JALAN ALAUDDIN KOMPLEKS PERMATASARI I NOMOR 5,7371031001,Aktif,10,7371031,Rappocini
2825673,BIZMAK TATA PERSADA,JL RSI FAISAL XV,7371031007,Aktif,10,7371031,Rappocini
2826481,TRITAS JAYA MAKASSAR,BTN MINASA UPA,7371031001,Aktif,10,7371031,Rappocini
2826653,GASINDO JAYA KOMUNIKA,JL TIMAH 5,7371031010,Aktif,10,7371031,Rappocini
2827081,PINO MANDIRI INDONESIA,BTN MINASA UPA,7371031,Aktif,7,7371031,Rappocini
2827996,PENSIUNAN PT TELEKOMUNIKASI(KOPENTEL) SIPORIO,JL. AP. PETTARANI NO.2A,7371031001,Aktif,10,7371031,Rappocini
2828199,LEMBAGA I-SPORTPRENEUR,JL TAMALATE VIII STP 2,7371031001,Aktif,10,7371031,Rappocini
2828655,TIGA PUTRI PRATAMA,"JL TODDOPULI VI KOMPLEK PURI TAMAN SARI BLOK D.2/10 RT 005 RW 012, KASSI-KASSI",7371031004,Aktif,10,7371031,Rappocini
2830899,ANNISA BERKAH MANDIRI,MINASA UPA 2 PERUMAHAN MINASA INDAH RESIDENCE,7371031001,Aktif,10,7371031,Rappocini
2832296,LEMBAGA IDEA CITA,"KOMPLEK PERMATA HIJAU PERMAI BLOK B/8, KASSI-KASSI",7371031004,Aktif,10,7371031,Rappocini
2836348,KARYA PERDANA KONSTRUKSINDO,JL AROEPALA PERUM BELMONT RESIDENCE,7371031004,Aktif,10,7371031,Rappocini
2836752,WIJA VIRGO,"JL LANDAK BARU NO 94B RT 006 RW 003, BANTA-BANTAENG",7371031007,Aktif,10,7371031,Rappocini
2836869,INAS MURADHA,"BTN MINASA UPA BLOK H4/8 RT.001 RW.002, GUNUNG SARI",7371031001,Aktif,10,7371031,Rappocini
2837515,NATIRO NITA,JL SUNGAI SADDANG BARU LR MU'MIN,7371031010,Aktif,10,7371031,Rappocini
2837550,POMA MINERAL SEJAHTERA,JL. SUNGAI SADDANG BARU,7371031010,Aktif,10,7371031,Rappocini
2837791,MEDIC ENGINEERING,BTN MINASA UPA,7371031001,Aktif,10,7371031,Rappocini
2838707,BINTANG 85 MEDIA,KOMP BTN MINASA UPA,7371031,Aktif,7,7371031,Rappocini
2839652,TRIBOX MEDIA UTAMA,JL MONGINSIDI BARU,7371031009,Aktif,10,7371031,Rappocini
2839777,NEW ARRIVAL PRODUCTION,BTN MINASA UPA,7371031,Aktif,7,7371031,Rappocini
2840285,YAFIE UTAMA SEJAHTERA SENTOSA,JL BUMI 8 BLOK,7371031001,Aktif,10,7371031,Rappocini
2840291,REZA KARYA PEMBANGUNAN,PERUMAHAN BTN MINASA UPA,7371031001,Aktif,10,7371031,Rappocini
2840442,SUARA MERCURIUS KENCANA,JL. PENGAYOMAN TPS.IV NO.5 RT/RW 003/003,7371031008,Aktif,10,7371031,Rappocini
2840952,COLDAIR INDONESIA,JL AP PETTARANI RUKO NEW ZAMRUD,7371031008,Aktif,10,7371031,Rappocini
2840954,BISANTA BINTANG PRIMA,BTN. MANGASA,7371031001,Aktif,10,7371031,Rappocini
2841041,INFRASTRUKTUR GENERAL ABADI,JL LANDAK BARU LR 3,7371031007,Aktif,10,7371031,Rappocini
2841386,REVAYAH PERDANA JAYA,JL BONTO DG NGIRATE,7371031005,Aktif,10,7371031,Rappocini
2842591,FAKIH AYURA,"KOMP IBB JL.TEDUH BERSINAR BLOK Q NO.14, GUNUNG SARI",7371031001,Aktif,10,7371031,Rappocini
2842679,MATRA DESAIN,JL SUNGAI SADDANG BARU,7371031001,Aktif,10,7371031,Rappocini
2843280,VIFA DIGITAL PRO,PELITA RAYA,7371031010,Aktif,10,7371031,Rappocini
2843327,NOOR RAFI AYADI,KOMP BTN MINASA UPA BLOK,7371031001,Aktif,10,7371031,Rappocini
2844555,BAKRI JAYA PROPERTINDO,JALAN AROEPALA RUKO PDGI NO. 6 DEPAN SEKOLAH AL AZHAR,7371031001,Aktif,10,7371031,Rappocini
2844608,UNIVERSITAS MUHAMMADIYAH MAKASSAR,JL. TALASALAPANG,7371031001,Aktif,10,7371031,Rappocini
2844828,CHAMSIAH/TK ISLAM UMINDA,JL TALASALAPANG,7371031001,Aktif,10,7371031,Rappocini
2845440,LEMBAGA BIMBINGAN BELAJAR MASTER EDUKASI INDONESIA,JL MAKKIOBAJI III,7371031001,Aktif,10,7371031,Rappocini
2845762,TRITUNGGAL,"JL.RAPPOCINI RAYA CITRA GRIYATAMA BLK.B NO.9 RT.0 RW. 0, RAPPOCINI",7371031009,Aktif,10,7371031,Rappocini
2846258,RUMAH INDAH,JL SULTAN ALAUDDIN AL AZHAR I,7371031001,Aktif,10,7371031,Rappocini
2846938,TRITASJAYA,JL BANTA-BANTAENG LR.8,7371031007,Aktif,10,7371031,Rappocini
2847186,BUNGA DAENG,JL BANTA-BANTAENG,7371031007,Aktif,10,7371031,Rappocini
2848134,REZKY UTAMA,"KOMP.PEMDA BLOK.Y 2/1 RT.006 RW.015, GUNUNG SARI",7371031001,Aktif,10,7371031,Rappocini
2848789,UWENA PATI RANGGA,JL YUSUF DG NGAWING LR 1,7371031006,Aktif,10,7371031,Rappocini
2849245,NUANSA KARYA,BTN MINASA UPA,7371031,Aktif,7,7371031,Rappocini
2849314,RINI LORENZA KAMBEY,JL. HERTASNING,7371031006,Aktif,10,7371031,Rappocini
2849435,RAMAYANA LESTARI SENTOSA TBK,JL P. KEMERDEKAAN GEDUNG MAKASSAR TOWN SQUARE,7371031009,Aktif,10,7371031,Rappocini
2849718,STAR UPA INDO,KOMPLEKS MANGASA PERMAI BLOK V NO. 6,7371031001,Aktif,10,7371031,Rappocini
2850212,CV ARDAZZ ABDI UTAMA,"JL BERINGIN V NO 13 RT.004 RW.010, KASSI-KASSI",7371031004,Aktif,10,7371031,Rappocini
2852195,RIA AGRI JAYA,"JL.BUAKANA A.5, BUAKANA",7371031008,Aktif,10,7371031,Rappocini
2852523,FUAD JAYA PERKASA,JL BTN MINASA UPA KOMP. PDGI,7371031,Aktif,7,7371031,Rappocini
2853000,CELEBES GLOBAL ENERGY,KOMP BTN MINASA UPA BLOK,7371031001,Aktif,10,7371031,Rappocini
2853040,PENDIDIKAN AIMSKILFUL INDONESIA,JL TIDUNG 7 STP 10,7371031003,Aktif,10,7371031,Rappocini
2853111,RUMAH KOKI CATERING,RAYA PENDIDIKAN,7371031006,Aktif,10,7371031,Rappocini
2853727,RAKYAT SULAWESI SELATAN INTERMEDIA,"JL HERTASNING RAYA NO 54, TIDUNG",7371031006,Aktif,10,7371031,Rappocini
2853920,PELITA TANJUNG SEHATI,JALAN PENDIDIKAN PERUMAHAN GRIYA AYU MAS B10,7371031001,Aktif,10,7371031,Rappocini
2854933,SOLAGRACIA QUARY SEJATI,"KOMP BTN MINASA UPA BLOK E NO 1 RT.001 RW.006, GUNUNG SARI",7371031001,Aktif,10,7371031,Rappocini
2855265,RADJA IDEA KOMUNIKA,"AROEPALA RUKO PDGI, HERTASNING BARU",7371031,Aktif,7,7371031,Rappocini
2856513,SELATAN ABADI JAYA,JL RAPPOCINI RAYA KOMP CITRA GRIYATAMA ESTATE,7371031008,Aktif,10,7371031,Rappocini
2857034,KARYA BUANA,"JL.KARUNRUNG RAYA 4 NO.6 RT.004 RW.001, KARUNRUNG",7371031002,Aktif,10,7371031,Rappocini
2857420,MULTICIPTA ADHIRANCANA KONSULTAN,JL RSI FAISAL VI,7371031007,Aktif,10,7371031,Rappocini
2857421,JUHAR MULTI CAKRAWALA,"KOMPLEKS GRAHA LESTARI BLOK A6/27, KASSI-KASSI",7371031004,Aktif,10,7371031,Rappocini
2857602,DESIGN STRUKTUR CONSULTAN,JL RAPPOCINI RAYA LR. 6A,7371031009,Aktif,10,7371031,Rappocini
2857621,TIGA PERSADA MANAJEMEN,JL MINASA UPA RAYA BTN MINASA UPA,7371031001,Aktif,10,7371031,Rappocini
2857725,SANDY SAPUTRA,JL JIPANG RAYA,7371031002,Aktif,10,7371031,Rappocini
2857951,HS.CONSULTANT,JL KARUNRUNG RAYA V,7371031002,Aktif,10,7371031,Rappocini
2858239,MUSDALIFAH HATIB,JL. LANDAK BARU,7371031007,Aktif,10,7371031,Rappocini
2858999,THIRFA MEDINA MANDIRI,BUMI BOSOWA INDAH BLOK R NOMOR 23,7371031001,Aktif,10,7371031,Rappocini
2859474,MULTI GUNA ABADI,"KOMPLEK PURI TAMAN SARI BLOK E2 NO 02 JL TODDOPULI RT.004 RW.012, KASSI-KASSI",7371031004,Aktif,10,7371031,Rappocini
2859808,BOOMING JAYA ABADI,JL AP PETTARANI,7371031008,Aktif,10,7371031,Rappocini
2860388,SAJITA PERDANA,"JL.BTN.MANGASA PERMAI BLOK.M/1 RT.004 RW.019, GUNUNG SARI",7371031001,Aktif,10,7371031,Rappocini
2861710,KARUNIA SEGAR TIGA,"JL. TAMALATE 1 (SAMPING MASJID NURUL MUJTAHIDAH) KEL. MAPPALA KEC. RAPPOCINI KOTA MAKASSAR, SULAWESI SELATAN 9222",7371031003,Aktif,10,7371031,Rappocini
2862670,YASA INTI KONSULTAN,JL ST ALAUDDIN KOMP. PERMATA SARI III,7371031001,Aktif,10,7371031,Rappocini
2862726,CELEBES JAYA PUTRI,JL  WIJAYA KUSUMA I,7371031007,Aktif,10,7371031,Rappocini
2863716,JO PT MAKMUR JAYA EMULSI & PT IZZA SARANA KARSA,JL RAYA PENDIDIKAN KOMP BALLA PANAKKUKANG BLOK,7371031006,Aktif,10,7371031,Rappocini
2863815,INTI ABADI,JL TALA SALAPANG,7371031001,Aktif,10,7371031,Rappocini
2864284,HANUM SEJAHTERA,"JL. SKARDA N BTN MANGASA PERMAI BLOK U/3 RT 003 RW 019, GUNUNG SARI",7371031001,Aktif,10,7371031,Rappocini
2864488,RATU LINGGA JAYA,JL HERTASNING BARU KOMP. ANGING MAMMIRI BLOK,7371031002,Aktif,10,7371031,Rappocini
2864889,MEDIA SIPADUPA PROMOSINDO,"A.P PETTARANI, CLARO HOTEL MAKASSAR LANTAI 6",7371031001,Aktif,10,7371031,Rappocini
2865783,FAJAR HIJAU LESTARI,JL HERTASNING RAYA,7371031006,Aktif,10,7371031,Rappocini
2865868,DUA SEMBILAN,"JL MONGINSIDI BARU NO 77 RT.006 RW.005, BALLA PARANG",7371031010,Aktif,10,7371031,Rappocini
2866167,REZKI UTAMA,"KOMP. KESEHATAN BANTA-BANTAENG NO A 32 RT 013 RW 001, BANTA-BANTAENG",7371031007,Aktif,10,7371031,Rappocini
2866524,MUTIARA REJEKI NUSANTARA,JL MAPALA,7371031006,Aktif,10,7371031,Rappocini
2866966,PERKUMPULAN SEKOLAH LEGISLATIF INDONESIA (SLI),JL RSI FAISAL XIV,7371031007,Aktif,10,7371031,Rappocini
2867763,AMELIA RESKI CATERING,TODDOPULI VI KOMP. PURI TAMAN SARI,7371031004,Aktif,10,7371031,Rappocini
2869187,FERISH FUTURE INTERNATIONAL,JL SUNGAI SADDANG BARU,7371031010,Aktif,10,7371031,Rappocini
2870092,EMAS CAHAYA ENERGI,ANGING MAMMIRI RESIDENCE BLOK B.1 NOMOR 2,7371031004,Aktif,10,7371031,Rappocini
2870107,NUR RESKI,BTN MINASA UPA BLOK,7371031,Aktif,7,7371031,Rappocini
2870167,LEMBAGA PEDULI SOSIAL MAKASSAR,KOMP MANGASA VILLAGE KAV,7371031001,Aktif,10,7371031,Rappocini
2870205,NURZA JAYA,"JL TAMALATE V STP 7 NO 37 RT 003 RW 002, KASSI-KASSI",7371031004,Aktif,10,7371031,Rappocini
2870370,CHATRA PERDANA MANDIRI,KOMP GRIYA MINASA SARI 2,7371031001,Aktif,10,7371031,Rappocini
2871355,MAHA MULTI,JL RAYA PENDIDIKAN,7371031006,Aktif,10,7371031,Rappocini
2871510,IAN CLEAN CEMERLANG,JL BONTOCINDE,7371031008,Aktif,10,7371031,Rappocini
2871621,MUHAMMAD FADLY,"JL.HERTASNING III NO.3 RT.000 RW.000, TIDUNG",7371031006,Aktif,10,7371031,Rappocini
2871826,TAT TWAN ASI (KANWIL DEPSOS)SULAWESI SELATAN,JL AP.PETTARANI,7371031008,Aktif,10,7371031,Rappocini
2871958,ATREEK ANUGRAH KENCANA,JL NIKEL I,7371031010,Aktif,10,7371031,Rappocini
2872218,COCONUT BERKARYA,JALAN MONUMEN EMMY SAELAN III NO 70,7371031002,Aktif,10,7371031,Rappocini
2873122,LEMBAGA PENGEMBANGAN ANAK USIA DINI KHALIFAH 47,"KOMPLEK PEMDA BLOK G1/5 JL TALASALAPANG 2 RT.005 RW.015, GUNUNG SARI",7371031001,Aktif,10,7371031,Rappocini
2873311,YAYASAN ARRAHMANARRAHIM,"JL TODDOPULI 1 STP 10/11 RT.001 RW.007, KASSI-KASSI",7371031004,Aktif,10,7371031,Rappocini
2873662,PAUD MESJID AL-MUSLIMUN,JL PELITA III LR 2,7371031008,Aktif,10,7371031,Rappocini
2876015,JAYA BAROKAH TEKNIK,JALAN HERTASNING TIMUR NO.6,7371031004,Aktif,10,7371031,Rappocini
2877321,KJPP SUGIANTO PRASODJO DAN REKAN,JL RSI FAISAL XII,7371031007,Aktif,10,7371031,Rappocini
2877406,PROGRAM STUDI ILMU PEMERINTAHAN S1 UNISMUH MAKASSAR,JL. SULTAN ALAUDDIN,7371031001,Aktif,10,7371031,Rappocini
2877523,MULTI KARYA ABADI,"BTN BOSOWA PERMAI BLOK B0/12 RT.004 RW.026, GUNUNG SARI",7371031001,Aktif,10,7371031,Rappocini
2878296,JOKKAJOKKA,JL ANDI DJEMMA (EX LANDAK BARU),7371031007,Aktif,10,7371031,Rappocini
2878591,BHAKTI SRI LESTARI,JALAN SULTAN ALAUDDIN KOMPLEKS RUKO PERMATA SARI NOMOR 33,7371031001,Aktif,10,7371031,Rappocini
2879549,CIPTA ABADI,"KOMP.KODAM GUNUNG SARI NO.6, GUNUNG SARI",7371031001,Aktif,10,7371031,Rappocini
2880707,ALI IMRAN,JL. WIJAYA KUSUMA,7371031007,Aktif,10,7371031,Rappocini
2881232,MATA ANGIN,JL RAPPOCINI RAYA LR.5,7371031009,Aktif,10,7371031,Rappocini
2881879,LEMBAGA PEMBERDAYAAN RAKYAT NUSANTARA (L.PERAN),"KOMP.P & K BLOK O NO.4 MAKASSAR RT.000 RW.000, GUNUNG SARI",7371031001,Aktif,10,7371031,Rappocini
2883233,ANUGRAH JAYA SENTOSA,JL AP PETTARANI,7371031006,Aktif,10,7371031,Rappocini
2883527,GHAZI ORION LOGISTIK,JL CILALANG JAYA 1 BLOK,7371031008,Aktif,10,7371031,Rappocini
2883675,ANALEXA COOPERATION,JL TAMALATE II,7371031003,Aktif,10,7371031,Rappocini
2884306,SAWERIGADING INTERNASIONAL GROUP,JL SULTAN ALAUDDIN KOMP BPH RUKO II,7371031001,Aktif,10,7371031,Rappocini
2884767,AGRO BINA LESTARI,JL TEDUH BERSINAR KOMP BOSOWA INDAH,7371031001,Aktif,10,7371031,Rappocini
2884925,POLEBOJA,MAPPALA II,7371031006,Aktif,10,7371031,Rappocini
2885073,TRILOGY CONSULTANT,BTN MINASA UPA,7371031001,Aktif,10,7371031,Rappocini
2886367,KIWAL GARUDA HITAM,JL AP PETTARANI KOMPLEKS RUKO NEW ZAMRUD,7371031008,Aktif,10,7371031,Rappocini
2886467,PROTEKNIK ABADI,"HERTASNING BARU, AROEPALA, PERUMAHAN ANGING MAMIRI",7371031002,Aktif,10,7371031,Rappocini
2887059,LEMBAGA SERTIFIKASI KOMPETENSI PENGELOLA LEMBAGA KURSUS DAN PELATIHAN CABANG TUK-PLKP SUL-SEL,JL AROEPALA KOMP PERMATA HIJAU LESTARI BLOK,7371031004,Aktif,10,7371031,Rappocini
2888147,PATRA 15,PERUM PERMATA HIJAU PERMAI BLOK,7371031004,Aktif,10,7371031,Rappocini
2888486,SINAR AMALY PRATAMA,JL AP PETTARANI,7371031008,Aktif,10,7371031,Rappocini
2888495,DIAS KONSULTAN,JL. RSI FAISAL RAYA BLOK B.25 C NO.6 RT/RW 009/002,7371031007,Aktif,10,7371031,Rappocini
2891412,GASINDO TEKNIK,JL SYECH YUSUF LR 2,7371031001,Aktif,10,7371031,Rappocini
2891798,SMA CELEBES GLOBAL SCHOOL,JL TALASALAPANG,7371031002,Aktif,10,7371031,Rappocini
2893664,MAKASSAR GOWA MAROS JAYA,JL HERTASNING IX,7371031006,Aktif,10,7371031,Rappocini
2893748,SENTRADESAIN KONSULTAN,JL HERTASNING BARAT 4 BLOK,7371031005,Aktif,10,7371031,Rappocini
2893781,ASA KARYA,JL KOMP GRIYA MINASA SARI,7371031001,Aktif,10,7371031,Rappocini
2894171,SULAWESI GRAHA SEJAHTERA,JL PELITA RAYA VI NO 8 RT 000 RW 000 BUAKANA,7371031008,Aktif,10,7371031,Rappocini
2894489,MITRA MAKASSAR,BUAKANA KOMP.PALM CRYSTAL B/6,7371031008,Aktif,10,7371031,Rappocini
2895132,NAYLA CANTIKA JAYA,JL AROEPALA HERTASNING BARU,7371031004,Aktif,10,7371031,Rappocini
2895885,PUANG SALSAVIRA,JL AROEPALA HERTASNING BARU,7371031004,Aktif,10,7371031,Rappocini
2896570,SD BERBANTUAN MUHAMMADIYAH RAPPOCINI,JL. RAPPOCINI RAYA,7371031009,Aktif,10,7371031,Rappocini
2897313,BALANIPA PROPERTY,JL MINASA UPA RAYA BLOK,7371031001,Aktif,10,7371031,Rappocini
2897364,KARAENG POLONGBANGKENG,JL PERMATA SARI PS IV,7371031001,Aktif,10,7371031,Rappocini
2897620,DELIMA,"JL RSI FAISAL XV NO 31 R RT 006 RW 006, BANTA-BANTAENG",7371031007,Aktif,10,7371031,Rappocini
2897701,ANAK SEHAT MAKASSAR INDONESIA ( YASMIN ),"JL.HERTASNING RAYA NO.100, BONTO MAKKIO",7371031005,Aktif,10,7371031,Rappocini
2901302,BUMI GRIYA MUTIARA,JL M. E SAELAN MONUMEN MUTIARA TOWN HOUSE,7371031001,Aktif,10,7371031,Rappocini
2901427,CELEBES PRATAMA KONSULTAN,JL AROEPALA (HALMIN RESIDENCE),7371031003,Aktif,10,7371031,Rappocini
2902684,AZARDHAN KAMAL,JALAN TIDUNG MARIOLO I/25 B,7371031006,Aktif,10,7371031,Rappocini
2903427,DERMAH KARYA INSANI,JL TALASALAPANG IV,7371031002,Aktif,10,7371031,Rappocini
2904289,RUDHIO DWIPUTRA,KOMPLEK REGENCY JL PELITA RAYA II,7371031008,Aktif,10,7371031,Rappocini
2905507,PT. SOLUSI AMAN PRATAMA,JL. AROEPALA,7371031004,Aktif,10,7371031,Rappocini
2905980,ARYA,KOMP KODAM KATANGKA,7371031001,Aktif,10,7371031,Rappocini
2906384,PUSAT PENDIDIKAN AL-QUR'AN,JL TIDUNG MARIOLO,7371031006,Aktif,10,7371031,Rappocini
2906585,SARANA USAHA SEJAHTERA INSANPALAPA,JL AP.PETTARANI,7371031001,Aktif,10,7371031,Rappocini
2907535,MADANI JAYA ABADI,JL KARUNRUNG RAYA,7371031002,Aktif,10,7371031,Rappocini
2908080,KKG-RA KEC.RAPPOCINI VII,BTN MINASA UPA,7371031,Aktif,7,7371031,Rappocini
2909536,NUR RASULI,BTN MINASA UPA BLOK N2,7371031001,Aktif,10,7371031,Rappocini
2909573,KARYA BUMI SULAWESI,JALAN JIPANG RAYA KOMP BUMI PALEM,7371031001,Aktif,10,7371031,Rappocini
2910511,RAISA MINERAL INDONESIA,KOMPLEKS AGRARIA BLOK A NO.15,7371031002,Aktif,10,7371031,Rappocini
2911054,SURYA MART,"JL.M.EMMY SAELAN NO.25A, GUNUNG SARI",7371031001,Aktif,10,7371031,Rappocini
2911075,MINA TIMUR INDONESIA,"TAMALTE II STP.I/JL.TIDUNG VI STP.I NO.17, MAPPALA",7371031003,Aktif,10,7371031,Rappocini
2911952,DISTAKA PRIMA JAYA,JL JIPANG RAYA IV,7371031002,Aktif,10,7371031,Rappocini
2912238,CIPUTRA VICTORY MITRA,JL A P PETTARANI,7371031008,Aktif,10,7371031,Rappocini
2913109,TOYS GAMES INDONESIA,JL ANDI PANGERAN PETTARANI LANTAI 1,7371031006,Aktif,10,7371031,Rappocini
2914893,KARYACIPTA,BUMI PERMATA HIJAU LESTARI,7371031004,Aktif,10,7371031,Rappocini
2916363,MANDALIKA ERU RINDANG,JL PELITA RAYA KOMPLEKS BTN TIMURAMA,7371031010,Aktif,10,7371031,Rappocini
2916618,JAZ GLOBAL,JL HERTASNING BARU KOMP. ANGING MAMMIRI RESIDENCE,7371031002,Aktif,10,7371031,Rappocini
2916917,ASMI MANDIRI SEJAHTERA,JL. MINASA KARYA,7371031002,Aktif,10,7371031,Rappocini
2922219,BERKAT MENARA INTI,MONGISIDI BARU KOMP PURI MUTIARA,7371031009,Aktif,10,7371031,Rappocini
2922652,MARANNU MEGAH COSMETIK,"PALM RAYA, PERMATA HIJAU",7371031004,Aktif,10,7371031,Rappocini
2923496,VERTIKAL HORIZON ENGINEERING,JL KOMP P&K,7371031001,Aktif,10,7371031,Rappocini
2924143,WS NUSANTARA,"JL HERTASNING V NO 11 RT 003 RW 006, TIDUNG",7371031006,Aktif,10,7371031,Rappocini
2925347,TRI LINGKAR PERKASA,"JL SKARDA N M PERMAI BLOK X/1 RT 009 RW 019, GUNUNG SARI",7371031001,Aktif,10,7371031,Rappocini
2926729,REZPA CONSULTANT,JL PERMATA HIJAU LESTARI,7371031004,Aktif,10,7371031,Rappocini
2926780,NIFIRA WAHANA INJINEERING,JL. HERTASNING VIII,7371031006,Aktif,10,7371031,Rappocini
2926861,MULTI SARANA INDOTANI,JL BONTOLANRA,7371031007,Aktif,10,7371031,Rappocini
2927116,POINT PLAN ENGINEERING,JL BONTOTANGNGA,7371031002,Aktif,10,7371031,Rappocini
2928196,IKATAN SARJANA ASAL SIDRAP,TUN ABDUL RAZAK (HERTASNING BARU) MAKASSAR,7371031009,Aktif,10,7371031,Rappocini
2928249,TANINDO INTERTRACO,JL BONTO LANRA,7371031007,Aktif,10,7371031,Rappocini
2929254,PUPUK KALIMANTAN TIMUR,"JL.AP.PETTARANI KOMP.GEDUNG PUSRI, BIRA",7371031008,Aktif,10,7371031,Rappocini
2929309,TK RAHMAH,JL AP PETTARANI KOMP PEMDA,7371031006,Aktif,10,7371031,Rappocini
2929489,KITA INDONESIA PROJECT,KOMP BTN MINASA UPA,7371031,Aktif,7,7371031,Rappocini
2930087,KATANA GLOBAL INDONESIA,JALAN PENDIDIKAN KOMPLEKS GRIYA AYU MAS BLK A/10,7371031006,Aktif,10,7371031,Rappocini
2930558,ARYA SEJAHTERA,"JL.TIDUNG IV BLOK 16 STP.X NO.115 RT.001 RW.004, BONTO MAKKIO",7371031005,Aktif,10,7371031,Rappocini
2930776,POLEBOJA KARYA PERDANA,JL MAPPALA II,7371031006,Aktif,10,7371031,Rappocini
2931430,KELOMPOK PEMUDA KREATIF MALABBIRI,MINASA UPA,7371031,Aktif,7,7371031,Rappocini
2931491,CITRA KAPALO,KOMP. SKARDA,7371031001,Aktif,10,7371031,Rappocini
2931559,BIZKID INDONESIA,JL TIDUNG 7 STP 10,7371031003,Aktif,10,7371031,Rappocini
2931968,YOTTA BERKAH MULIA,JL TAMALATE 1,7371031005,Aktif,10,7371031,Rappocini
2932743,CV. AZKA NADHIFAH LABORATORIUM,WIJAYA KUSUMA RAYA,7371031007,Aktif,10,7371031,Rappocini
2933899,HUBARIO,"JL TALASALAPANG 2, PERUM MANGASA VILLAGE",7371031001,Aktif,10,7371031,Rappocini
2934023,TATAP KREATIF INDONESIA,JL. JIPANG RAYA,7371031002,Aktif,10,7371031,Rappocini
2936017,FORUM SIPAKATAU BERBAGI,BUAKANA,7371031008,Aktif,10,7371031,Rappocini
2936273,PAUD BABUL JANNAH,JL RAPPOCINI RAYA LR 3,7371031009,Aktif,10,7371031,Rappocini
2936348,TIGA SAHABAT BERJAYA,JL. YUSUF DG NGAWING,7371031006,Aktif,10,7371031,Rappocini
2936426,VISUAL ENTERPRENEUR DEVELOPMENT,BTN MINASA UPA,7371031001,Aktif,10,7371031,Rappocini
2936770,VIRSANINDO ARUNG MANDIRI,JL HERTASNING KOMP GRIYA BLOK,7371031005,Aktif,10,7371031,Rappocini
2937226,NEGARA HUKUM ASSOCIATES,BORONG INDAH 10,7371031004,Aktif,10,7371031,Rappocini
2938926,FITRA MANDIRI PERSADA,BANTA BANTAENG,7371031007,Aktif,10,7371031,Rappocini
2939412,LEMBAGA PEDULI MASYARAKAT SIAMMASEI MAKASSAR,BTN MINASA UPA BLOK,7371031001,Aktif,10,7371031,Rappocini
2940743,MHI ISTIQOMAH PUTRA,JL SKARDA N 2,7371031001,Aktif,10,7371031,Rappocini
2941209,PUTRA TIMUR GEMILANG,JL AP PETTARANI KOMP RUKO BISNIS CENTRE,7371031008,Aktif,10,7371031,Rappocini
2942026,SEMENTO PRATAMA,JL AP PETTARANI,7371031007,Aktif,10,7371031,Rappocini
2943464,SAHARA ENGINEERING,JL MONUMEN EMMY SAELAN KOMPLEKS P & K,7371031001,Aktif,10,7371031,Rappocini
2943866,CIPTAKARYA MANDIRI INDONESIA,JL TALASALAPANG KOMP GRAHA ASRI,7371031001,Aktif,10,7371031,Rappocini
2944059,AZKA BANGUN RANCANA,JL MONUMEN EMMY SAELAN III,7371031006,Aktif,10,7371031,Rappocini
2944183,MITRA MANDIRI USAHA,BTN MINASA UPA BLOK,7371031001,Aktif,10,7371031,Rappocini
2944846,SAINAB TOUR AND TRAVEL,KOMP PERMATA SARI RUKO 12,7371031001,Aktif,10,7371031,Rappocini
2945365,LEMBAGA FASCO INDONESIA,KOMP BTN MINASA UPA,7371031002,Aktif,10,7371031,Rappocini
2945502,ARKHAER BAHTERA MOBILINDO,JL AROEPALA KOMP HARMONI,7371031003,Aktif,10,7371031,Rappocini
2945716,HEXA MULIA CENDEKIA,JL RS FAISAL PERKANTORAN,7371031007,Aktif,10,7371031,Rappocini
2945806,ARI CIPUTRA,JL PAKIS,7371031004,Aktif,10,7371031,Rappocini
2946450,DJALALUDDIN MULBAR,"JL.TAMALATE 2 BLOK 9 NO.88 RT.001 RW.011, MAPPALA",7371031003,Aktif,10,7371031,Rappocini
2946590,LAW FIRM ABDUL MUTTALIB AND PARTNERS,JL LANDAK BARU LR 7,7371031007,Aktif,10,7371031,Rappocini
2947310,KINANTI,"KOMP PU JENEBERANG JL.SUNGAI JENELATA 3, RT. 001 RW 005, KARUNRUNG",7371031002,Aktif,10,7371031,Rappocini
2947472,FIKRAN,"JL.TODDOPULI VI BORONG INDAH NO.7, KASSI-KASSI",7371031004,Aktif,10,7371031,Rappocini
2947710,PATANI INDONESIA,JL PELITA V,7371031008,Aktif,10,7371031,Rappocini
2947934,MEDIA PUSTAKA,JL RS FAISAL XII,7371031007,Aktif,10,7371031,Rappocini
2948450,ARTHAASIA FINANCE,JL SULTAN ALAUDDIN RUKO ALAUDDIN PLAZA BA 20,7371031001,Aktif,10,7371031,Rappocini
2948491,ISYANA KARYA GEMILANG,JL HERTASNING BARAT II KOMPLEK GPI,7371031005,Aktif,10,7371031,Rappocini
2949141,AGANTA,BTN MINASA UPA,7371031,Aktif,7,7371031,Rappocini
2950741,RESOTA,JL HERTASNING BLOK E16,7371031006,Aktif,10,7371031,Rappocini
2950838,AURAMA KARYA KONSULTAN,JL KOMP. PERMATA HIJAU PERMAI,7371031004,Aktif,10,7371031,Rappocini
2951209,CV. ADHIPUTERI,JALAN RAYA PENDIDIKAN KOMP. ROYAL,7371031006,Aktif,10,7371031,Rappocini
2951918,GUCI EMAS PRATAMA,JL TAMALATE VII,7371031003,Aktif,10,7371031,Rappocini
2952880,POROS TRINERGI TEKNIK,RUKO ZAMRUD,7371031008,Aktif,10,7371031,Rappocini
2953063,KARYA 21,"JL RAPPOCINI RAYA 5 NO 8 RT 005 RW 001, RAPPOCINI",7371031009,Aktif,10,7371031,Rappocini
2953268,DUA APRIL,JL HERTASNING VI,7371031006,Aktif,10,7371031,Rappocini
2954458,SANJAYA PRATAMA,JL MON EMMY SAELAN LR 5,7371031006,Aktif,10,7371031,Rappocini
2954799,TITANIUM MANDIRI SEJAHTERA,"JL TIDUNG VIII STP 7 NO 54 RT 002 RW 008, MAPPALA",7371031003,Aktif,10,7371031,Rappocini
2955601,MURNI ABADI JAYA,JL RSI FAISAL RAYA 1,7371031007,Aktif,10,7371031,Rappocini
2955991,ANFI MAJU BERSAMA,JL TIDUNG 8 STP 2,7371031003,Aktif,10,7371031,Rappocini
2956545,ENERGI KREATIVITAS RAKYAT INDONESIA,JALAN NIKEL 1 BLOK A - 22 NOMOR 26 A,7371031010,Aktif,10,7371031,Rappocini
2957079,PURNAMUDA MANDIRI,JL TODDOPULI 1 STP 5,7371031004,Aktif,10,7371031,Rappocini
2958416,HIDAYAH ANUGERAH,JL MONUMEN EMMY SAELAN III KOMP GRIYA MULYA ASRI RUKO BLOK,7371031002,Aktif,10,7371031,Rappocini
2958627,PURITA LAKSANA,JL. CILALLANG JAYA,7371031008,Aktif,10,7371031,Rappocini
2958969,SURVEYOR INDONESIA (PERSERO),JL HERTASNING RAYA KOMPLEK PALM MAS,7371031008,Aktif,10,7371031,Rappocini
2959913,PERSADA PRATAMA,"JL RAYA PENDIDIKAN BLOK G3/17C RT.003 RW.004, TIDUNG",7371031006,Aktif,10,7371031,Rappocini
2960641,YUSRIL MANDIRI JAYA,JL TODDOPULI 6 PURI TAMAN SARI,7371031004,Aktif,10,7371031,Rappocini
2960682,DIAN TIARA LESTARI,"JL.TAMALATE VI STP.5 NO.317 RT.005 RW.003, KASSI-KASSI",7371031004,Aktif,10,7371031,Rappocini
2960754,TRISKA WIDYA TAMA,"JL.PERUM PURI TAMAN SARI BLOK E.1/1 RT.005 RW.012, KASSI-KASSI",7371031004,Aktif,10,7371031,Rappocini
2960806,KARYA MANDIRI,JL HERTASNING BARU PERUM GOSENG INDAH,7371031001,Aktif,10,7371031,Rappocini
2961695,WIDYAH MITRA KONSULTAN,"JL.BUNG NO.7/9, TAMALANREA JAYA",7371031006,Aktif,10,7371031,Rappocini
2961817,KARYA AQILA UTAMA,JL BUAKANA RAYA,7371031008,Aktif,10,7371031,Rappocini
2961895,ASIA POWER ENJINIIRING,JL AP PETTARANI,7371031006,Aktif,10,7371031,Rappocini
2962629,HAMDANA SUKSES SEJATI,BTN MINASA UPA,7371031001,Aktif,10,7371031,Rappocini
2962868,AZ-ZAHRA RAJA RENOY,JL TIDUNG 7,7371031003,Aktif,10,7371031,Rappocini
2963690,MENARA GUNUNG SARI,JL MONGINSIDI BARU,7371031010,Aktif,10,7371031,Rappocini
2963720,MHI,JL. SKARDA N2,7371031001,Aktif,10,7371031,Rappocini
2964007,RAZVAN BANGUNINDO,JL HERTASNING BARAT 2 KOMP GRIYA PANAKKUKANG NDAH,7371031005,Aktif,10,7371031,Rappocini
2964214,DWI MANDIRI SEJAHTERA,JL RSI FAISAL VIII,7371031007,Aktif,10,7371031,Rappocini
2964541,ANDHIKA PUTRA,KOMP IKIP,7371031006,Aktif,10,7371031,Rappocini
2964623,SAKA JAVINDO,"JL.RSI FAISAL XIV NO.23A, BANTA-BANTAENG",7371031007,Aktif,10,7371031,Rappocini
2964785,PUTRA RAHIM,BTN MINASA UPA BLOK,7371031001,Aktif,10,7371031,Rappocini
2967606,TONGGAK SANITASI INDONESIA,KOMPLEK BTN MINASA UPA,7371031001,Aktif,10,7371031,Rappocini
2968019,KARYA TEDUH BERSINAR,JL TEDUH BERSINAR LAGOOSI HOME,7371031001,Aktif,10,7371031,Rappocini
2969285,AMIRAH UTAMA,JL WIJAYA KUSUMA I,7371031007,Aktif,10,7371031,Rappocini
2969459,MULTI JAYA AINUN,JL.WIJAYA KUSUMA KOMPLEKS KESEHATAN BANTA BANTAENG,7371031007,Aktif,10,7371031,Rappocini
2969812,MARTIN POTARU TECH,"BTN MINASA UPA BLOK G 3 NMR 19, KEL. MINASA UPA, KEC. RAPPOCINI",7371031005,Aktif,10,7371031,Rappocini
2970349,RAKA,JL HERTASNING BARU KOMP PDGI,7371031,Aktif,7,7371031,Rappocini
2970697,ANDALAN ARTHALESTARI,JL A.P.PETTARANI,7371031006,Aktif,10,7371031,Rappocini
2971025,BERKAH DODI JAYA,JL. TIDUNG 9 NO. 106,7371031003,Aktif,10,7371031,Rappocini
2973468,BUMI REZKITA,JL SULTAN ALAUDDIN BPH BUMI 19,7371031001,Aktif,10,7371031,Rappocini
2973693,PUNCAK GUNUNG BERLIAN,JL JIPANG RAYA RUKO VILLA MEGA SARI,7371031002,Aktif,10,7371031,Rappocini
2973759,CAHAYA PRINT,JL SUNGAI SADDANG BARU LR 10,7371031010,Aktif,10,7371031,Rappocini
2974312,KAISAR GRUP,JL MINASA UPA,7371031001,Aktif,10,7371031,Rappocini
2975504,SULAWESI MITRA MANDIRI,JL JIPANG RAYA VILLA MEGASARI BLOK,7371031001,Aktif,10,7371031,Rappocini
2975602,FAMCOM ABADI,JL JIPANG RAYA KOMP VILLA MEGASARI,7371031001,Aktif,10,7371031,Rappocini
2975787,GRAHA ANDHIKA PRATAMA,JL RS ISLAM FAISAL 5,7371031007,Aktif,10,7371031,Rappocini
2976995,LESTARI JAYA,JL.TAMALATE I,7371031004,Aktif,10,7371031,Rappocini
2979010,SEBELAS DIGIT INDONESIA,JL ANDI DJEMMA,7371031007,Aktif,10,7371031,Rappocini
2979585,BAIDURI INTI SEJAHTERA,JL BUMI 15 BLOK,7371031001,Aktif,10,7371031,Rappocini
2981577,PT. XCLUSIVE DESAIN KONSULTAN,KOMPLEKS PERMATA HIJAU PERMAI BLOK B12,7371031004,Aktif,10,7371031,Rappocini
2981764,KUMALA SUKSES CEMERLANG,JL. A. P. PETTARANI KAV. E18 NO. 12,7371031006,Aktif,10,7371031,Rappocini
2982632,NORIS RINRA,JL TAMALATE IV,7371031004,Aktif,10,7371031,Rappocini
2984784,MULTI ADI PERKASA,JL SULTAN ALAUDDIN LR. AL-AZHAR I,7371031001,Aktif,10,7371031,Rappocini
2986975,KENANGA INDAH,JL AROEPALA/HERTASNING BARU,7371031004,Aktif,10,7371031,Rappocini
2986996,SURYA PUTRA,JL TODDOPULI I SETAPAK 1,7371031004,Aktif,10,7371031,Rappocini
2987890,PUTRA JAYA MANDIRI,JL PANDAN,7371031004,Aktif,10,7371031,Rappocini
2988566,CV. ANDIDI BAGUS,KARAENG BONTOTANGNGA,7371031002,Aktif,10,7371031,Rappocini
2988771,RADJIA LASINRANG,JL. AROE PALA KOMP. PERMATA HIJAU LESTARI,7371031004,Aktif,10,7371031,Rappocini
2989001,A TIGA KONSULTAN RUMAH SAKIT,PENDIDIKAN 3 KOMP. UNM,7371031006,Aktif,10,7371031,Rappocini
2989138,UMKM SIPAKAMMASE,BTN MINASA UPA,7371031,Aktif,7,7371031,Rappocini
2990394,MUTHIA CONSTRUKSI,JL PERUMAHAN BTN MINASA UPA,7371031001,Aktif,10,7371031,Rappocini
2991024,SURYA KENCANA BIMASAKTI,JL SYECH YUSUF KOMP KODAM KATANGKA LR 2,7371031,Aktif,7,7371031,Rappocini
2992023,CV. PUTRI JAYA SELATAN,JL. AROEPALA KOMPLEKS PHP,7371031004,Aktif,10,7371031,Rappocini
2992881,ABADI GOWA PERKASA,JL TALASALAPANG,7371031002,Aktif,10,7371031,Rappocini
2992887,ISHADI MULTI SARANA,"JL.ASOKA NO.158 RT.001 RW.009, KASSI-KASSI",7371031004,Aktif,10,7371031,Rappocini
2993042,ABITAMA KARYA KONSULTAN,JL AROEPALA KOMP PERMATA HIJAU PERMAI BLOK,7371031004,Aktif,10,7371031,Rappocini
2993197,MUSTIKA JAYA,"KOMPLEK P&K BLOK N1/5 RT.006 RW.015, GUNUNG SARI",7371031001,Aktif,10,7371031,Rappocini
2993329,KURNIA APIK MANDIRI,JL. PELITA VI,7371031008,Aktif,10,7371031,Rappocini
2993476,ANUGERAH TEHNIK MANDIRI,JL. LANDAK BARU,7371031007,Aktif,10,7371031,Rappocini
2993754,TRASINDO INTERNUSA,KOMP ANGING MAMIRI RESIDENCE,7371031002,Aktif,10,7371031,Rappocini
2994186,SANY SEJAHTERA,JL TALASALAPANG,7371031001,Aktif,10,7371031,Rappocini
2994464,PELITA SEJAHTERA,JL PELITA RAYA BLOK,7371031010,Aktif,10,7371031,Rappocini
2994851,MAC (MAPPANGAJA ARCHITECT CONSULTANT),JL MAPPALA RAYA,7371031006,Aktif,10,7371031,Rappocini
2995180,LANISH RIZKI,JL RSI FAISAL IV,7371031007,Aktif,10,7371031,Rappocini
2996166,PHINISI MULTI PERSADA,JL PENGAYOMAN KOMP PERMATA SARI,7371031008,Aktif,10,7371031,Rappocini
2997122,PUTRA JONGAYA,JL BUMI 22 KOMP BUMI PERMATA HIJAU BLOK,7371031001,Aktif,10,7371031,Rappocini
2997474,MAHKOTA TIMUR INDONESIA,JALAN MAPALA RAYA NOMOR E29,7371031003,Aktif,10,7371031,Rappocini
2997907,FIRMA KJSKB H. ARMAN HASANUDDIN DAN REKAN,JL. RSI FAISAL PERUM PHINISI RESIDENCE,7371031007,Aktif,10,7371031,Rappocini
2998401,LEMBAGA PENDIDIKAN ANAK USIA DINI (LPAUD),"JL TAMALATE III STP 49 (POS POSYANDU) RT.00B RW.003, MAPPALA",7371031003,Aktif,10,7371031,Rappocini
2998436,MAHARANI PRATAMA,JL BTN MINASA UPA,7371031001,Aktif,10,7371031,Rappocini
2998907,SEGITIGA PERMATA,JL SKARDA N,7371031001,Aktif,10,7371031,Rappocini
2999235,INNA RIVANO,RAYA PENDIDIKAN KOMP. UNM,7371031006,Aktif,10,7371031,Rappocini
2999247,PANRITA KARYA,BALLAPARANG III MAKASSAR,7371031010,Aktif,10,7371031,Rappocini
2999262,DWI DAYA INSAN,JL HERTASNING BARU (AROEPALA) KOMP PHL BLOK,7371031004,Aktif,10,7371031,Rappocini
2999647,BINTANG TUJUH,JL TODDOPULI 1 STP 1,7371031004,Aktif,10,7371031,Rappocini
2999730,TILSY,JL HERTASNING VI BLOK,7371031006,Aktif,10,7371031,Rappocini
3000304,TIGA SEMBILAN,JL RAYA PENDIDIKAN KOMP UNM,7371031006,Aktif,10,7371031,Rappocini
3000525,PUSAT PENELITIAN DAN PEMBERDAYAAN PEREMPUAN,"KAMPUS UNIV.NEGERI MAKASSAR GUNUNGSARI BARU, MAPPALA",7371031003,Aktif,10,7371031,Rappocini
3000588,APLIKANUSA LINTASARTA,JL RAYA PENDIDIKAN,7371031006,Aktif,10,7371031,Rappocini
3001271,ABIMANTRANA BRAYAT GEMILANG,JL RAYA PENDIDIKAN PERUM ROYAL TOWN HOUSE,7371031006,Aktif,10,7371031,Rappocini
3001911,MUTIARA SITTAH,JL RAPPOCINI RAYA,7371031009,Aktif,10,7371031,Rappocini
3002283,ALYA MANDIRI,"JL.TAMALATE II NO.89/77 RT.000 RW.000, KASSI-KASSI",7371031004,Aktif,10,7371031,Rappocini
3003427,KARAENG PANRITAYA,JL TAMALATE IX,7371031004,Aktif,10,7371031,Rappocini
3003883,DAMPANG TORAYA,KOMP BTN MINASA UPA BLOK,7371031002,Aktif,10,7371031,Rappocini
3004135,FASARA ALAM REJEKI,JL YUSUF DG NGAWI,7371031006,Aktif,10,7371031,Rappocini
3004162,LEMBAGA PENGEMBANGAN EKONOMI PASAR TRADISIONAL,"PERUM TAMAN JASMINE JL HERTASNING BARU  BLOK A2/1, MAPPALA",7371031003,Aktif,10,7371031,Rappocini
3004285,SAMALONA MITRA SEJAHTERA,JALAN ANDI DJEMMA NOMOR 11-A,7371031007,Aktif,10,7371031,Rappocini
3004740,MUZAMMAR,JL RAPPOCINI RAYA,7371031008,Aktif,10,7371031,Rappocini
3004999,SURYA EKA CIPTA,JL RAYA PENDIDIKAN A2 RT 003 RW 004,7371031003,Aktif,10,7371031,Rappocini
3005930,SAUDAGAR BUGIS BONE,JL BUMI 5,7371031001,Aktif,10,7371031,Rappocini
3006208,TK KHALIFAH 47,JL TALASALAPANG II KOMP PEMDA,7371031001,Aktif,10,7371031,Rappocini
3006713,PUTRA PRATAMA,"JL.A.P PETTARANI BLOK F8/14, BUAKANA",7371031008,Aktif,10,7371031,Rappocini
3006753,PELITA STAR MANDIRI,JL PELITA RAYA,7371031008,Aktif,10,7371031,Rappocini
3006979,ANIKA TRIJAYA REALTY,"JL KOMPLEK MAKASSAR TOWN HOUSE KAV 28, TIDUNG",7371031006,Aktif,10,7371031,Rappocini
3007487,PANCA ULU MANDIRI ATI,JL SUNGAI SADDANG BARU,7371031010,Aktif,10,7371031,Rappocini
3007492,MALIS,JALAN PELITA RAYA II KOMPLEKS REGENCY,7371031008,Aktif,10,7371031,Rappocini
3008781,MITRA SULAWESI,JL ANDI DJEMMA,7371031007,Aktif,10,7371031,Rappocini
3009085,COORDINATE SEMBILAN CONSULTANT,JL KELAPA DUA,7371031010,Aktif,10,7371031,Rappocini
3010129,ABDIEL,JL MAHONI,7371031004,Aktif,10,7371031,Rappocini
3010230,TREEMAS SUKSES BERSAMA,JL HERTASNING VII BLOK,7371031006,Aktif,10,7371031,Rappocini
3010303,ZAFRAN MULYA,BTN MINASA UPA BLOK,7371031001,Aktif,10,7371031,Rappocini
3010507,PRATAMA SULAWESI JAYA,JL RSI FAISAL 14 LR,7371031007,Aktif,10,7371031,Rappocini
3010976,AXEL SIPIL PERKASA JAYA,JL RAPPOCINI RAYA LR 5 C,7371031009,Aktif,10,7371031,Rappocini
3011030,ALIEF KARYA TEHNIK,JL KR BONTOTANGNGA I,7371031002,Aktif,10,7371031,Rappocini
3011088,WISAMA CAHAYA REZKY,JL KARUNRUNG RAYA,7371031002,Aktif,10,7371031,Rappocini
3011288,LABA TAPPA JAYARAYA,JL BONTO MENE I/28,7371031007,Aktif,10,7371031,Rappocini
3011297,KARAMPUANG JAYA UTAMA,JL JIPANG RAYA,7371031001,Aktif,10,7371031,Rappocini
3011660,ANUGERAH DEWA UTAMA,JL MONUMEN EMMY SAELAN III,7371031002,Aktif,10,7371031,Rappocini
3013181,ARI ANUGRAH,JL MAPPALA,7371031006,Aktif,10,7371031,Rappocini
3013348,ZAFA KARYA MANDIRI,JL TALASALAPANG,7371031001,Aktif,10,7371031,Rappocini
3013531,INTIM JAYA KONSTRUKSI,JL RAYA PENDIDIKAN KOMPLEK UNM,7371031006,Aktif,10,7371031,Rappocini
3013728,"PT HAKA UTAMA DAN PT MALISTA KONSTRUKSI, KSO","JL AP PETTARANI NEW ZAMRUD BLOK A/23 RT 002 RW 003, BUAKANA",7371031008,Aktif,10,7371031,Rappocini
3014563,PT. MAKMUR JAYA EMULSI & PT. PUTRA JAYA,JL. RAYA PENDIDIKAN KOM BALLA PANAKUKANG,7371031006,Aktif,10,7371031,Rappocini
3015597,SURYA ABADI SUKSES,JL LETNAN HERTASNING,7371031006,Aktif,10,7371031,Rappocini
3015750,TOLA PLAN CONSULTANT,JL. KARUNRUNG RAYA II,7371031002,Aktif,10,7371031,Rappocini
3015792,MITRA SOLUSI PERSADA,JL PELITA RAYA A 5,7371031008,Aktif,10,7371031,Rappocini
3017400,INDUSTRI JAYA BERSAMA,RAPPOCINI RAYA,7371031008,Aktif,10,7371031,Rappocini
3017966,REKAYASA JASA KONSTRUKSI,SULTAN ALUDDIN,7371031001,Aktif,10,7371031,Rappocini
3019365,KARTIKA CIPTA MANDIRI,JL JIPANG RAYA KOMP RUKO JIPANG,7371031002,Aktif,10,7371031,Rappocini
3019485,ARTA PRATIWI JAYA,JL TAMALATE I,7371031004,Aktif,10,7371031,Rappocini
3020433,OCEANA JAYAMAHE KONSULTAN,KOMP KODAM KATANGKA,7371031001,Aktif,10,7371031,Rappocini
3020488,AKSES MEDIA REZKY,JL LANDAK BARU,7371031007,Aktif,10,7371031,Rappocini
3020813,AQILAH PERDANA,JL BTN MINASA UPA,7371031,Aktif,7,7371031,Rappocini
3020817,GENERAL KONSULTAN,JL MINASA UPA BTN MINASA UPA,7371031001,Aktif,10,7371031,Rappocini
3020920,GANTENG GANTENG SEKOPANG,WIJAYA KUSUMA RAYA NO. 8,7371031007,Aktif,10,7371031,Rappocini
3021308,DURASI GLOBAL,"JL.LANDAK BARU NO.112 J MAKASSAR, BANTA-BANTAENG",7371031007,Aktif,10,7371031,Rappocini
3021387,MAWADDAH,"JL MAKKIO BAJI NO 3 RT 004 RW 003, TIDUNG",7371031006,Aktif,10,7371031,Rappocini
3021795,ARTA AMAR MANDIRI,JL KOMPLEKS BTN MINASA UPA,7371031002,Aktif,10,7371031,Rappocini
3022442,AZZAM MEUFA UTAMA,KOMP PERMATA HIJAU PERMAI BLOK,7371031004,Aktif,10,7371031,Rappocini
3022757,KIN MEDIA PRODUCTION,JL MONUMEN EMMY SAELAN III BLOK,7371031006,Aktif,10,7371031,Rappocini
3022902,RIZQI ADVERTISING,KOMP. BUMI PERMATA HIJAU BPH PLAZA,7371031002,Aktif,10,7371031,Rappocini
3023195,LEMBAGA CIPTAKARYA MANDIRI INDONESIA,JL. KOMP. EMMY SAELAN PERUMAHAN GRAHA HASIRAH PERMAI BLOK I/5,7371031005,Aktif,10,7371031,Rappocini
3023443,GUNA KARYA,JL. PELITA RAYA,7371031010,Aktif,10,7371031,Rappocini
3025835,ERANDO,JL TAMALATE,7371031004,Aktif,10,7371031,Rappocini
3025895,TIGA RAJAWALI PERKASA,JL TALASALAPANG KOMP RUKO STORE TALASALAPANG,7371031002,Aktif,10,7371031,Rappocini
3027009,MANDIRI LAND KONSTRUKSI,JL PELITA RAYA,7371031008,Aktif,10,7371031,Rappocini
3027051,ROHADI ILHAM PUTRA,JL MONUMEN EMMY SAELAN,7371031006,Aktif,10,7371031,Rappocini
3027413,ALMIRA SUKSES SEJATI,"JL.TIDUNG 8 NO.185 RT.000 RW.000, TIDUNG",7371031003,Aktif,10,7371031,Rappocini
3027473,AM TRI,JL TODDOPULI PURI TAMAN SARI BLOK,7371031004,Aktif,10,7371031,Rappocini
3028678,VARASH MULIA NUSANTARA,JL TIDUNG 6 STP 11,7371031003,Aktif,10,7371031,Rappocini
3030541,ANINDYA PUTRI,"JL TAMALATE 4 STP 21 NO 151 RT 004 RW 001, KASSI-KASSI",7371031004,Aktif,10,7371031,Rappocini
3031009,"KANTOR JASA PENILAI PUBLIK GUNTUR, EKI, ANDRI DAN REKAN",JL RAYA PENDIDIKAN 1 BLOK,7371031006,Aktif,10,7371031,Rappocini
3032324,PUTRA MANDIRI SAKTI,JL CILALLANG JAYA 7,7371031008,Aktif,10,7371031,Rappocini
3032809,KARYA BALANIPA PRATAMA,JL BTN MINASA UPA,7371031,Aktif,7,7371031,Rappocini
3032890,SANGGA PILAR UTAMA,JL AP PETTARANI RUKO PETTARANI CENTRE,7371031008,Aktif,10,7371031,Rappocini
3032894,KARYA ARNIA MANDIRI,JL BTN MINASA UPA,7371031,Aktif,7,7371031,Rappocini
3033408,ANUTA PURA KONSULTAN,JL TIDUNG 9 PERUM CITRA TIDUNG REGENCY,7371031002,Aktif,10,7371031,Rappocini
3033459,BATARI ANUGRAH SEJAHTERA,JL HERTASNING BARU PERUM ANGING MAMMIRI,7371031002,Aktif,10,7371031,Rappocini
3033504,LUBUK KAPUNDUNG SEJAHTERA,BTN MINASA UPA BLOK L.13,7371031001,Aktif,10,7371031,Rappocini
3034337,IKA PELE'EN ABADI,JL LETJEN HERTASNING GEDUNG PT PLN (PERSERO),7371031006,Aktif,10,7371031,Rappocini
3034439,BENGKELPEDIA GROUP,JL TAMALATE I STP 36,7371031003,Aktif,10,7371031,Rappocini
3034602,KESUMA JAYA,JL RAPPOCINI RAYA LR 7A,7371031009,Aktif,10,7371031,Rappocini
3034612,TIRTA MAHARDHIKA UTAMA,JL PELITA RAYA KOMPLEKS BTN TIMURAMA,7371031010,Aktif,10,7371031,Rappocini
3034619,MUDIKA MANDIRI KARYA,KOMPLEKS BTN MANGASA PERMAI,7371031001,Aktif,10,7371031,Rappocini
3035249,CUATRO MINERAL TAMA,"JALAN ANDI PETTARANI, RUKO BUSSINESS CENTRE BLOK E NOMOR 3-5",7371031006,Aktif,10,7371031,Rappocini
3035801,ALAM NUSANTARA MAMINASATA,JL AROEPALA,7371031,Aktif,7,7371031,Rappocini
3036626,LAPATAU MANAI MANDIRI,JL AROEPALA KOMP PDGI,7371031001,Aktif,10,7371031,Rappocini
3036648,"PRATAMA - TAKABEA, KSO",JL KARAENG BONTO TANGNGA 2,7371031002,Aktif,10,7371031,Rappocini
3038778,MAKASSAR INDO PRATAMA,JL KOMPLEK CHRYSANT,7371031008,Aktif,10,7371031,Rappocini
3039431,ADYTIA PRATAMA,BTN MINASA UPA BLOK C1/14 RT 000 RW 000 KARUNRUNG,7371031002,Aktif,10,7371031,Rappocini
3039990,SAMRANI,JL TALASALAPANG II,7371031001,Aktif,10,7371031,Rappocini
3040037,MARKAZ BILQURAN IHTADA,BTN MINASA UPA,7371031,Aktif,7,7371031,Rappocini
3040350,ALIEF MANDIRI,KOMP PURI TAMAN SARI,7371031004,Aktif,10,7371031,Rappocini
3040744,INNALDY,"JL.PURI TAMAN SARI BLOK B.3 NO.5, KASSI-KASSI",7371031004,Aktif,10,7371031,Rappocini
3041821,CITRA NISHA LESTARI,JL HERTASNING I,7371031006,Aktif,10,7371031,Rappocini
3042266,FITRA UTAMA,BTN MANGASA PERMAI,7371031001,Aktif,10,7371031,Rappocini
3042293,KELAPA MAS ABADI,MINASA SARI SALEKOA RAYA,7371031,Aktif,7,7371031,Rappocini
3042808,ALAM SEJAHTERA,KOMP PERMATA HIJAU LESTARI BLOK,7371031004,Aktif,10,7371031,Rappocini
3042999,GHAISAN MULIA UTAMA,JL PELITA RAYA 6,7371031008,Aktif,10,7371031,Rappocini
3043007,ARCHIMART,BTN MINASA UPA,7371031,Aktif,7,7371031,Rappocini
3043113,BESTON BUMI CELEBES,JL PELITA RAYA,7371031010,Aktif,10,7371031,Rappocini
3044238,MITRA PRADAPA SEJAHTERA,JL BUMI 8 KOMP BUMI PERMATA HIJAU,7371031001,Aktif,10,7371031,Rappocini
3044536,PLATFORM PROPERTINDO,JL BTN AGRARIA,7371031002,Aktif,10,7371031,Rappocini
3045279,KANTOR JASA PENILAI PUBLIK IKI PASERU DAN REKAN,JL TIMAH 1,7371031010,Aktif,10,7371031,Rappocini
3045282,MITRA KONSULTAN,JL LANDAK BARU,7371031007,Aktif,10,7371031,Rappocini
3046599,ASAH GEMILANG ESAMANDIRI,JL PELITA RAYA VI,7371031008,Aktif,10,7371031,Rappocini
3046660,ESA MAHKOTA ABADI,JL PELITA RAYA 5,7371031008,Aktif,10,7371031,Rappocini
3047188,EQUALITA,JL RAYA PENDIDIKAN,7371031006,Aktif,10,7371031,Rappocini
3048294,MARANNU,JL RSI FAISAL XVII LR.1,7371031004,Aktif,10,7371031,Rappocini
3048469,"PT MILLENIUM PERSADA-PT ALAM LINTAS INDONESIA, KSO",JL SKARDA N KOMP MANGASA PERMAI,7371031001,Aktif,10,7371031,Rappocini
3048685,REMAJA INSAN MANDIRI,JL MAPPALA,7371031006,Aktif,10,7371031,Rappocini
3049914,MULTI ALDA PERSADA,JL BTN MINASA UPA,7371031001,Aktif,10,7371031,Rappocini
3050011,"WIJAYA KARYA SEMEST - DUA DELAPAN PROPERTINDO, KSO",JL TIMAH 2,7371031010,Aktif,10,7371031,Rappocini
3053191,RAHAYU TRANSPORT INDONESIA,JL BTN MINASA UPA,7371031,Aktif,7,7371031,Rappocini
3054172,TIRTA ADHI RAYA,JL AROEPALA KOMP PHP,7371031004,Aktif,10,7371031,Rappocini
3054679,ASHRI DEVELOPMENT,"KOMPLEK PERMATA HIJAU PERMAI BLOK N 2 NO 8 C, KASSI-KASSI",7371031004,Aktif,10,7371031,Rappocini
3055731,SAM SMARTINDO,"JL.HERTASNING RAYA NO.71 RT.005 RW.003, BONTO MAKKIO",7371031005,Aktif,10,7371031,Rappocini
3056435,ABIDAH KARYA,JL JIPANG RAYA LR.2 A,7371031002,Aktif,10,7371031,Rappocini
3056770,INTI REZKI UTAMA,JL SULTAN ALAUDDIN LR.3,7371031001,Aktif,10,7371031,Rappocini
3056826,"MUHAMMAD IMRAN, S.PD",JL. RAPPOCINI RAYA NO. 223 MAKASSAR,7371031009,Aktif,10,7371031,Rappocini
3056859,KHALIFAH MANDIRI,JL TIMAH 5,7371031010,Aktif,10,7371031,Rappocini
3056928,ISSU MEDIKA VETERINDO,JL AROEPALA PERUM PHL P11,7371031004,Aktif,10,7371031,Rappocini
3058046,CV. ANDALAN BERKAH CEMERLANG,ANDI DJEMMA,7371031007,Aktif,10,7371031,Rappocini
3058811,TRINDO TELECOM,RUKO HERTASNING BARU (AROEPALA),7371031003,Aktif,10,7371031,Rappocini
3059147,MITRA BAHARI,"JL.MAPALA BLOK E 29/22, TIDUNG",7371031006,Aktif,10,7371031,Rappocini
3059481,MANDALA MULTIFINANCE TBK.,JL PELITA RAYA BLOK,7371031010,Aktif,10,7371031,Rappocini
3059934,CV. MEGAH BERLIAN,BTN MINASA UPA,7371031002,Aktif,10,7371031,Rappocini
3060623,LITAAY JAYA ENERGI,BTN MINASA UPA,7371031002,Aktif,10,7371031,Rappocini
3060824,ETANIA EKAKARSA MULIA,JL KOMPLEKS PURI TAMAN SARI,7371031004,Aktif,10,7371031,Rappocini
3060967,PERSAUDARAAN BERKAH SEJAHTERA,PERUMAHAN BTN MINASA UPA,7371031001,Aktif,10,7371031,Rappocini
3061526,ATRINDO UTAMA,JL RSI FAISAL,7371031007,Aktif,10,7371031,Rappocini
3061531,BUDI UTAMA MAHAKARYA,JL TAMALATE 3 STP 32,7371031003,Aktif,10,7371031,Rappocini
3061732,PELITA RAYA,"JL.SUNGAI SADDANG BARU LR.MU'MIN II NO.3 RT.004/RW.002, BALLA PARANG",7371031010,Aktif,10,7371031,Rappocini
3062363,JO PT ADHI KARYA (PERSERO) TBK-PT MEGA BENTENG UTAMA,JL LETJEN HERTASNING BLOK,7371031004,Aktif,10,7371031,Rappocini
3064880,KENCANA SUKSES JAYA,KOMP PERUMAHAN PERMATA HIJAU BLOK B,7371031004,Aktif,10,7371031,Rappocini
3065409,UTAMA GEMILANG,"JL.TIDUNG VII STP 9 BLOK 12 NO.159 RT.02 RW.07, MAPPALA",7371031003,Aktif,10,7371031,Rappocini
3065477,MENARA UNGGUL SULAWESI,"JL.ASOKA NO.158, KASSI-KASSI",7371031004,Aktif,10,7371031,Rappocini
3065647,"PT.ADHI KARYA-PT.PASSOKORANG-PT.BANGUN CIPTA, KSO","HERTASNING B.II NOMOR 02, KASSI-KASSI",7371031004,Aktif,10,7371031,Rappocini
3065895,BINTAN PESONA WISATA INDONSIA,JL RAYA PENDIDIKAN,7371031006,Aktif,10,7371031,Rappocini
3066095,SINAR INDONESIA HOTEL,JL AP PETTARANI,7371031008,Aktif,10,7371031,Rappocini
3067081,WANA SATRIA KOMPUTINDO,JALAN TAMALATE II,7371031004,Aktif,10,7371031,Rappocini
3067640,MITRA BOSI INDONESIA,KOMPLEK TAMAN PERMATA SARI JL PENGAYOMAN,7371031008,Aktif,10,7371031,Rappocini
3068498,ASURANSI TOKIO MARINE INDONESIA,JL AP PETTARANI RUKO BISNIS CENTRE NO. 18,7371031006,Aktif,10,7371031,Rappocini
3068635,BPJS KESEHATAN,JL BOULEVARD JASFER II,7371031010,Aktif,10,7371031,Rappocini
3068874,CV. LANGIT BIRU TANETE,BTN AGRARIA JL. MONUMEN EMMY SAELAN III,7371031002,Aktif,10,7371031,Rappocini
3069473,AMANAH LOGISTIK PERKASA,JL MAKKIO BAJI KOMPLEK MAKKIO BAJI,7371031006,Aktif,10,7371031,Rappocini
3069822,BALLALOMPOA MANDIRI SEJAHTERA,JL PELITA RAYA (HOTEL MALEO),7371031008,Aktif,10,7371031,Rappocini
3069926,ANTER IKAN INDONESIA,"HERTASNING BARU, HALMIN RESIDENCE",7371031003,Aktif,10,7371031,Rappocini
3070656,SATRIA BUANA SEMESTA,"JL. URIP SUMOHARJO 239, KARUWISI",7371031001,Aktif,10,7371031,Rappocini
3071014,PESONA NATASHA GEMILANG,JL HERTASNING RAYA,7371031006,Aktif,10,7371031,Rappocini
3072214,QONITA MANDIRI BATARA,JL SYECH YUSUF KOMP VILLA MEGASARI B1,7371031001,Aktif,10,7371031,Rappocini
3072494,RANTIN BERDIRI,KOMP PERUMAHAN JIPANG PERMAI,7371031002,Aktif,10,7371031,Rappocini
3072593,DWIPUTRA WAHANA NUGRAHA,JL BONTOLANGKASA I,7371031007,Aktif,10,7371031,Rappocini
3072628,RIDHA MANDIRI,"JL NIPAH NO 57 RT.004 RW.009, KASSI-KASSI",7371031004,Aktif,10,7371031,Rappocini
3075059,BOSOWA MULTI FINANCE,JL AP. PETTARANI BCD,7371031008,Aktif,10,7371031,Rappocini
3075686,TRIMEGAH ANUGRAH UTAMA,JL MAPPALA IV BLOK,7371031006,Aktif,10,7371031,Rappocini
3076170,SURYA CITRA MENTARI,JALAN MONUMEN EMMY SAELAN NO. 25 B,7371031001,Aktif,10,7371031,Rappocini
3077001,MUTIARA MAS,"JL.TIDUNG MARIOLO NO.8E, TIDUNG",7371031006,Aktif,10,7371031,Rappocini
3077552,ALAM PUTRA,"JL.MAPPALA E.28/14, TIDUNG",7371031006,Aktif,10,7371031,Rappocini
3077582,DELTA NUSANTARA,KOMPLEK PEMDA BLOK E28/9 JL AP PETTARANI RT.004 RW.005 TIDUNG,7371031006,Aktif,10,7371031,Rappocini
3077680,EMPAT BERSAUDARA,JL LANDAK BARU,7371031007,Aktif,10,7371031,Rappocini
3077881,AMERA PESONA KARYA,JL. TALASALAPANG 1 NO. 17,7371031001,Aktif,10,7371031,Rappocini
3077983,CV.PUTRA NAKAMA STRUKTURINDO,HERTASNING KOMP.GRIYA PANAKKUKANG INDAH,7371031005,Aktif,10,7371031,Rappocini
3078432,GEMALA ARTHA GRAHA,JL LANDAK BARU,7371031007,Aktif,10,7371031,Rappocini
3078455,RAMEDO WISATA HOTELINDO,JL LANDAK BARU,7371031007,Aktif,10,7371031,Rappocini
3079239,CHERUBIM JAYA,JL  TALASALAPANG KOMPLEKS BPH PLAZA,7371031002,Aktif,10,7371031,Rappocini
3079339,DR TECHNOCOM,"JL TAMALATE I NO 25A RT 006 RW 001, KASSI-KASSI",7371031004,Aktif,10,7371031,Rappocini
3081921,HOME CENTER INDONESIA,JL ANDI PANGERAN PETTARANI KAV 1,7371031006,Aktif,10,7371031,Rappocini
3082824,ANTAR KIAT,"KOMP.PERMATA SARI PS VI NO.10 RT.002 RW.018, GUNUNG SARI",7371031001,Aktif,10,7371031,Rappocini
3083650,WARUNG GARDI ENAMBELAS,SULTAN ALAUDDIN,7371031001,Aktif,10,7371031,Rappocini
3083739,SAMBAL COBEK,JL HERTASNING RAYA,7371031006,Aktif,10,7371031,Rappocini
3084073,TRI ARIANI,JL RAPPOCINI RAYA,7371031008,Aktif,10,7371031,Rappocini
3084596,WAHANA ROYAL MANDIRI,KOMPLEKS MANGASA PERMAI BLOK Z3 NO. 7,7371031001,Aktif,10,7371031,Rappocini
3085185,FRESHIDEA DIGITAL MEDIA,JL ANDI DJEMMA LR. 8,7371031007,Aktif,10,7371031,Rappocini
3085656,ATHMAR MAKRUF BINTANG,JL RAPPOCINI RAYA,7371031009,Aktif,10,7371031,Rappocini
3085849,CAHAYA REZKITA,BTN MINASA UPA,7371031001,Aktif,10,7371031,Rappocini
3085898,EKHO PRATAMA KARYA,JL HERTASNING GPI,7371031005,Aktif,10,7371031,Rappocini
3086259,SITONRA CONVIA,JL TALASALAPANG I,7371031001,Aktif,10,7371031,Rappocini
3086845,GRAHA FAMILY,"JL.AP. PETTARANI BLOK E.22 NO.17 RT.003 RW.005, TIDUNG",7371031006,Aktif,10,7371031,Rappocini
3087080,AKUNTABILITA MANAGEMENT CONSULTING,"KOMPLEK BUMI PERMATA HIJAU JL BUMI 21 BLOK D4/15, GUNUNG SARI",7371031001,Aktif,10,7371031,Rappocini
3087130,ROSALINDO NUSANTARA,JL PAKIS,7371031004,Aktif,10,7371031,Rappocini
3087199,SOLUSI PERDANA MANDIRI,JIPANG RAYA RUKO MUSTIKA MEGA SARI,7371031001,Aktif,10,7371031,Rappocini
3087350,KALILA INTI LOGAM,JL TAMALATE 1,7371031004,Aktif,10,7371031,Rappocini
3087390,GRAHA GLOBAL MANDIRI,JL PELITA 2,7371031008,Aktif,10,7371031,Rappocini
3087446,SMART JAYA PERSADA,JL JIPANG RAYA BUMI PALEM,7371031001,Aktif,10,7371031,Rappocini
3089216,MEGA PERMATA SARI,JL ST ALAUDDIN KOMP RUKO PERMATA SARI,7371031001,Aktif,10,7371031,Rappocini
3090504,IDOLA GEMILANG PRATAMA,JL RAPPOCINI RAYA,7371031008,Aktif,10,7371031,Rappocini
3091149,BATARA MANDIRI PERKASA,GRAHA MANDIRI 2 BLOK C.7,7371031001,Aktif,10,7371031,Rappocini
3091586,"BADAN PENGELOLA PT.SINAR GALESONG PERKASA-PT.CIPUTRA VICTORY MITRA, JO",JL A.P. PETTARANI,7371031008,Aktif,10,7371031,Rappocini
3091917,GEMA ABADI,"BTN MANGASA PERMAI BLOK Z.2 RT.004 RW.014, GUNUNG SARI",7371031001,Aktif,10,7371031,Rappocini
3092532,TURAYA,JL HERTASNING BARAT I,7371031005,Aktif,10,7371031,Rappocini
3092567,GRAHA NUSANTARA LESTARI,JL SKARDA KOMPLEK MANGASA PERMAI,7371031001,Aktif,10,7371031,Rappocini
3093163,MEGA CAHAYA ABADI,"TOPAZ RAYA I RUKO ZAMRUD BLOK B1/14, KARUNRUNG",7371031002,Aktif,10,7371031,Rappocini
3093185,ASYIFA ASYAFI EDUCATION,"KOMP PURI TAMAN SARI BLOK D9 NO.6 RT.05 RW.12, KASSI-KASSI",7371031004,Aktif,10,7371031,Rappocini
3093660,LITOLOGI INDONESIA JAYA,JL TAMALATE VIII SETAPAK 1,7371031004,Aktif,10,7371031,Rappocini
3094729,TK MITRA BUNDA,JL BORONG INDAH PERUMAHAN PONDOK ASRI,7371031004,Aktif,10,7371031,Rappocini
3095031,CITRA ADI BANGSA,JL MON EMMY SAELAN SKARDA N,7371031001,Aktif,10,7371031,Rappocini
3096059,RAHADITYA MITRA ABADI,JL JIPANG RAYA RUKO MUSTIKA MEGA SARI,7371031001,Aktif,10,7371031,Rappocini
3096710,LEMBAGA LAYANAN PSIKOLOGI PSIKOMORFOSA,JL RSI FAISAL 7 NO. 24,7371031007,Aktif,10,7371031,Rappocini
3097208,SURINDO UTAMA PERSADA,JL PERUM BUMI BOSOWA PERMAI BLOK B5,7371031,Aktif,7,7371031,Rappocini
3098587,JABARINDO,JL SYECH YUSUF,7371031001,Aktif,10,7371031,Rappocini
3098609,CIPTA RISQY UTAMA,"KOMPLEK PURI TAMAN SARI BLOK 7/2 JL TODDOPULI VI RT.00A RW.022, KASSI-KASSI",7371031004,Aktif,10,7371031,Rappocini
3099940,CV.ANDI UTAMA MANDIRI,KOMP.PURI MUTIARA III NO.18,7371031009,Aktif,10,7371031,Rappocini
3101100,SULTAN ALAUDDIN MAKASSAR,JL MONUMEN EMMY SAELAN,7371031006,Aktif,10,7371031,Rappocini
3101435,MARIO PULANA,JL PELITA II,7371031008,Aktif,10,7371031,Rappocini
3101656,RAFA UTAMA,RAPPOCINI RAYA,7371031008,Aktif,10,7371031,Rappocini
3102020,SAGHUNA JAYA UTAMA,JL HERTASNING RAYA PERUMAHAN BUMI PERMATA HIJAU JL BUMI 9,7371031001,Aktif,10,7371031,Rappocini
3102187,MALOMO MEGAH LESTARI MAKASSAR,JL HERTASNING BRT II GRIYA PANAKKUKANG INDAH,7371031005,Aktif,10,7371031,Rappocini
3103874,UTTU TRUNTUNG SUPRANA,JL JIPANG RAYA RUKO A1,7371031001,Aktif,10,7371031,Rappocini
3104934,PT.WASKITA KARYA(PERSERO) - PT.BRANTAS ABIPRAYA(PERSERO),"JL.AP.PETTARANI NO.88 RT.000 RW.000, BUAKANA",7371031008,Aktif,10,7371031,Rappocini
3105063,LOE,JL PELITA IV,7371031010,Aktif,10,7371031,Rappocini
3105212,YUKI GLOBAL MANAJEMEN INVESTASI INDONESIA,JL HERTASNING BARU PERUM PERMATA HIJAU PERMAI,7371031004,Aktif,10,7371031,Rappocini
3106598,INDOTURK PRIMA ENERGI,JALAN BUMI 12 BLOK A.11 NOMOR 6 BPH,7371031001,Aktif,10,7371031,Rappocini
3107297,BUMI LESTARI TEKNIK,JL.BUMI 15 BLOK C 3 NO.9 KOMP BPH,7371031001,Aktif,10,7371031,Rappocini
3107731,CIPTA KREASI KONSULTAN,JL AROEPALA KOMP PERMATA HIJAU,7371031004,Aktif,10,7371031,Rappocini
3108123,PENDAWA INTINUSA PRATAMA,JL. MONUMEN EMMY SAELAN III E,7371031006,Aktif,10,7371031,Rappocini
3108148,INTIM BAKTI PERSADA,"RAPPOCICI RAYA LR.VI NO.2, RAPPOCINI",7371031009,Aktif,10,7371031,Rappocini
3108361,GORO ARENA SPORT,YUSUF DAENG NGAWING,7371031006,Aktif,10,7371031,Rappocini
3108408,PT. GASINDO ABADI SENTOSA,JALAN A. P. PETTARANI,7371031008,Aktif,10,7371031,Rappocini
3108877,REZEKI HD,MONUMEN EMMY SAELAN BTN AGRARIA,7371031002,Aktif,10,7371031,Rappocini
3109170,MULTI DJASA SARANA,KOMPLEK PURI MUTIARA BLOK V/27,7371031009,Aktif,10,7371031,Rappocini
3111913,TORINDO NUSANTARA,JL RAPPOCINI RAYA LR.9,7371031009,Aktif,10,7371031,Rappocini
3111917,ERSA MACORA,"JL.KOMP.PERMATA HIJAU BLOK.N6/6A, MAPPALA",7371031003,Aktif,10,7371031,Rappocini
3112651,SULAWESI WALI PITUE,KOMP KODAM KATANGKA BLOK,7371031001,Aktif,10,7371031,Rappocini
3113026,TIGA PUTRA UTAMA,"JL LANDAK BARU NO 85D, BANTA-BANTAENG",7371031007,Aktif,10,7371031,Rappocini
3113446,ARTILUCA PUNCAK MANDIRI,KOMPLEK BTN MINASA UPA,7371031,Aktif,7,7371031,Rappocini
3113558,PUSAT KOPERASI PENGRAJIN IKAN (PUSKOPIN),JL TAMALATE I BLOK 5 NO 05 RT 002 RW 001,7371031003,Aktif,10,7371031,Rappocini
3114504,LATIVI MEDIAKARYA MAKASSAR & AMBON,JL BONTOMENE,7371031007,Aktif,10,7371031,Rappocini
3116701,BLESSING NETWORK,JL TAMALATE 3,7371031003,Aktif,10,7371031,Rappocini
3117211,SINAR MOGILOLANG,KOMPLEK GRAHA QUALITY,7371031007,Aktif,10,7371031,Rappocini
3117636,FUAD PRATAMA PERKASA,"JL RAYA PENDIDIKAN BLOK G5/5 RT.001 RW.003, TIDUNG",7371031006,Aktif,10,7371031,Rappocini
3118384,RIDHO AMANAH BERSAMA,JL. HERTASNING BARU BLOK N/6 KOTA MAKASSAR,7371031009,Aktif,10,7371031,Rappocini
3119551,LEMBAGA PENDIDIKAN TK TAMAN PAUD DOA IBU,JL TAMALATE I KAMPUS FIP UNM,7371031006,Aktif,10,7371031,Rappocini
3120173,EXCLUSIVE ART GROUP,BTN MINASA UPA BLOK L/10 KOTA MAKASAR,7371031010,Aktif,10,7371031,Rappocini
3120884,YUSRAN KARYA PRATAMA,JL PALM MERAH,7371031004,Aktif,10,7371031,Rappocini
3121222,GLOBAL PERKASA CONSULTAN,"JL.TAMALATE V STP 7 NO.22, KASSI-KASSI",7371031004,Aktif,10,7371031,Rappocini
3121329,COZY CONSTRUCTION,TIDUNG 1 SETAPAK 1 PERUMNAS,7371031005,Aktif,10,7371031,Rappocini
3121855,ABDI PENA MAHARANI,BTN MINASA UPA,7371031,Aktif,7,7371031,Rappocini
3122296,MAHAMU UTAMA INTERMEDIA,JL SULTAN ALAUDDIN KOMP PERMATASARI RUKO 25 MAKASSAR,7371031001,Aktif,10,7371031,Rappocini
3123076,TRISUMA,"JL RSI FAISAL RAYA BLOK 25B NO 6 RT 001 RW 002, BANTA-BANTAENG",7371031007,Aktif,10,7371031,Rappocini
3123175,PINANG MADANI,"JL. ASAM KARANJI NO. 196 RT.001 RW.009, KASSI-KASSI",7371031004,Aktif,10,7371031,Rappocini
3123529,SAFIZI JAYA,KOMP MANGASA VILLAGE,7371031001,Aktif,10,7371031,Rappocini
3123606,KARYA ARIFSAH,"KOMPLEK COKONURI NO 1 JL MONUMEN EMMY SAELAN RT 004 RW 002, KARUNRUNG",7371031002,Aktif,10,7371031,Rappocini
3124906,LUMAGADA ESTETIKA KONSULTAN,"JL MAKKIO BAJI 4 NO 5-7 RT.004 RW.003, TIDUNG",7371031006,Aktif,10,7371031,Rappocini
3124952,PUSAT PENELITIAN IKIPUJUNG PANDANG,"KAMPUS IKIP GUNUNG SARI BARU, MAPPALA",7371031003,Aktif,10,7371031,Rappocini
3125839,TIGA BERKAH,BTN MINASA UPA,7371031002,Aktif,10,7371031,Rappocini
3127071,GOSAL BANGKIT JAYA,JL LANDAK BARU 10 RUKO I,7371031007,Aktif,10,7371031,Rappocini
3127254,TRI DELTA LESTARI,JL MESJID MU'MIN,7371031010,Aktif,10,7371031,Rappocini
3127267,KWARTA ENERGI SEJATI,JL PERUMAHAN BTN MINASA UPA,7371031001,Aktif,10,7371031,Rappocini
3128122,JO. PT. ADHI KARYA (PERSERO) TBK - PT KARYA PARE SEJAHTERA,"JL. HERTASNING B.II/02, RT.001/RW.001,KASSI-KASSI",7371031004,Aktif,10,7371031,Rappocini
3128654,OTO MULTIARTHA,JL PELITA RAYA,7371031010,Aktif,10,7371031,Rappocini
3128882,AYU LESTARI,"JL.BANTA-BANTAENG AYU LESTARI NO.1 RT.007 RW.005, BANTA-BANTAENG",7371031007,Aktif,10,7371031,Rappocini
3128943,BAMBUTAMA,"JL SULTAN ALAUDDIN KOMPLEK BUMI PERMATA HIJAU BLOK D9/7, GUNUNG SARI",7371031001,Aktif,10,7371031,Rappocini
3129074,SEPTI NUGRAHA PERKASA,JL PELITA RAYA,7371031010,Aktif,10,7371031,Rappocini
3129529,SANGA KARSA,"BTN AGRARIA BLOK Q NO.21 RT.005 RW.002, KARUNRUNG",7371031002,Aktif,10,7371031,Rappocini
3129571,MEGA SARANA CIPTA,"BTN AGRARIA BLOK A NO.1, KARUNRUNG",7371031002,Aktif,10,7371031,Rappocini
3129642,CAESAR SATRIA ABADI,JL AROEPALA KOMP PERMATA HIJAU LESTARI,7371031004,Aktif,10,7371031,Rappocini
3130815,RADIO VENUS NUSANTARA,JL KOMP. PERMATA HIJAU,7371031001,Aktif,10,7371031,Rappocini
3131526,AL-HASMI LESTARI,"BTN MINASA UPA BLOK M18/26 RT 005 RW 009, GUNUNG SARI",7371031001,Aktif,10,7371031,Rappocini
3131559,ADHITYA PRATAMA,BTN MINASA UPA BLOK K14/28 RT 004 RW 010 GUNUNG SARI,7371031001,Aktif,10,7371031,Rappocini
3132348,REKAYASA BANGUN NUSANTARA,"KOMP.PERMATA HIJAU PERMAI BLOK X NO.6 RT.02 RW.11, KASSI-KASSI",7371031004,Aktif,10,7371031,Rappocini
3132722,KARYA ANUGERAH PASIFIK,BTN MINASA UPA BLOK B 5 NOMOR 19,7371031001,Aktif,10,7371031,Rappocini
3132911,DIAN UTAMA MAPAN SEJAHTERA,JL RAYA PENDIDIKAN I KOMP.UNM BLOK B II,7371031006,Aktif,10,7371031,Rappocini
3133003,REFAN BANGUN PERSADA,JL EMMY SAELAN KOMPLEK GRAHA HAZIRAH PERMAI,7371031001,Aktif,10,7371031,Rappocini
3133356,HARMONI MITRA UTAMA,HERTASNING BARU AROEPALA,7371031,Aktif,7,7371031,Rappocini
3133675,SASADIH HARAPAN NUSANTARA,BTN MINASA UPA BLOK,7371031,Aktif,7,7371031,Rappocini
3134152,FAKULTAS HUKUM UNIVERSITAS INDONESIA TIMUR,JL. RAPPOCONI RAYA,7371031008,Aktif,10,7371031,Rappocini
3134506,BANK MANDIRI (PERSERO),JL BONTO LANGKASA KAMPUS UNM GED.4 C,7371031007,Aktif,10,7371031,Rappocini
3135985,KARYA ENAM-ENAM KONSTRUKSI,JL BTN MINASA UPA BLOK,7371031001,Aktif,10,7371031,Rappocini
3136110,KHARINDO PERSADA,JL AROEPALA KOMP BUMI PERMATA HIJAU BUMI 12,7371031001,Aktif,10,7371031,Rappocini
3136263,RACHMAD ANUGRAH,JL BTN MINASA UPA,7371031001,Aktif,10,7371031,Rappocini
3136661,GERBANG TIMUR INDONESIA,"JL. MON. EMMY SAELAN III, RUKO CORNER",7371031006,Aktif,10,7371031,Rappocini
3136838,GELORA BANGUN PERSADA,JL CILALLANG JAYA,7371031008,Aktif,10,7371031,Rappocini
3138558,ARBA ANNISA,"JL.BONTO LANGKASA I/47, BANTA-BANTAENG",7371031007,Aktif,10,7371031,Rappocini
3139066,JANTUNG MADANI MAKASSAR,JL AP PETTARANI RUKO PETTARANI CENTRE BLOK,7371031008,Aktif,10,7371031,Rappocini
3139420,FAYRUZ RAODAH,"JL.MONUMEN EMMY SAELAN 3D BLOK I NO.2, TIDUNG",7371031006,Aktif,10,7371031,Rappocini
3140313,LESEHAN AYAM GP (GILA PEDAS),JL TAMALATE I,7371031006,Aktif,10,7371031,Rappocini
3141166,TIGA BINTANG,"KO PETTARANI CENTRE BLK C 22, BUAKANA",7371031008,Aktif,10,7371031,Rappocini
3141360,PERKASA JAYA KONSTRUKSI,JL BTN MINASA UPA,7371031,Aktif,7,7371031,Rappocini
3141386,KENCANA MAS,JL MONGINSIDI KOMP PURI MUTIARA III,7371031009,Aktif,10,7371031,Rappocini
3142327,ARDHANA CELEBES TEKNIK,JL. RSI FAISAL RAYA,7371031007,Aktif,10,7371031,Rappocini
3142453,NEVY JAMES TONGGIROH,KOMP. BTN AGRARIA,7371031002,Aktif,10,7371031,Rappocini
3143007,CAHAYA BUANA JAYA,JL PELITA II LR.3A,7371031008,Aktif,10,7371031,Rappocini
3143169,DEVA KARUNIA PRATAMA,"JL YUSUF DG NGAWING BLOK E/27 NO 11A RT.001 RW.004, RAPPOCINI",7371031009,Aktif,10,7371031,Rappocini
3144102,BERKAT ABADI SENTOSA,JL BERKAH,7371031010,Aktif,10,7371031,Rappocini
3144622,SHANKARA ABADI,JL LANDAK BARU LR 6,7371031007,Aktif,10,7371031,Rappocini
3144705,SUKMA,"BTN.MINASA UPA BLOK L.6/IIC RT.002 RW.008, GUNUNG SARI",7371031001,Aktif,10,7371031,Rappocini
3145813,SERBA USAHA  LOROSAE,"PURI TAMAN SARI BLOK C.7, KASSI-KASSI",7371031004,Aktif,10,7371031,Rappocini
3145840,JASA WISATA KREASI RIHLAH,JL WIJAYA KUSUMA IV,7371031007,Aktif,10,7371031,Rappocini
3145906,LEMBAGA PENDIDIKAN ANAK USIA DINI (PAUD) TERPADU DHARMA WANITA (DW) BINAAN LPMP SULSEL,JL AP PETTARANI (LPMP) MAKASSAR,7371031007,Aktif,10,7371031,Rappocini
3146174,MEGA DINA TAMA,JL TIDUNG X,7371031003,Aktif,10,7371031,Rappocini
3147157,LINTAS MANDIRI,"JL BERINGIN II NO 4 RT.002 RW.010, KASSI-KASSI",7371031004,Aktif,10,7371031,Rappocini
3148053,ANINDITA PROJECT,PERUM MINASA INDAH RESIDENCE,7371031,Aktif,7,7371031,Rappocini
3149616,SAKINAH INDAH CEMERLANG,JALAN TALASALAPANG,7371031001,Aktif,10,7371031,Rappocini
3149935,CAHAYA TUNAS MANDIRI,JL. TAMALATE 4 SETAPAK 4 NO 21 PERUMNAS MAKASSAR,7371031004,Aktif,10,7371031,Rappocini
3150581,CITRA ELEKTRIK,JL JIPANG RAYA,7371031002,Aktif,10,7371031,Rappocini
3152614,INDRA,"JL TODDOPULI 1 BLOK  BLOK 25 NO 75 RT 003 RW 007, KASSI-KASSI",7371031004,Aktif,10,7371031,Rappocini
3153310,RASYA REZKY PERDANA,KOMPLEKS BPH JL BUMI 9 BLOK A6/1 RT 001 RW 001 GUNUNG SARI,7371031001,Aktif,10,7371031,Rappocini
3153729,UBAIDIL SURYA INDONESIA,BTN MINASA UPA BLOK G. 14 NO. 9,7371031,Aktif,7,7371031,Rappocini
3154609,BINTANG PERKASA MULTIKONSTRUKSI,JL LETJEN HERTASNING,7371031006,Aktif,10,7371031,Rappocini
3154918,ANNISA,"JL.LANDAK BARU LR.5 NO.2 RT.000 RW.000, BANTA-BANTAENG",7371031007,Aktif,10,7371031,Rappocini
3155140,OKI PERDANA BARU,"JL.MONUMEN EMMY SAELAN III KOMP.AGRARIA BLOK B/11 RT.001 RW.002, KARUNRUNG",7371031002,Aktif,10,7371031,Rappocini
3156787,TISYA ENGINEERING KONSULTAN,JL BERINGIN VII,7371031004,Aktif,10,7371031,Rappocini
3157216,GALLERY LONTARA,JL AP PETTARANI RUKO NEW ZAMRUD G6,7371031008,Aktif,10,7371031,Rappocini
3157379,TUJUH PUTRI UTAMA,JL HERTASNING BARU KOMPLEKS ANGIN MAMIRI,7371031002,Aktif,10,7371031,Rappocini
3157615,ANTELOP RAYA KONSTRUKSI,"JL. TIDUNG 8, PERUMNAS PANAKUKKANG",7371031003,Aktif,10,7371031,Rappocini
3158685,SABAR ABADI JAYA,"JL TALASALAPANG KOMPLEK P & K BLOK D/7 RT 001 RW 001, GUNUNG SARI",7371031001,Aktif,10,7371031,Rappocini
3158791,LEMBAGA KANTOR BERITA NASIONAL ANTARA BIRO SULSEL,Jl. Ap.pettarani blok A 30 Makassar,7371031010,Aktif,10,7371031,Rappocini
3159267,LAMBDA MULIA KREASINDO,JL KARUNRUNG ASRI,7371031002,Aktif,10,7371031,Rappocini
3160467,REZKI PRIMA,JL. AP. PETTARANI KOMP PEMDA BLOK E28/09,7371031006,Aktif,10,7371031,Rappocini
3161128,ASIA INDO MAKMUR SENTOSA,KOMP BTN PT BAD,7371031006,Aktif,10,7371031,Rappocini
3161595,TRI WAHYU WINATA,JL. PELITA RAYA TENGAH I A 3/2,7371031010,Aktif,10,7371031,Rappocini
3161713,PT. TUJUH DUA ASTRA MANDIRI,JL. MONUMEN EMMY SAELAN LR 50 PERUM HARMONI RESIDEN,7371031001,Aktif,10,7371031,Rappocini
3163489,SAFIR SUMBER PLASTIK,JALAN SULTAN ALAUDDIN KOMPLEKS RUKO PERMATA SARI NOMOR 33,7371031001,Aktif,10,7371031,Rappocini
3163555,LINOA INTERNASIONAL KONSULINDO,PERUMAHAN KOMPLEKS KODAM KATANGKA,7371031001,Aktif,10,7371031,Rappocini
3164554,AGUNG SEJATI,"JL.BONTO LANRA III NO.17, BANTA-BANTAENG",7371031007,Aktif,10,7371031,Rappocini
3164771,CV AWAN INDEPENDENT,JALAN TALASALAPANG KOMP. P&K,7371031001,Aktif,10,7371031,Rappocini
3165267,NIAGA INDOGUNA YASA,JL. AEROPALA,7371031001,Aktif,10,7371031,Rappocini
3165369,JONJORO PANRITA KAMPONG,JL BTN MINASA UPA,7371031,Aktif,7,7371031,Rappocini
3165419,FITRIA GLOBE MANDIRI,JL BUMI 22 BPH,7371031001,Aktif,10,7371031,Rappocini
3165459,ABADI PRATAMA SAMUDRA,JL LANDAK BARU,7371031007,Aktif,10,7371031,Rappocini
3166025,SMA NAHDIYAT MAKASSAR,JL. RAPPOCINI RAYA,7371031008,Aktif,10,7371031,Rappocini
3166112,BAHTA PRATAMA,JL HERTASNING IV NO 21 RT 001 RW 001 TIDUNG,7371031006,Aktif,10,7371031,Rappocini
3166988,SAO LEBBI,BTN MINASA SARI BLOK,7371031001,Aktif,10,7371031,Rappocini
3167005,KARYATAMA MANUNGGAL PERKASA,JL HERTASNING,7371031006,Aktif,10,7371031,Rappocini
3168662,LEMBAGA KAJIAN DAN RISET SULAWESI SELATAN,JL SULTAN ALAUDDIN SALEMBA,7371031001,Aktif,10,7371031,Rappocini
3168788,DINAMIS GLOBAL MAKMUR,"JL MON EMMY SAELAN III KOMPLEK GRAHA SARI TOWN HOUSE NO 1 RT 001 RW 001, TIDUNG",7371031006,Aktif,10,7371031,Rappocini
3169192,JASA PRIMA LOGISTIK BULOG,"JL RS ISLAM FAISAL RAYA NO 10 RT 010 RW 008, BANTA-BANTAENG",7371031007,Aktif,10,7371031,Rappocini
3169839,AMANAH ENGINEERING,JL BUMI 22 KOMP BUMI PERMATA HIJAU,7371031001,Aktif,10,7371031,Rappocini
3169892,NURI INTI CONSULTANT,JL TAMALATE 1 BLOK,7371031005,Aktif,10,7371031,Rappocini
3171101,TOKO TAUFIQ,MINASA UPA,7371031,Aktif,7,7371031,Rappocini
3171350,TAUFIKAH KARYA PERKASA,"JL HERTASNING PERUMAHAN ANGING MAMMIRI RESIDENCE BLOK E4/9 RT 003 RW 001, KARUNRUNG",7371031002,Aktif,10,7371031,Rappocini
3171401,JAFAN TIGA,"JL MONUMEN EMMY SAELAN III NO 55 RT.003 RW.005, KARUNRUNG",7371031002,Aktif,10,7371031,Rappocini
3171535,SULISA MATRA BANGSA,BTN MINASA UPA,7371031002,Aktif,10,7371031,Rappocini
3173893,INSAN UNGGUL INDONESIA,JL AROEPALA KOMP PHP,7371031004,Aktif,10,7371031,Rappocini
3173896,HERO GRAHA UTAMA,"JL.AROEPALA NO.7 RT.004 RW.015, GUNUNG SARI",7371031001,Aktif,10,7371031,Rappocini
3174632,SYAFA PERSADA,KOMPLEK PURI TAMAN SARI,7371031004,Aktif,10,7371031,Rappocini
3174694,JARDAS GLOBAL INDONESIA,JL AROEPALA (HERTASNING BARU),7371031004,Aktif,10,7371031,Rappocini
3174695,REZKY TRI TUNGGAL,"KOMPLEK PURI TAMAN SARI BLOK B3/3 JL BORONG RAYA RT.001 RW.012, KASSI-KASSI",7371031004,Aktif,10,7371031,Rappocini
3176426,KANE MOOKE,JL MAHONI,7371031004,Aktif,10,7371031,Rappocini
3176538,POMA MITRA KONTRAKTOR,JL. SUNGAI SADDANG BARU,7371031010,Aktif,10,7371031,Rappocini
3176931,BARUGA NEWS,BTN MINASA UPA,7371031001,Aktif,10,7371031,Rappocini
3177272,SERASI LOGISTICS INDONESIA,JL. HERTASNING BARU AEROPALA,7371031,Aktif,7,7371031,Rappocini
3177724,STAR FOOD INDUSTRY,JL AP PETTARANI KOMP PEMDA BLOK E27,7371031006,Aktif,10,7371031,Rappocini
3177915,PUTRA UTAMA,"JL.TAMALATE II BLOK 11 NO.1B, MAPPALA",7371031003,Aktif,10,7371031,Rappocini
3178197,WIRATAMA MITRA PERKASA,PERMATA HIJAU PERMAI BLOK J/11,7371031004,Aktif,10,7371031,Rappocini
3178304,CV. SURYA MUDA MANDIRI,JL. BTN AGRARIA,7371031002,Aktif,10,7371031,Rappocini
3180174,PANCA PUTRA,"JL MINASA UPA RAYA III BLOK B9/6 RT.003 RW.005, GUNUNG SARI",7371031001,Aktif,10,7371031,Rappocini
3180291,ZAFASA KONSULTAN,"BTN MINASA UPA BLOK.M 8 NO.9, GUNUNG SARI",7371031001,Aktif,10,7371031,Rappocini
3180294,RADITYA CIPTARENCANA,JL SUNGAI SADDANG BARU BTN TIMURAMA,7371031010,Aktif,10,7371031,Rappocini
3180435,ARGEO KONSULTAN,"JL.RAPPOCINI RAYA NO.96 RT.003 RW.003, RAPPOCINI",7371031009,Aktif,10,7371031,Rappocini
3180757,PERKUMPULAN KEPAL TANGAN KITA INDONESIA,JL BTN MINASA UPA,7371031001,Aktif,10,7371031,Rappocini
3181223,MILA UTAMA,JL AROEPALA SAMPING SMP 40 TEMBUSAN KOMP. ANGGREK MINASA UPA,7371031001,Aktif,10,7371031,Rappocini
3181447,REKA PERDANA INDONESIA,Jl. Bonto Manai,7371031007,Aktif,10,7371031,Rappocini
3181542,LEBAU PASE INDONESIA,JL AROEPALA PERMATA HIJAU LESTARI,7371031004,Aktif,10,7371031,Rappocini
3181990,POJOK KULINER PETTARANI,JALAN AP PETTARANI,7371031008,Aktif,10,7371031,Rappocini
3182274,RAMA,"JL JIPANG RAYA NO 25E RT.003 RW.004, KARUNRUNG",7371031002,Aktif,10,7371031,Rappocini
3182324,CV MAHESAPUTERA,JALAN TAMALATE 3,7371031003,Aktif,10,7371031,Rappocini
3182704,ADHI KARYA (PERSERO) Tbk.,JL HERTASNING  II,7371031004,Aktif,10,7371031,Rappocini
3183486,CHAMANDINI,"JL.TAMALATE IX STP.2 NO.155 RT.000 RW.000, KASSI-KASSI",7371031004,Aktif,10,7371031,Rappocini
3185911,SAMUDERA JAYA MANDIRI,"JL.A.P.PETTARANI RUKO NEW ZAMRUD BLOK C.10, BUAKANA",7371031008,Aktif,10,7371031,Rappocini
3185985,SURYA PERMATA SEJAHTERA,JL BTN MINASA UPA,7371031,Aktif,7,7371031,Rappocini
3187010,ALMA GROUP,JL. MONUMEN EMMY SAELAN,7371031006,Aktif,10,7371031,Rappocini
3187195,"ADHI-ABIPRAYA, KSO",JL HERTASNING BLOK B II,7371031004,Aktif,10,7371031,Rappocini
3187218,FAYSA ANUGRAH,"JL MONUMEN EMMY SAELAN NO 20 RT.003 RW.016, GUNUNG SARI",7371031001,Aktif,10,7371031,Rappocini
3187936,SYAUQI RAHMAN,"JL.RSI FAISAL IV NO.15, BANTA-BANTAENG",7371031007,Aktif,10,7371031,Rappocini
3188587,PUTERI JAYA SEJAHTERA,"JL.SKARDA N LR.III NO.30, GUNUNG SARI",7371031001,Aktif,10,7371031,Rappocini
3189079,PERSYARIKATAN MUHAMMADIYAH CAB SMA MUHAMMADIYAH 9,"JL BONTO DAENG NGIRATE NO 22 RT 003 RW 006, BONTO MAKKIO",7371031005,Aktif,10,7371031,Rappocini
3190680,WIRA KARYA ABADI MANDIRI,JL AP PETTARANI RUKO PETTARANI CENTRE,7371031008,Aktif,10,7371031,Rappocini
3191776,MAKMUR JANNA,"JL.FAISAL XVI NO.77 RT.002 RW.001, BANTA-BANTAENG",7371031007,Aktif,10,7371031,Rappocini
3191855,SUARA CIPTA MANDIRI,BTN MINASA UPA,7371031001,Aktif,10,7371031,Rappocini
3192899,SAMAWA,JL SULTAN ALAUDDIN LR ALAZHAR 1,7371031001,Aktif,10,7371031,Rappocini
3194351,FAIQAL UTAMA BERKAH,JL MONUMEN EMMY SAELAN IIID,7371031006,Aktif,10,7371031,Rappocini
3194798,HIRAMAS,JL AROEPALA UTARA,7371031,Aktif,7,7371031,Rappocini
3195639,ALMIRA,"JL EMMY SAELAN III KOMP PU JENEBERANG NO 4 RT.05 RW.01, KARUNRUNG",7371031002,Aktif,10,7371031,Rappocini
3196350,MARADDIA UTAMA KONSTRUKSI,JL CILALLANG JAYA VII,7371031008,Aktif,10,7371031,Rappocini
3196372,TRIPUTRA TEHNIK,JL WIJAYA KUSUMA,7371031007,Aktif,10,7371031,Rappocini
3197512,FAYYADH PUTRA INDONESIA,"KOMPLEKS BUMI PERMATA HIJAU BLOK A10/3, GUNUNG SARI",7371031001,Aktif,10,7371031,Rappocini
3197718,GOWAMO MEDIA INDONESIA,JL MINASA UPA,7371031001,Aktif,10,7371031,Rappocini
3197821,AGSARATAMA CONTRINDO,"JL.KELAPA TIGA NO.4 RT.006 RW.006, BALLA PARANG",7371031010,Aktif,10,7371031,Rappocini
3198014,26 MULTI KARYA,"JL TALASALAPANG NO 26 RT.002 RW.014, GUNUNG SARI",7371031001,Aktif,10,7371031,Rappocini
3198348,REZKI AMALIA KONSTRUKSI,"JL.PELITA RAYA TENGAH BLOK A.2 NO.4 A RT.003 RW.009, BALLA PARANG",7371031010,Aktif,10,7371031,Rappocini
3199016,IKA FARMA,"JL ANSANA NO 149, KASSI-KASSI",7371031004,Aktif,10,7371031,Rappocini
3199613,JAYA SAMPURNA,"JL. MONUMEN EMMY SAELAN NO. 106 RT.002 RW.002, TIDUNG",7371031006,Aktif,10,7371031,Rappocini
3200386,FAUZAN PERDANA,"JL.BANTA-BANTAENG NO.60 RT.003 RW.004, BANTA-BANTAENG",7371031007,Aktif,10,7371031,Rappocini
3200507,DWI REZKYTA UTAMI,BTN MINASA UPA,7371031,Aktif,7,7371031,Rappocini
3202876,LEMBAGA SWADAYA MASYARAKAT CAKRAM,JL TIDUNG 2,7371031005,Aktif,10,7371031,Rappocini
3203936,MARIOLO YAMASEI,BTN MINASA UPA BLOK,7371031001,Aktif,10,7371031,Rappocini
3204097,SIBATEK BERSINAR TERANG,JL MINASA UPA UTARA,7371031001,Aktif,10,7371031,Rappocini
3204302,ANGKASA LENTERA MADANI,ANDI PANGERAN PETTARANI RUKO NEW ZAMRUD,7371031008,Aktif,10,7371031,Rappocini
3204439,FORUM MAKASSAR KITA,JL ANDI DJEMMA PERUM METROPOLITAN RESIDENCE,7371031007,Aktif,10,7371031,Rappocini
3206216,NINDYA MINANGA KARYA,JL MAPPALA,7371031006,Aktif,10,7371031,Rappocini
3206255,TAKKALASI INTI PUSTAKA,"JL.AROEPALA SAMPING SMP 40 TEMBUSAN KOMP. ANGGREK MINASA UPA,RT.004/RW.010,GUNUNG SARI",7371031001,Aktif,10,7371031,Rappocini
3206351,PT. ADHI KARYA & PT. PASSOKORANG,"JL. HERTASNING B.11 NO.2, KASSI-KASSI",7371031004,Aktif,10,7371031,Rappocini
3206974,NAPPA INDONESIA,JL RAPPOCINI RAYA LR 1,7371031009,Aktif,10,7371031,Rappocini
3208683,SOANANTO,"JL TODDOPULI RAYA NO 24 RT.001 RW.007, KASSI-KASSI",7371031004,Aktif,10,7371031,Rappocini
3208961,CIPTA FIDA PERSADA,"BTN AGRARIA BLOK C NO.5 RT.004 RW.002, KARUNRUNG",7371031002,Aktif,10,7371031,Rappocini
3208987,SONY DIANDA SEJAHTERA,JL PENGAYOMAN RUKO PERMATA SARI,7371031008,Aktif,10,7371031,Rappocini
3209218,TASWING,JL CILALLANG JAYA,7371031008,Aktif,10,7371031,Rappocini
3209442,BERKAH SOSIAL TIGA DELAPAN DELAPAN,JL WIJAYA KUSUMA RAYA,7371031007,Aktif,10,7371031,Rappocini
3209505,REZKY UTAMA,"KOMP.INDAH BUMI BOSOWA A3/22 RT.007 RW.008, GUNUNG SARI",7371031001,Aktif,10,7371031,Rappocini
3210210,SINERGI WAHANA PERSADA,JL SUNGAI SADDANG BARU,7371031010,Aktif,10,7371031,Rappocini
3210246,KARYA MASPUL NUSANTARA,JL TIDUNG 3BLOK,7371031005,Aktif,10,7371031,Rappocini
3211574,NEXCOM BHAKTI NUSINDO,KO GRIYA KISEL DAMAI BLOK B NO.1,7371031001,Aktif,10,7371031,Rappocini
3211576,FAYYADH PUTRA,"KOMPLEK BPH JL BUMI RAYA BLOK A10/3, GUNUNG SARI",7371031001,Aktif,10,7371031,Rappocini
3211981,CANTIK JAYA ABADI,"JALAN SULTAN ALAUDDIN, RUKO ALAUDDIN PLAZA (CANTIK SALON BALI)",7371031001,Aktif,10,7371031,Rappocini
3213511,RAJALANGIT AKSES,JL TIDUNG V STP 9,7371031005,Aktif,10,7371031,Rappocini
3213880,MAKASSAR VISUAL NUSANTARA,JL RAYA PENDIDIKAN,7371031006,Aktif,10,7371031,Rappocini
3213928,LEMBAGA ASSET & KEUANGAN SUNDA NUSANTARA SEGITIGA EMAS PUSAT NUSANTARA INDONESIA PROVINSI SULAWESI SELATAN,"BTN MINASA UPA BLOK M4 NO 8 RT 001 RW 009, GUNUNG SARI",7371031001,Aktif,10,7371031,Rappocini
3214023,KARTINI,PERUMAHAN BTN MINASA UPA,7371031001,Aktif,10,7371031,Rappocini
3215052,DUA PUTRA MANDIRI,"JL.CILALLANG JAYA VII NO 5 RT.004 RW.002, BUAKANA",7371031008,Aktif,10,7371031,Rappocini
3215473,DUA SISI HOME,"KOMPLEK ZAMRUD BLOK H/16 RT.001 RW.003, BUAKANA",7371031008,Aktif,10,7371031,Rappocini
3215709,AIRINDO SAKTI,JL SULTAN ALAUDDIN RUKO ALAUDDIN PLAZA BOULEVARD,7371031001,Aktif,10,7371031,Rappocini
3215929,AKSES SARANA,JL BTN AYU LESTARI,7371031007,Aktif,10,7371031,Rappocini
3217101,MAGHFIRAH AZIZAH MANDIRI,PERUMAHAN MINASA INDAH RESIDENCE BLOK A NO. 20,7371031001,Aktif,10,7371031,Rappocini
3217586,INTERNUSA GLOBAL ENERGY,PERUMAHAN GRAHA ASRI ESTATE,7371031001,Aktif,10,7371031,Rappocini
3217649,ANUGRAH,"BTN MINASA UPA BLOK K.3 NO.14 RT.002 RW.010, GUNUNG SARI",7371031001,Aktif,10,7371031,Rappocini
3217906,SEWANG BERLIAN ABADI,PERUMAHAN PURI MUTIARA 1 NOMOR 26,7371031010,Aktif,10,7371031,Rappocini
3217941,EMPAT WARNA PERKASA,JALAN TIDUNG 2 SETAPAK 1 BLOK 21 NOMOR 14,7371031005,Aktif,10,7371031,Rappocini
3218230,MAJU MAKMUR TIGATIGA,"PERUMAHAN GRAHA MAPPALA PERMAI BLOK A/1 RT.005 RW.008, TIDUNG",7371031006,Aktif,10,7371031,Rappocini
3218644,GEOSPATIAL INDONESIA,JL TAMALATE 2 NO.7A RT/RW /,7371031003,Aktif,10,7371031,Rappocini
3221054,SEMBILAN ENAM KONSULTAN,JL TIDUNG X,7371031003,Aktif,10,7371031,Rappocini
3221115,MUSTIMAH,JL JIPANG RAYA BLOK,7371031001,Aktif,10,7371031,Rappocini
3221142,PELITA MAHKOTA HOTELINDO,JL PELITA RAYA 8,7371031008,Aktif,10,7371031,Rappocini
3221340,BINA INSANI SULAWESI,JL RAYA PENDIDIKAN BALLA PANAKUKKANG BLOK,7371031006,Aktif,10,7371031,Rappocini
3222520,RAHMA DARMA JAYA,JL HERTASNING BARU,7371031004,Aktif,10,7371031,Rappocini
3223431,YAYASAN SWADAYA MITRA BANGSA (YASMIB),"JL TAMALATE IV NO 9 RT.003 RW.002, KASSI-KASSI",7371031004,Aktif,10,7371031,Rappocini
3223508,VASITIVE MANDIRI MINING,BUAKANA VII NOMOR 25,7371031008,Aktif,10,7371031,Rappocini
3224048,MAKASSAR CIPTA KREATIF,"JL RAPPOCINI RAYA LR 6 NO 9 RT.005 RW.001, BUAKANA",7371031008,Aktif,10,7371031,Rappocini
3224440,INDOMOBIL FINANCE INDONESIA,JL HERTASNING TIMUR,7371031004,Aktif,10,7371031,Rappocini
3224878,SAWERIGADING BUMI NUSANTARA,"ANGING MAMMIRI RESIDENCE, BLOK D4 NOMOR 5, JL. LETJEND HERTASNING",7371031004,Aktif,10,7371031,Rappocini
3225159,PUSAKA TEKNIK,KOMP JIPANG PERMAI DP 8,7371031002,Aktif,10,7371031,Rappocini
3225329,GLOBAL CITRA KONSTRUKSI,JL HERTASNING,7371031006,Aktif,10,7371031,Rappocini
3225898,BINTANG RAJA,BTN MINASA UPA,7371031001,Aktif,10,7371031,Rappocini
3226478,MAKASSAR TANNING,BTN MINASA UPA,7371031001,Aktif,10,7371031,Rappocini
3228949,CINTA SATWA,A.P. PETTARANI,7371031008,Aktif,10,7371031,Rappocini
3229190,ICHALUNG GOSI ABADI,JL. BONTO DG. NGIRATE I,7371031006,Aktif,10,7371031,Rappocini
3229399,INDRA JAYA PERSADA,"JL LANDAK BARU LR 1 NO 7F RT.004 RW.003, BANTA-BANTAENG",7371031007,Aktif,10,7371031,Rappocini
3229533,MITRA UTAMA,JL TIDUNG I STP 3,7371031005,Aktif,10,7371031,Rappocini
3230234,EKOMETRIKAL WIDYATAMA,JL TAMALATE IV STP 16,7371031009,Aktif,10,7371031,Rappocini
3230324,AVOS,JL AP PETTARANI,7371031008,Aktif,10,7371031,Rappocini
3234289,CAHAYA MULTIMEDIA ENTERTAINMENT,KOMP BTN MINASA UPA,7371031001,Aktif,10,7371031,Rappocini
3234444,DINKYZA CELEBES POWERINDO,JL TEDUH BERSINAR KOMP GRIYA KISEL DAMAI A.12,7371031001,Aktif,10,7371031,Rappocini
3234936,MILAGROS INDONESIA MEGAH,JL PELITA RAYA,7371031010,Aktif,10,7371031,Rappocini
3235031,AR RAUDHAH,JL SYEKH YUSUF BTN TIRTASARI,7371031,Aktif,7,7371031,Rappocini
3235114,GREEN ENERGY INVESTAMA,"KOMPLEKS PERMATA HIJAU PERMAI BLOK J NO. 34, HERTASNING BARU",7371031004,Aktif,10,7371031,Rappocini
3235240,TRIMITRA UTAMA REKATAMA,JL JIPANG RAYA RUKO MUSTIKA MEGASARI,7371031001,Aktif,10,7371031,Rappocini
3236483,YAYASAN PENDIDIKAN RIZKY MAKASSAR,"JL SYEH YUSUF-MINASA UPA RAYA NO 4 RT.001 RW.001, GUNUNG SARI",7371031001,Aktif,10,7371031,Rappocini
3236497,SUN TELEVISI MAKASSAR,JL ST ALAUDDIN (RUKO ALAUDDIN PLAZA),7371031001,Aktif,10,7371031,Rappocini
3238891,AKMAL AKBAR SEJAHTERA,BTN MINASA UPA,7371031001,Aktif,10,7371031,Rappocini
3239909,CV. WALASUJI APTA MARASANG,"JL. ANDI JEMME NO.48, KELURAHAN BANTA-BANTAENG, KECAMATAN RAPPOCINI, KOTA MAKASSAR",7371031007,Aktif,10,7371031,Rappocini
3239926,MASYARAKAT PROFESI PENILAI INDONESIA,JL RAYA PENDIDIKAN 1,7371031006,Aktif,10,7371031,Rappocini
3240058,KONSUIL PERDANA INDONESIA,JL TODDOPULI RAYA,7371031004,Aktif,10,7371031,Rappocini
3240632,KENCANA AUTO RAYA,JL. AP PETTARANO KOMPLEK BUSINESS CENTRE NO 15,7371031006,Aktif,10,7371031,Rappocini
3240911,KUMALA CELEBES MOTOR,JL A.P. PETTARANI KAV E1,7371031006,Aktif,10,7371031,Rappocini
3241052,MINANGA JAYA ABADI,JL. TIMAH V NO. 9,7371031010,Aktif,10,7371031,Rappocini
3241064,GEBE PRIMA MANDIRI,JL PELITA RAYA,7371031008,Aktif,10,7371031,Rappocini
3241323,PANRITA MIFTAH AL FATIH,JL TAMALATE 1 STP 33,7371031003,Aktif,10,7371031,Rappocini
3241937,JAWN SULAWESI JAYA,JL PURI TAMAN SARI BLOK,7371031004,Aktif,10,7371031,Rappocini
3242602,PERKUMPULAN PERIFER RELAWAN MEDIS LOGISTIK,JALAN BERINGIN,7371031004,Aktif,10,7371031,Rappocini
3243230,PORTAL MAKASSAR,MINASA SARI RAYA,7371031001,Aktif,10,7371031,Rappocini
3243350,INTI WAHANA MANDIRI,JL MONUMEN EMMY SAELAN 3D BLOK I,7371031006,Aktif,10,7371031,Rappocini
3243770,ADAPADA KOMUNIKA INDONESIA,JL BERINGAN VI,7371031004,Aktif,10,7371031,Rappocini
3243854,BUMI DIVARA MANDIRI,JL PELITA RAYA,7371031008,Aktif,10,7371031,Rappocini
3244301,PERSYARIKATAN MUHAMMADIYAH,JL LANDAK BARU LR II,7371031007,Aktif,10,7371031,Rappocini
3244622,DIMINATI SOGI KARYA,JL AP PETTARANI KOMP NEW ZAMRUD,7371031008,Aktif,10,7371031,Rappocini
3245163,MEGAREZKY BINA MEDIK,JL INSPEKSI WADUK BITOA MAKASSAR,7371031004,Aktif,10,7371031,Rappocini
3246141,YUSFAR MAKASSAR GLOBAL,JL ANDI DJEMMA LR. 7A (EX JL LANDAK BARU),7371031007,Aktif,10,7371031,Rappocini
3246902,KOMUNITAS ORANG TUA ANAK DENGAN DOWN SYNDROME,KOMP BTN MINASA UPA,7371031,Aktif,7,7371031,Rappocini
3246925,CATERING ZAHRAN,BTN MINASA UPA BLOK,7371031001,Aktif,10,7371031,Rappocini
3247165,INTERNUSA MANDIRI,JL PELITA RAYA,7371031010,Aktif,10,7371031,Rappocini
3247646,TRANS LESTARI MANDIRI,JL PELITA RAYA,7371031010,Aktif,10,7371031,Rappocini
3248310,KELARA ENERGI UTAMA,JALAN ANDI DJEMMA NO. 120,7371031007,Aktif,10,7371031,Rappocini
3248736,JAYAMASA SIGMA SARANA INDONESIA,JL.PURI TAMAN SARI,7371031004,Aktif,10,7371031,Rappocini
3249065,ASATU MANSION UTAMA,JL BUAKANA KAV.,7371031008,Aktif,10,7371031,Rappocini
3249204,BULAN BINTANG,JL MONGINSIDI BARU,7371031009,Aktif,10,7371031,Rappocini
3249965,BATARA SARANA MANDIRI,"JL.HERTASNING RAYA TIMUR NO.3 C, KASSI-KASSI",7371031004,Aktif,10,7371031,Rappocini
3251163,BUDI BHAKTI,JL RSI ISLAM FAISAL VII,7371031007,Aktif,10,7371031,Rappocini
3252070,ALIAH CONSULINDO,JL TIDUNG VII STP.2,7371031003,Aktif,10,7371031,Rappocini
3252214,ANDI BATARI OPU LANGI,JL PENGAYOMAN TPS 3,7371031008,Aktif,10,7371031,Rappocini
3252395,PONTAS ANUGRAH KHATULISTIWA,JL LANDAK BARU,7371031007,Aktif,10,7371031,Rappocini
3252676,PERSYARIKATAN MUHAMMADIYAH,JL HERTASNING RAYA/AROEPALA,7371031004,Aktif,10,7371031,Rappocini
3252705,MANDIRI PRIMA KARYA,JL PERMATA HIJAU PERMAI,7371031004,Aktif,10,7371031,Rappocini
3253322,KSM JULUKANAYYA,JL RSI FAISAL 17,7371031007,Aktif,10,7371031,Rappocini
3253681,AGROMA INDONESIA,KOMPLEK PEMDA BLOK E28/9 JL AP PETTARANI RT 004 RW 005 TIDUNG,7371031006,Aktif,10,7371031,Rappocini
3254518,TRIJATA NUSA(TRITANU),JL LANDAK BARU,7371031007,Aktif,10,7371031,Rappocini
3254661,ADAMA CIPTA CEMERLANG,JL HERTASNING BARU PERUM TAMAN GOSYEN INDAH,7371031001,Aktif,10,7371031,Rappocini
3254729,IDE GARIS KREATIF,JL AROEPALA RAYA KOMP ANGING MAMMIRI RESIDENCE,7371031002,Aktif,10,7371031,Rappocini
3254801,SEMESTA JAYA RAYA,JALAN BONTO LANGKASA I,7371031007,Aktif,10,7371031,Rappocini
3255162,CANDI NUSANTARA ABADI,JL TAMAN GOESYEN RAYA,7371031001,Aktif,10,7371031,Rappocini
3255325,ARSY SINAR CAHAYA,JL HERTASNING BARAT II KOMP GRIYA PANAKKUKANG INDAH,7371031005,Aktif,10,7371031,Rappocini
3256308,TUJUH LIMA TRD COY,"KOMPLEKS MANGASA PERMAI BLOK Z3/7 RT.000 RW.000, GUNUNG SARI",7371031001,Aktif,10,7371031,Rappocini
3256671,BINA PENGEMBANGAN SUMBER DAYA (YBPSD),"JL.A.P.PETTARANI NO.98, BUAKANA",7371031008,Aktif,10,7371031,Rappocini
3257875,CHACA CIPTA UTAMA,JL TAMALATE IX,7371031004,Aktif,10,7371031,Rappocini
3258574,MUNIRMHA SYIFA JAYA,"JL TAMALATE IV NO 3 RT 003 RW 002, KASSI-KASSI",7371031004,Aktif,10,7371031,Rappocini
3258971,TK AISYIYAH BUSTANUL ATHFAL III KARUNRUNG,JL TIDUNG 9 BLOK,7371031003,Aktif,10,7371031,Rappocini
3259116,RAYYAN MAJU JAYA,KR BONTO TANGNGA,7371031002,Aktif,10,7371031,Rappocini
3259166,TANG FOOD INDONESIA,JL HERTASNING RAYA TIMUR,7371031004,Aktif,10,7371031,Rappocini
3259856,LIMA ANUGRAH,"KOMPLEK GRIYA KISEL DAMAI BLOK F/3 RT.004 RW.022, GUNUNG SARI",7371031001,Aktif,10,7371031,Rappocini
3260680,JAYA KARTA MANDIRI,JL MONGINSIDI BARU,7371031009,Aktif,10,7371031,Rappocini
3261159,TOBO,JL MONUMEN EMMY SAELAN III NO 30 SKARDA'N,7371031006,Aktif,10,7371031,Rappocini
3261194,TRIA RANCANG SPASIAL,JL TAMALATE 4 STP 6,7371031004,Aktif,10,7371031,Rappocini
3261415,LEMBAGA INSTITUSION OF SOCIAL DEVELOPMENT,"JL RAPPOCINI RAYA LR 8 NO 7 RT.002 RW.002, BUAKANA",7371031008,Aktif,10,7371031,Rappocini
3262081,ARCHINDO B`DESIGN,"JL.PELITA RAYA II A NO.9, BUAKANA",7371031008,Aktif,10,7371031,Rappocini
3262769,BERLIAN,JL. RSI FAIISAL XIV BLOK,7371031007,Aktif,10,7371031,Rappocini
3263509,MAJU SINERGI UTAMA,JL. RSI FAISAL,7371031007,Aktif,10,7371031,Rappocini
3263776,ASA SINERGI MANDIRI,JL AP PETTARANI RSIA PARAMOUNT LT I,7371031007,Aktif,10,7371031,Rappocini
3263871,TEKSOS MANDIRI 38,"JL.HERTASNING RAYA NO.38 RT.001 RW.006, TIDUNG",7371031006,Aktif,10,7371031,Rappocini
3264013,CELEBES PRIMA SEJAHTERA,JL A P PETTARANI,7371031006,Aktif,10,7371031,Rappocini
3265099,ABIJOY,JL TIDUNG X TIMUR PERUM STELLA MARIS,7371031002,Aktif,10,7371031,Rappocini
3265855,KARESO SALEWANGENG,JL PERMATA HIJAU PERMAI BLOK,7371031004,Aktif,10,7371031,Rappocini
3266035,GLOBAL ENERGI,"KOMPLEK PERMATA HIJAU BLOK N5/5 RT.006 RW.011, KASSI-KASSI",7371031004,Aktif,10,7371031,Rappocini
3266325,YELLOW PROJECT,JL AP PETTARANI BUAKANA,7371031008,Aktif,10,7371031,Rappocini
3266867,SMIDCO,JL. SYECH YUSUF MINASA SARI,7371031001,Aktif,10,7371031,Rappocini
3267185,CV.SHEZA SAFETY PERDANA,LANDAK BARU,7371031007,Aktif,10,7371031,Rappocini
3269823,LEMBAGA RISET DAN PENGEMBANGAN KAPASITAS MASYARAKAT (LRPKM),JL RAYA PENDIDIKAN PERUMAHAN BALLA PANAKKUKANG BLOK A,7371031006,Aktif,10,7371031,Rappocini
3269891,NAFA REZKY UTAMA,JL PELITA 3 UTARA PERUMAHAN PURI GARDENIA,7371031010,Aktif,10,7371031,Rappocini
3270409,SALAHUTU JAYA MOTOR,JL SUNGAI SANDDANG BARU,7371031010,Aktif,10,7371031,Rappocini
3270480,CINTA JAYA,JL TIMAH V,7371031010,Aktif,10,7371031,Rappocini
3270515,SURYA PERKASA ELEKTRIK,JL AP PETTARANI,7371031008,Aktif,10,7371031,Rappocini
3270591,KARYA IMAGINE,JL TAMALATE SETAPAK 36,7371031003,Aktif,10,7371031,Rappocini
3270906,LIMA JAYA,"JL.B.DG.NGIRATE NO.6, BONTO MAKKIO",7371031005,Aktif,10,7371031,Rappocini
3271142,MITRA MAKASSAR MOTOR,JL ANDI PANGERAN PETTARANI KAV 8,7371031006,Aktif,10,7371031,Rappocini
3271320,ATHILLA TOWER,"PERUMNAS PANAKKUKANG JL TIDUNG 8 BLOK 11/41 RT.001 RW.008, MAPPALA",7371031003,Aktif,10,7371031,Rappocini
3271538,FALCO,"JL.MONUMEN EMMY SAELAN III NO.4,RT.001/RW.001, GUNUNG SARI",7371031001,Aktif,10,7371031,Rappocini
3271571,AKBAR AGUNG ABADI,KOMPLEKS BPH JL BUMI 9 BLOK A6/1 RT 001 RW 001 GUNUNG SARI,7371031001,Aktif,10,7371031,Rappocini
3272181,YUNIKOM TIRTA OCEAN RESOURCES,JL BORONG INDAH,7371031004,Aktif,10,7371031,Rappocini
3272594,PUTRA APPAKA BAJI,RAPPOCINI,7371031008,Aktif,10,7371031,Rappocini
3272689,SALSABILA,"JL.BTN.AGRARIA BLOK.5 NO.27 RT.006 RW.002, KARUNRUNG",7371031002,Aktif,10,7371031,Rappocini
3272692,PT PIJAR - PP (KSO),JL LETJEN  HERTASNING,7371031004,Aktif,10,7371031,Rappocini
3272716,KAHAKA STEEL,BTN MINASA UPA,7371031001,Aktif,10,7371031,Rappocini
3272732,R DAN R,"KOMPLEK PERMATASARI BLOK PS III/12 RT.001 RW.018, GUNUNG SARI",7371031001,Aktif,10,7371031,Rappocini
3273580,KLINIK IDE MAKASSAR,JL BTN MINASA UPA,7371031001,Aktif,10,7371031,Rappocini
3274627,MARAJA GLOBAL TEKNIK,JL TIDUNG IX STP 5,7371031003,Aktif,10,7371031,Rappocini
3274705,BATARA SARANA CONSULTANT,KELAPA TIGA GANG IV,7371031009,Aktif,10,7371031,Rappocini
3274732,RAFIQAH UTAMA,PERUM GRIYA MINASA ASRI,7371031001,Aktif,10,7371031,Rappocini
3275371,WORLD WIDE DIVE AND SAIL INDONESIA,JL PELITA RAYA,7371031010,Aktif,10,7371031,Rappocini
3276162,RUMAH DONATUR MAKASSAR,JL NIKEL II,7371031010,Aktif,10,7371031,Rappocini
3276467,JAYADIRI CATERING,JL JIPANG RAYA,7371031001,Aktif,10,7371031,Rappocini
3277121,ZIDAN AL-FATIH,KOMP PERUMAHAN TAMAN YASMIN,7371031003,Aktif,10,7371031,Rappocini
3277654,GLORIA,JL HERTASNING BARU ANGING MAMMIRI RESIDENCE,7371031002,Aktif,10,7371031,Rappocini
3278364,HARTONO MEDIA JASA,"JL.A.P.PETTARANI NO.77A, RAPPOCINI",7371031009,Aktif,10,7371031,Rappocini
3279121,KARANG TARUNA KOTA MAKASSAR,JL RSI FAISAL VII,7371031007,Aktif,10,7371031,Rappocini
3279531,JASA PROOFINDO,"JL WIJAYA KUSUMA K6 NO 94/7G, BANTA-BANTAENG",7371031007,Aktif,10,7371031,Rappocini
3280402,CEPAT DAN BERSIH INDONESIA,JL. TODDOPULI RAYA,7371031004,Aktif,10,7371031,Rappocini
3280499,MAKASSAR MADANI,JL TIDUNG 8 STP 10,7371031003,Aktif,10,7371031,Rappocini
3281046,CELEBES TIMUR ENERGI,"JL. AP. PETTARANI, RUKO NEW ZAMRUD BLOK F, NO; 09",7371031008,Aktif,10,7371031,Rappocini
3281983,TK TELKOM MAKASSAR,JL AP PETTARANI,7371031001,Aktif,10,7371031,Rappocini
3282681,ONE NINE PRODUCTION,JL TAMALATE 1 STP 36 BLOK,7371031003,Aktif,10,7371031,Rappocini
3283014,DZAKIYYAH AMALIAH,JL BONTOMENE,7371031007,Aktif,10,7371031,Rappocini
3283105,IKRAM ABADI MANDIRI,PERUMAHAN ANGIN MAMMIRI BLOK B 1 NO. 2,7371031004,Aktif,10,7371031,Rappocini
3283626,NIAGARA BUMI CELEBES INDONESIA,"BTN MINASA UPA BLOK L 10, KELURAHAN MINASA UPA, KECAMATAN RAPPOCINI, KOTA MAKASSAR",7371031009,Aktif,10,7371031,Rappocini
3284184,MAKASSARPRENEUR,JL MONGINSIDI BARU,7371031010,Aktif,10,7371031,Rappocini
3284931,NASTEKNIK,"KOMPLEKS P & K BLOK E/8 JL MON EMMY SAELAN RT.004 RW.015, GUNUNG SARI",7371031001,Aktif,10,7371031,Rappocini
3285225,SLEMMERSINDO MAKASSAR,JL HERTASNING,7371031006,Aktif,10,7371031,Rappocini
3285372,BUMI NIAGA PRATAMA,JL IR. SUTAMI,7371031008,Aktif,10,7371031,Rappocini
3285775,LEMBAGA GERAKAN MASYARAKAT SOSIAL SULSEL (GMS SULSEL),"JL FAIZAL XI NO 45, BANTA-BANTAENG",7371031007,Aktif,10,7371031,Rappocini
3286345,AMALA,JL AROEPALA,7371031001,Aktif,10,7371031,Rappocini
3286366,MACORA CENNING ABADI,JL AP PETTARANI RUKO NEW ZAMRUD,7371031008,Aktif,10,7371031,Rappocini
3287043,SANDY SURYA,BTN MINASA UPA,7371031001,Aktif,10,7371031,Rappocini
3289661,POWER INTERSARANA SOLUSI,JALAN WIJAYA KUSUMA 1 BLOK K 6/ 23,7371031007,Aktif,10,7371031,Rappocini
3290163,PT. HAKA UTAMA - PT. BANGKIT BANGUN PERSADA,JL AP PETTARANI RUKO NEW ZAMRUD,7371031008,Aktif,10,7371031,Rappocini
3290342,ALAM PRATAMA,"JL TIDUNG 8 NO 242 RT 005 RW 007, MAPPALA",7371031003,Aktif,10,7371031,Rappocini
3290587,PENTEL SIPORIO,JL A P PETTARANI,7371031001,Aktif,10,7371031,Rappocini
3290830,COLD AIR,JL KARUNRUNG RAYA V NO 15 RT 003 RW 009 KARUNRUNG,7371031002,Aktif,10,7371031,Rappocini
3291174,RUMAH MUSLIMAH CENDEKIA MAKASSAR,JL SUNGAI SADDANG BARU KOMP BTN TIMURAMA,7371031010,Aktif,10,7371031,Rappocini
3291914,WAHANA INSANIAH,JL LANDAK BARU LR 5C,7371031007,Aktif,10,7371031,Rappocini
3292502,FION MANDIRI,JL  MONUMEN EMMY SAELAN,7371031001,Aktif,10,7371031,Rappocini
3293673,PELITA TIMUR,JL PERUMAHAN JIPANG PERMAI,7371031002,Aktif,10,7371031,Rappocini
3295115,ARTHA FAAD MEDIKA,JL HERTASNING RSIA SAYANG BUNDA,7371031006,Aktif,10,7371031,Rappocini
3295234,NAMAZ ABADI,KOMP SKARDA N,7371031001,Aktif,10,7371031,Rappocini
3296125,MITRA ASTA NUSANTARA,JALAN KARUNRUNG RAYA NO.1,7371031002,Aktif,10,7371031,Rappocini
3296549,KARYA SEJAHTERA,JL TALASALAPANG,7371031001,Aktif,10,7371031,Rappocini
3296992,SMA MUHAMMADIYAH 1 UNISMUH,"JL SULTAN ALAUDDIN  NO 259 RT 002 RW 014, GUNUNG SARI",7371031001,Aktif,10,7371031,Rappocini
3297530,MANDOTI,PERUM ANGING MAMIRI RESIDENCE,7371031002,Aktif,10,7371031,Rappocini
3297765,KUMALA PRIMA MOTOR,JL A.P.PETTARANI,7371031008,Aktif,10,7371031,Rappocini
3298313,AQEELA LAND,BTN MINASA UPA,7371031001,Aktif,10,7371031,Rappocini
3298590,MAHESA TUNGGAL BAKTI,JL SULTAN ALAUDDIN KOMPLEKS BUMI PERMATA HIJAU,7371031001,Aktif,10,7371031,Rappocini
3299577,ADHITAMA PERSADA INDONESIA,JL AP PETTARANI RUKO NEW ZAMRUD,7371031008,Aktif,10,7371031,Rappocini
3299709,NUSA KURNIA MANDIRI,MINASA KARYA,7371031002,Aktif,10,7371031,Rappocini
3299806,AMALIYAH INSANI,JL BUMI 3 BLOK,7371031001,Aktif,10,7371031,Rappocini
3301061,"PT. WIRA KARSA KONSTRUKSI - PT. RAYA SINERGIS, KSO",JL BONTOMENE 1,7371031007,Aktif,10,7371031,Rappocini
3301452,MEGA JAYA SAKTI,"JL.TIDUNG V STP.8 NO.125 RT.003 RW.005, BONTO MAKKIO",7371031005,Aktif,10,7371031,Rappocini
3301897,HAMIDAH SEJAHTERA,"KOMPLEK P&K BLOK A1/5 JL TALASAPANG 3, GUNUNG SARI",7371031001,Aktif,10,7371031,Rappocini
3301969,PRIMA KARYA,JL PETTARANI RUKO NEW ZAMRUD BLOK,7371031008,Aktif,10,7371031,Rappocini
3302584,ERATEHNIK 97,JL WIJAYA KUSUMA KOMP KESEHATAN,7371031007,Aktif,10,7371031,Rappocini
3302964,MINA UTAMA,"JL AP PETTARANI RUKO BISNIS CENTRE 3 BLOK D7 RT 009 RW 004, MASALE",7371031008,Aktif,10,7371031,Rappocini
3303526,IYAN KARYA KONSTRUKSI,JL. JIPANG RAYA NO. 7,7371031002,Aktif,10,7371031,Rappocini
3304081,AL IKHLAS HERTASNING,JL HERTASNING V,7371031006,Aktif,10,7371031,Rappocini
3304586,KKM RA MAKASSAR III,BTN MINASA UPA,7371031,Aktif,7,7371031,Rappocini
3304613,SERBA USAHA HATIMULTI,"JL.MAPPALA BLOK A5/10, MAPPALA",7371031003,Aktif,10,7371031,Rappocini
3304966,SURYA MELBA,PERUM BUMI BOSOWA PERMAI,7371031001,Aktif,10,7371031,Rappocini
3305381,THITO AGRO MANDIRI,JL HERTASNING TIMUR (BELAKANG SMP 33),7371031004,Aktif,10,7371031,Rappocini
3305562,CETARA BANGUN PERSADA,JL A.P. PETTARANI,7371031008,Aktif,10,7371031,Rappocini
3305951,"WASKITA - ADI JAYA LIMA PRADANA, KSO","JL AP PETTARANI NO 88 RT 001 RW 001, BUAKANA",7371031008,Aktif,10,7371031,Rappocini
3306373,TIGA MULIA JAYA,KOMPLEKS PALM CHRYSTAL,7371031008,Aktif,10,7371031,Rappocini
3306694,RAHMADHI,"JL.MAPPALA KOMP.UNM BLOK B.II NO.28, MAPPALA",7371031003,Aktif,10,7371031,Rappocini
3306927,KEBERSAMAAN SEJATI SEJAHTERA,PERUM PURI TAMAN SARI,7371031004,Aktif,10,7371031,Rappocini
3307946,YAYASAN PENDIDIKAN TELKOM,JL AP PETTARANI,7371031001,Aktif,10,7371031,Rappocini
3308727,ORANGE RESEARCH INDONESIA,JL. MONUMEN EMMY SAELAN NO. 37 A,7371031006,Aktif,10,7371031,Rappocini
3308858,BUANA TEKNIK,"JL TODDOPULI I STP I BLOK 24 NO 18, KASSI-KASSI",7371031004,Aktif,10,7371031,Rappocini
3309005,SOPPENG UTAMA,JL.TAMALATE II BLK.V,7371031004,Aktif,10,7371031,Rappocini
3309172,BIRU LANGIT WISATA,JL HERTASNING BARU BTN MINASA UPA,7371031,Aktif,7,7371031,Rappocini
3309332,H3 KONSTRUKSI,JL TIDUNG 3 BLOK,7371031005,Aktif,10,7371031,Rappocini
3309532,LEMBAGA PUSAT PENDIDIKAN DAN PELATIHAN KEUANGAN DAERAH,JL LANDAK BARU LR 2,7371031007,Aktif,10,7371031,Rappocini
3309915,AGUNG MANDIRI SUKSES,"JL YUSUF DG NGAWING BLOK E19/1 RT.001 RW.003, KASSI-KASSI",7371031004,Aktif,10,7371031,Rappocini
3310252,JANUR ARTA MANDIRI,JL BTN MINASA UPA,7371031002,Aktif,10,7371031,Rappocini
3310349,RANGGONG NUSANTARA INDONESIA,JL POROS MINASA UPA RAYA,7371031001,Aktif,10,7371031,Rappocini
3310400,DAMAI HIDAYAH HARAMAIN,JL A.P. PETTARANI,7371031008,Aktif,10,7371031,Rappocini
3310721,FADEL KARYA REZKY,"JL MONUMEN EMMY SAELAN NO 35 RT 000 RW 003, TIDUNG",7371031006,Aktif,10,7371031,Rappocini
3310798,BOINZUL SAHABAT NUSANTARA,KOMP PERUM GRAHA HASIRAH PERMAI,7371031001,Aktif,10,7371031,Rappocini
3310999,RUPA BUMI INDONESIA,JL MONUMEN EMMY SAELAN KOMPLEK,7371031001,Aktif,10,7371031,Rappocini
3311019,AGUNG REKATAMA,RAPPOCINI RAYA,7371031005,Aktif,10,7371031,Rappocini
3312740,LENTERA KOMUNIKA SULAWESI,"JL SALEMBA NO 14 RT.005 RW.017, GUNUNG SARI",7371031001,Aktif,10,7371031,Rappocini
3312896,PISANG IJO IBU,ST. ALAUDDIN LR AL-AZHAR 1 / 10,7371031001,Aktif,10,7371031,Rappocini
3313154,MITRAKITA,"KOMP.COKONURI NO.25, GUNUNG SARI",7371031001,Aktif,10,7371031,Rappocini
3313178,LAMBERO CENTER,JL. TALASALAPANG,7371031001,Aktif,10,7371031,Rappocini
3313349,CHABIR DJAYA DESIGN,BTN MINASA UPA BLOK,7371031001,Aktif,10,7371031,Rappocini
3314247,RAFI PRATAMA,JL TIDUNG 3 STP 2 BLOK,7371031005,Aktif,10,7371031,Rappocini
3314906,PH ABADI,"KOMPLEK PERMATA HIJAU PERMAI I NO 35, KASSI-KASSI",7371031004,Aktif,10,7371031,Rappocini
3315491,ARIYAL INSAN ALBAB,JL RAYA PENDIDIKAN,7371031006,Aktif,10,7371031,Rappocini
3315657,YFD MEGA TAMBANG,"JL LANDAK BARU NO 94 A, BANTA-BANTAENG",7371031007,Aktif,10,7371031,Rappocini
3315669,BIMASAKTI PUTRA PRATAMA,JL. TIDUNG 6 STP.10,7371031003,Aktif,10,7371031,Rappocini
3316051,JAYA LINGGA PERKASA,JL HERTASNING BARU KOMP ANGING MAMMIRI RESIDENCE,7371031002,Aktif,10,7371031,Rappocini
3316269,ANANDA JAYA MANDIRI,BTN MINASA UPA,7371031001,Aktif,10,7371031,Rappocini
3316326,LINTAS CELEBES,JL YUSUF DG NGAWING,7371031006,Aktif,10,7371031,Rappocini
3317088,LEMBAGA SWADAYA PENELITIAN DAN PENGEMBANGAN PENDIDIKAN (LSP3) MATUTU,"JALAN TEDUH BERSINAR, PERUMAHAN BOSOWA INDAH",7371031001,Aktif,10,7371031,Rappocini
3317252,INTERPOLA MITRA CONSULTANT,JL TALASALAPANG III,7371031001,Aktif,10,7371031,Rappocini
3318420,GEONET INDONESIA,"BTN MINASA UPA BLOK K16 NO. 9, GUNUNG SARI",7371031001,Aktif,10,7371031,Rappocini
3319879,PERKASA MAKMUR BERSAMA,RUKO ALAUDDIN PLAZA JALAN SULTAN ALAUDDIN,7371031001,Aktif,10,7371031,Rappocini
3320305,LEMBAGA PEMBERDAYAAN PARADOKS INSTITUTE,"JL RAPPOCINI RAYA LR 8 NO 7 RT.002 RW.002, BUAKANA",7371031008,Aktif,10,7371031,Rappocini
3320397,FAUDRY,JL TALASALAPANG 1,7371031001,Aktif,10,7371031,Rappocini
3321234,PANTI ASUHAN ANNISA,BTN MINASA UPA,7371031,Aktif,7,7371031,Rappocini
3321601,MAKASSAR OUTSOURCE DESIGN DAN MULTIMEDIA,JL TAMALATE 6 STP 13,7371031004,Aktif,10,7371031,Rappocini
3322039,SEKOLAH TINGGI ILMU SOSIAL DAN ILMIU POLITIK (STISIP) 17-8-1945 MAKASSAR,JL AP PETTARANI,7371031008,Aktif,10,7371031,Rappocini
3322855,KUMALA BINTANG CEMERLANG,JL AP PETTARANI KAV. E 18,7371031006,Aktif,10,7371031,Rappocini
3322880,PRIMA INTI NASIONAL,JL LANDAK BARU LR.10,7371031007,Aktif,10,7371031,Rappocini
3323699,ERA DWI KONSTRUKSI,JL BTN MINASA UPA,7371031001,Aktif,10,7371031,Rappocini
3323703,CAHAYA PUTRI PERSADA,JL BTN MINASA UPA,7371031001,Aktif,10,7371031,Rappocini
3324162,DZAKKI PRATAMA,"BTN.MINASA UPA A.1 NO.19 A RT.001 RW.003, KARUNRUNG",7371031002,Aktif,10,7371031,Rappocini
3324796,MULTICIPTA ADHIRANCANA,JL RUMAH SAKIT FAISAL VI,7371031007,Aktif,10,7371031,Rappocini
3324922,DHANI SURYA PRATAMA,"JL.SUNGAI SADDANG BARU NO.75 MAKASSAR, BALLA PARANG",7371031010,Aktif,10,7371031,Rappocini
3325483,ADI PUTRA,BTN MINASA UPA,7371031001,Aktif,10,7371031,Rappocini
3325707,DEWA SAKTI JAYA,"JL TAMALATE 8 NO 12 RT 001 RW 004, KASSI-KASSI",7371031004,Aktif,10,7371031,Rappocini
3326681,CELEBES INDONESIA REALTY,JL APETTARANI,7371031001,Aktif,10,7371031,Rappocini
3326739,PRIMA UNGGUL GLOBAL,JL SULTAN ALAUDDIN RUKO ALAUDDIN PLAZA,7371031001,Aktif,10,7371031,Rappocini
3326815,MAKASSAR TRANSIT HOTEL,JL MONUMEN EMMY SAELAN,7371031001,Aktif,10,7371031,Rappocini
3327137,TANI MUDA SULAWESI,JL TODDOPULI I,7371031004,Aktif,10,7371031,Rappocini
3327682,WALI MINING SULAWESI,JL CILALLANG JAYA,7371031008,Aktif,10,7371031,Rappocini
3328842,TEMBOAN PUTRA MANDIRI,JL. PELITA RAYA TENGAH,7371031010,Aktif,10,7371031,Rappocini
3328960,DUTA ABADI JAYA MOTOR,JL RAPPOCINI RAYA,7371031009,Aktif,10,7371031,Rappocini
3329242,YAYASAN ALMARISAH MADANI,JL WIJAYA KUSUMA RAYA NO 8 RT 011 RW 001 BANTA-BANTAENG,7371031007,Aktif,10,7371031,Rappocini
3329539,GLOBAL MAS SOLUTION,JL TIDUNG IX STP I,7371031004,Aktif,10,7371031,Rappocini
3329648,PIRAMIDA GROUP,"JL HERTASNING BARU PERUMAHAN ANGING MAMIRI BLOK A1 NO 14 RT 010 RW 001, KARUNRUNG",7371031002,Aktif,10,7371031,Rappocini
3329956,SURYA INDAH,"JL.HERTASNING BARAT IV NO.50 RT.003 RW.001, BONTO MAKKIO",7371031005,Aktif,10,7371031,Rappocini
3329967,MUSTIKA REZKI,"JL HERTASNING BLOK E10/10 RT.001 RW.007, TIDUNG",7371031006,Aktif,10,7371031,Rappocini
3330058,MUTECOM,JL PELITA RAYA TENGAH,7371031010,Aktif,10,7371031,Rappocini
3330211,REKAYASA BINTANG TEKNIK,JL ABD KADIR,7371031010,Aktif,10,7371031,Rappocini
3330546,PELITA RAYA ESTATE,JALAN PELITA RAYA NOMOR 42,7371031010,Aktif,10,7371031,Rappocini
3330934,IKRAH JASA,"KOMP.BUMI PERMATA HIJAU JL. BUMI 2 BLOK B1 NO.12A,RT.001/RW.020, GUNUNG SARI",7371031001,Aktif,10,7371031,Rappocini
3331238,"KUMALA CEMERLANG ABADI MAKASSAR, PT",JL AP PETARANI NO 98 B,7371031008,Aktif,10,7371031,Rappocini
3331439,PUSAT KOPERASI KELAUTAN DAN MARITIM SUL-SEL,KOMP PERMATA HIJAU LESTARI BLOK,7371031004,Aktif,10,7371031,Rappocini
3331516,ZINTARA ATMA DUTA,JALAN MONUMEN EMMY SAELAN BTN AGRARIA,7371031002,Aktif,10,7371031,Rappocini
3332153,AGUNG JAYA MANDIRI,"JL.TIDUNG 3 STP.6 BLOK.17/112, BONTO MAKKIO",7371031005,Aktif,10,7371031,Rappocini
3333530,TUNAS BANGSA KREATIF,JL. TAMALATE IV SETAPAK 16 NO. 73,7371031004,Aktif,10,7371031,Rappocini
3333556,TIDAR JAYA,"JL.AP.PETTARANI III LRG.6/4, BUAKANA",7371031008,Aktif,10,7371031,Rappocini
3333691,YAYASAN RUMAH KITA SEKARANG,JALAN NIKEL 1,7371031010,Aktif,10,7371031,Rappocini
3334344,PANRITA ANUGERAH LESTARI,JALAN AROEPALA HERTASNING BARU NOMOR 7,7371031004,Aktif,10,7371031,Rappocini
3334600,ALFA FARMINDO,"JL MONUMEN EMY SAELAN NO 21/45 RT.003 RW.003, TIDUNG",7371031006,Aktif,10,7371031,Rappocini
3335697,FAI SEJAHTERA BERSAMA,JL BTN MINASA UPA,7371031,Aktif,7,7371031,Rappocini
3335756,EMPAT DELAPAN MEDIATAMA,"KOMP.BTN AGRARIA BLOK V NO.7, KARUNRUNG",7371031002,Aktif,10,7371031,Rappocini
3336294,ALIYAH PRATAMA,"BTN MINASA UPA BLK M5 NO.8, GUNUNG SARI",7371031001,Aktif,10,7371031,Rappocini
3337117,ANDHIKA PRIMA RESO,"HARTACO INDAH BLOK IV I NO.1 RT.003 RW.004, TIDUNG",7371031006,Aktif,10,7371031,Rappocini
3337528,MEGATAMA SEJAHTERA,BTN MINASA UPA BLOK,7371031002,Aktif,10,7371031,Rappocini
3337598,E-TIRTA MEDICAL CENTRE,JL AP PETTARANI RUKO PETTARANI CENTRE,7371031008,Aktif,10,7371031,Rappocini
3338157,MONITY JAYA BERSAMA,BORONG INDAH KOMP. PONDOK ASRI A.9,7371031004,Aktif,10,7371031,Rappocini
3338182,ANDI SEJAHTERA TOURS AND TRAVEL,JL.SKARDA,7371031001,Aktif,10,7371031,Rappocini
3340498,MITRA AMAN MANDIRI,JL. PELITA RAYA,7371031008,Aktif,10,7371031,Rappocini
3340563,BAI (BOBBI AGUNG INDONESIA),JL KOMPLEKS BTN MINASA UPA,7371031002,Aktif,10,7371031,Rappocini
3342329,GEDA NUSA TRAVEL,JL HERTASNING BARU AROEPALA,7371031001,Aktif,10,7371031,Rappocini
3342352,OPTIMASI ENERGI INDONESIA,JL PERUMAHAN BTN MINASA UPA,7371031001,Aktif,10,7371031,Rappocini
3342954,CAUSA PRIMA,KOMP. KODAM GUNUNG SARI NO 47,7371031009,Aktif,10,7371031,Rappocini
3342988,NACITA KARYA,KOMP DJIPANG PERMAI DP 3/2,7371031002,Aktif,10,7371031,Rappocini
3343256,LURAMAY SAMBO,JL AP PETTARANI,7371031005,Aktif,10,7371031,Rappocini
3344588,AFWAN NUR KARYA,JALAN  BONTOLANRA LORONG 4 NOMOR 4,7371031007,Aktif,10,7371031,Rappocini
3345275,ASIA EASY CONNECTIVITY SYSTEM,JL SYECH YUSUF,7371031001,Aktif,10,7371031,Rappocini
3345529,ALFA PRIMA WISATAMA,JL LANDAK BARU,7371031007,Aktif,10,7371031,Rappocini
3345546,FADLI JAYA,"JL BANTA-BANTAENG LR 4 NO 16 RT.006 RW.005, BANTA-BANTAENG",7371031007,Aktif,10,7371031,Rappocini
3346578,NAHDIYAT,JL RAPPOCINI RAYA LR.9,7371031008,Aktif,10,7371031,Rappocini
3346860,MULTI SARANA INSPEKTAMA,PERUMAHAN BTN MINASA UPA,7371031001,Aktif,10,7371031,Rappocini
3347538,XLA CIPTA PERKASA,"JL RSI FAISAL XVI NO 74, BANTA-BANTAENG",7371031007,Aktif,10,7371031,Rappocini
3347857,SITCOMINDO,JL AP PETTARANI,7371031010,Aktif,10,7371031,Rappocini
3348502,HANIF ARABIAN SYABANI,JALAN MONUMEN EMMY SAELAN NOMOR 119,7371031006,Aktif,10,7371031,Rappocini
3349228,CAHAYA MENTARI CELEBES,JL RSI FAISAL RUKO AMBASADOR,7371031007,Aktif,10,7371031,Rappocini
3350126,NHANA DJAFAR,JL RAPPOCINI RAYA,7371031009,Aktif,10,7371031,Rappocini
3350365,MADRIDISTA SPEEDILINDO,JL MONUMEN EMMY SAELAN,7371031006,Aktif,10,7371031,Rappocini
3350502,LEMBAGA PAUD TERPADU AL MUHAJIRIN,BTN MINASA UPA,7371031001,Aktif,10,7371031,Rappocini
3350738,ABER NARAKI INDONESIA,JALAN HERTASNING BLOK E10 NOMOR 8 C,7371031006,Aktif,10,7371031,Rappocini
3351279,AGUNG JAYA ABADI,"JL.MONUMEN EMMY SAELAN 3 NO.5 RT.001 RW.001, KARUNRUNG",7371031002,Aktif,10,7371031,Rappocini
3351711,TEKNOTRONIK JAYA PERKASA,JL TALASALAPANG PERUMAHAN GRAHA ASRI ESTATE,7371031001,Aktif,10,7371031,Rappocini
3351851,KARYA HAIKA,JL AROEPALA KOMP ANGING MAMIRI,7371031002,Aktif,10,7371031,Rappocini
3351995,AGUNG PRATAMA,JL AP PETTARANI SELATAN,7371031008,Aktif,10,7371031,Rappocini
3352573,REDZKI PRATAMA MATAJANG,KOMP BTN MINASA UPA BLOK G21,7371031,Aktif,7,7371031,Rappocini
3353253,ANUGERAH MULIA GLOBAL,BTN AGRARIA,7371031002,Aktif,10,7371031,Rappocini
3353519,MAKASSAR SEHAT SENTOSA,JL AP PETTARANI,7371031009,Aktif,10,7371031,Rappocini
3353883,AL IMAM ASHIM,"JL.TIDUNG MARIOLO NO.11B, TIDUNG",7371031006,Aktif,10,7371031,Rappocini
3354140,ALVINDO FEROZ ALKESINDO,JL TAMALATE I,7371031003,Aktif,10,7371031,Rappocini
3354573,IKATAN NURANI MASYARAKAT INDONESIA,"JL.BTN.MINASA UPA BLOK E.11 NO.8, GUNUNG SARI",7371031001,Aktif,10,7371031,Rappocini
3355114,JASA SAHABAT,JL NIKEL 3,7371031010,Aktif,10,7371031,Rappocini
3355540,AURORA MEDIA UTAMA,JL TIDUNG X,7371031003,Aktif,10,7371031,Rappocini
3355627,RUMAH SAKIT ISLAM FAISAL,JL ANDI PANGERANG PETTARANI,7371031007,Aktif,10,7371031,Rappocini
3356274,KEMBAR,"KOMPLEKS PERMATA HIJAU PERMAI BLOK N6/17 RT.003 RW.001, MAPPALA",7371031003,Aktif,10,7371031,Rappocini
3356275,SAWERIGADING POINTA PROPERTI,JL HERTASNING KAV E.7,7371031006,Aktif,10,7371031,Rappocini
3358696,MALILINGI,JL SUNGAI SADDANG BARU,7371031010,Aktif,10,7371031,Rappocini
3359709,MAHAMARAJA,JL RS FAISAL XIV,7371031007,Aktif,10,7371031,Rappocini
3360548,RAI ABADI,JL AROEPALA,7371031004,Aktif,10,7371031,Rappocini
3361095,ALMIRA MANDIRI SEJAHTERA,JL BTN MINASA UPA,7371031001,Aktif,10,7371031,Rappocini
3361129,ARYASATYA DHAFA PUTRA,BTN MINASA UPA,7371031,Aktif,7,7371031,Rappocini
3361767,BUMI PUTERA SULAWESI,JALAN BUMI 16 C5/5 BUMI PERMATA HIJAU ALAUDDIN,7371031001,Aktif,10,7371031,Rappocini
3362558,DESA PHILINDO PERMAI,JL MAPPALA 4,7371031006,Aktif,10,7371031,Rappocini
3362892,PKBM LESTARI,"JL.KR BONTO TANGNGA NO.46, KARUNRUNG",7371031002,Aktif,10,7371031,Rappocini
3363451,IQRA CELEBES MANDIRI,"GEDUNG ARUN BUILDING LANTAI 3, JALAN HERTASNING",7371031004,Aktif,10,7371031,Rappocini
3363915,RESTU ENERGI SEPADAN,JL. BUMI 2 BLOK B.1 NO. 9 BPH,7371031001,Aktif,10,7371031,Rappocini
3364296,NONYDA,"PERUMAHAN PONDOK ALAM PERDANA BLOK B/4 RT.006 RW.017, GUNUNG SARI",7371031001,Aktif,10,7371031,Rappocini
3364700,NUSANTARA ABADI TRAVEL,JL TAMALATE 1,7371031005,Aktif,10,7371031,Rappocini
3364760,AZZAHRA WISATA RELIGI,JL SULTAN ALAUDDIN RUKO PLAZA ALAUDDIN,7371031001,Aktif,10,7371031,Rappocini
3365337,DAF,JL MON.EMMY SAELAN KOMP MONUMEN MUTIARA,7371031001,Aktif,10,7371031,Rappocini
3366962,SURYA BUAKANA LESTARI,"JL SKARDA N KOMPLEK MANGASA PERMAI BLOK W/2 RT 004 RW 019, GUNUNG SARI",7371031001,Aktif,10,7371031,Rappocini
3367451,BANGUN ANUGRAH,"KOMPLEK PWS JENEBERANG JL JENELATA NO C9 RT.001 RW.005, KARUNRUNG",7371031002,Aktif,10,7371031,Rappocini
3367908,HESARFANTI,"KOMPLEK KODAM GUNUNG SARI NO 28 JL MON EMMY SAELAN RT.003 RW.017, GUNUNG SARI",7371031001,Aktif,10,7371031,Rappocini
3368275,FAJARUTAMA KONSTRUKSI,JL HERTASNING RAYA,7371031006,Aktif,10,7371031,Rappocini
3368735,GARIS KHATULISTIWA,JL PELITA RAYA 2,7371031008,Aktif,10,7371031,Rappocini
3368740,ASHILA NUR,"JL PELITA BLOK A10/12, BALLA PARANG",7371031010,Aktif,10,7371031,Rappocini
3371247,CIPTA KONSTRUKSINDO,JL RAPPOCINI RAYA,7371031009,Aktif,10,7371031,Rappocini
3371581,PUNCAK EVEREST,JL BALLAPARANG III,7371031010,Aktif,10,7371031,Rappocini
3371808,CIPTA GELEGAR,JL  AP. PETTARANI CENTRE,7371031008,Aktif,10,7371031,Rappocini
3371812,GAMMARA DIVA WISATA,JL TALASALAPANG RAYA,7371031001,Aktif,10,7371031,Rappocini
3372146,PARTAI GERAKAN PERUBAHAN INDONESIA (GARUDA),JL HERTASNING IX,7371031006,Aktif,10,7371031,Rappocini
3372925,SAVITRI MED,"JL SUNGAI SADDANG BARU BLOK A11/7A RT.003 RW.008, BALLA PARANG",7371031010,Aktif,10,7371031,Rappocini
3373964,RJ FOTOGRAFI MAKASSAR,KOMP PERMATA HIJAU PERMAI BLOK,7371031004,Aktif,10,7371031,Rappocini
3374477,ARIB CITRA UTAMA,"JL AROEPALA TIMUR NO 125/62 RT 004 RW 013, GUNUNG SARI",7371031001,Aktif,10,7371031,Rappocini
3374660,SURYA PANGAN INDONESIA,JL SULTAN ALAUDDIN,7371031001,Aktif,10,7371031,Rappocini
3375582,AYAM MERAH PRODUCTION,KOMPLEK KODAM GUNUNG SARI,7371031001,Aktif,10,7371031,Rappocini
3375644,DHIO TEHNIK UTAMA,RAPPOCINI RAYA LORONG 11 D/15 RT/RW 001/005,7371031008,Aktif,10,7371031,Rappocini
3375894,WALI-WALI,JL RAPPOCINI RAYA LR 5,7371031009,Aktif,10,7371031,Rappocini
3376524,NIFIRA WAHANA,JL HERTASNING VII,7371031006,Aktif,10,7371031,Rappocini
3377157,BINA CITRA UTAMA,"JL SULTAN ALAUDDIN II NO 184 RT.001 RW.005, GUNUNG SARI",7371031001,Aktif,10,7371031,Rappocini
3377373,POS BANTUAN HUKUM ( POSBAKUM ) ADIN MAKASSAR,JL.AP.PETTARANI NEW RUKO ZAMRUD,7371031008,Aktif,10,7371031,Rappocini
3378951,HAPPYNEZ GROUP PRATAMA,JL. MON EMMY SAELAN III D NO. 3 B/10,7371031006,Aktif,10,7371031,Rappocini
3381136,LEMBAGA BARISAN GARUDA MERAH PUTIH (BGMP),JL BTN HUSADA CADDI,7371031007,Aktif,10,7371031,Rappocini
3384128,ARDITA NUR PRIMA,KOMPLEK PERMATA HIJAU PERMAI BLOK P2/11 RT 002 RW 014 KASSI-KASSI,7371031004,Aktif,10,7371031,Rappocini
3384175,NUR FADILLA,"JL TIDUNG RAYA BLOK 15/81C RT.002 RW.005, BONTO MAKKIO",7371031005,Aktif,10,7371031,Rappocini
3384982,ONO-ONO PUTRA,JL KARUNRUNG RAYA KOMP BKKBN BLOK BLOK D NO 3 RT 001 RW 001,7371031002,Aktif,10,7371031,Rappocini
3385083,HEZKIA JAYA,"JL.JIPANG RAYA BUMI PALEM BLK R/12, GUNUNG SARI",7371031001,Aktif,10,7371031,Rappocini
3385188,PRATAMA MEDIA TEKNIK,"PERUMAHAN GRAHA ASRI ESTATE BLOK A/2 RT.003 RW.014, GUNUNG SARI",7371031001,Aktif,10,7371031,Rappocini
3386051,RANDENG WIRAYAQHSA,"BTN MINASA UPA BLOK N20/12 RT 004 RW 013, GUNUNG SARI",7371031001,Aktif,10,7371031,Rappocini
3386524,KELOMPOK BERMAIN WIJAYA KUSUMA,JL WIJAYA KUSUMA,7371031007,Aktif,10,7371031,Rappocini
3386741,ELEKTRINA,BTN MINASA UPA,7371031001,Aktif,10,7371031,Rappocini
3387858,BINTANG MAKASSAR RAYA,JL PROF.DR.IR.SUTAMI,7371031007,Aktif,10,7371031,Rappocini
3387899,SWASEMBADA UTAMA MANDIRI,"JL BONTO DG NGIRATE BLOK 20/80 RT.003 RW.005, BONTO MAKKIO",7371031005,Aktif,10,7371031,Rappocini
3388743,RAMESAN MULTI SARANA,"JL MAHONI NO 114 RT 005 RW 009, KASSI-KASSI",7371031004,Aktif,10,7371031,Rappocini
3388906,CAHAYA RIZQI FATAR,JL SEKOLAH GURU PERAWAT,7371031002,Aktif,10,7371031,Rappocini
3389246,BFI FINANCE INDONESIA TBK.,JL AROEPALA (HERTASNING BARU),7371031004,Aktif,10,7371031,Rappocini
3389705,BRIONA,JL MON. EMMY SAELAN LR 07,7371031006,Aktif,10,7371031,Rappocini
3389810,SOLID ENERGI INDONESIA,JL BERINGIN VI,7371031004,Aktif,10,7371031,Rappocini
3390482,KREATIF LENGGARA,"PERUMAHAN GRIYA FAJAR MAS BLOK C/11AJL ST ALAUDDIN RT.004 RW.003, GUNUNG SARI",7371031001,Aktif,10,7371031,Rappocini
3392169,DUTA INDONESIA BARU,"JL.TIDUNG VII NO.14 RT.001 RW.006, TIDUNG",7371031006,Aktif,10,7371031,Rappocini
3392222,TUJUH DELAPAN DELAPAN,JL AP PETTARANI RUKO ZAMRUD,7371031008,Aktif,10,7371031,Rappocini
3392476,KARYA JAMAN UTAMA,"KOMP.MAIZONETTE JL.BOUGENVILLE RAYA NO.70 RT.002/RW.008,PAROPO",7371031004,Aktif,10,7371031,Rappocini
3392940,AZIZAH BALLA PARANG,"JL.KELAPA TIGA NO.09 RT.004 RW.006, BALLA PARANG",7371031010,Aktif,10,7371031,Rappocini
3393141,TYTYAN PRIMA PAKARTI,JL WIJAYA KUSUMA RAYA,7371031007,Aktif,10,7371031,Rappocini
3393770,RIDA,BTN MINASA UPA,7371031001,Aktif,10,7371031,Rappocini
3393789,CV. SEMBILAN PROPERTINDO,SKARDA N KOMPLEKS 9 RESIDENCE NO 1-2,7371031001,Aktif,10,7371031,Rappocini
3394647,CV PSIKOLOGI PROGRES,JALAN MAPALA,7371031006,Aktif,10,7371031,Rappocini
3394931,MURNI ABADI,"JL. RSI FAISAL RAYA I NO 3 RT 009 RW 002, BANTA-BANTAENG",7371031007,Aktif,10,7371031,Rappocini
3395086,HUKUM DIGITAL INDONESIA,JLN. YUSUF DG NGAWI KOMPLEKS PEMDA E24/2,7371031006,Aktif,10,7371031,Rappocini
3397469,DUO SALSABILA KOSMETIKA,JL. KARUNRUNG RAYA NO. 53A,7371031002,Aktif,10,7371031,Rappocini
3398926,UNIVERSAL PERS ORBIT SEJAHTERA,JL. AROEPALA KOMPLEKS HALMIN RESIDENCE NO 1,7371031003,Aktif,10,7371031,Rappocini
3399172,KOMUNITAS PEMUDA UNTUK PERUBAHAN SULSEL (KPPSS) PUSAT SULSEL,BTN MINASA UPA BLOK N16/9 RT 002 RW 013 GUNUNG SARI,7371031001,Aktif,10,7371031,Rappocini
3399899,KELOMPOK KERJA PENGAWAS MADRASAH (POKJAWASMAD) KOTA MAKASSAR,JL RAPPOCINI RAYA,7371031008,Aktif,10,7371031,Rappocini
3402299,TUNAS BONANDA JAYA,JL.RAPPOCINI RAYA KOMP.PERTAMINA,7371031008,Aktif,10,7371031,Rappocini
3402948,BUDI KARYA,JL BTN MINASA UPA BLOK,7371031,Aktif,7,7371031,Rappocini
3403020,JAGA SARANA KENCANA,"KOMPLEKS PERMATA HIJAU PERMAI BLOK H, NO.7 A",7371031004,Aktif,10,7371031,Rappocini
3403152,CHARAKATIGA MAKASSAR,JL MINASA UPA PERMAI BLOK G 19,7371031,Aktif,7,7371031,Rappocini
3403265,KIRANI MEDIA WISATA,JL PENGAYOMAN KOMP TPS 1,7371031008,Aktif,10,7371031,Rappocini
3403379,AKYA PIIZ PRATAMA,JL TAMALATE,7371031004,Aktif,10,7371031,Rappocini
3403381,PHINISI JELAJAH NUSANTARA,JL CILALLANG,7371031008,Aktif,10,7371031,Rappocini
3404493,ADI RAYA,JL TIDUNG RAYA,7371031005,Aktif,10,7371031,Rappocini
3404532,SORAYA SUKSES SEJAHTERA,JALAN TALASALAPANG NOMOR 42.,7371031001,Aktif,10,7371031,Rappocini
3404694,PEMERHATI KANAL INDONESIA (YAPKINDO),JL RSI FAISAL 18,7371031007,Aktif,10,7371031,Rappocini
3405009,WARIFAH ANUGRAH SEJAHTERA,Komp Mangasa Permai,7371031001,Aktif,10,7371031,Rappocini
3405499,CIPTA KREASI KONSULTAN,"JL.AROEPALA KOMP.PHP BLOK J NO.29 RT.000 RW.000, KASSI-KASSI",7371031004,Aktif,10,7371031,Rappocini
3405633,LEMBAGA TOACCAE INSTITUTE,"JL MINASA UPA TIMUR 22 BLOK J3/15 RT.003 RW.012, GUNUNG SARI",7371031001,Aktif,10,7371031,Rappocini
3406480,MUTIA KARYA ABADI,JL FAISAL 12,7371031009,Aktif,10,7371031,Rappocini
3406483,FARIDA SEHAT PRIMAMEDIKA,JL AROEPALA (HERTASNING BARU),7371031002,Aktif,10,7371031,Rappocini
3406769,CAHAYA TUNGGAL SEJAHTERA,JL MONGINSIDI BARU,7371031009,Aktif,10,7371031,Rappocini
3406894,MITRA UTAMA,"KOMPLEK BOSOWA PERMAI BLOK A2/14 RT 001 RW 026, GUNUNG SARI",7371031001,Aktif,10,7371031,Rappocini
3407306,KARYA NURLIA MANDIRI,JL LANDAK BARU,7371031007,Aktif,10,7371031,Rappocini
3407696,MARAJA BERKAH ABADI,JALAN SKARDA N KOMP MANGASA PERMAI T1/3,7371031001,Aktif,10,7371031,Rappocini
3408069,BINTANG SELATAN MOTOR,JL AROEPALA HERTASNING BARU,7371031001,Aktif,10,7371031,Rappocini
3413066,SARFAN INTI TRAVEL,JL AP PETTARANI RUKO PETTARANI CENTRE,7371031008,Aktif,10,7371031,Rappocini
3413820,MULIA RIZQ ALMUNAWWARAH,JALAN HERTASNING BARU BLOK X / 1 A,7371031004,Aktif,10,7371031,Rappocini
3415772,KARISMA ANUGERAHI TEKHNIKINDO,JALAN MONUMEN EMMY SAELAN 3 RUKO III,7371031006,Aktif,10,7371031,Rappocini
3416360,RACONVEC INDONESIA,KOMP ANGING MAMIRI RESIDENCE MAKASSAR BLOK,7371031002,Aktif,10,7371031,Rappocini
3417306,KARYA TOHA PUTRA,JL ST ALAUDDIN,7371031001,Aktif,10,7371031,Rappocini
3418807,WIRAGUNA ABADI,JL YUSUF DG NGAWING/ AP PETTARANI BLOK,7371031006,Aktif,10,7371031,Rappocini
3418849,EN3 GREEN ENERGY,JL KOMP PU JENEBERANG,7371031002,Aktif,10,7371031,Rappocini
3419326,KIBOYA,JL LANDAK BARU NO. 58 RT.000 RW.000,7371031007,Aktif,10,7371031,Rappocini
3419620,AMANDA,JL SULTAN ALAUDDIN RUKO ALAUDDIN PLAZA OFF BA,7371031001,Aktif,10,7371031,Rappocini
3420231,GRAHA MITRA SUKSES,JL BONTO LANGKASA BLOK,7371031007,Aktif,10,7371031,Rappocini
3420550,TAKA KARYA ABADI,JL HERTASNING,7371031005,Aktif,10,7371031,Rappocini
3420561,ERA MANDIRI,JL. JIPANG RAYA RUKO MUSTIKA MEGA SARI BLOK A2 NO.8 RT/RW /,7371031001,Aktif,10,7371031,Rappocini
3421255,LEMB.PROSPEK HUMAN CAPITAL DEVELOPMENT,JL TAMALATE SELATAN,7371031006,Aktif,10,7371031,Rappocini
3422399,TRI PILAR KONSTRUKSI,JL. AROEPALA KOMP. PERMATA HIJAU PERMAI,7371031004,Aktif,10,7371031,Rappocini
3422737,MALABO,"BTN MINASA UPA BLOK K1/1, GUNUNG SARI",7371031001,Aktif,10,7371031,Rappocini
3423490,MEGAH PERMATA MULIA,JL LANDAK BARU,7371031007,Aktif,10,7371031,Rappocini
3423715,PENDIDIKAN DAN PROFESI BAHARI NUSANTARA,JL AROEPALA KOMP HARMONY TOWN HOUSE,7371031003,Aktif,10,7371031,Rappocini
3423840,SAHABAT MANDIRI,KOMP PHINISI RESIDENCE BLOK B,7371031007,Aktif,10,7371031,Rappocini
3424678,MASPUL BAROKAH ILAHI,JALAN SUNGAI SADDANG BARU NO. 12 A,7371031010,Aktif,10,7371031,Rappocini
3425230,KARSA MANDIRI,"JL CILALLANG JAYA NO 70 RT 002 RW 002, BUAKANA",7371031008,Aktif,10,7371031,Rappocini
3426423,MURTADHA,"KOMPLEK PEMDA BLOK E21/15 JL AP PETTARANI RT 002 RW 005, TIDUNG",7371031006,Aktif,10,7371031,Rappocini
3426434,DAMEKA,JL TAMALATE III,7371031003,Aktif,10,7371031,Rappocini
3426457,REZKI  ABADI,"JL TIDUNG VII STP 5 BLOK 12/209 RT.004 RW.007, MAPPALA",7371031003,Aktif,10,7371031,Rappocini
3426472,MITRA PENJAMIN SYARIAH,BTN MINASA UPA BLOK L. 13 NO. 19,7371031,Aktif,7,7371031,Rappocini
3426671,TANRO MANDIRI,JL RSI FAISAL XIV,7371031007,Aktif,10,7371031,Rappocini
3427174,ADILLAH ANUGRAH TOURS AND TRAVEL,"JL.TAMALATE IX STP I NO 13, KASSI-KASSI",7371031004,Aktif,10,7371031,Rappocini
3427781,KOMITE NASIONAL KESELAMATAN UNTUK INSTALASI LISTRIK,JL LETJEN HERTASNING KANTOR PT PLN (PERSERO),7371031004,Aktif,10,7371031,Rappocini
3428115,ALFA FARMINDO MAKASSAR,JL MONUMEN EMMY SAELAN,7371031006,Aktif,10,7371031,Rappocini
3428955,ALAM SULTRA JAYA,JALAN HERTASNING I,7371031006,Aktif,10,7371031,Rappocini
3429103,GHAISAN UTAMA INDOMEDIA,"KOMP MANGASA PERMAI RUKO NO 6, GUNUNG SARI",7371031001,Aktif,10,7371031,Rappocini
3429701,FABER-CASTELL INTERNATIONAL INDONESIA,JL HERTASNING BARAT,7371031006,Aktif,10,7371031,Rappocini
3431061,KOPERASI BAITUL MAAL WAT TAMWIL  (BMT) INSAN MADANI,"JL TALASALAPANG RAYA NO 64C, KARUNRUNG",7371031002,Aktif,10,7371031,Rappocini
3432130,POIN ATALIA,JL RAYA PENDIDIKAN KOMP. BALLA PANAKKUKANG,7371031006,Aktif,10,7371031,Rappocini
3434100,BAKKAH ELMANASIK ALTIJARIA,JL A P PETTARANI,7371031007,Aktif,10,7371031,Rappocini
3434874,BINA RIMBA INDONESIA,KOMPLEK PEMDA BLOK E28/9 JL AP PETTARANI RT 004 RW 005 TIDUNG,7371031006,Aktif,10,7371031,Rappocini
3435218,TIMUR ANUGERAH ABADI,"PERUMAHAN GRAHA MAPPALA PERMAI BLOK A/1 RT.005 RW.008, TIDUNG",7371031006,Aktif,10,7371031,Rappocini
3435541,ANUGRAH GRIYA UTAMA,"JL.WIJAYA KUSUMA II NO.7 RT.011 RW.001, BANTA-BANTAENG",7371031007,Aktif,10,7371031,Rappocini
3436301,SAMUDRA ALIFMIM INDONESIA,JALAN TIDUNG 6 STP 8 NO. 108,7371031003,Aktif,10,7371031,Rappocini
3437393,HILALNARAFIT MULIA MANDIRI,JL TIDUNG VII BLOK,7371031003,Aktif,10,7371031,Rappocini
3437470,MUATAN TEKNIK MULIA,BTN MINASA UPA,7371031001,Aktif,10,7371031,Rappocini
3437618,HAKA UTAMA-FADEL UTAMA PERKASA (KSO),JL AP PETTARANI RUKO NEW ZAMRUD,7371031008,Aktif,10,7371031,Rappocini
3438845,ASHIRA TEKKIN UTAMA,KOMP BUMI BOSOWA PERMAI,7371031001,Aktif,10,7371031,Rappocini
3439676,DZET MULTI KARYA,JL BONTOLANRA,7371031007,Aktif,10,7371031,Rappocini
3440371,AMERTA AKASA ATMA,JL HERTASNING KOMP PERMATA HIJAU PERMAI,7371031004,Aktif,10,7371031,Rappocini
3441014,MUTIARA UNGGUL MULIA,JL. MAPPALA NO. 8 (KOMP. PEMDA E23/31),7371031006,Aktif,10,7371031,Rappocini
3442265,MANIFESTO MEDIA INDONESIA,JALAN PELITA UTARA 3 NO. 8A,7371031010,Aktif,10,7371031,Rappocini
3442403,AL-IKHLAS,JL PELITA RAYA VI,7371031008,Aktif,10,7371031,Rappocini
3442774,TRISTAR SULAWESI MANDIRI,JL PELITA RAYA VIII,7371031008,Aktif,10,7371031,Rappocini
3442955,BORNEO ONE VENTURES,JL PELITA RAYA,7371031010,Aktif,10,7371031,Rappocini
3443228,BINTANG SINAR JAYA,"JL HERTASNING VI NO 12 RT.000 RW.000, TIDUNG",7371031006,Aktif,10,7371031,Rappocini
3443984,PELANGI,JL MONUMEN EMMY SAELAN 4,7371031006,Aktif,10,7371031,Rappocini
3444465,TRI PUTRA JAYA CONSULTANT,"KOMPLEK BUMI PERMATA HIJAU JL BUMI 22 BLOK D6/10 RT 006 RW 020, GUNUNG SARI",7371031001,Aktif,10,7371031,Rappocini
3447209,SENINDO PERKASA,"JL MAKKIO BAJI 5 NO 21 RT 004 RW 003, TIDUNG",7371031006,Aktif,10,7371031,Rappocini
3447868,ENERGI NINE NINE,JL AEROPALA PERUM ANGING MAMMIRI BLOK D3,7371031002,Aktif,10,7371031,Rappocini
3448331,ASMALIA GRAFIKA,JL KARUNRUNG RAYA V,7371031002,Aktif,10,7371031,Rappocini
3448565,MULTI TALENTA SUKSES,JL JIPANG RAYA PERUM VILLA MEGA SARI BLOK,7371031001,Aktif,10,7371031,Rappocini
3448766,BUMI KONSTRINDO,JL BTN MINASA UPA,7371031,Aktif,7,7371031,Rappocini
3448809,INSAN HIJRAH MULIA,BTN MINASA UPA BLOK J 4 NOMOR 7,7371031009,Aktif,10,7371031,Rappocini
3448956,APOTEK SEJATI FARMA,RAPPOCINI RAYA,7371031009,Aktif,10,7371031,Rappocini
3449064,LAMUTE BAHAGIA UTAMA,JL LANDAK BARU,7371031007,Aktif,10,7371031,Rappocini
3449237,SARANA INSAN WISATA,JL AP PETTARANI RUKO NEW ZAMRUD BLOK,7371031008,Aktif,10,7371031,Rappocini
3449328,MEDIASI MULTI JASA,JL TAMALATE IV STP.4,7371031004,Aktif,10,7371031,Rappocini
3449411,TRI JAYA MANDIRI,"JL.TIDUNG II BLOK 21 NO.67, BONTO MAKKIO",7371031005,Aktif,10,7371031,Rappocini
3450438,SENI KREASI KARYA AMANAH,"JL RS ISLAM FAISAL RUKO AMBASADOR NO 8 RT 000 RW 000, KASSI-KASSI",7371031004,Aktif,10,7371031,Rappocini
3450757,MARIO KREATIF,JL LANDAK BARU KOMP NUSA LANDAK MAS BLOK,7371031007,Aktif,10,7371031,Rappocini
3450904,MARITZA INDO MADANI,KOMP ANGING MAMIRI RESIDENCE,7371031002,Aktif,10,7371031,Rappocini
3452839,BERLIAN UTAMA,JL LANDAK BARU,7371031007,Aktif,10,7371031,Rappocini
3452992,MUTIA KARYA MANDIRI,"JL.TIDUNG 8 NO.185 RT.003 RW.002, TIDUNG",7371031006,Aktif,10,7371031,Rappocini
3455253,CIPTA PRIMA MULYA ABADI,BTN MINASA UPA,7371031001,Aktif,10,7371031,Rappocini
3455900,SOBO KARTI,"JL.AROEPALA SAMPING SMP 40 TEMBUSAN KOMP. ANGGREK MINASA UPA,RT.004/RW.010,GUNUNG SARI",7371031001,Aktif,10,7371031,Rappocini
3455985,CNR MAJU BERSAMA,JL. A.P. PETTARANI BLOK B 4,7371031008,Aktif,10,7371031,Rappocini
3456002,PERKUMPULAN ALUMNI SMA NEGERI 5 MAKASSAR,JL LANDAK BARU LORONG VIII,7371031007,Aktif,10,7371031,Rappocini
3456082,CITRA DWI KARYADI MANDIRI,JL PELITA RAYA,7371031010,Aktif,10,7371031,Rappocini
3457342,TAMAN KANAK-KANAK AZIZAH,JL KELAPA TIGA,7371031010,Aktif,10,7371031,Rappocini
3457568,MEDIKA GUNUNG SARI,JL SULTAN ALAUDDIN,7371031001,Aktif,10,7371031,Rappocini
3458311,SURYA PERDANA,JL TAMALATE I TIDUNG 4 STP 5 NO 38 RT 000 RW 000 BONTO MAKKIO,7371031005,Aktif,10,7371031,Rappocini
3459141,DIPA MEGAH PERKASA,JL HERTASNING,7371031008,Aktif,10,7371031,Rappocini
3459991,MULYA SAKTI JO INTISHAR KARYA,KOMPLEK PERMATA HIJAU PERMAI,7371031004,Aktif,10,7371031,Rappocini
3460648,LIKIFINA HALIN MASKOM,JL PELITA RAYA TENGAH,7371031010,Aktif,10,7371031,Rappocini
3460847,TUNGGAL JAYA DWIPERKASA,JL PERMATA HIJAU PERMAI BLOK,7371031004,Aktif,10,7371031,Rappocini
3461040,UTAMA SUKSES,JL PERMATA HIJAU LESTARI P18,7371031004,Aktif,10,7371031,Rappocini
3462397,SINAR PRATIWI,JL TALASALAPANG PERUMAHAN GRAHA ASRI,7371031001,Aktif,10,7371031,Rappocini
3462907,PINCARA ABADI SEJAHTERA,JALAN PELITA VI BLOK A 34 NOMOR 7,7371031008,Aktif,10,7371031,Rappocini
3463282,KARYA PENTA GEMILANG,JL. PELITA RAYA,7371031010,Aktif,10,7371031,Rappocini
3463842,SURYA MEDICA,"JL.KARUNRUNG RAYA NO.2C, KARUNRUNG",7371031002,Aktif,10,7371031,Rappocini
3464222,ANTEL ALKESINDO,JL RAPPOCINI RAYA LR 5E RT 000 RW 000 RAPPOCINI,7371031009,Aktif,10,7371031,Rappocini
3464923,KUALA KENCANA SEJAHTERA,JL. SULTAN ALAUDDIN,7371031001,Aktif,10,7371031,Rappocini
3465235,KARYA ETAM BERSAMA - WICAKSANA KONSTRUKSI (KSO),JL SULTAN ALAUDDIN KOMP. GRIYA FAJAR MAS,7371031001,Aktif,10,7371031,Rappocini
3465777,RAJA ADVERTISING,"JL TAMALATE IV NO 17 RT 003 RW 002, KASSI-KASSI",7371031004,Aktif,10,7371031,Rappocini
3466595,RIESTADEL,JL SKARDA N II PERUM GRAND PERMAI,7371031001,Aktif,10,7371031,Rappocini
3467528,CISANA JAYA KARYA,JL. LANDAK BARU,7371031007,Aktif,10,7371031,Rappocini
3469644,SRI RAMA,JL PENDIDIKAN  I,7371031006,Aktif,10,7371031,Rappocini
3470125,ARITA FATRA NUSANTARA,JL MON. EMMY SAELAN III/SKARDA N,7371031006,Aktif,10,7371031,Rappocini
3470362,BERSAMA BANGUN PROPERTI,JALAN MINASA SARI BLOK B.16 NOMOR 1,7371031001,Aktif,10,7371031,Rappocini
3471861,OSMAN UTAMA,JL RIZAL,7371031001,Aktif,10,7371031,Rappocini
3472275,MAJELIS TAKLIM PERSATUAN WANITA TARBIYAH ISLAMIYAH (PERWATI),JL LANDAK BARU,7371031007,Aktif,10,7371031,Rappocini
3473082,BALLA DAMAI INDONESIA,KOMP BTN MINASA UPA,7371031,Aktif,7,7371031,Rappocini
3473484,ANDI BUDHIALAM,JL BTN MINASA UPA,7371031,Aktif,7,7371031,Rappocini
3473829,AEROTAMA GLOBALINDO,KOMPLEK BTN MINASA UPA,7371031001,Aktif,10,7371031,Rappocini
3474244,MARFOTIC INDONESIA,JL JIPANG RAYA PERUM VILLA MEGA SARI,7371031001,Aktif,10,7371031,Rappocini
3474342,ISSANI MUDA MANDIRI,JL LANDAK BARU,7371031007,Aktif,10,7371031,Rappocini
3474439,KARYA PRIMA CONSULTANT,BTN MINASA UPA,7371031001,Aktif,10,7371031,Rappocini
3476143,PERMATA BANGUN INDO,JL AROEPALA PERMATA HIJAU PERMAI,7371031004,Aktif,10,7371031,Rappocini
3476396,DIVA MAKMUR SEJAHTERA,JL NILA (PERUMAHAN BUMI PESONA PELANGI),7371031001,Aktif,10,7371031,Rappocini
3476796,IMB MOTOR,JL ANDI PANGERAN PETTARANI KAV I,7371031006,Aktif,10,7371031,Rappocini
3476848,ARTHA 92 JAYA OTO,JL TIDUNG 9 STP 3 BLOK,7371031003,Aktif,10,7371031,Rappocini
3476949,ROYAL MEDIKA PRIMA,JL TIDUNG 5 STP 9,7371031005,Aktif,10,7371031,Rappocini
3476956,GRAHA SEJATI MEDIKA,JL RAPPOCINI RAYA,7371031009,Aktif,10,7371031,Rappocini
3477300,SALUTTOA PARIGI NUSANTARA,JL CILALLANG JAYA LORONG I A,7371031008,Aktif,10,7371031,Rappocini
3477440,BAJAS MITRA UTAMA,JALAN RAYA PENDIDIKAN KOMP. BALLA PANAKKUKANG A-7,7371031006,Aktif,10,7371031,Rappocini
3478290,MARIO TOMMY NAWA,JL BAKTI III,7371031010,Aktif,10,7371031,Rappocini
3478682,INDORAYA KUANTITAS,JL BTN ANGIN MAMMIRI RESIDENCE,7371031002,Aktif,10,7371031,Rappocini
3479435,MASINDO NETWORKS,"JL PENDIDIKAN BLOK BLOK B3 NO 12 RT 001 RW 003, TIDUNG",7371031006,Aktif,10,7371031,Rappocini
3479645,KARYA RIZQI,"JL.BTN MINASA UPA BLOK N 12/7, GUNUNG SARI",7371031001,Aktif,10,7371031,Rappocini
3479741,PITU ANUGRAH UTAMA,"JL. MONUMEN EMMY SAELAN NO. 14 K, GUNUNG SARI",7371031001,Aktif,10,7371031,Rappocini
3480925,GLOBAL INTERIOR KOSONG TOEDJOE,JL BONTOMENE I,7371031007,Aktif,10,7371031,Rappocini
3481432,LPK ANDI`S,"KOMP.BTN II MANGASA BLOK L1/1 RT.002 RW.019, GUNUNG SARI",7371031001,Aktif,10,7371031,Rappocini
3482653,DINAMIKA INDONESIA GRUP,JL KOMPLEKS KODAM,7371031001,Aktif,10,7371031,Rappocini
3482864,GRIYA TAMALATE ASRI,JL SKARDA N 4 PERUM GRIYA TAMALATE ASRI,7371031002,Aktif,10,7371031,Rappocini
3484217,DENDHY SAKTI ABADI,"JL.AROEPALA NO.2,RT.002/RW.005, KASSI-KASSI",7371031004,Aktif,10,7371031,Rappocini
3484233,UNILEVER INDONESIA TBK.,JL HERTASNING,7371031006,Aktif,10,7371031,Rappocini
3486115,HANGGAR TALASALAPANG,TALASALAPANG RAYA KOMP.RUKO EXCLUSIVE BUSINESS CENTRE,7371031001,Aktif,10,7371031,Rappocini
3486522,BUMI AGUNG SEDAYU,JL HERTASNING BARU ANGING MAMMIRI RESIDENCE,7371031002,Aktif,10,7371031,Rappocini
3487604,PANJI NEIKINDO,KOMP BTN MINASA UPA BLOK,7371031001,Aktif,10,7371031,Rappocini
3487826,TK MODERN TADIKA PURI,JL AROEPALA HERTASNING BARU PERUM ANGING MAMMIRI,7371031002,Aktif,10,7371031,Rappocini
3488699,M AKBAR ALI POLANUNU,JL. AP PETTARANI,7371031006,Aktif,10,7371031,Rappocini
3489027,TELAGA CAHAYA NUSANTARA,JL WIJAYA KUSUMA RAYA I,7371031007,Aktif,10,7371031,Rappocini
3489502,TEKSAS JAYA PERKASA,TIDUNG 4 STAPAK 2,7371031005,Aktif,10,7371031,Rappocini
3489777,AGUNG ABADI FARMA,JL JIPANG RAYA KOMP BUMI PALEM,7371031001,Aktif,10,7371031,Rappocini
3489823,WIDYA JASA MANDIRI,"BTN MINASA UPA BLOK E8 NO.4 RT.001 RW.017, GUNUNG SARI",7371031001,Aktif,10,7371031,Rappocini
3492792,FLYING FOX,JL RAPPOCINI RAYA LR 9,7371031008,Aktif,10,7371031,Rappocini
3494081,NURHAERANI,JL BORONG INDAH KOMP PURI TAMAN SARI,7371031004,Aktif,10,7371031,Rappocini
3494502,ADIL FAADHIL KONSULTAN,PERUMAHAN BTN MINASA UPA,7371031001,Aktif,10,7371031,Rappocini
3495267,HENDRA BERLIAN MANDIRI,"JALAN AROEPALA, HALMI RESIDENCE BLOK D 7",7371031002,Aktif,10,7371031,Rappocini
3495436,CAHAYA ABDICHEL,JL KELAPA TIGA GANG 2,7371031010,Aktif,10,7371031,Rappocini
3496340,MAKASSAR SATU INDONESIA,"JL.MAPPALA BLOK B.3 NO.3 RW.004, GUNUNG SARI",7371031001,Aktif,10,7371031,Rappocini
3496451,KELOMPOK MASYARAKAT (POKMAS) NIKARANNUANG,JL ANDI DJEMMA NO. 59,7371031007,Aktif,10,7371031,Rappocini
3496548,GELAS BUMI,"BTN MINASA UPA BLOK K14/13 RT 004 RW 010, GUNUNG SARI",7371031001,Aktif,10,7371031,Rappocini
3497217,NEPTUNUS NUGRAHA,KOMPLEK PERGUDANGAN P. LOE INDAH JL IR. SUTAMI HALL 4,7371031007,Aktif,10,7371031,Rappocini
3497411,TIGA SUKSES,JL JIPANG RAYA PERUM VILLA MEGA SARI,7371031001,Aktif,10,7371031,Rappocini
3497735,BAJA SULAWESI MANDIRI,JL TIMAH 1,7371031010,Aktif,10,7371031,Rappocini
3497916,ENERGI ASA,"JL.TAMALATE VI STP.12 NO.197 RT.003 RW.003, KASSI-KASSI",7371031004,Aktif,10,7371031,Rappocini
3498138,KUSUMA MAKMUR JAYA,JL RAPPOCINI RAYA,7371031008,Aktif,10,7371031,Rappocini
3499228,BERKAH BERSAMA SEDEKAH,AROEPPALA KOMPLEKS PERUMAHAN PERMATA HIJAU LESTARI,7371031004,Aktif,10,7371031,Rappocini
3499763,PAINDO RAYA,JL TODDOPULI VI KOMP PURI TAMAN SARI,7371031004,Aktif,10,7371031,Rappocini
3500000,PRILLY MEDIKA UTAMA,JL AP PETTARANI RUKO NEW ZAMRUD BLOK,7371031008,Aktif,10,7371031,Rappocini
3501420,SINAR TEGAR PUTRI TUNGGAL,"JL.TEMBUSAN TAMALATE II BLOK N6 No.2C,KEL.MAPPALA,KEC.RAPPOCINI",7371031003,Aktif,10,7371031,Rappocini
3502265,PT HAKA UTAMA-PT LATANINDO GRAHA PERSADA-PT ALAM LINTAS INDONESIA (KSO),JL  AP PETTARANI RUKO NEW ZAMRUD,7371031008,Aktif,10,7371031,Rappocini
3502527,KOSMETIKATAMA SUPER INDAH,KOMP BPH BUMI 21,7371031001,Aktif,10,7371031,Rappocini
3502873,JUSAR GROUP,KOMP BTN MINASA UPA,7371031001,Aktif,10,7371031,Rappocini
3503210,ARIES KENCANA INDAH,JL.HERTASNING BARAT IV,7371031005,Aktif,10,7371031,Rappocini
3504054,HUZFAD MINING INTERNASIONAL,JL RSI FAISAL XVII,7371031007,Aktif,10,7371031,Rappocini
3504336,"PT.RAJAWALI JAYA SAKTI CONTRINDO-PT. ASMAH HASTINI,KSO",JL WIJAYA KUSUMA KOMPLEK KESEHATAN,7371031007,Aktif,10,7371031,Rappocini
3504533,SUBUR WIJAYA,JL TIDUNG 9 STP 5,7371031003,Aktif,10,7371031,Rappocini
3504904,"PT. INDAH SERATAMA - PT. ASMAH HASTINI, KSO",JL WIJAYA KUSUMA KO KESEHATAN,7371031007,Aktif,10,7371031,Rappocini
3506972,OFFICE SOLUTIONS,JL ANDI PANGERAN PETTARANI LANTAI 1 BLOK,7371031006,Aktif,10,7371031,Rappocini
3507084,TURI RAIH SARO,JL TALASALAPANG RAYA,7371031001,Aktif,10,7371031,Rappocini
3507171,CITRA BERITA,"JL SUNGAI SADDANG BARU NO 39, BALLA PARANG",7371031010,Aktif,10,7371031,Rappocini
3507910,PUTRA MANDIRI,"JL.SYECH YUSUF KOMP.KODAM VII WRB.B/14 KATANGKA RT.001 RW.002, GUNUNG SARI",7371031001,Aktif,10,7371031,Rappocini
3508230,SEKAI ICHI PESTISINDO,"JL HERTASNING BLOK E15/18 RT.003 RW.007, TIDUNG",7371031006,Aktif,10,7371031,Rappocini
3508859,EDUCARE,BTN MINASA UPA,7371031001,Aktif,10,7371031,Rappocini
3509012,SAMANTHA SUKSES SEJAHTERA,JALAN AROEPALA NOMOR 8,7371031001,Aktif,10,7371031,Rappocini
3509087,PRODUSEN MITRA INSAN SEJAHTERA,"PERUMAHAN TAMAN GOSYEN INDAH, JL. AROEPALA",7371031004,Aktif,10,7371031,Rappocini
3509201,MARLY OPTIMA INDONESIA,JALAN MONUMEN EMMY SAELAN KOMPLEKS GRAHA SARI BLOK B4,7371031001,Aktif,10,7371031,Rappocini
3509221,KEDAI WEBSITE INDONESIA,"JL. TIDUNG 10 NO.9, MAPPALA",7371031003,Aktif,10,7371031,Rappocini
3509229,PERMATA ADIRA NUSANTARA,JL SKARDA' N1,7371031001,Aktif,10,7371031,Rappocini
3509623,DNS GROUP,JL TIDUNG II STP 1,7371031005,Aktif,10,7371031,Rappocini
3510232,SUMBER INDO SELULER,RAPPOCINI RAYA,7371031008,Aktif,10,7371031,Rappocini
3510845,BENHARD PRIMA BAJA,JL AROEPALA,7371031004,Aktif,10,7371031,Rappocini
3510937,INPRATAMA SARANA SOLUSI,JL PELITA IV LR 5,7371031010,Aktif,10,7371031,Rappocini
3511515,POKMAS TIDUNG BERSATU,RAYA PENDIDIKAN,7371031006,Aktif,10,7371031,Rappocini
3512084,WIRAWAN KARYA,JL CILALLANG JAYA,7371031008,Aktif,10,7371031,Rappocini
3513739,MANDALA PRATAMA ABADI,JL. MONGINSIDI BARU,7371031010,Aktif,10,7371031,Rappocini
3514173,LASKAR MASYARAKAT DEMOKRASI SULAWESI SELATAN (LAMDA SULSEL),"JL. MAPPALA BLOK A.4 NO. 2, TIDUNG",7371031006,Aktif,10,7371031,Rappocini
3514490,DWIGUNA JAYA MANDIRI,AROEPALA KOMP PHP,7371031004,Aktif,10,7371031,Rappocini
3515155,BATAVIA PROSPERINDO FINANCE,JL PELITA RAYA BLOK A.22,7371031010,Aktif,10,7371031,Rappocini
3515280,JO.PT.GALIH MEDAN PERSADA - PT.GAYA BAKTI JAYA,"JL AROEPALA BLOK D/32 HERTASNING BARU, KASSI-KASSI",7371031004,Aktif,10,7371031,Rappocini
3515828,GHAIS GHAZI PUTRA,"JL TIDUNG MARIOLO NO 5B RT 002 RW 001,TIDUNG",7371031006,Aktif,10,7371031,Rappocini
3517194,CAHAYA INTEGRITAS KOOPERATIF,JL. HERTASNING BARAT KOMP.GPI B/16,7371031005,Aktif,10,7371031,Rappocini
3517333,LASKAR AKSARA,"KOMP.PURI TAMAN SARI BLOK D.9 NO.6 MAKASSAR RT.005 RW.012, KASSI-KASSI",7371031004,Aktif,10,7371031,Rappocini
3517542,FAJAR ANUGRAH UTAMA,"JL AP PETTARANI BLOK E20/10 RT.001 RW.005, TIDUNG",7371031006,Aktif,10,7371031,Rappocini
3517666,ANDIFA KARYA DESAIN,JL TIDUNG 6 STP XI,7371031003,Aktif,10,7371031,Rappocini
3518273,CHAMSIAH,"JL.TALA'SALAPANG NO.39 B RT.000 RW.000, GUNUNG SARI",7371031001,Aktif,10,7371031,Rappocini
3518315,SYAFIQ,"JL.TODDOPPULI IV STP.13 NO.4, KASSI-KASSI",7371031004,Aktif,10,7371031,Rappocini
3519708,ANAYA,JL TALASALAPANG I KOMP RINDAM,7371031001,Aktif,10,7371031,Rappocini
3520475,ABEGE RALLYERS,JL TALASALAPANG II KOMPLEKS MANGGASA VILLAGE,7371031001,Aktif,10,7371031,Rappocini
3521042,SULTAN JAFAR ASYAMIE,JL SKARDA N I,7371031006,Aktif,10,7371031,Rappocini
3522277,MODAL NUSANTARA VENTURA,JL RAYA PENDIDIKAN,7371031006,Aktif,10,7371031,Rappocini
3522418,KARUNIA SEJATI MEDILAB,JALAN RAPPOCINI RAYA NOMOR 94 A,7371031009,Aktif,10,7371031,Rappocini
3522593,KOSH MITRA ABADI,"JL RAPPOCINI RAYA BLOK NO.99A RT 001 RW 004, BUAKANA",7371031008,Aktif,10,7371031,Rappocini
3523224,CELEBES CEMERLANG CENTER,JL TIDUNG MARIOLO,7371031006,Aktif,10,7371031,Rappocini
3523911,AYUCHI CEMERLANG ABADI,BTN. MINASA UPA,7371031001,Aktif,10,7371031,Rappocini
3528349,NUR IMAM MAKASSAR,"KOMP.PERMATA HIJAU PERMAI BLOK.M.2 NO.9 RT.005 RW.010, KASSI-KASSI",7371031004,Aktif,10,7371031,Rappocini
3529059,SANTOSA,TIDUNG 6 SETAPAK 4,7371031003,Aktif,10,7371031,Rappocini
3529560,UNIVERSAL PANCA PERSADA,JL MAHONI,7371031004,Aktif,10,7371031,Rappocini
3530855,YAYASAN TAMAN BELAJAR ASHABUL KAHFI,TALASAPANG PERUMAHAN PURI BUKIT MAS,7371031002,Aktif,10,7371031,Rappocini
3530879,MEGAH PUTRA RIALINDO,"KOMP BTN MINASA UPA BLK M5 NO.16 RT.002 RW.009, GUNUNG SARI",7371031001,Aktif,10,7371031,Rappocini
3531231,SATRIA CARAWALI SEJAHTERA,JL NIKEL 3,7371031010,Aktif,10,7371031,Rappocini
3531493,MULIA TRANS MARGA,JL MONGINSIDI BARU PURI MUTIARA I,7371031009,Aktif,10,7371031,Rappocini
3532554,TERAS SUNNAH MAKASSAR,TALASALAPANG 2,7371031001,Aktif,10,7371031,Rappocini
3533343,UMAN GALERI,"JL MONUMEN EMMY SAELAN 3 NO 10C RT 002 RW 005, KARUNRUNG",7371031002,Aktif,10,7371031,Rappocini
3535259,UTAMA JAYA,"JL TIDUNG VI STP 11 NO 62 RT 003 RW 005, MAPPALA",7371031003,Aktif,10,7371031,Rappocini
3535763,HONESTA,"KOMP.BTN KARUNRUNGASRI BLOK A/3 RT.002 RW.004, KARUNRUNG",7371031002,Aktif,10,7371031,Rappocini
3535950,MITRA DIERA MULTI BISNIS,"ANGING MAMMIRI RESIDENCE BLOK F3/4, JL AROEPALA",7371031002,Aktif,10,7371031,Rappocini
3537068,KARTIKA WIDYA PRASTHYA,RSI FAISAL II PRM GRIYA MODERN NO. 7,7371031007,Aktif,10,7371031,Rappocini
3537396,PENDIDIKAN TERATAI UNIVERSITAS NEGERI MAKASSAR,"KAMPUS UNM GUNUNG SARI BARU, BANTA-BANTAENG",7371031007,Aktif,10,7371031,Rappocini
3537981,KOSH MEDINDO,"RAPPOCINI RAYA NO.99A , RAPPOCINI",7371031009,Aktif,10,7371031,Rappocini
3538372,SERBA USAHA PERAK,"BTN MANGASA PERMAI BLOK G 11, GUNUNG SARI",7371031001,Aktif,10,7371031,Rappocini
3540175,PERKUMPULAN FORUM PADAIDI SILATURRAHIM,BTN MINASA UPA BLOK,7371031002,Aktif,10,7371031,Rappocini
3540964,CV. MAHADEWI PERKASA,PELITA IV,7371031008,Aktif,10,7371031,Rappocini
3540973,LUMANNA JAYA,"BTN MINASA UPA BLOK E4/21 RT 004 RW 006, GUNUNG SARI",7371031001,Aktif,10,7371031,Rappocini
3542115,CHERUBIM JAYA PERKASA,JL HERTASNING BARU KOMP PHL,7371031004,Aktif,10,7371031,Rappocini
3543254,CIPTA SELARAS,"JL HERTASNING VI NO 27 RT.003 RW.006, TIDUNG",7371031006,Aktif,10,7371031,Rappocini
3543768,HARUKA,JL HERTASNING BARU,7371031004,Aktif,10,7371031,Rappocini
3544040,MARUGA TEKNIKINDO DEVELOPMENT,"KOMP.PURI TAMAN SARI BLOK C7 NO.7, KASSI-KASSI",7371031004,Aktif,10,7371031,Rappocini
3544214,PUTRA SYAMSU,JL AROEPALA KOMP PDGI,7371031001,Aktif,10,7371031,Rappocini
3544842,SEFACTOR PHARMA,JL. RAPPOCINI RAYA NO.10,7371031009,Aktif,10,7371031,Rappocini
3544977,RYANTAMA,"PERUMAHAN KOMPLEKS BTN MINASA SARI BLOK B/11, GUNUNG SARI",7371031001,Aktif,10,7371031,Rappocini
3546682,KARUNIA INDAH ABADI,PELITA RAYA VI,7371031008,Aktif,10,7371031,Rappocini
3546969,PANGERAN MENTARI TIMUR,JL LANDAK BARU PERUM METROPOLITAN,7371031007,Aktif,10,7371031,Rappocini
3548484,PEGADAIAN (PERSERO),JL TALASALAPANG,7371031001,Aktif,10,7371031,Rappocini
3548692,ARU TEKO,JL RSI FAISAL 17,7371031007,Aktif,10,7371031,Rappocini
3548863,BERKAT REJEKI BERSAMA,JL. A.P PETTARANI RUKO ZAMRUD BLOK C,7371031008,Aktif,10,7371031,Rappocini
3550850,4WD RELOAD MULTI PAYMENT INDONESIA,JALAN MONUMEN EMISAELAN,7371031006,Aktif,10,7371031,Rappocini
3551767,FADANTY SIDAR DIGDAYAJI,JL KARAENG BONTO TANGNGA,7371031002,Aktif,10,7371031,Rappocini
3556142,ANUGRAH CAHAYA TERANG,JL POROS MINASA UPA BLOK,7371031,Aktif,7,7371031,Rappocini
3556222,MEGA KARYA PERDANA,"JL.MONGISIDI BARU AB.6/3 RT.005 RW.005, BALLA PARANG",7371031010,Aktif,10,7371031,Rappocini
3556249,HOSANA JAYA PERKASA,"JL SUNGAI SADDANG BARU BLOK A10/4 RT.002 RW.008, BALLA PARANG",7371031010,Aktif,10,7371031,Rappocini
3556289,ANRECA HARNI ABADI,"JL RAPPOCINI RAYA LR 5B NO 1 RT.002 RW.004, RAPPOCINI",7371031009,Aktif,10,7371031,Rappocini
3556484,REPEN MAKASSAR,JL TIDUNG MARIOLO,7371031006,Aktif,10,7371031,Rappocini
3556707,ARTHA PESONA INDONESIA,JL AROEPALA KOMP HARMONI,7371031003,Aktif,10,7371031,Rappocini
3556755,AKILA UTAMA,"BTN MINASA UPA BLOK H2/10 RT.001 RW.024, GUNUNG SARI",7371031001,Aktif,10,7371031,Rappocini
3557338,PUTERA REZKI UTAMA,JL. HERTASNING KOMPLEKS GRIYA PANAKKUKANG INDAH,7371031005,Aktif,10,7371031,Rappocini
3559103,AFLAHA COCONUT MANDIRI,jl palm raja,7371031004,Aktif,10,7371031,Rappocini
3559498,PERMATA,PERMATA HIJAU PERMAI BLOK M,7371031004,Aktif,10,7371031,Rappocini
3560125,PP-BRP KSO,JL LETJEN HERTASNING,7371031004,Aktif,10,7371031,Rappocini
3560134,INJECTOR ASTRAMAYA,"JALAN SULTAN ALAUDDIN PERUMAHAN BUMI PERMATA HJAU, JALAN BUMI 14",7371031001,Aktif,10,7371031,Rappocini
3560315,CAHAYA SRIKANDI,JL BTN MINASA UPA,7371031001,Aktif,10,7371031,Rappocini
3563737,ASOSIASI PENDETA INDONESIA CABANG MAKASSAR,JL TIDUNG 3 STP 4,7371031005,Aktif,10,7371031,Rappocini
3565291,DARUL IMAN MAKASSAR,JL CILALLANG JAYA VII,7371031008,Aktif,10,7371031,Rappocini
3566168,USAHA JAYA,JL RAPPOCINI RAYA,7371031008,Aktif,10,7371031,Rappocini
3567612,HM JUFRI,"JL LANDAK BARU NO 112 B RT 004 RW 003, BANTA-BANTAENG",7371031007,Aktif,10,7371031,Rappocini
3569350,DIANA SEJAHTERA,"JL.BTN MINASA UPA BLOK M.10/24, GUNUNG SARI",7371031001,Aktif,10,7371031,Rappocini
3569698,PIXEL DETAIL INDONESIA,JL. TAMALATE II TIDUNG 7 STP.1,7371031003,Aktif,10,7371031,Rappocini
3569918,IZZUL PUTRA MANDIRI,JL BERINGIN V,7371031004,Aktif,10,7371031,Rappocini
3570121,RANELSA VEN INDONESIA,JL WIJAYA KUSUMA III,7371031007,Aktif,10,7371031,Rappocini
3570247,PALAGIMATA MEDIKA ALTA,JL  BONTO MENE I,7371031007,Aktif,10,7371031,Rappocini
3570269,REZKI BERKAH MANDIRI,"JL KR BONTOTANGNGA II NO 15 RT 000 RW 000, KARUNRUNG",7371031002,Aktif,10,7371031,Rappocini
3571019,ZAHRAH MANDIRI,JL B DG NGIRATE I,7371031005,Aktif,10,7371031,Rappocini
3571118,KOPI KOPI,JL TODDOPULI RAYA,7371031005,Aktif,10,7371031,Rappocini
3572133,ISHOP INDONESIA,JL. AROEPALA KOMP. MINASA UPA,7371031001,Aktif,10,7371031,Rappocini
3573729,MAKASSAR PANGAN MANDIRI,JL TIDUNG X TIMUR KOMP PERUM STELLA MARIS,7371031002,Aktif,10,7371031,Rappocini
3574678,BAKTIMITRA INVESTAMA,JL AP PETTARANI NO 55,7371031008,Aktif,10,7371031,Rappocini
3574828,SUMBER MEDIKALINDO,JL.SULTAN ALAUDDIN 3,7371031001,Aktif,10,7371031,Rappocini
3575450,MASJID MARDHIYYAH,"JL TALASALAPANG II, KOMP P & K, PEMDA, MANGASA PERMAI",7371031001,Aktif,10,7371031,Rappocini
3575989,JAYA SAKTI,JL TAMALATE III STP 43,7371031003,Aktif,10,7371031,Rappocini
3576705,EMAS DELIA INSANI,JL KARUNRUNG RAYA,7371031002,Aktif,10,7371031,Rappocini
3576859,REI BANGUN PROPERTI,JALAN TIMAH RAYA NOMOR 2,7371031010,Aktif,10,7371031,Rappocini
3576881,SULTAN,KOMPLEKS BTN MINASA UPA,7371031001,Aktif,10,7371031,Rappocini
3578461,IFA MEDIKA,JL WIJAYA KUSUMA I,7371031007,Aktif,10,7371031,Rappocini
3578980,NIDAAUL AMIN,JL BTN MINASA UPA,7371031001,Aktif,10,7371031,Rappocini
3579263,BERKAH PROPERTINDO,JL TIDUNG IX STP 15,7371031003,Aktif,10,7371031,Rappocini
3579317,MINASASARI,KOMP PERUM RESIDENCE CENDANA BLOK,7371031009,Aktif,10,7371031,Rappocini
3579389,MATA GRUP NUSANTARA,KOMP SKARDA N LORONG I,7371031001,Aktif,10,7371031,Rappocini
3579651,INDTIM DUABELAS CORPORINDO,JL BTN MINASA UPA,7371031,Aktif,7,7371031,Rappocini
3579989,CAHAYA ODEX,"JL TALASALAPANG NO 11C RT.001 RW.014, GUNUNG SARI",7371031001,Aktif,10,7371031,Rappocini
3580651,FORUM TUKANG GIGI INDONESIA,JL B.DG IRATE STP 2,7371031005,Aktif,10,7371031,Rappocini
3581580,KAPITAL GLOBAL INDONESIA,JL MONUMEN EMMY SAELAN,7371031001,Aktif,10,7371031,Rappocini
3582639,PRIMA KARYA TEKNIK BERSAMA,JL TIDUNG 7,7371031003,Aktif,10,7371031,Rappocini
3582669,INTI SEJAHTERA LESTARI,"JL TALASALAPANG NO 24 C, GUNUNG SARI",7371031001,Aktif,10,7371031,Rappocini
3582750,ANUGRAH KENCANA,JL RAYA PENDIDIKAN,7371031006,Aktif,10,7371031,Rappocini
3583243,88 INVESTAMA,JL PERUMAHAN BUMI BOSOWA PERMAI,7371031001,Aktif,10,7371031,Rappocini
3583904,SUMBER WARNA NUSANTARA,"JL MONGINSIDI BARU NO 68 A RT 002 RW 004, BALLA PARANG",7371031010,Aktif,10,7371031,Rappocini
3586661,RADENMASKEMBAR,JL HERTASNING RAYA,7371031006,Aktif,10,7371031,Rappocini
3587967,TOWER UPNW KAWASAN TIMUR INDONESIA,JL AP PETTARANI,7371031007,Aktif,10,7371031,Rappocini
3589017,ORGANISASI PEMUDA PEMUDI MAKASSAR,"BTN MINASA UPA BLOK G/15, GUNUNG SARI",7371031001,Aktif,10,7371031,Rappocini
3589266,LEMBAGA PEMBERDAYAAN KUMKM INDONESIA SULSEL,"JL.AP PETTARANI RUKO ZAMRUD BLK E/9, RAPPOCINI",7371031009,Aktif,10,7371031,Rappocini
3589544,TK ALMIRA,MONUMEN EMMY SAELAN III KOMP PU JENEBERANG JL. BENDUNGAN BILI-BILI,7371031002,Aktif,10,7371031,Rappocini
3589636,MAKASSAR MANDIRI UTAMA,JALAN AROEPALA NOMOR 27,7371031004,Aktif,10,7371031,Rappocini
3589637,PANDAWA INFOTEK,"JL PELITA RAYA TENGAH BLOK A3/7 RT 003 RW 009, BALLA PARANG",7371031010,Aktif,10,7371031,Rappocini
3589836,SARANA REZEKI ANUGERAH,MINASA SARI 1,7371031001,Aktif,10,7371031,Rappocini
3590100,JALAN MENUJU SUKSES,JL TEDUH BERSINAR GRIYA FAJAR MAS REGENCY I,7371031001,Aktif,10,7371031,Rappocini
3590586,DEE SEMBILAN BELAS PLUS,JL RSI FAISAL X,7371031007,Aktif,10,7371031,Rappocini
3591050,SINAR CAHAYA BULAN,SYEKH YUSUF KATANGKA,7371031,Aktif,7,7371031,Rappocini
3592827,NADENA,JL. A. PETTARANI BLOK E 29,7371031006,Aktif,10,7371031,Rappocini
3593501,UBHOR BANGUN SEJAHTERA,PERUM GRIYA PDGI TAMAN MALEBBINA 1 PD 01,7371031001,Aktif,10,7371031,Rappocini
3593896,MASTRADA SURYA,JL BONTO LANGKASA I,7371031007,Aktif,10,7371031,Rappocini
3594443,DIANA VALAS INDO SEJAHTERA,JL JIPANG RAYA RUKO MUSTIKA MEGA SARI A.2,7371031001,Aktif,10,7371031,Rappocini
3595227,BATARA CIPTA,"JL.RSI FAISAL IX NO.12 RT.003 RW.02, BANTA-BANTAENG",7371031007,Aktif,10,7371031,Rappocini
3596669,KOPERASI SERBA USAHA GOTONG ROYONG,"JL BERINGIN 7 NO 4 RT.006 RW.010, KASSI-KASSI",7371031004,Aktif,10,7371031,Rappocini
3597316,MANARUL ILMI MAKASSAR,KOMPLEKS MINASA SARI 2,7371031,Aktif,7,7371031,Rappocini
3597551,AILA JAYA PERKASA,"JL.HERTASNING BARU KOMPLEK PERMATA HIJAU PERMAI BLOK F NO.3 RT 003 RW 002, KASSI-KASSI",7371031004,Aktif,10,7371031,Rappocini
3597670,BULOG,JL AP PETTARANI,7371031007,Aktif,10,7371031,Rappocini
3598885,AS SUNNAH HAFAYU MAKASSAR,"RSI FAISAL RAYA I,PHINISI NUSANTARA RESIDENCE NO. A4",7371031007,Aktif,10,7371031,Rappocini
3599013,REZKY JAYA,JL. WIJAYA KUSUMA I,7371031007,Aktif,10,7371031,Rappocini
3600598,MASJID NURUL ILMI,JL PENDIDIKAN KOMP MASJID NURUL ILMI KAMPUS UNM,7371031006,Aktif,10,7371031,Rappocini
3601022,KARUNIA ANUGERAH SENTOSA SEJATI,JL COKONURI DALAM KOMP RUKAN,7371031006,Aktif,10,7371031,Rappocini
3603702,AZZAM SUKSES AMANAH,JL SKARDA N 1,7371031001,Aktif,10,7371031,Rappocini
3604109,MANNYINGARRI INDONESIA TIMUR,JL RAPPOCINI RAYA,7371031009,Aktif,10,7371031,Rappocini
3604316,SULAWESI BUMI GEMILANG,JL. BUMI RAYA BLOK B.1 NO. 4 BPH,7371031001,Aktif,10,7371031,Rappocini
3604845,MINANG BANGUN KONSTRUKSI,JL WIJAYA KUSUMA I BLOK,7371031007,Aktif,10,7371031,Rappocini
3605077,CV AZA UTAMA JAYA,PELITA RAYA II PERUM. PELITA MAS REGENCY,7371031008,Aktif,10,7371031,Rappocini
3607106,CV. VINARA INDAH PESONA,JALAN TIDUNG VIII SETAPAK 11,7371031003,Aktif,10,7371031,Rappocini
3607346,BAJI TUJU,JL KARUNRUNG RAYA,7371031002,Aktif,10,7371031,Rappocini
3607482,LAELA JAYA,"JL BANTA-BANTAENG LR 6 NO 11 RT.001 RW.004, BANTA-BANTAENG",7371031007,Aktif,10,7371031,Rappocini
3607496,WAHYU GLOBAL,JL RSI FAISAL 14,7371031007,Aktif,10,7371031,Rappocini
3608036,YASIN CAHAYA BERLIAN,JL AROEPALA,7371031001,Aktif,10,7371031,Rappocini
3609090,CV. CHARISMA JAYA,"JL TALASALAPANG KOMPLEKS RUKO TALASALAPANG SQUARE NO 9 RT 006 RW 020, KARUNRUNG",7371031002,Aktif,10,7371031,Rappocini
3609286,MASJID AL-HIDAYAH ANGING MAMMIRI,JL HERTASNING BARU KOMPLEKS ANGING MAMMIRI RESIDENCE BLOK,7371031002,Aktif,10,7371031,Rappocini
3610494,MINA,"BTN MINASA UPA BLOK M1 NO 6 RT 001 RW 009, GUNUNG SARI",7371031001,Aktif,10,7371031,Rappocini
3610583,AMALIA SAKTI,JL HERTASNING,7371031006,Aktif,10,7371031,Rappocini
3610903,DHARMA WANITA PERSATUAN KOTA MAKASSAR,JL ANGGREK RAYA,7371031006,Aktif,10,7371031,Rappocini
3611378,KOPERASI SURYA ABADI,"KOMPLEK GRAND PERMAI BLOK A/3 SKARDA'N RT.005 RW.016, GUNUNG SARI",7371031001,Aktif,10,7371031,Rappocini
3612650,SOLUTION,"JL.AP PETTARANI NO.2, GUNUNG SARI",7371031001,Aktif,10,7371031,Rappocini
3614070,HADI PUTRA BERSAUDARA,JL BUMI 18,7371031001,Aktif,10,7371031,Rappocini
3615182,MULTI GLOBAL SOLUSINDO,BTN.MINASAUPA,7371031001,Aktif,10,7371031,Rappocini
3615609,ASJIAH REZKY UTAMA,JL BTN MINASA UPA,7371031,Aktif,7,7371031,Rappocini
3615823,JAYA MANDIRI,JL TANMALATE 2,7371031003,Aktif,10,7371031,Rappocini
3617454,KARYA BERSAMA PRATAMA,JL RSI FAISAL VII,7371031007,Aktif,10,7371031,Rappocini
3619178,ALSA PHINISI PERMATA,"JL.SYECH YUSUF BTN MINASA UPA BLOK D4 NO.16, GUNUNG SARI",7371031001,Aktif,10,7371031,Rappocini
3620029,RURIN JAYA ABADI,JL PENGAYOMAN PERUM TAMAN PERMATA SARI I,7371031008,Aktif,10,7371031,Rappocini
3620263,AYUNDA PUTRI MANDIRI,PERUMAHAN BTN MINASA UPA,7371031001,Aktif,10,7371031,Rappocini
3620329,ADHE KARYA PERSADA,KOMP ANGING MAMIRI RECIDENCE,7371031002,Aktif,10,7371031,Rappocini
3621872,AMANDA PERSADA SULAWESI SELATAN,"PERUMAHAN TAMAN YASMIN BLOK E2/3 RT.002 RW.013, MAPPALA",7371031003,Aktif,10,7371031,Rappocini
3622469,TIGA INTAN ABADI,JL AP PETTARANI KOMP PEMDA,7371031006,Aktif,10,7371031,Rappocini
3622476,ZAN-ZAN,PERUMAHAN BOSOWA PERMAI BLOK,7371031001,Aktif,10,7371031,Rappocini
3623585,YAYASAN NURIFTITAH,"JL TIDUNG 9 STP 3 NO 94 RT 001 RW 011, MAPPALA",7371031003,Aktif,10,7371031,Rappocini
3623697,CV REFI PRATAMA,JL. AROEPALA KOMP ANGING MAMIRI,7371031002,Aktif,10,7371031,Rappocini
3624633,REZKY TALISA,ANGING MAMIRI RESIDENCE,7371031002,Aktif,10,7371031,Rappocini
3624894,ADITYA PERDANA SAKTI,JL RAPPOCINI RAYA LR. 5C,7371031009,Aktif,10,7371031,Rappocini
3626917,RACHMAT,PERUMAHAN JIPANG PERMAI,7371031002,Aktif,10,7371031,Rappocini
3627228,MARKEN MAHKOTA JAYA,JL ANDI DJEMMA,7371031007,Aktif,10,7371031,Rappocini
3628950,MALLOMO JAYA ABADI,JL JIPANG RAYA,7371031001,Aktif,10,7371031,Rappocini
3629631,NOOR CIPTADANA PRATAMA,"JL.AP PETTARANI BLOK E 20/12 RT.000 RW.000, TIDUNG",7371031006,Aktif,10,7371031,Rappocini
3632423,"BISI INTERNATIONAL, Tbk",JL BONTOLANRA,7371031007,Aktif,10,7371031,Rappocini
3632605,MAQBUL KONSTRUKSI,"JL.TIDUNG IX BLOK.9 NO.159 RT.001 RW.012, MAPPALA",7371031003,Aktif,10,7371031,Rappocini
3632758,HAMRAWATI SEJAHTERA,"JL.AP.PETTARANI NO.9 RT.003 RW.004, BUAKANA",7371031008,Aktif,10,7371031,Rappocini
3632892,AMBASSADOR ZULIAS,"RUKO AMBASSADOR NO 2 JL RSI FAISAL RAYA, BANTA-BANTAENG",7371031007,Aktif,10,7371031,Rappocini
3632942,ALNAF,"KOMP MANGASA PERMAI BLOK Z.2/10, GUNUNG SARI",7371031001,Aktif,10,7371031,Rappocini
3634621,CITRA LAKAWAN PERSADA,JL HERTASNING,7371031006,Aktif,10,7371031,Rappocini
3634787,SARANA KONSTRUKSI,JL LANDAK BARU 8,7371031007,Aktif,10,7371031,Rappocini
3634922,CATURMUDA SAMATA,KOMP BTN MINASA UPA,7371031001,Aktif,10,7371031,Rappocini
3634940,CHAIDIR,JL MON EMMY SAELAN RAYA RUKO CORNER,7371031006,Aktif,10,7371031,Rappocini
3636231,DUA PILAR BANGUNUTAMA,JL LANDAK BARU LR 6,7371031007,Aktif,10,7371031,Rappocini
3636468,CIPTA SARANA TABANG PERSADA,JL PELITA RAYA,7371031010,Aktif,10,7371031,Rappocini
3637096,PEGAWAI NEGERI SALEWANGENG,JL TEDUH BERSINAR,7371031001,Aktif,10,7371031,Rappocini
3637383,WANITA PENGEMBANGAN KEMANDIRIAN MASYARAKAT,"JL.PURI TAMAN SARI BLOK B 6 NO 12 A, KASSI-KASSI",7371031004,Aktif,10,7371031,Rappocini
3639713,BUKIT BERLIAN,JL. HERTASNING,7371031006,Aktif,10,7371031,Rappocini
3639900,KARYA ABADI HUTAMA,JL AROEPALA BLOK P11/3 RT 003 RW 014 KASSI-KASSI,7371031004,Aktif,10,7371031,Rappocini
3640670,EASY SEJAHTERA,SKARDA,7371031001,Aktif,10,7371031,Rappocini
3641220,KARYA PERDANA,JL AROEPALA (SAMPING SPBU) BELMONT RESIDENCE,7371031004,Aktif,10,7371031,Rappocini
3642280,NY GASING JAYA,JL TIMAH V,7371031010,Aktif,10,7371031,Rappocini
3642739,GRAHA BOEMI PERSADA,JALAN A. P. PETTARANI KOMPLEKS PERKANTORAN NEW ZAMRUD BLOK C 14 - 15,7371031008,Aktif,10,7371031,Rappocini
3642770,PT. DIAN TOMPO BALANG,HERTASNING BARU,7371031009,Aktif,10,7371031,Rappocini
3642781,KB NUR DAHLIA,JL TAMALATE 3 STP 49,7371031003,Aktif,10,7371031,Rappocini
3643181,SINAR DANA MANDIRI,JL HERTASNING BARAT BLOK,7371031005,Aktif,10,7371031,Rappocini
3643387,TIGA BOGA PERKASA,KOMPLEKS MINASA INDAH RESIDENCE,7371031001,Aktif,10,7371031,Rappocini
3644502,DWI PUTRI,"JL.PELITA II LR.I NO.9 B RT.003 RW.007, BUAKANA",7371031008,Aktif,10,7371031,Rappocini
3644572,EURO FKA INDONESIA,JL TIDUNG 1 STP 1,7371031005,Aktif,10,7371031,Rappocini
3645054,PANCAPILAR BERKAH NUSANTARA,"JALAN AROEPALA, KOMPLEKS PERMATA HIJAU PERMAI",7371031003,Aktif,10,7371031,Rappocini
3645647,TIGA BINTANG TAMBANG,JL PELITA RAYA VIII,7371031008,Aktif,10,7371031,Rappocini
3645851,RAUTA AGRO SEJAHTERA,JL HERTASNING I BLOK,7371031006,Aktif,10,7371031,Rappocini
3646601,BANGUN INTI MANDIRI,JL KARAENG BONTOTANGNGA,7371031002,Aktif,10,7371031,Rappocini
3647232,VSAT UTAMA MANDIRI,"JL.PERUM MULTY SAOASRI BLOK.S/7, KASSI-KASSI",7371031004,Aktif,10,7371031,Rappocini
3647268,USAHA MANDIRI UTAMA,JL TIDUNG 5 STP 4,7371031005,Aktif,10,7371031,Rappocini
3649149,SIMPAN PINJAM PEMBIAYAAN SYARIAH (KSPPS) PINISI SEJAHTERA MULIA,JL. AP PETTARANI KAMPUS GUNUNG SARI BARU UNM,7371031006,Aktif,10,7371031,Rappocini
3649974,MEILPAT KARYA UTAMA,JL TIDUNG 9 STP 5,7371031003,Aktif,10,7371031,Rappocini
3650027,KAREZO MANDIRI,JL MINASA UPA BLOK F13,7371031001,Aktif,10,7371031,Rappocini
3650803,AZKA NADHIFAH,JL WIJAYA KUSUMA RAYA,7371031007,Aktif,10,7371031,Rappocini
3651971,BAWAKARAENG PURNAMA WIJAYA,JL TIMAH I,7371031010,Aktif,10,7371031,Rappocini
3652042,SINAR MULTI SARANA,BTN MINASA UPA BLOK,7371031001,Aktif,10,7371031,Rappocini
3652482,KONGKOWKITCHEN GLOBAL SENTOSA,JL ANDI DJEMMA,7371031007,Aktif,10,7371031,Rappocini
3652646,HAMU INVESTAMA CORPORINDO,JL HERTASNING RAYA,7371031006,Aktif,10,7371031,Rappocini
3653309,LAZISMU SULAWESI SELATAN,JL SULTAN ALAUDDIN (KAMPUS UNISMUH),7371031001,Aktif,10,7371031,Rappocini
3653317,"PT INDUK SULMAPA KEKAR - PT UWENA PATI RANGGA, KSO",JL TIDUNG MARIOLO LR I,7371031006,Aktif,10,7371031,Rappocini
3653530,NURFAELA,CILALALLANG JAYA V MAKASSAR,7371031008,Aktif,10,7371031,Rappocini
3654129,INDO KARYA SOLUSI,JL MONUMEN EMMY SAELAN III,7371031006,Aktif,10,7371031,Rappocini
3654317,MALISTA KONTRUKSI,JL PELITA RAYA II PERUM PELITA REGENCY,7371031008,Aktif,10,7371031,Rappocini
3654502,MULIA CHANDRAKASIH,"JL LANDAK BARU LR 6 NO 26 RT.003 RW.006, BANTA-BANTAENG",7371031007,Aktif,10,7371031,Rappocini
3654604,HASMAH MATTUJUH TUJUH,JL KOMPLEK PURI TAMAN SARI,7371031004,Aktif,10,7371031,Rappocini
3654658,DUA UTAMA,JL MONUMEN EMMY SAELAN,7371031006,Aktif,10,7371031,Rappocini
3654663,ALIFYA ASRI,KOMP BTN MINASA UPA RESIDEN,7371031001,Aktif,10,7371031,Rappocini
3655295,MARINDA MANDALA PUTRA,JL MACCINI RAYA PERUMAHAN PONDOK INDAH,7371031004,Aktif,10,7371031,Rappocini
3658363,MITRA SULAWESI MANDIRI,"JL.RSI.FAISAL 12 NO.3 RT.003 RW.007, BANTA-BANTAENG",7371031007,Aktif,10,7371031,Rappocini
3658948,TRIRATNA PERKASA,"JL.RAPPOCINI RAYA PRM.CITRA GRIYATAMA BLK.C/13A RT.006 RW.001, BUAKANA",7371031008,Aktif,10,7371031,Rappocini
3659759,SINAR ARTHA SURYA UTAMA,JALAN RAPPOCINI RAYA NOMOR 164,7371031008,Aktif,10,7371031,Rappocini
3660502,PERKUMPULAN KERUKUNAN KELUARGA BANTAENG (KKB),JIPANG RAYA,7371031001,Aktif,10,7371031,Rappocini
3660786,SUKSES KARYA PEMBANGUNAN,JL HERTASNING,7371031006,Aktif,10,7371031,Rappocini
3660831,CITRA MANDIRI SEJAHTERA,JL PELITA RAYA BLOK,7371031010,Aktif,10,7371031,Rappocini
3661780,PELUK SAHABAT INDONESIA,"PERUMAHAN GUBERNUR BLOK E15/9, JALAN HERTASNING 9",7371031006,Aktif,10,7371031,Rappocini
3662732,YUSNUR JAYA MANDIRI,JL KOMPLEKS BTN MINASA UPA BLOK,7371031002,Aktif,10,7371031,Rappocini
3663406,RESKI AFLAH JAYA ABADI,"JL TAMALATE III STP 53 NO 17 RT.004 RW.004, KASSI-KASSI",7371031004,Aktif,10,7371031,Rappocini
3663752,FAKHRI PUTRA,JL KR BONTOTANGNGA,7371031002,Aktif,10,7371031,Rappocini
3664332,AFFOR NEO JAYA,JL BUAKANA VIII,7371031008,Aktif,10,7371031,Rappocini
3664540,ARVI PRATAMA,"JL TAMALATE 3 BLOK 5/40, MAPPALA",7371031003,Aktif,10,7371031,Rappocini
3668474,BANUA SURYA,JL MAPPALA KOMPLEKS PERUM PEMDA,7371031006,Aktif,10,7371031,Rappocini
3669508,KIBOYA UTAMA,KOMP BTN PEMDA,7371031006,Aktif,10,7371031,Rappocini
3670259,RUTAN,JL AP PETTARANI,7371031008,Aktif,10,7371031,Rappocini
3670542,ADY PUTRA PRIMA KENCANA,JL BERINGIN V,7371031004,Aktif,10,7371031,Rappocini
3671137,RINJANI PERKASA,"BUMI BOSOWA INDAH BLOK B.3 NO.9 RT.003 RW.008, GUNUNG SARI",7371031001,Aktif,10,7371031,Rappocini
3671617,ASIA HASANAH WIRAHUSADA,JL MONUMEN EMMY SAELAN,7371031001,Aktif,10,7371031,Rappocini
3672089,SANDEQ BANGUN PERSADA,JL PELITA RAYA VI,7371031008,Aktif,10,7371031,Rappocini
3672092,KEKAL AMANAH MANDIRI,JL RSI FAISAL RUKO AMBASADOR,7371031008,Aktif,10,7371031,Rappocini
3672134,YULIATI INDAH UTAMA,JL TAMALATE I,7371031004,Aktif,10,7371031,Rappocini
3672613,SULONA MASTER CONSULTANT,JL BONTO LANRA,7371031007,Aktif,10,7371031,Rappocini
3672865,AGUNG PRIMA CITRA,"JL HERTASNING RAYA NO 88, TIDUNG",7371031006,Aktif,10,7371031,Rappocini
3672943,MINASA UPA,JL BTN MINASA UPA,7371031001,Aktif,10,7371031,Rappocini
3672965,CHAIRUL PRATAMA,JL WIJAYA KUSUMA I,7371031007,Aktif,10,7371031,Rappocini
3673550,NUSANTARA KARYA PERSADA,JL. RSI FAISAL RAYA,7371031007,Aktif,10,7371031,Rappocini
3673808,ANUGRAH MEGA MANDIRI,JL SULTAN ALAUDDIN,7371031001,Aktif,10,7371031,Rappocini
3674214,ALIF PRATAMA JAYA,JL MAPPALA BLOK A IV,7371031006,Aktif,10,7371031,Rappocini
3674460,MANDOR KAWAT GROUP,JL BTN MINASA UPA,7371031001,Aktif,10,7371031,Rappocini
3675316,DCC MOBISOFT INDONESIA,PERUMAHAN ANGING MAMMIRI RECINDENCEBLOK F3 NO. 18,7371031002,Aktif,10,7371031,Rappocini
3675347,INTER NUSA RAHARJA,JL TALASALAPANG KOMPLEK GRAHA ASRI,7371031001,Aktif,10,7371031,Rappocini
3676877,TRI PUTRA NURINDAH,JL TAMALATE VI,7371031004,Aktif,10,7371031,Rappocini
3676925,WANA WISATA ARCHIPELAGO (WWA),JL RAPPOCINI RAYA,7371031008,Aktif,10,7371031,Rappocini
3676968,MEKAR ABADI,"JL.TAMALATE IV STP 4/1, KASSI-KASSI",7371031004,Aktif,10,7371031,Rappocini
3677033,TIRTA MAS,"JL KR BONTO TANGNGA I NO 8, KARUNRUNG",7371031002,Aktif,10,7371031,Rappocini
3677245,RAMADHANI PRIMA CONST,"JL.TIDUNG VIII NO.185, MAPPALA",7371031003,Aktif,10,7371031,Rappocini
3677368,SYAIKHAH PASYA MANDIRI,KOMP PEMDA,7371031006,Aktif,10,7371031,Rappocini
3679472,GANI ALKAUTSAR (MAHKOTA ELEKTRONIK),JL TALASALAPANG KOMP P&K,7371031001,Aktif,10,7371031,Rappocini
3679580,LIMA TUJUH TUJUH,JL MONUMEN EMMY SAELAN,7371031006,Aktif,10,7371031,Rappocini
3679790,CAHAYA KUPA,JL BTN MINASA UPA,7371031,Aktif,7,7371031,Rappocini
3680189,ASURANSI ALLIANZ LIFE INDONESIA,JL AP PETTARANI (GRAHA ALIANZ),7371031008,Aktif,10,7371031,Rappocini
3681110,BIMO PUTRA TUNGGAL,"KOMPLEK PURI TAMAN SARI BLOK D1/5 RT.005 RW.012, KASSI-KASSI",7371031004,Aktif,10,7371031,Rappocini
3681416,NAMIRA MITRATAMA,JL TALASALAPANG,7371031002,Aktif,10,7371031,Rappocini
3683985,PUTRA MARYADI KARYA,BTN AGRARIA,7371031002,Aktif,10,7371031,Rappocini
3685670,MARGI MOLARE,JL MONTOMENE I,7371031007,Aktif,10,7371031,Rappocini
3685781,GHASSANI,JL PERMATA HIJAU PERMAI,7371031004,Aktif,10,7371031,Rappocini
3686061,MAHARAJALELA,JL TAMALATE I,7371031003,Aktif,10,7371031,Rappocini
3686380,SINAR SURYA PERSADA,JL BTN MANGASA PERMAI,7371031001,Aktif,10,7371031,Rappocini
3687153,PELITA NUSANTARA,"JL.PELITA RAYA BLOK A.14 NO.1, BALLA PARANG",7371031010,Aktif,10,7371031,Rappocini
3687391,MACINNONK,JL JIPANG RAYA 3 PERUMAHAN KARUNRUNG RESIDENCE,7371031002,Aktif,10,7371031,Rappocini
3688128,AL BINTANG NAMIRA,JL TEDUH BERSINAR KOMP GRIYA FAJAR MAS REGENCY BLOK,7371031001,Aktif,10,7371031,Rappocini
3688647,MAKASSAR MUDA MANDIRI,JL AP PETTARANI BLOK E22/17 RT 003 RW 006 TIDUNG,7371031006,Aktif,10,7371031,Rappocini
3688980,NURNAS  RESKITA,JL BTN MINASA UPA,7371031,Aktif,7,7371031,Rappocini
3689411,HARMONI INDAH GRAHATAMA,JL RSI FAISAL 17 LR.1,7371031007,Aktif,10,7371031,Rappocini
3689551,MULTI SUKSES SURYA SEJAHTERA,JL LANDAK BARU,7371031007,Aktif,10,7371031,Rappocini
3689564,PT DWI KARYA MANUNGGAL,JL RAPPOCINI RAYA,7371031008,Aktif,10,7371031,Rappocini
3690353,MEYUA ANUGRAH MAHANI,JL JIPANG RAYA,7371031002,Aktif,10,7371031,Rappocini
3690729,JASA BHAKTI NUSANTARA,"JL HERTASNING BARU KOMP PERMATA HIJAU LESTARI BLOK P13/6 RT 007 RW 014, KASSI-KASSI",7371031004,Aktif,10,7371031,Rappocini
3690940,MUSTIMAH,"JL.TEDUH BERSINAR BLOK T 3/4 RT.003 RW.022, GUNUNG SARI",7371031001,Aktif,10,7371031,Rappocini
3690984,ARIANI,JL RAPPOCINI RAYA,7371031008,Aktif,10,7371031,Rappocini
3691386,KOSH MEDIA TAMA,"JL RAPPOCINI RAYA NO 99A RT.001 RW.004, BUAKANA",7371031008,Aktif,10,7371031,Rappocini
3691419,VIRTUAL TECHNO,KOMPLEK PERMATA HIJAU PERMAI,7371031004,Aktif,10,7371031,Rappocini
3691636,DAHLIA UTAMA,"BTN MINASA UPA BLOK N.6/17 RT.003 RW.013, GUNUNG SARI",7371031001,Aktif,10,7371031,Rappocini
3691693,REWIN JAYA COM,"JL KOMPLEK P&K BLOK L/3 RT 002 RW 019, GUNUNG SARI",7371031001,Aktif,10,7371031,Rappocini
3693402,AALIYAHIMEKO,JL AP PETTARANI KOMP RUKO NEW ZAMRUD BLOK E,7371031008,Aktif,10,7371031,Rappocini
3694737,PERMODALAN NASIONAL MADANI (PERSERO),JL PELITA RAYA,7371031010,Aktif,10,7371031,Rappocini
3694810,CV. METRONIX MAKASSAR UTAMA,"JL.ANDI MANGERANGI III/59 RT.003 RW.006, BUNGAYA",7371031001,Aktif,10,7371031,Rappocini
3695264,LINTANG RINGGA,KOMP BTN MINASA UPA BLOK,7371031001,Aktif,10,7371031,Rappocini
3695592,MILA,"JL.HERTASNING BLK E.10/4 A-9 RT.001 RW.007, TIDUNG",7371031006,Aktif,10,7371031,Rappocini
3695993,TIMUR JAYA KONSTRUKSI,JL AP PETTARANI RUKO NEW ZAMRUD LT. 2,7371031008,Aktif,10,7371031,Rappocini
3696253,SULAWESI ENERGI NUSANTARA,LAGOOSI HOME BLOK A 10,7371031001,Aktif,10,7371031,Rappocini
3696927,AL WAQIAH SEJAHTERA,"JL.R.S.I FAISAL RAYA III NO.16 RT.09 RW.02, BANTA-BANTAENG",7371031007,Aktif,10,7371031,Rappocini
3697179,SALINBUMIL BUDIMULIA HAYUNINGURUP,JL NIKEL,7371031010,Aktif,10,7371031,Rappocini
3697243,MITRA AGUNG LESTARI,"KOMP.BTN AGRARIA BLOK S NO.3, KARUNRUNG",7371031002,Aktif,10,7371031,Rappocini
3697274,CITRA NISHA LESTARI,JL HERTASNING VI BLOK E8/12B RT. 000 RW. 000,7371031006,Aktif,10,7371031,Rappocini
3697762,MITRA AKRAB (CV.MA),"JL.TIDUNG 6 STP.12 NO.75 RT.003 RW.005, MAPPALA",7371031003,Aktif,10,7371031,Rappocini
3697953,CAHAYA ALAM JAYA,JL TIDUNG 9 STP 14,7371031003,Aktif,10,7371031,Rappocini
3700261,CAHAYA POMPENGAN,JL BENDUNGAN BILI-BILI II KOMP PU JENEBERANG,7371031002,Aktif,10,7371031,Rappocini
3700697,PROTEKSINDO,"JL.LANDAK BARU LR.1 NO.2 RT.003 RW.003, BANTA-BANTAENG",7371031007,Aktif,10,7371031,Rappocini
3701093,CUCU WALI PERKASA,JL CILALLANG JAYA,7371031008,Aktif,10,7371031,Rappocini
3701262,BUMI RISKITA ANANDA,JL PERUM PESONA LANDAK INDAH,7371031007,Aktif,10,7371031,Rappocini
3701344,KITA BANGUN PERSADA,JL BUAKANA KOMP MARIOS REGENCY,7371031009,Aktif,10,7371031,Rappocini
3701681,JAYA SAKTI,JL LANDAK BARU,7371031007,Aktif,10,7371031,Rappocini
3704448,BINTANG RESTU SUKSES MANDIRI,JL AP PETTARANI RUKO PETTARANI CENTRE,7371031008,Aktif,10,7371031,Rappocini
3704514,PUTRA BANCA PRATAMA,PERUMAHAN BTN MINASA UPA,7371031001,Aktif,10,7371031,Rappocini
3704524,HARIYANI INTAN BERLIAN,"JL KARUNRUNG RAYA KOMPLEK BKKBN BLOK A/1-2 RT 000 RW 000, KARUNRUNG",7371031002,Aktif,10,7371031,Rappocini
3704921,NASKAH KONSULTAN,BTN MINASA UPA BLOK,7371031001,Aktif,10,7371031,Rappocini
3705937,ASIA MAGELLO MULTIMEDIA,JL. PELITA RAYA NO. 40,7371031010,Aktif,10,7371031,Rappocini
3706061,PRATAMA GODEAN JAYA,JL KARAENG BONTO TANGNGA 2,7371031002,Aktif,10,7371031,Rappocini
3706332,SUMBER REJEKI ABADI UTAMA,JL HERTASNING BARU RESIDENT ANGING MAMMIRI,7371031002,Aktif,10,7371031,Rappocini
3706350,JASA INSPIRASI PERDANA,JL TAMALATE V,7371031004,Aktif,10,7371031,Rappocini
3707272,DAMAI LESTARI MANDIRI,JL AP PETTARANI KOMP NEW ZAMRUD,7371031008,Aktif,10,7371031,Rappocini
3707349,AYARI PRATAMA,JL AP PETTARANI KOMP PETTARANI CENTER,7371031008,Aktif,10,7371031,Rappocini
3707429,INDAH MELATI PERDANA,"KOMP.PURI TAMAN SARI BLOK D.8 NO.11 RT.006 RW.012, KASSI-KASSI",7371031004,Aktif,10,7371031,Rappocini
3707457,NAUFAL PUTRA,JL PELITA RAYA V LR.02,7371031008,Aktif,10,7371031,Rappocini
3708200,IMAM MALIK,JL. RSI FAISAL XIV,7371031007,Aktif,10,7371031,Rappocini
3708857,TELAGA TOTOLI STRUKTURINDO,JL RAPPOCINI RAYA LR.02,7371031009,Aktif,10,7371031,Rappocini
3708960,ASIA NUSANTARA TEKNIK,JL PELITA RAYA,7371031010,Aktif,10,7371031,Rappocini
3710155,PERMATA,"JL.BTN MINASA UPA BLK J.2 NO.17, GUNUNG SARI",7371031001,Aktif,10,7371031,Rappocini
3710386,NORMAN JAYA,"JL.RAPPOCINI RAYA LR.7 NO.49, RAPPOCINI",7371031009,Aktif,10,7371031,Rappocini
3711283,YASA MANDIRI,JL SULTAN ALAUDDIN KOMP PERMATASARI III,7371031001,Aktif,10,7371031,Rappocini
3711292,RESKYAWAL SEJAHTERA,JL PELITA RAYA,7371031010,Aktif,10,7371031,Rappocini
3712293,GRAHA MANDIRI WARDHANA,JL KOMP. MANGASA PERMAI,7371031001,Aktif,10,7371031,Rappocini
3712799,BANUA SAMUDERA SULAWESI,JL EMMY SAELAN KOMP KODAM GUNUNG SARI,7371031001,Aktif,10,7371031,Rappocini
3713249,USAHA PERDANA GALESONG,"JL.BANTABANTAENG NO.15, BANTA-BANTAENG",7371031007,Aktif,10,7371031,Rappocini
3713256,JO PT MITRA BAHAGIA UTAMA_PT ANUGERAH TEHNIK MANDIRI,JL KOMP NEW ZAMRUD,7371031008,Aktif,10,7371031,Rappocini
3713791,LAMBARAQNA ALAM SEJAHTERA,"ANGING MAMMIRI RESIDENCE,  BLOK D4 NOMOR 5, JL. LETJEN HERTASNING",7371031004,Aktif,10,7371031,Rappocini
3714508,MPC VETINDO PRATAMA,JALAN MONUMEN EMMY SAELAN NO 103 A,7371031006,Aktif,10,7371031,Rappocini
3714641,BUMI KANABARA,JL KARAENG BONTOTANGNGA,7371031002,Aktif,10,7371031,Rappocini
3716194,AKTOR TIMUR INDONESIA,JL HERTASNING BARU / AROEPALA,7371031002,Aktif,10,7371031,Rappocini
3716216,ANUGRAH KARYA,LANDAK BARU NO. 114 B,7371031007,Aktif,10,7371031,Rappocini
3716581,MEDIA MAYA MAKASSAR,KOMP BTN MINASA UPA BLOK,7371031001,Aktif,10,7371031,Rappocini
3718197,SERBA USAHA PASCASARJANA UNM,"JL.BONTO LANGKASA (KAMPUS UNM), BANTA-BANTAENG",7371031007,Aktif,10,7371031,Rappocini
3719152,ARYAH BIMASAKTI SEMESTA,JALAN TIDUNG 10 BLOK 10 NOMOR 7 A,7371031003,Aktif,10,7371031,Rappocini
3719934,HALMIN MAKMUR,PERUM TAMAN YASMIN INDAH,7371031003,Aktif,10,7371031,Rappocini
3719985,MARIO MASAGENA,JL PELITA RAYA,7371031008,Aktif,10,7371031,Rappocini
3721225,PERMATA UTAMA,JL AEROPALA KOMP PERMATA HIJAU PERMAI,7371031004,Aktif,10,7371031,Rappocini
3721247,SIMPAN PINJAM AL-IKHLAS,"JL.TAMALATE I NO.2 C, KASSI-KASSI",7371031004,Aktif,10,7371031,Rappocini
3721316,CAHAYA HARMONI,"JL.RAPPOCINI RAYA NO.181F, RAPPOCINI",7371031009,Aktif,10,7371031,Rappocini
3722137,SURYA INDAH,JL FAISAL XVII,7371031007,Aktif,10,7371031,Rappocini
3722938,YAYASAN PENDIDIKAN DAN KESEJAHTERAAN ISLAM NUR FADHILLAH,"KOMPLEK IKIP BLOK D1/10 RT 004 RW 004, TIDUNG",7371031006,Aktif,10,7371031,Rappocini
3723153,AMIRAH AFIFAH,JL BTN MINASA UPA,7371031001,Aktif,10,7371031,Rappocini
3723512,NASKA PERKASA,JL TALA SALAPANG KOMPLEK GRAHA ASRI,7371031001,Aktif,10,7371031,Rappocini
3724848,PT. SAMUDERA MANDAR SENTOSA,JALAN . TAMALATE I,7371031005,Aktif,10,7371031,Rappocini
3725168,DELAPAN-DELAPAN JAYA,"JL TIDUNG 7 STP 10 BLOK 12/121 RT.001 RW.007, MAPPALA",7371031003,Aktif,10,7371031,Rappocini
3725857,EXODIA SUKSES INDONESIA,"JL JIPANG RAYA, PERUM. VILLA MEGA SARI",7371031001,Aktif,10,7371031,Rappocini
3726347,ANDALAN UTAMA,"KOMP.MINASA UPA BLOK G.21 NO.7 RT.006 RW.006, GUNUNG SARI",7371031001,Aktif,10,7371031,Rappocini
3726612,BERIGITA SARI PERSADA,JL TODDOPPULI RAYA V,7371031004,Aktif,10,7371031,Rappocini
3727124,FELI ARTA MINERAL,BTN MINASA UPA BLOK G. 18 4.D,7371031001,Aktif,10,7371031,Rappocini
3727228,VISUAL INDONESIA TIMUR,JL RAYA PENDIDIKAN,7371031006,Aktif,10,7371031,Rappocini
3727489,MITRA BERINGIN,JL MONUMEN EMMY SAELAN BTN AGRARIA,7371031002,Aktif,10,7371031,Rappocini
3727787,SULAWESI AIS MANDIRI,JL PELITA RAYA,7371031010,Aktif,10,7371031,Rappocini
3728109,SINAR JAYA ABADI ACC.,JL MAPPALA,7371031006,Aktif,10,7371031,Rappocini
3729481,ARIEF PRATAMA,JL TALASALAPANG,7371031002,Aktif,10,7371031,Rappocini
3729507,INDRA JAYA,JL PERUM BUMI BOSOWA PERMAI BLOK A2,7371031001,Aktif,10,7371031,Rappocini
3729706,INTI BUMI PERKASA,"JL.RAPPOCINI RAYA LR.2 NO.1 RT.01 RW.03, RAPPOCINI",7371031009,Aktif,10,7371031,Rappocini
3730380,ANUGRAH MASTESIA MAKMUR,JL RAPPOCINI RAYA,7371031008,Aktif,10,7371031,Rappocini
3731071,MAKMUR JAYA KONSTRUKSI,JL RAYA PENDIDIKAN BLOK,7371031006,Aktif,10,7371031,Rappocini
3732057,BHAMBOE MEDIA PRODUCTION,BTN MINASA UPA BLOK,7371031001,Aktif,10,7371031,Rappocini
3732089,TRAYA PERDANA,JALAN MINASA UPA,7371031002,Aktif,10,7371031,Rappocini
3732412,SERBA USAHA KARSA AIS MANDIRI,JL TIMAH 1,7371031010,Aktif,10,7371031,Rappocini
3734374,BADAN AMIL ZAKAT KOTA MAKASSAR,"JL TEDUH BERSINAR NO 5 RT 001 RW 001, GUNUNG SARI",7371031001,Aktif,10,7371031,Rappocini
3734604,TIGA INTI SEMESTA,JL FAISAL 10,7371031007,Aktif,10,7371031,Rappocini
3734727,AFAS MULTI KARYA,KOMPLEK PEMDA BLOK E20/44 RT 000 RW 000 TIDUNG,7371031006,Aktif,10,7371031,Rappocini
3735046,MITRA AIYANGGA NUSANTARA,JL BONTOTANGGA II,7371031002,Aktif,10,7371031,Rappocini
3735783,MANYOI MANDIRI,"JL.BUMI 17 BLOK.D NO.9 BPH RT.004 RW.020, GUNUNG SARI",7371031001,Aktif,10,7371031,Rappocini
3735826,RAJASA TOMAX GLOBALINDO,JL KOMPLEKS MANGASA PERMAI,7371031001,Aktif,10,7371031,Rappocini
3736185,BATARA INDAH,"JL MONGINSIDI BARU NO 27 RT 003 RW 005, RAPPOCINI",7371031009,Aktif,10,7371031,Rappocini
3736255,INSITEC PRATAMA,"PERUMAHAN TAMAN YASMIN  BLOK A2/6, MAPPALA",7371031003,Aktif,10,7371031,Rappocini
3736526,MALUNRA JAYA ABADI,JALAN PELITA RAYA BLOK A3 NOMOR 19,7371031010,Aktif,10,7371031,Rappocini
3736709,RESTU BUMI MADANI,TIDUNG 7,7371031003,Aktif,10,7371031,Rappocini
3737191,SUKMA BANGSA,"KOMP.MINASA UPA BLOK L.6 NO.II C, GUNUNG SARI",7371031001,Aktif,10,7371031,Rappocini
3737264,KELOMPOK KERJA GURU (KKG) MADRASAH IBTIDAIYAH MAKASSAR II KOTA MAKASSAR,JALAN ANDI DJEMMA LR.7,7371031007,Aktif,10,7371031,Rappocini
3737553,RIZKA KONSTRUKSI ABADI,"BTN MINASA UPA BLOK K9/15 RT.002 RW.010, GUNUNG SARI",7371031001,Aktif,10,7371031,Rappocini
3737993,MAITRI HARMONIS JAYA,JL HERTASNING KOMP PALM MAS,7371031008,Aktif,10,7371031,Rappocini
3738259,LIMA TUJUH CIPTA KREASI,JL HERTASNING GRIYA PANAKKUKANG INDAH,7371031005,Aktif,10,7371031,Rappocini
3738684,SURYA ENDAR GROUP,JL  RAYA PENDIDIKAN,7371031006,Aktif,10,7371031,Rappocini
3739251,INTAN SINERGI KARYA,JL AP PETTARANI RUKO PETTARANI CENTER,7371031008,Aktif,10,7371031,Rappocini
3739880,ARTAMEDIA GLOBAL INVESTAMA,JL TAMALATE IV,7371031004,Aktif,10,7371031,Rappocini
3740851,TK AL-DHIRA,JL.KELAPA TIGA GANG 3,7371031010,Aktif,10,7371031,Rappocini
3741486,PANGNGOMI SIBATANG,JL BUAKANA,7371031008,Aktif,10,7371031,Rappocini
3741551,HALLO ABADI JAYA,JL RAPPOCINI RAYA,7371031008,Aktif,10,7371031,Rappocini
3742126,TANA RAJA MINERAL,JALAN ANDI PANGERAN PETTARANI NO 56,7371031007,Aktif,10,7371031,Rappocini
3742249,TIARA ABADI SEJAHTERA,KOMPLEK GRIYA FAJAR MAS REGENCY1,7371031001,Aktif,10,7371031,Rappocini
3742610,MADINA,JL RAPPOCINI RAYA,7371031009,Aktif,10,7371031,Rappocini
3742847,RESKY TRI PUTRA,"JL KELAPA TIGA NO 28 RT 002 RW 007, BALLA PARANG",7371031010,Aktif,10,7371031,Rappocini
3743088,TIGA SATU SATU,JL SULTAN ALAUDDIN,7371031001,Aktif,10,7371031,Rappocini
3743294,SAHABAT KARYA,JL KOMP ANGING MAMIRI RESIDENCE,7371031002,Aktif,10,7371031,Rappocini
3743472,KAPTEN SAMUDERA LUAS,JL. TODDOPULI I BLOK 25 NO. 16.A,7371031004,Aktif,10,7371031,Rappocini
3743972,BINA KALE,"JL.RS FAISAL VIII NO.9, BANTA-BANTAENG",7371031007,Aktif,10,7371031,Rappocini
3744188,MIRAMIS JAYA SENTOSA,"JL.TIDUNG IX STP IV NO.100, MAPPALA",7371031003,Aktif,10,7371031,Rappocini
3744311,MITRATAMA ADHI PERKASA,JL AROEPALA HERTASNING BARU KOMP PERMATA HIJAU LESTARI BLOK,7371031004,Aktif,10,7371031,Rappocini
3745488,SAMASUNDU ABIDRAYA,JL TIDUNG IX STP 21,7371031003,Aktif,10,7371031,Rappocini
3745618,BUANA PERDANA MANDIRI,JL BTN MINASA UPA,7371031,Aktif,7,7371031,Rappocini
3745701,LONTARA PERMATA INDONESIA,JL BTN MINASA UPA BLOK,7371031002,Aktif,10,7371031,Rappocini
3746022,ROCHELA,"JL. TIDUNG VIII STP. 7 NO. 54, RT. 006 RW. 008, MAPPALA",7371031003,Aktif,10,7371031,Rappocini
3746422,BANGUNINDO WARNA CIPTA,KOMP IKIP,7371031006,Aktif,10,7371031,Rappocini
3747063,TUWAGA LINTAS NUSANTARA,JL. RAPPOCINI RAYA,7371031009,Aktif,10,7371031,Rappocini
3747968,KARYA MANDIRI UTAMA,"JL.RAYA PENDIDIKAN BLOK B NO.6, TIDUNG",7371031006,Aktif,10,7371031,Rappocini
3748428,HUTAMA CIPTA MANDIRI,BTN MINASA UPA,7371031001,Aktif,10,7371031,Rappocini
3749238,HAN TELEKOMUNIKASI INDONESIA,JL. MONGINSIDI BARU,7371031009,Aktif,10,7371031,Rappocini
3750667,KPN LESTARI,"JL.AP PETTARANI NO.(KANWIL DEP.KOPERASI), TIDUNG",7371031006,Aktif,10,7371031,Rappocini
3751864,PT. SINAR SETIA BUDI,"JLN. MOGINSIDI BARU, RUKO PURI MUTIARA",7371031009,Aktif,10,7371031,Rappocini
3751923,TODDOPULI LONTARA CELEBES,AROEPALA,7371031,Aktif,7,7371031,Rappocini
3753132,TIGA MEGA PERKASA,JL RSI FAISAL XV,7371031007,Aktif,10,7371031,Rappocini
3753473,SIRAPANJI JAYA PRATAMA,JL SUNGAI SADDANG BARU,7371031010,Aktif,10,7371031,Rappocini
3753476,MUSQITTA GRAHA,JL BATU PUTIH BUNDAR,7371031004,Aktif,10,7371031,Rappocini
3753553,SURYA MARDIPATI,JL BTN MINASA UPA,7371031,Aktif,7,7371031,Rappocini
3753568,TIGABELAS BERSAUDARA,"JL MAHONI NO 107 RT.009 RW.005, KASSI-KASSI",7371031004,Aktif,10,7371031,Rappocini
3753844,YUAN MULTI ARTHA,JL KR.BONTOTANGNGA,7371031002,Aktif,10,7371031,Rappocini
3753901,NIRON MANDIRI,JL KOMP. PERMATA SARI PS. VI,7371031001,Aktif,10,7371031,Rappocini
3754334,CIPTA NUSANTARA,JL PELITA RAYA,7371031001,Aktif,10,7371031,Rappocini
3754445,LEWAJA,JL JIPANG RAYA,7371031001,Aktif,10,7371031,Rappocini
3754810,GILANG SARANA UTAMA,JL AP PETTARANI RUKO PETTARANI,7371031008,Aktif,10,7371031,Rappocini
3755179,OMAMOY JAYA,"JL BANTA-BANTAENG 8 NO 59 RT.007 RW.004, BANTA-BANTAENG",7371031007,Aktif,10,7371031,Rappocini
3755243,KOPERASI CREDIT UNION MEKAR KASIH,JL PELITA RAYA,7371031010,Aktif,10,7371031,Rappocini
3755954,RYANTI PERKASA,"JL WIJAYA KUSUMA I BLOK K5/68 RT.015 RW.001, BANTA-BANTAENG",7371031007,Aktif,10,7371031,Rappocini
3756251,WANITA NUSA INDAH SULAWESI-SELATAN,"JL.A.PANGERANG PETTARANI NO., BANTA-BANTAENG",7371031007,Aktif,10,7371031,Rappocini
3756988,BUNDA Q-TA,JL TAMALATE V/7 PERUMNAS PANAKUKANG,7371031004,Aktif,10,7371031,Rappocini
3757233,SAS CONSTRUCTION,JL PELITA RAYA,7371031010,Aktif,10,7371031,Rappocini
3757518,FLOCK INDONESIA,JL CILALLANG JAYA,7371031008,Aktif,10,7371031,Rappocini
3758322,AHZA FAEYZA PERDANA,JL KARUNRUNG RAYA,7371031002,Aktif,10,7371031,Rappocini
3758953,RESWOR,JL TAMALATE 3 STP 32,7371031003,Aktif,10,7371031,Rappocini
3758991,CAHAYA PRATAMA PERKASA,JL. MON. EMMY SAELAN,7371031006,Aktif,10,7371031,Rappocini
3759055,TRANS SURYA LOGISTIK,JALAN TAMALATE 1 NOMOR 101,7371031003,Aktif,10,7371031,Rappocini
3759123,FEDERASI PANJAT TEBING INDONESIA (FPTI) MAKASSAR,JL TIDUNG 2 SAMPING (LAPANGAN HERTASNING),7371031005,Aktif,10,7371031,Rappocini
3759373,DUA SAHABAT BERKARYA,JL. MONGINSIDI BARU AB5,7371031010,Aktif,10,7371031,Rappocini
3759919,PENDIDIKAN TUKALANTING,"JL.TIDUNG IX STP.XIV, MAPPALA",7371031003,Aktif,10,7371031,Rappocini
3760355,SARANA BAJA RAYA,PERMATA HIJAU LESTARI,7371031004,Aktif,10,7371031,Rappocini
3761144,ATIQA RAMADHAN SEJAHTERA,JL BTN MINASA UPA,7371031,Aktif,7,7371031,Rappocini
3761345,LAUTAN EMAS JAYA TRANS,"KOMPLEK PERMATA HIJAU PERMAI BLOK H/4A HERTASNING RT.003 RW.011, KASSI-KASSI",7371031004,Aktif,10,7371031,Rappocini
3761634,CITRA NAMAZ ABADI,KOMPLEKS SKARDA N NOMOR 1,7371031001,Aktif,10,7371031,Rappocini
3761790,KOMIFAR PANAM SINERGI,"JALAN AROEPALA, PERMATA HIJAU PERMAI BLOK M NOMOR 9",7371031004,Aktif,10,7371031,Rappocini
3761964,ALAM MUTIARA,JL SKARDA N KOMPLEK MANGASA,7371031001,Aktif,10,7371031,Rappocini
3762147,PANDAN SEBELAS,"JL.PANDAN SEBELAS B2 NO.11, KASSI-KASSI",7371031004,Aktif,10,7371031,Rappocini
3762156,BATU PUTIH UTAMA,JL TALASALAPANG,7371031001,Aktif,10,7371031,Rappocini
3762573,WIN COMPUTER,"BTN MINASA UPA BLOK BLOK K 12 NO 19 RT 003 RW 010, GUNUNG SARI",7371031001,Aktif,10,7371031,Rappocini
3762732,HAFIZ KALAM,KOMPLEK ANGING MAMMIRI BLOK C3/3 RT 01A RW 010 KARUNRUNG,7371031002,Aktif,10,7371031,Rappocini
3764039,PAUD KB AL-FATIHAH,JL. BUAKANA,7371031008,Aktif,10,7371031,Rappocini
3765274,ALAM INDORAYA MANDIRI,"PERUM.JIPANG PERMAI DP.6 NO.22 MAKASSAR RT.002 RW.008, KARUNRUNG",7371031002,Aktif,10,7371031,Rappocini
3765599,KHILAFA,"JL.GURU SEKOLAH PERAWAT NO.28, KARUNRUNG",7371031002,Aktif,10,7371031,Rappocini
3765694,GLOBAL ASERA,JL M. EMMY SAELAN KOMP.P&K,7371031001,Aktif,10,7371031,Rappocini
3765903,CARTINI NUSANTARA,Btn minasaupa blok J no. 6,7371031011,Aktif,10,7371031,Rappocini
3766074,ADITYA PUTRA PRATAMA KENCANA,JL BERINGIN V,7371031004,Aktif,10,7371031,Rappocini
3766242,BANTUAN HUKUM MITRA INDONESIA MANDIRI,JL AROEPALA,7371031004,Aktif,10,7371031,Rappocini
3766290,MITRA KONSTRUKSI SEJATI,JL RAYA PENDIDIKAN KOMP PERMAI BALLA PANAKUKKANG,7371031006,Aktif,10,7371031,Rappocini
3766891,HARIMAU SULAWESI BODYGUARD,JL RAPPOCINI RAYA,7371031009,Aktif,10,7371031,Rappocini
3768265,BAKTI CIPTA PAVING,RSI FAISAL XVIII,7371031007,Aktif,10,7371031,Rappocini
3768311,DASA ANUGRAH PERKASA,"JL.SYECH YUSUF NO.6A RT.002 RW.001, GUNUNG SARI",7371031001,Aktif,10,7371031,Rappocini
3769150,PEGAWAI DOLOG SULSEL SEJAHTERA,KOMPLEK BULOG JL. BONTO DG.NGIRATE,7371031005,Aktif,10,7371031,Rappocini
3769259,MULTI TEHNIK SEJATI,"JL TAMALATE I NO 3 RT.006 RW.001, KASSI-KASSI",7371031004,Aktif,10,7371031,Rappocini
3770362,MUCHTAR TRADING,JL GRIYA KISEL DAMAI,7371031001,Aktif,10,7371031,Rappocini
3770433,MAKMUR MULIA SARANA,JL PELITA RAYA,7371031010,Aktif,10,7371031,Rappocini
3770637,AR RASYID CONTRACTORS,JL. PELITA RAYA,7371031010,Aktif,10,7371031,Rappocini
3771011,DWIDYA SISTHA WICAKSANA,KOMPLEK BTN TIMURAMA,7371031010,Aktif,10,7371031,Rappocini
3771302,TEKNO PRIMAJAYA,JL TAMALATE 7 STP 41,7371031003,Aktif,10,7371031,Rappocini
3771461,TIGA CITA UTAMA,"JL.LANDAK BARU LR.1 NO.8, BANTA-BANTAENG",7371031007,Aktif,10,7371031,Rappocini
3771941,TIGA MUDA,"JL CILALLANG JAYA NO 29 RT.001 RW.002, BUAKANA",7371031008,Aktif,10,7371031,Rappocini
3772197,HANBROS TAMBANG INDONESIA,JL LANDAK BARU,7371031007,Aktif,10,7371031,Rappocini
3776118,SINAR GALESONG,JL A P PETTARANI,7371031008,Aktif,10,7371031,Rappocini
3776213,PIMENTA GEMILANG,JL PELITA RAYA TENGAH,7371031010,Aktif,10,7371031,Rappocini
3776231,HAS MANIKYA INTERNASIONAL,JL GRAHA SATELIT RUKO GRAND ROYAL (LT 2),7371031001,Aktif,10,7371031,Rappocini
3776318,SIPATUO SIPATOKKONG SIAMMASEI,"KOMPLEKS PERTAMINA BLOK G/8 JL BUAKANA RT.006 RW.006, BUAKANA",7371031008,Aktif,10,7371031,Rappocini
3776489,PRANAJA MAHARANI,JL TIDUNG X,7371031003,Aktif,10,7371031,Rappocini
3776682,TK ISLAM ALI IMRAN,JL WIJAYA KUSUMA,7371031007,Aktif,10,7371031,Rappocini
3778073,NEKASARI PRIMA UTAMA,JL PELITA RAYA TENGAH,7371031010,Aktif,10,7371031,Rappocini
3778113,SARANA LINTAS CAKRAWALA,JL TAMALATE III STP 53,7371031004,Aktif,10,7371031,Rappocini
3778210,MAUGI ONE SUPPORTING,JL TAMALATE IV STP 18,7371031004,Aktif,10,7371031,Rappocini
3778350,FAA,"JL HERTASNING VII NO 22C RT.006 RW.003, TIDUNG",7371031006,Aktif,10,7371031,Rappocini
3778357,ASOSIASI INVESTOR INDONESIA,JL SULTAN ALAUDDIN KOMP BPH PLAZA RUKO II,7371031001,Aktif,10,7371031,Rappocini
3778815,VIDIA SINEMA PRODUCTION,"BTN.II MANGASA PERMAI BLOK.RUKO R10, GUNUNG SARI",7371031001,Aktif,10,7371031,Rappocini
3778966,PP-BK KSO,JL LETJEND HERTASNING,7371031004,Aktif,10,7371031,Rappocini
3779829,EKA CIPTA,"JL.R.S.I.FAISAL V NO.13 RT.007 RW.002, BANTA-BANTAENG",7371031007,Aktif,10,7371031,Rappocini
3779956,HASA CIPTA GEMILANG,JL YUSUF DAENG NGAWING,7371031006,Aktif,10,7371031,Rappocini
3782826,MITRA SAHABAT,"JL.LANDAK BARU LR.1 NO.33, BANTA-BANTAENG",7371031007,Aktif,10,7371031,Rappocini
3783250,HOKKY UTAMA TELESINDO,JL RAPPOCINI RAYA,7371031008,Aktif,10,7371031,Rappocini
3783536,FIRAMA KARSA,"JL. PALM KOMP. PERMATA HIJAU BLOK B NO. 21 RT.001 RW.011, KASSI-KASSI",7371031004,Aktif,10,7371031,Rappocini
3783556,JAYA INDAH PERKASA,BTN MINASA SARI,7371031,Aktif,7,7371031,Rappocini
3783639,WISWAJI,JL PELITA IV,7371031008,Aktif,10,7371031,Rappocini
3783650,SATRIA HARUM SEJATI,JL.MONGINSIDI BARU,7371031009,Aktif,10,7371031,Rappocini
3783891,BENHARD BAGUS BERSAMA,JL AROEPALA,7371031004,Aktif,10,7371031,Rappocini
3784313,PERMATA DARA SEJAHTERA,"PERUMAHAN BOSOWA INDAH BLOK K NO 13 RT 006 RW 008, GUNUNG SARI",7371031001,Aktif,10,7371031,Rappocini
3784791,PHINISI TRANSPORTASI INDONESIA,JL TAMALATE I,7371031006,Aktif,10,7371031,Rappocini
3785170,BRAGAS CIPTA CONSTRUKSI,JL PERINTIS KEMERDEKAAN,7371031009,Aktif,10,7371031,Rappocini
3785383,BALANTANG MULTI MANDIRI,"JL HERTASNING RAYA BLOK E10/35 RT 000 RW 000, TIDUNG",7371031006,Aktif,10,7371031,Rappocini
3785523,FORUM MASYARAKAT DAN PEMUDA MASSENREMPULU (FORMASPUL),TIDUNG VII STP. 1,7371031003,Aktif,10,7371031,Rappocini
3785967,MEGA RISKI PRATAMA,JL MAPPALA,7371031006,Aktif,10,7371031,Rappocini
3786260,SATU EMPAT LIMA,JL KARAENG BONTOTANGNGA II,7371031002,Aktif,10,7371031,Rappocini
3786519,NITA BUANA,JL AROEPALA KOMP PHP,7371031004,Aktif,10,7371031,Rappocini
3786699,JAYA SEJAHTERA PERKASA,"JL PELITA RAYA VI BLOK A/34 RT.00C RW.006, BUAKANA",7371031008,Aktif,10,7371031,Rappocini
3787012,MEGAH PUTERI,JL MONGISIDI BARU,7371031009,Aktif,10,7371031,Rappocini
3787184,TRIJAYA PRATAMA FUTURES,JL. ANDI PANGERAN PETTARANI,7371031007,Aktif,10,7371031,Rappocini
3789612,BIOCHEMICAL TECHNINDO,AP PETTARANI KOMP BTN PEMDA,7371031003,Aktif,10,7371031,Rappocini
3790630,INSAN TANI CELEBES,ANGING MAMMIRI RESIDENCE,7371031002,Aktif,10,7371031,Rappocini
3790764,MATUARI ENGINEERING,JL PELITA RAYA TENGAH,7371031010,Aktif,10,7371031,Rappocini
3791039,REQANANTA,JL BTN MINASA UPA,7371031001,Aktif,10,7371031,Rappocini
3791268,AKADEMI FARMASI YAMASI MAKASSAR,JL MAPPALA,7371031006,Aktif,10,7371031,Rappocini
3791347,SURYADHARMA,"JL.LETJEN.HERTASNING (KOMP.BERINGIN RAYA NO.11) RT.001 RW.010, KASSI-KASSI",7371031004,Aktif,10,7371031,Rappocini
3791415,ASA INTI KREATOR,CILALLANG JAYA VII,7371031008,Aktif,10,7371031,Rappocini
3791832,TERMINAL UTAMA MAKASSAR,JL RAPPOCINI RAYA,7371031009,Aktif,10,7371031,Rappocini
3792062,CV. DUASATU NAM,TALASALAPANG 2 KOMP PK,7371031001,Aktif,10,7371031,Rappocini
3792313,ULFIAYU PUTRI,"JL.LANDAK BARU NO.93 RT.06 RW.06, BANTA-BANTAENG",7371031007,Aktif,10,7371031,Rappocini
3792801,KESATUAN MAHASISWA NUSANTARA,JL. TIDUNG 9 STAPAK 14,7371031003,Aktif,10,7371031,Rappocini
3794739,ANUGRAH INDO MEDI,JALAN RSI FAISAL XIV LR 7 NOMOR 2,7371031007,Aktif,10,7371031,Rappocini
3795178,SUMBER ENERGI TALLASA,JL. ANDI DJEMMA NO. 136,7371031007,Aktif,10,7371031,Rappocini
3795190,MULIA KARSA,"JL.RS ISLAM FAISAL VII NO.16, BANTA-BANTAENG",7371031007,Aktif,10,7371031,Rappocini
3796306,DUTA KONSTRUKSI,JL TALASALAPANG BPH PLAZA BLOK E2,7371031001,Aktif,10,7371031,Rappocini
3796442,ROKETS PRIMA TEKNIK,"JL. RAPPOCINI RAYA LR. 11 D/15 RT.001 RW.005, BUAKANA",7371031008,Aktif,10,7371031,Rappocini
3796896,ANANDA IDY BERSAUDARA,JL LANDAK BARU,7371031007,Aktif,10,7371031,Rappocini
3796958,LEMBAGA SERTIFIKASI PROFESI PENYELENGGARA PRODUK HALAL INDONESIA,JL TALA SALAPANG RAYA NO.1A,7371031001,Aktif,10,7371031,Rappocini
3797374,NUR ASHABUL MANDIRI PERKASA,"BTN MINASA UPA M.18/26 RT.005 RW.009, GUNUNG SARI",7371031001,Aktif,10,7371031,Rappocini
3797800,KELOMPOK KERJA GURU MADRASAH IBTIDAIYAH,JALAN ANDI DJEMMA LR.7,7371031007,Aktif,10,7371031,Rappocini
3797824,FERTILIZIER JAYA CELEBES,HERTASNING,7371031006,Aktif,10,7371031,Rappocini
3799042,MOBILINDO 117,"BTN MINASA UPA BLOK C1/3 RT 002 RW 001, KARUNRUNG",7371031002,Aktif,10,7371031,Rappocini
3799389,KONSUMEN KARYAWAN YAYASAN MA'BULO SIBATANG,JL. MAPPALA 2 BLOK D5 NOMOR 10,7371031006,Aktif,10,7371031,Rappocini
3799394,HAN MITRA SULAWESI,JL TAMALATE VIII,7371031004,Aktif,10,7371031,Rappocini
3800427,"ADHI - KARYA REZKI - NUR ALI MANDIRI, KSO",JL LETJEN HERTASNING BLOK,7371031004,Aktif,10,7371031,Rappocini
3800533,PELAYARAN FEZ INDONESIA,JL TIMAH I,7371031010,Aktif,10,7371031,Rappocini
3801088,SEPULUH,"JL LANDAK BARU NO 60 RT.004 RW.003, BANTA-BANTAENG",7371031007,Aktif,10,7371031,Rappocini
3801535,BUANA CATERING,JL AROEPALA PERUM ANGING MAMIRI RESIDENCE,7371031002,Aktif,10,7371031,Rappocini
3801785,SURYA PRIMA CIPTA,JL RAYA PENDIDIKAN,7371031006,Aktif,10,7371031,Rappocini
3801810,ARUNG TALLE MANDIRI,"JL HERTASNING NO 27A RT.008 RW.001, TIDUNG",7371031006,Aktif,10,7371031,Rappocini
3801829,IKATAN PEGAWAI BALAI KESEHATAN MATA MASYARAKAT (BKMM) MAKASSAR,JL WIJAYA KUSUMA RAYA,7371031007,Aktif,10,7371031,Rappocini
3802180,AUREL PRATAMA,"RUKO GRAND TAMALATE NO 2 JL TAMALATE RT.001 RW.003, BONTO MAKKIO",7371031005,Aktif,10,7371031,Rappocini
3802757,AIY ARTHA PERDANA,"JL MONUMEN EMMY SAELAN BTN AGRARIA BLOK U/3 RT.007 RW.002, KARUNRUNG",7371031002,Aktif,10,7371031,Rappocini
3802938,VALSHA PUTRA MANDIRI,JL RAPPOCINI RAYA,7371031008,Aktif,10,7371031,Rappocini
3803269,EMILINDO PERSADA ARSITEKTUR,"JL AP PETTARANI, KOMP. RUKO NEW ZAMRUD",7371031008,Aktif,10,7371031,Rappocini
3803406,DIVA KARYA MANDIRI,"JL LETJEN HERTASNING BLOK E15/2 RT.003 RW.007, TIDUNG",7371031006,Aktif,10,7371031,Rappocini
3803557,AXA PRIMA,"JL.BTN MINASA UPA BLOK C.4 NO.3, KARUNRUNG",7371031002,Aktif,10,7371031,Rappocini
3803570,TASNIM SELARAS,JL KOMPLEKS MANGASA PERMAI II,7371031001,Aktif,10,7371031,Rappocini
3803973,DUTA SEJAHTERA,JL AP PETTARANI,7371031001,Aktif,10,7371031,Rappocini
3804450,CAHAYA SURYA INDONESIA,JL TALASALAPANG RAYA RUKO EKSLUSIF BISNIS CENTER,7371031001,Aktif,10,7371031,Rappocini
3805999,ACASIA MEDICA,"SYEH YUSUF KOMP.KODAM KATANGKA BLOK F NO.5 RT.002 RW.002, GUNUNG SARI",7371031001,Aktif,10,7371031,Rappocini
3806117,KHALIFAH RAUDATHUL JANNAH,JL HERTASNING BARAT I,7371031005,Aktif,10,7371031,Rappocini
3806522,PUTRA PERTAMA,"JL.LANDAK BARU V NO.2, BANTA-BANTAENG",7371031007,Aktif,10,7371031,Rappocini
3806708,NASADE AFRAH PERDANA,JL RSI ISLAM FAISAL XII,7371031007,Aktif,10,7371031,Rappocini
3806881,NUR HIKMAH,"JL TIDUNG 7 BLOK 13/15 RT.001 RW.005, MAPPALA",7371031003,Aktif,10,7371031,Rappocini
3807489,ANUGRAH ABADI,JL JIPANG RAYA. PERUM. JIPANG PERMAI,7371031002,Aktif,10,7371031,Rappocini
3807706,SERBA USAHA MITRA AGRO INDUSTRI,"KOMP.BTN AGRARIA BLOK.Q NO.3, KARUNRUNG",7371031002,Aktif,10,7371031,Rappocini
3808199,GATRA BUANA,JL KOMP.MINASA UPA RUKO,7371031,Aktif,7,7371031,Rappocini
3808305,SINAR GALESONG PERSADA,"JL AP PETTARANI NO 55 RT 001 RW 003, BUAKANA",7371031008,Aktif,10,7371031,Rappocini
3809142,QUALITA KONSULTAN PSIKOLOGI,JL TALASALAPANG RAYA,7371031002,Aktif,10,7371031,Rappocini
3810338,LADJALANI,JL PETTARANI RUKO ZAMRUD,7371031008,Aktif,10,7371031,Rappocini
3810951,AENANI DELAPAN TUJUH,JL PENGAYOMAN TAMAN PERMATA SARI IV/2,7371031008,Aktif,10,7371031,Rappocini
3811040,RIHUL TIS'A ROMADHON (RTR) CORPORATE,"JL TAMALATE I BLOK 14/2, MAPPALA",7371031003,Aktif,10,7371031,Rappocini
3811103,AL-JAZIRAH,"JL.RAPPOCINI RAYA NO.276, BUAKANA",7371031008,Aktif,10,7371031,Rappocini
3811277,TRI BERKAH ABADI,JL. TAMALATE I,7371031005,Aktif,10,7371031,Rappocini
3811566,BINTANG REZEKI,JL R.SAKIT ISLAM FAISAL XII/60,7371031007,Aktif,10,7371031,Rappocini
3811571,ANUGRAH PELITA PERDANA,JL PELITA RAYA BLOK,7371031008,Aktif,10,7371031,Rappocini
3811757,KARANTA DUTA INDONESIA,JALAN TAMALATE I,7371031003,Aktif,10,7371031,Rappocini
3813347,LEMBAGA PENGEMBANGAN BISNIS MAKASSARPRENEUR,"JL MONGINSIDI BARU AB4/7 RT.002 RW.005, BALLA PARANG",7371031010,Aktif,10,7371031,Rappocini
3813367,ENTOLU BUANA MANDIRI,JL TIMAH I,7371031010,Aktif,10,7371031,Rappocini
3813582,GLORY MANDIRI LESTARI,JL RSI FAISAL XII,7371031007,Aktif,10,7371031,Rappocini
3813842,FASRAT UTAMA,JL MONUMEN EMMY SAELAN IIID,7371031006,Aktif,10,7371031,Rappocini
3813985,HASRY HASTINI,KOMP BTN AGRARIA,7371031002,Aktif,10,7371031,Rappocini
3814015,DIBAR UTAMA PROPERTI,JL SYECH YUSUF,7371031001,Aktif,10,7371031,Rappocini
3814042,RASHIWA MEDANINDO KONSTRUKSI,JL AROEPALA,7371031001,Aktif,10,7371031,Rappocini
3814649,ALYA GRAHA MANDIRI,"BTN MINASA UPA M.3 NO.1, GUNUNG SARI",7371031001,Aktif,10,7371031,Rappocini
3814671,LIPUTAN UTAMA,KOMP ANGGREK MINASA UPA BLOK,7371031001,Aktif,10,7371031,Rappocini
3814714,INDOTAMA JASA SERTIFIKASI,PURI TAMAN SARI,7371031004,Aktif,10,7371031,Rappocini
3816034,ARFAD,"KOMP.IKIP BLOK B.4 NO.18 RT.002 RW.004, TIDUNG",7371031006,Aktif,10,7371031,Rappocini
3816223,MITRA PERSADA,"JL.TAMALATE VII STP.47 NO.54, MAPPALA",7371031003,Aktif,10,7371031,Rappocini
3816743,SADAR JAYA ABADI,"JL.PERINTIS KEMERDEKAAN III, KOMPLEKS BTN HAMZY BLOK E.5/17",7371031009,Aktif,10,7371031,Rappocini
3817608,MEGA SARANA TELEKOMINDO,"JL.TIDUNG VI STP.9 NO.34, MAPPALA",7371031003,Aktif,10,7371031,Rappocini
3818360,USAHA BARU ABADI,JL AROEPALA HERTASNING BARU,7371031002,Aktif,10,7371031,Rappocini
3818465,WIRA ASHA PERSADA,JALAN BERINGIN 4 NOMOR 06,7371031004,Aktif,10,7371031,Rappocini
3819218,KENCANA LINTAS MANDIRI,JL TALASALAPANG BTN MINASA UPA,7371031001,Aktif,10,7371031,Rappocini
3819282,NANDA PUTRA,"JL. TEDUH BERSINAR BLOK Q.14 KOMP. IBB, GUNUNG SARI",7371031001,Aktif,10,7371031,Rappocini
3819532,GRAPHICOM GAMAJAYA,JL MONUMEN EMMY SAELAN 3,7371031002,Aktif,10,7371031,Rappocini
3819581,MEGA REJEKI,JL WIJAYA KUSUMA BLOK,7371031007,Aktif,10,7371031,Rappocini
3820262,CENDANA PUTRA,"KOMP PURI TAMAN SARRI BLK E2 NO.2, KASSI-KASSI",7371031004,Aktif,10,7371031,Rappocini
3820638,REYNER CONSTRUKSI MANDIRI,JL BTN MINASA UPA BLOK,7371031001,Aktif,10,7371031,Rappocini
3820803,HAMMAM PERDANA,"JL TALASALAPANG NO 22 RT.006 RW.003, GUNUNG SARI",7371031001,Aktif,10,7371031,Rappocini
3821216,ADHI WARNA,JALAN MONGINSIDI BARU PERUM PURI MUTIARA,7371031009,Aktif,10,7371031,Rappocini
3821936,TRIMITRA UTAMA,"RUKO MUSTIKA MEGA SARI BLOK A2/8 JL JIPANG RAYA, GUNUNG SARI",7371031001,Aktif,10,7371031,Rappocini
3822192,DANINDO,"JL.TIDUNG TIMUR X BLOK B NO.5 KOMP.STELLA MARIS RT.002 RW.006, KARUNRUNG",7371031002,Aktif,10,7371031,Rappocini
3822231,IRSAN PARIWAI LINO,KOMP IKIP,7371031006,Aktif,10,7371031,Rappocini
3824456,WIRA BHAKTI,JL. SULTAN ALAUDDIN KOMP. PERMATA SARI,7371031001,Aktif,10,7371031,Rappocini
3824600,ARYAN FAREED,JL BANGKIT 1,7371031004,Aktif,10,7371031,Rappocini
3825270,RENTOKIL INDONESIA,"JL.R.S.ISLAM FAISAL XII NO.40 RT.007 RW.002, BANTA-BANTAENG",7371031007,Aktif,10,7371031,Rappocini
3826164,HAYAMI JAYA,JL. MON. EMMY SAELAN,7371031006,Aktif,10,7371031,Rappocini
3826634,DIFANUR JAYA ABADI,JL MON EMMY SAELAN,7371031001,Aktif,10,7371031,Rappocini
3827368,POHON KELAPA,JL HERTASNING BARAT KOMP GRIYA PANAKKUKANG INDAH,7371031005,Aktif,10,7371031,Rappocini
3827428,MINANGA TAMA SULAWESI,JL TIMAH 5,7371031010,Aktif,10,7371031,Rappocini
3827571,MALLOLONGAN MANDIRI SEJAHTERA,JL KOMP DELTA MAS II,7371031009,Aktif,10,7371031,Rappocini
3827955,LATEBBE PUTRA GROUP,JL TIDUNG 9 PERUMNAS BLOK,7371031003,Aktif,10,7371031,Rappocini
3827970,ARRAHMAN,"JL MONUMEN EMMY SAELAN NO 23 RT.003 RW.016, GUNUNG SARI",7371031001,Aktif,10,7371031,Rappocini
3828288,NOVFRIAN PRATAMA,JL RSI FAISAL XVII,7371031007,Aktif,10,7371031,Rappocini
3828749,PASADENA PERSADA PRATAMA,JL TAMALATE I,7371031005,Aktif,10,7371031,Rappocini
3828858,AGRO UTAMA PERKASA,JL TIMAH I,7371031010,Aktif,10,7371031,Rappocini
3829131,PRANINA GLOBALINDO SEJAHTERA,JL NIKEL I,7371031010,Aktif,10,7371031,Rappocini
3829579,"ZAMRUD PRIMAKARYA, PT",JALAN AP PETARANI RUKO NEW ZAMRUD BLOK A NO 3,7371031008,Aktif,10,7371031,Rappocini
3829595,ABDIRAYA BANGUN PERKASA,JL PERUM KARUNRUNG ASRI,7371031002,Aktif,10,7371031,Rappocini
3829953,ASERA GADAI HASANAH,JALAN MONUMENT EMMY SAELAN 3 NOMOR 70,7371031002,Aktif,10,7371031,Rappocini
3830672,MAKASSAR STRUKTURINDO,JL RAPPOCINI RAYA LR. 2,7371031009,Aktif,10,7371031,Rappocini
3831308,KARYA SOLUTION,JL KELAPA TIGA 1,7371031010,Aktif,10,7371031,Rappocini
3831321,RAMA SARANA PERSADA,JL KOMPLEK PURI TAMAN SARI,7371031004,Aktif,10,7371031,Rappocini
3831361,SURYA NUSANTARA,"JL.BANTA-BANTAENG NO.44 RT.003 RW.004, BANTA-BANTAENG",7371031007,Aktif,10,7371031,Rappocini
3831408,LIMA PERKASA,JL SUNGAI SADDANG BARU A.11,7371031010,Aktif,10,7371031,Rappocini
3831518,MITRA NURINDA,JL RAPPOCINI RAYA LR. 2,7371031009,Aktif,10,7371031,Rappocini
3831564,SAUDAH,JL TALASALAPANG RAYA KOMP PURI BUKIT MAS,7371031001,Aktif,10,7371031,Rappocini
3831728,JOYO,"JL.BULDOZER NO.10 KOMP.PU, MAPPALA",7371031003,Aktif,10,7371031,Rappocini
3833172,TRI KARSA MANUNGGAL,JL PELITA RAYA,7371031010,Aktif,10,7371031,Rappocini
3833456,LEMBAGA PENELITIAN DAN PENGABDIAN MASYARAKAT,JL RAPPOCINI RAYA,7371031008,Aktif,10,7371031,Rappocini
3834469,ADELA JAYA PERKASA,JL RAPPOCINI RAYA,7371031008,Aktif,10,7371031,Rappocini
3834588,KRISNA JAYA,"JL.TIDUNG VI SP.I NO.79, MAPPALA",7371031003,Aktif,10,7371031,Rappocini
3835042,MARSELA,JL. RSI FAISAL X,7371031007,Aktif,10,7371031,Rappocini
3835108,KSM NIAK NA JAMA,JL BANTA-BANTAENG,7371031007,Aktif,10,7371031,Rappocini
3835321,MGMP-PAK SMP KOTA MAKASSAR,JL RAPPOCINI RAYA,7371031008,Aktif,10,7371031,Rappocini
3836217,RAFA UNGGUL SEJAHTERA LANGGENG,"JL AROEPALA AKSES PERUM TAMAN GOSYEN NO 07, GUNUNG SARI",7371031001,Aktif,10,7371031,Rappocini
3836391,GILLAND GHAZALI DAN GHINA GHANIYAH,JL MONUMEN EMMY SAELAN,7371031006,Aktif,10,7371031,Rappocini
3837642,MITRA CELEBES UTAMA,JL YUSUF DG NGAWING BLOK E33,7371031006,Aktif,10,7371031,Rappocini
3837922,BALNA DWIKARYA BANGUNINDO,KOMPLEKS ANGING MAMMIRI,7371031002,Aktif,10,7371031,Rappocini
3838099,NURZAIN RESKI MANDIRI,KOMP PERMATA HIJAU,7371031004,Aktif,10,7371031,Rappocini
3838447,EREMPAT WIRAGUNA ABADI,JL. YUSUF DG. NGAWING E27/12C,7371031006,Aktif,10,7371031,Rappocini
3838611,MEGA BUANA MANDIRI,PERUMAHAN BTN MINASA UPA,7371031001,Aktif,10,7371031,Rappocini
3839377,AZALEA PRIMA GEMILANG,JL MAPALA VI,7371031003,Aktif,10,7371031,Rappocini
3839604,ABDIRAYA MITRA PERDANA,JL TIDUNG 09,7371031006,Aktif,10,7371031,Rappocini
3839806,DELTA PERDANA KONSTRUKSI,JL BTN MINASA UPA,7371031,Aktif,7,7371031,Rappocini
3840112,TAKA BONERATE MANDIRI,"JL.TIDUNG 8 STP.7 NO.171, MAPPALA",7371031003,Aktif,10,7371031,Rappocini
3840586,NUSA INTER QUANTA,JL HERTASNING MAKASSAR TOWN HOUSE,7371031006,Aktif,10,7371031,Rappocini
3840715,JAYA ADVICE MAKASSAR,JL KARUNRUNG RAYA 5,7371031002,Aktif,10,7371031,Rappocini
3840879,ASIA TEKNIK UNGGUL UTAMA,JL. PELITA RAYA NO. 40,7371031010,Aktif,10,7371031,Rappocini
3841046,NITA MEGA BUANA,"KOMPLEK PERMATA HIJAU PERMAI BLOK D/25E AROEPPALA RT.006 RW.005, KASSI-KASSI",7371031004,Aktif,10,7371031,Rappocini
3841630,BANGUN KARYA BERSAMA,BTN MINASA UPA BLOK G7/6 RT 002 RW 006 GUNUNG SARI,7371031001,Aktif,10,7371031,Rappocini
3844534,TAMBA SWARA,"JL.BTN MINASA UPA C4 NO.1A RT.006 RW.003, KARUNRUNG",7371031002,Aktif,10,7371031,Rappocini
3844763,HARDI UTAMA,JL BTN MINASA UPA,7371031001,Aktif,10,7371031,Rappocini
3844982,AZKA PRIMA UTAMA,JL SULTAN ALAUDDIN PERUMAHAN GALOSI HOME,7371031001,Aktif,10,7371031,Rappocini
3845292,MEGAHTAMA PUTRA MANDIRI,"KOMPLEK NEW ZAMRUD BLOK E/10 RT.000 RW.000, BUAKANA",7371031008,Aktif,10,7371031,Rappocini
3845591,MEGA PUTRA,JL HERTASNING TIMUR KOMP PERMATA HIJAU LESTARI,7371031004,Aktif,10,7371031,Rappocini
3845798,KURNIAWAN CIPTA MEDIA,"JL.AROEPALA SAMPING SMP 40 TEMBUSAN KOMP. ANGGREK MINASA UPA,RT.004/RW.010,GUNUNG SARI",7371031003,Aktif,10,7371031,Rappocini
3846956,DUTA SENTOSA,JL FAJAR MAS REGENCY,7371031001,Aktif,10,7371031,Rappocini
3847559,RAHMAT RAHMA JAYA,JL BIRU KOMPLEKS BUMI PESONA PELANGI BIRU,7371031001,Aktif,10,7371031,Rappocini
3847674,ALIF UTAMA NUSANTARA,JL RAPPOCINI RAYA,7371031009,Aktif,10,7371031,Rappocini
3848257,PERKUMPULAN ALUMNI SMU NEGERI 16 MAKASSAR ANGKATAN 2000,JL CILALLANG VII,7371031008,Aktif,10,7371031,Rappocini
3848545,GEMAR MEMBANGUN,JL KOMPLEK MANGASA PERMAI  SKARDAN,7371031001,Aktif,10,7371031,Rappocini
3849412,MULIA RAHAYU MITRA,JL HERTASNING BARU,7371031004,Aktif,10,7371031,Rappocini
3850548,DELLSAN JAYA,JL TAMALATE I,7371031005,Aktif,10,7371031,Rappocini
3850915,MAKASSAR SURYA ABADI,BTN MINASA UPA,7371031001,Aktif,10,7371031,Rappocini
3851255,YAYASAN RAHMATUL ASRI,"JL TIMA V BLOK A29/6 RT.005 RW.003, BALLA PARANG",7371031010,Aktif,10,7371031,Rappocini
3851392,BERKAH MEDIKINDO,"JL HERTASNING BARU/ PERMATA HIJAU PERMAI BLOK I/17 RT 003 RW 011, KASSI-KASSI",7371031004,Aktif,10,7371031,Rappocini
3852304,RAFFA KARYA BERSINAR,TIDUNG X SETAPAK 8,7371031003,Aktif,10,7371031,Rappocini
3852831,JENDELA EDUKASI,"JIPANG RAYA IIA, NO 21, MAKASSAR",7371031002,Aktif,10,7371031,Rappocini
3853187,SAKTI JAYA,JL KELAPA TIGA 2,7371031010,Aktif,10,7371031,Rappocini
3853223,MITRA MANDIRI PERKASA,"BTN MINASA UPA BLK M 13 NO.6 RT.004 RW.009, GUNUNG SARI",7371031001,Aktif,10,7371031,Rappocini
3853296,CAKRAWALA ADY KOMUNIKA,JL SYECH YUSUF,7371031001,Aktif,10,7371031,Rappocini
3855642,ERGUSA RESOURCES,JL KOMPLEK PERMATA HIJAU LESTARI,7371031004,Aktif,10,7371031,Rappocini
3857018,PUTRI UTAMI,Jl. Tala Salapang 1,7371031001,Aktif,10,7371031,Rappocini
3857090,HIKMA GLOBAL MANDIRI,JL PELITA RAYA,7371031010,Aktif,10,7371031,Rappocini
3857448,MITRA KARYA NUSANTARA,"KOMP.IKIP BLOK D.3 NO.16 RT.004 RW.004, TIDUNG",7371031006,Aktif,10,7371031,Rappocini
3857666,HAJJA KALSUM MUHAMMADIYAH RAPPOCINI,"JL.RAPPOCINI RAYA LR.2 NO.18 RT.004 RW.002, RAPPOCINI",7371031009,Aktif,10,7371031,Rappocini
3858093,ANLUS,"JL PELITA II NO 2 RT.004 RW.007, BUAKANA",7371031008,Aktif,10,7371031,Rappocini
3858392,VIRTUAL UNIVERSITAS NEGERI MAKASSAR,JL TAMALATE I KAMPUS IV UNIVERSITAS NEGERI MAKASSAR,7371031001,Aktif,10,7371031,Rappocini
3859186,KANANGGA GRAFIKA,"JL MAHONI BLOK III/107 RT 000 RW 000, KASSI-KASSI",7371031004,Aktif,10,7371031,Rappocini
3859393,FARDIANSYAH PUTRA,KOMPLEK PERMATA HIJAU LESTARI BLOK Q7/4 RT 007 RW 014 KASSI-KASSI,7371031004,Aktif,10,7371031,Rappocini
3859504,GEMA TEKNIK KONSULTAN,JL BTN MANGASA PERMAI,7371031001,Aktif,10,7371031,Rappocini
3859623,ANUGERAH YABES ENERGI,JL COKONURI DALAM KOMPLEKS RUKAN,7371031006,Aktif,10,7371031,Rappocini
3860018,ASSA'ADAH MAN 1 MAKASSAR,JL TALASALAPANG (DALAM SEKOLAH MAN 1 MAKASSAR),7371031001,Aktif,10,7371031,Rappocini
3860076,INTI BERKAT SEJAHTERA,JL RAPPOCINI RAYA,7371031008,Aktif,10,7371031,Rappocini
3860876,NANI,"SULTAN ALAUDDIN BLOK PS.VI/10, GUNUNG SARI",7371031001,Aktif,10,7371031,Rappocini
3860921,MENARA BATU,"BTN MINASA UPA BLOK J.4/4 RT. 04 RW.012, GUNUNG SARI",7371031001,Aktif,10,7371031,Rappocini
3861308,ANUGRAH INDOBUILDING MEGAH,JL. MAPALA V BLOK E29 NO. 15 A,7371031006,Aktif,10,7371031,Rappocini
3863039,UTAMA SUKSES,"JL TIDUNG VI STP 9 BLOK 13 NO 69 RT.003 RW.005, MAPPALA",7371031003,Aktif,10,7371031,Rappocini
3863951,HASCO,"KOMPLEKS PERMATA HIJAU PERMAI BLOK D/31A RT.002 RW.011, KASSI-KASSI",7371031004,Aktif,10,7371031,Rappocini
3864193,NURYAH CENTRE MAKASSAR,BUMI PERMATA HIJAU JL BUMI 11 BLOK,7371031001,Aktif,10,7371031,Rappocini
3864276,CAHAYA TIGA PUTRA,JL SUNGAI SADDANG BARU,7371031010,Aktif,10,7371031,Rappocini
3864421,MULTI KREASI SINERGI,BTN MINASA UPA,7371031,Aktif,7,7371031,Rappocini
3865283,FTHREE PRATAMA,JL RSI FAISAL 14 NO 41,7371031007,Aktif,10,7371031,Rappocini
3865458,MULIA CIPTA INDONESIA,PERUM ANGING MAMIRI BLOK,7371031002,Aktif,10,7371031,Rappocini
3866102,WIRA SATYA,JL. RAPPOCINI RAYA,7371031008,Aktif,10,7371031,Rappocini
3867069,KARYA MUFLIH,"JL.TIDUNG VII STP.1 NO.21 MAKASSAR RT.001 RW.006, MAPPALA",7371031003,Aktif,10,7371031,Rappocini
3867072,PUTRA MONCONGLOE TAMAMI,"JL. WIJAYA KUSUMA RAYA NO.45, BANTA-BANTAENG",7371031007,Aktif,10,7371031,Rappocini
3867074,PUTRA BALANGNIPA JAYA,JL PENGAYOMAN RUKO PERMATASARI,7371031008,Aktif,10,7371031,Rappocini
3867158,ICAL CMS,JL. BONTO DG NGIRATE STP 2,7371031005,Aktif,10,7371031,Rappocini
3867552,MAKASSAR MITRA BERSAMA,KOMPLEK BTN MINASA UPA,7371031001,Aktif,10,7371031,Rappocini
3867586,LONTARA SAKTI PERKASA,JL SULTAN ALAUDDIN KOM GRIYA KISEL DAMAI,7371031001,Aktif,10,7371031,Rappocini
3868376,RA & FA UNIVERSAL,JL BTN MINASA UPA,7371031,Aktif,7,7371031,Rappocini
3868447,FAJAR JAYA,"JL.PALM MERAH NO.22, KEL. KASSI-KASSI",7371031004,Aktif,10,7371031,Rappocini
3869902,PUTRA ULOE,JL PERUMAHAN ANGIN MAMIRI,7371031004,Aktif,10,7371031,Rappocini
3870587,ASERA TEKNIK MANDIRI,JL MON EMMY SAELAN KOMP P & K,7371031001,Aktif,10,7371031,Rappocini
3871656,BERKAH UTAMI,JL SULTAN ALAUDDIN RUKO PERMATA SARI,7371031001,Aktif,10,7371031,Rappocini
3872028,KHALIFAH MUDA MANDIRI,JL. MONUMEN EMMY SAELAN LR 50 NO 60,7371031001,Aktif,10,7371031,Rappocini
3872545,BINTANG MINERALS CEMERLANG,KOMP PERMATA SARI PS VI/05,7371031001,Aktif,10,7371031,Rappocini
3872597,RODA DINAR MANDIRI,JALAN NIKEL 2 NOMOR 18,7371031010,Aktif,10,7371031,Rappocini
3874173,AMELIA JAYA MANDIRI,"PERUMAHAN ANGING MAMMIRI RESIDENCE BLOK F3/3 RT 001 RW 009, KARUNRUNG",7371031002,Aktif,10,7371031,Rappocini
3874939,SUKSES MADALLERAN,KOMP GRAHA HASIRAH PERMAI,7371031001,Aktif,10,7371031,Rappocini
3875397,LAMTORO DASA ANUGRAH,"PERUMAHAN BUMI BOSOWA PERMAI BLOK AO/1 RT.003 RW.005, GUNUNG SARI",7371031001,Aktif,10,7371031,Rappocini
3875513,PB.H.JAGONG,JL BTN MINASA UPA,7371031001,Aktif,10,7371031,Rappocini
3875608,ADELIA,"BTN MINASA UPA BLOK A3 NO.15 RT.003 RW.003, KARUNRUNG",7371031002,Aktif,10,7371031,Rappocini
3875794,CAKRA INTI BAJA PERKASA,"PERUM ANGIN MAMIRI BLOK B 3NO.1, JL AROEPALA",7371031002,Aktif,10,7371031,Rappocini
3876039,NIZAR PUTRA MANDIRI,JL RAPPOCINI RAYA,7371031009,Aktif,10,7371031,Rappocini
3876385,BERLIAN SUKSESINDO,"KOMPLEK BTN MINASA KARYA NO 7 RT 003 RW 009, KARUNRUNG",7371031002,Aktif,10,7371031,Rappocini
3876596,ARUN ABADI,JL PURI TAMAN SARI BLOK,7371031004,Aktif,10,7371031,Rappocini
3876658,RAHMAT UTAMA LAKAWAN,JL PELITA RAYA,7371031010,Aktif,10,7371031,Rappocini
3876822,MURTY WISUMA JAYA,JL RSI FAISAL RAYA I,7371031007,Aktif,10,7371031,Rappocini
3877068,MAWANG CIPTA PERSADA,"JL.SULTAN ALAUDDIN NO.297 RT.000 RW.000, GUNUNG SARI",7371031001,Aktif,10,7371031,Rappocini
3877551,SANUR MITRA SWANSYAH,JL TAMALATE VIII,7371031004,Aktif,10,7371031,Rappocini
3878334,MAKASSAR RAJUT,SULTAN ALAUDDIN,7371031001,Aktif,10,7371031,Rappocini
3879375,JAYAKARTA GRAHA,JL TAMALATE 2,7371031004,Aktif,10,7371031,Rappocini
3879559,ACE HARDWARE INDONESIA TBK,JL ANDI PANGERAN PETTARANI LANTAI 1 BLOK,7371031006,Aktif,10,7371031,Rappocini
3880115,SUMBER REJEKI BERSAMA,JL. LANDAK BARU KOMP METROPOLITAN RESIDEN,7371031007,Aktif,10,7371031,Rappocini
3880672,CIPTA KARYA MANDIRI,JL TAMALATE 6 STP 12 NO 197 RT 003 RW 003 KASSI-KASSI,7371031004,Aktif,10,7371031,Rappocini
3881064,"KANTOR JASA PENILAI PUBLIK RENGGANIS, HAMID & REKAN",JL AROEPALA KOMPLEKS ANGING MAMMIRI RESIDENCE BLOK,7371031002,Aktif,10,7371031,Rappocini
3881177,FATIMAH CATERING,JL JIPANG RAYA KOMP. BUMI PALEM,7371031001,Aktif,10,7371031,Rappocini
3881350,CATERING SEKAR,BTN MINASA UPA,7371031001,Aktif,10,7371031,Rappocini
3882281,NUR AUFKLARUNG,PERUMAHAN BTN MINASA UPA,7371031001,Aktif,10,7371031,Rappocini
3882484,SUMBER PILAR NUSANTARA,JL TAMALATE IX,7371031004,Aktif,10,7371031,Rappocini
3882632,MACROCOSMO,PERUMAHAN BTN MINASA UPA,7371031001,Aktif,10,7371031,Rappocini
3882865,ARCHINDO ADIKENCANA,"JL.AP.PETTARANI RUKO NEW ZAMRUD BLOK A/3, BUAKANA",7371031008,Aktif,10,7371031,Rappocini
3882947,TIMAH TANI NUSANTARA,JL TIMAH I,7371031010,Aktif,10,7371031,Rappocini
3883393,SIRIDARFENCING,RAPPOCINI RAYA,7371031008,Aktif,10,7371031,Rappocini
3883760,KHALIFA ARTA,"JL.MONGISIDI BARU AB.10/4, BALLA PARANG",7371031010,Aktif,10,7371031,Rappocini
3883936,EKA KARYA,JL HERTASNING KOMP PERMATA HIJAU PERMAI,7371031004,Aktif,10,7371031,Rappocini
3884192,MULTI MANDIRI,JL RAPPOCINI RAYA LR.7B,7371031009,Aktif,10,7371031,Rappocini
3884300,RUMAHAN SUKSES,JL. PELITA RAYA,7371031010,Aktif,10,7371031,Rappocini
3884404,PENDIDIKAN GUNUNG SARI,"JL.SULTAN ALAUDDIN NO.293, GUNUNG SARI",7371031001,Aktif,10,7371031,Rappocini
3884857,CHESYA AMANDA,"JL. HERTASNING BARAT IV/22 RT.033 RW.001, BONTO MAKKIO",7371031005,Aktif,10,7371031,Rappocini
3884970,DUTA MARGA SEJATI,JL RAPPOCINI RAYA LR 9 D,7371031008,Aktif,10,7371031,Rappocini
3885197,SUMBER REZKITA,"KARUNRUNG RAYA III NO.4 RT.006 RW.004, KARUNRUNG",7371031002,Aktif,10,7371031,Rappocini
3885296,MAKE UP ARTIST INDONESIA (MUA INDONESIA),JL SUNGAI SADDANG BARU,7371031010,Aktif,10,7371031,Rappocini
3885775,LASKAR JAYA ABADI,JL. RAPPOCINI,7371031008,Aktif,10,7371031,Rappocini
3887061,FORUM PEMUDA BAHARI INDONESIA (FPBI DPW SULSEL),JL TIDUNG VII STP 10,7371031003,Aktif,10,7371031,Rappocini
3887124,EDUMANDIRI LESTARI,KOMPLEKS AGRARIA,7371031002,Aktif,10,7371031,Rappocini
3887426,QUEEN INDAH FAMILY,"PERUMAHAN MANGASA PERMAI BLOK Q/9 RT.005 RW.019, GUNUNG SARI",7371031001,Aktif,10,7371031,Rappocini
3888512,GLOBAL KATULISTIWA (LPK - GLOBAL AIRLINES),JL MAPALA BLOK A2,7371031001,Aktif,10,7371031,Rappocini
3889139,METRO MAKASSAR GEMILANG,JL HERTASNING 1,7371031006,Aktif,10,7371031,Rappocini
3891308,LATOMPI INDONESIA CONSULT,"JL.TAMALATE 1 NO 103 BLK 14 RT.000 RW.004, MAPPALA",7371031003,Aktif,10,7371031,Rappocini
3892254,AS PUTRA MANDIRI,"JL JIPANG RAYA NO 13, KARUNRUNG",7371031002,Aktif,10,7371031,Rappocini
3893462,AMELIA RENT,JL TIDUNG IX,7371031004,Aktif,10,7371031,Rappocini
3893673,MEGA REZKY SISTEMINDO,PERUMAHAN PERMATA HIJAU JALAN BANGKIT DUA LR.2,7371031004,Aktif,10,7371031,Rappocini
3893692,MONROE NIRWANA JAYA,JL SKARDA N,7371031006,Aktif,10,7371031,Rappocini
3893715,"ADHI - JAYA, KSO",JL HERTASNING,7371031004,Aktif,10,7371031,Rappocini
3894428,MAKMUR SENTOSA ABADI JAYA,JL AROEPALA/HERTASNING BARU KOMPLEKS HALMIN RESIDENCE RUKO HARMONY TOWN HOUSE,7371031003,Aktif,10,7371031,Rappocini
3895008,BOSOWA SPORT INDONESIA,"A.P. PETTARANI NO.2 (BELAKANG PLAZA TELKOM), GUNUNG SARI",7371031001,Aktif,10,7371031,Rappocini
3895923,DEARIMA VIRTUAL CONTINUUM,JL TIDUNG I,7371031005,Aktif,10,7371031,Rappocini
3898033,ARTAUTAMA MEGAH SENTOSA,"JL PALM RAYA NO A22 PERMATA HIJAU PERMAI HERTASNING RT 001 RW 001, KASSI-KASSI",7371031004,Aktif,10,7371031,Rappocini
3898690,FARINDO INTI UTAMA,JL LANDAK BARU LR 3,7371031007,Aktif,10,7371031,Rappocini
3898719,MULTI TEKNIK,JL TIDUNG 8 STP 10,7371031003,Aktif,10,7371031,Rappocini
3899463,PRIMA SELARAS PERKASA,JL AP PETTARANI,7371031006,Aktif,10,7371031,Rappocini
3899759,AL BAYAN PERMATA UJAS,JL HERTASNING RAYA BARU,7371031001,Aktif,10,7371031,Rappocini
3900787,MAKASSAR JAYA MANDIRI,JL AROEPALA BTN MINASA UPA,7371031001,Aktif,10,7371031,Rappocini
3901488,MAMMINASATA,JL POROS MINASA UPA,7371031001,Aktif,10,7371031,Rappocini
3901579,MERCURY BIFOR,JL RAPPOCINI RAYA KOMP. CITRA GRIYATAMA,7371031008,Aktif,10,7371031,Rappocini
3902103,"KJPP AMIN, NIRWAN, ALFIANTORI DAN REKAN",JL RAYA PENDIDIKAN II KOMPLEKS UNM BLOK,7371031006,Aktif,10,7371031,Rappocini
3902454,JASA USAHA BERSAMA LEBAH MADU,"JL.MONUMEN EMMY SAELAN II NO.32, KARUNRUNG",7371031002,Aktif,10,7371031,Rappocini
3902660,AUDIYA,JL LANDAK BARU,7371031007,Aktif,10,7371031,Rappocini
3903216,NANDANA JAYA,KOMP GRIYA FAJAR MAS REGENCY I,7371031001,Aktif,10,7371031,Rappocini
3903365,AUTO JAMIXS,JL KOMPLEKS PERUM PERMATA HIJAU PERMAI,7371031004,Aktif,10,7371031,Rappocini
3903440,BAGUS UTAMA PERKASA,"BTN MINASA UPA F.15/27, GUNUNG SARI",7371031001,Aktif,10,7371031,Rappocini
3904265,PT. BAWAKARAENG PURNAMA WIJAYA - PT TUNAS JAYA IRJA (KSO),JL TIMAH 1,7371031010,Aktif,10,7371031,Rappocini
3904689,MAHKOTA AURA SUKSES,JL RAPPOCINI RAYA IX,7371031008,Aktif,10,7371031,Rappocini
3904750,PADAELO SEJAHTERA,JL SUNGAI SADDANG BARU,7371031010,Aktif,10,7371031,Rappocini
3905433,SAMUDERA ANRAN NUSANTARA,JL MONUMEN EMMY SAELAN III,7371031002,Aktif,10,7371031,Rappocini
3905691,SATRIA GLOBAL,"JL.TIDUNG IX STP 21 NO.246 RT.000 RW.000, MAPPALA",7371031003,Aktif,10,7371031,Rappocini
3906101,TONGGAK BUANA,"JL TAMALATE 9 STP 2/153 RT 003 RW 004, KASSI-KASSI",7371031004,Aktif,10,7371031,Rappocini
3906129,DIAN TOMPO BALANG,JL. HERTASNING BARU BLOK AB NO. 1,7371031009,Aktif,10,7371031,Rappocini
3906333,JURANA SURYA,"JL.TIDUNG IX BLOK.10 NO.85, MAPPALA",7371031003,Aktif,10,7371031,Rappocini
3906350,SALWA MABARAKKA,JL SKARDA,7371031001,Aktif,10,7371031,Rappocini
3906352,PHINISI PASSOKORANG INDONESIA,JL LANDAK BARU,7371031007,Aktif,10,7371031,Rappocini
3906945,NUR ASSYFA BERKAH,JL AP PETTARANI RUKO NEW ZAMRUD,7371031008,Aktif,10,7371031,Rappocini
3907181,PHINISI CAHAYA SELARAS,JL RAPPOCINI RAYA,7371031008,Aktif,10,7371031,Rappocini
3907233,HUSRY ELECTRICAL,BTN MINASAUPA BL. K7/1 RT/RW /,7371031001,Aktif,10,7371031,Rappocini
3908310,ABHIPRAYA PUTERA MANDIRI,JALAN  TEDUH BERSINAR GRIYA KISEL DAMAI C.3,7371031001,Aktif,10,7371031,Rappocini
3908478,JAYA RAYA,"JL.INSPEKSI KANAL NO.9 RT 002 RW 005, RAPPOCINI",7371031009,Aktif,10,7371031,Rappocini
3908641,MATANO GRAHA MANDIRI,JL. TODDOPULI VI KOMP. PURI TAMAN SARI,7371031004,Aktif,10,7371031,Rappocini
3910854,SARAS,KOMP KODAM GUNUNG SARI LAMA,7371031001,Aktif,10,7371031,Rappocini
3911957,KSM GOTONG JAYA,JL RAPPOCINI RAYA LR 6,7371031008,Aktif,10,7371031,Rappocini
3912618,DAYA POTENSIA INDONESIA,JL RAYA PENDIDIKAN,7371031006,Aktif,10,7371031,Rappocini
3912870,MARGA UTAMA,"JL.TIDUNG VI NO.42 MAPPALA, TIDUNG",7371031006,Aktif,10,7371031,Rappocini
3913081,SUHAIB ABADI PERKASA,JL CILALLANG JAYA LR II,7371031008,Aktif,10,7371031,Rappocini
3913692,ARISE MARIO,JL AROEPALA,7371031004,Aktif,10,7371031,Rappocini
3913839,ASOSIASI PROFESI PENDIDIKAN KHUSUS INDONESIA(APPKHI),JL TAMALATE 1 KOMP TIDUNG JURUSAN PLB FIP UNM,7371031002,Aktif,10,7371031,Rappocini
3914412,SAKTA LESTARI,"JL.KOMP.IKIP BLOK B.2 NO.20 RT.002 RW.004, TIDUNG",7371031006,Aktif,10,7371031,Rappocini
3915221,CARAKDE SOLUSI INFORMATIKA,BTN MINASA UPA BLOK,7371031002,Aktif,10,7371031,Rappocini
3916222,MAKASSAR MANDIRI PUTRA UTAMA,JL. SULTAN ALAUDDIN,7371031001,Aktif,10,7371031,Rappocini
3918327,YAYASAN MEUFA INDONESIA CERDAS,KOMP IKIP BLOK G.6,7371031006,Aktif,10,7371031,Rappocini
3918540,TANI TEKNIK GLOBAL,KOMP GRIYA MINASA SARI,7371031001,Aktif,10,7371031,Rappocini
3919566,AKHITA,JL TALASALAPANG BPH PLAZA,7371031001,Aktif,10,7371031,Rappocini
3919935,WANUA TEMPE-TEMPE,KOMPLEK SKARDA N,7371031006,Aktif,10,7371031,Rappocini
3920589,LINTAS HARAPAN CEMERLANG,JL SUNGAI SADDANG BARU,7371031010,Aktif,10,7371031,Rappocini
3920734,BINGGO TEKNOLOGI,JL BONTOMENE I,7371031007,Aktif,10,7371031,Rappocini
3921475,BINTANG MUDA,JL BTN KARUNRUNG ASRI,7371031002,Aktif,10,7371031,Rappocini
3921930,CAHAYA DITAMA,"JL.HERTASNING BLOK E.16 NO.4 RT.003 RW.007, TIDUNG",7371031006,Aktif,10,7371031,Rappocini
3922223,MITRA MAKNA WISATA,JL JIPANG RAYA VILLA MEGA SARI BLOK,7371031001,Aktif,10,7371031,Rappocini
3923377,ATTAUFIK PRATAMA,JL TALASALAPANG II KOMP.KEJAKSAAN/DEPAG,7371031001,Aktif,10,7371031,Rappocini
3923378,SALSABILA CATERING,JL BERINGIN RAYA,7371031004,Aktif,10,7371031,Rappocini
3924446,RATU,JL TIDUNG IX,7371031004,Aktif,10,7371031,Rappocini
3924564,BALQIS MAKMUR JAYA SELAMAT,JL SALEMBA,7371031001,Aktif,10,7371031,Rappocini
3925741,YANDITA RENT,"BTN MINASA UPA BLOK G1/6 RT.001 RW.006, GUNUNG SARI",7371031001,Aktif,10,7371031,Rappocini
3926045,FATHIIN INTI PRATAMA,JL TIDUNG 8,7371031003,Aktif,10,7371031,Rappocini
3927026,NUR ALFINDOUTAMA,JL MAPPALA,7371031006,Aktif,10,7371031,Rappocini
3927372,CAHAYA RISKA,JL. TAMALATE I,7371031006,Aktif,10,7371031,Rappocini
3927378,REZDKY IKA UTAMA,JL TAMALATE I SELATAN,7371031006,Aktif,10,7371031,Rappocini
3928188,PUTRA PATIKALA MAJU,JL BUMI 16,7371031001,Aktif,10,7371031,Rappocini
3928236,HASMA DANISWARA,JL HERTASNING,7371031006,Aktif,10,7371031,Rappocini
3928485,PUTRA JAYA,JL TEDUH BERSINAR,7371031001,Aktif,10,7371031,Rappocini
3928568,A' EMPAT KONSULTAN,JL HERTASNING,7371031006,Aktif,10,7371031,Rappocini
3928727,ANNAPURNA MEDIA PERKASA,JL. BANTA-BANTAENG  LR. 8 NO. 31,7371031007,Aktif,10,7371031,Rappocini
3931273,JAMILUL MU'MININ,PERUMAHAN CITRA TIDUNG REGENCY,7371031003,Aktif,10,7371031,Rappocini
3932144,LEMBAGA MISI WE CARE,JL TODDOPULI RAYA,7371031004,Aktif,10,7371031,Rappocini
3932794,SURYA TEHNIK INDONESIA,JL HERTASNING BARU KOMP. PDGI,7371031004,Aktif,10,7371031,Rappocini
3933360,BINTANG BETON MAKASSAR,JL PELITA RAYA VIII,7371031008,Aktif,10,7371031,Rappocini
3933398,BIRO PERJALANAN WISATA AGUS (TRAVEL AGUS).,JL HERTASNING BARU NO.1 KASSI-KASSI,7371031004,Aktif,10,7371031,Rappocini
3933676,FAIZAN JAYA FARMA,JL KOMPLEKS PERMATA HIJAU LESTARI,7371031004,Aktif,10,7371031,Rappocini
3934749,"RINALDI, ALBERTH, BAROTO DAN REKAN",JL AROEPALA KOMP ANGING MAMMIRI RESIDENCE,7371031002,Aktif,10,7371031,Rappocini
3935258,WAHANA RESKI DAYA,JL HERTASNING VIII,7371031006,Aktif,10,7371031,Rappocini
3940185,PUTRA SENGKANAUNG MANDIRI,JL KOMP SKARDA N,7371031001,Aktif,10,7371031,Rappocini
3941198,RAMOS SEJAHTERA,JL NIPA-NIPA LAMA ANTANG PERUM BUKIT CAHAYA MANGGALA,7371031007,Aktif,10,7371031,Rappocini
3941565,YENAS GLOBAL SEJATI,JL MINASA UPA PERUMAHAN GRAHA MANDIRI II,7371031001,Aktif,10,7371031,Rappocini
3944689,YAKIN JAYA SATU,HERTASNING BARAT  KOMPLEKS GRIYA PANAKUKANG INDAH,7371031005,Aktif,10,7371031,Rappocini
3944754,MARIO PUNALA,BTN MINASA UPA BLOK,7371031001,Aktif,10,7371031,Rappocini
3944882,RENATA BAKRIE LUXURY KENCANA MAS,"JL. HERTASNING BARU, KOMP HALMIN RESIDENCE BLOK B2 NO. 3",7371031003,Aktif,10,7371031,Rappocini
3944948,KHALIFAH SEMANTIC INDONESIA,BTN. MINASA UPA BLOK F6 NO. 3,7371031001,Aktif,10,7371031,Rappocini
3945316,SIMPURU INDO GLOBAL,JL BTN MINASA UPA BLOK,7371031001,Aktif,10,7371031,Rappocini
3945321,SAYACETAK SUKSES INDONESIA,JL SUNGAI SADDANG BARU,7371031010,Aktif,10,7371031,Rappocini
3945579,MEDITRANIA SAPHIRE HANANIA HUMNAH,JL MAPPALA KOMPLEKS PERUM PEMDA BLOK E25,7371031006,Aktif,10,7371031,Rappocini
3946171,BUMI NUSANTARA MULIA,JL AP PETTARANI RUKO NEW ZAMRUD,7371031008,Aktif,10,7371031,Rappocini
3946489,INTAN SINERGI ABADI,JL A P PETTARANI RUKO PETTARANI CENTER BLOK,7371031008,Aktif,10,7371031,Rappocini
3946630,MAKASSAR GROCERY,JL SUNGAI SADDANG BARU,7371031010,Aktif,10,7371031,Rappocini
3946693,DUTA TEKNIK UTAMA RAYA,"JL AP PETTARANI BLOK A 28 NO 9 RT 005 RW 003, BALLA PARANG",7371031010,Aktif,10,7371031,Rappocini
3947318,YUMA SARANAKARYA,"JL AP PETTARANI KOMPLEK PEMDA BLOK E28/10 RT 004 RW 005, TIDUNG",7371031006,Aktif,10,7371031,Rappocini
3948538,AUFA MULTI ARTHA,"JL BONTO TANGNGA NO 66 RT 001 RW 007, KARUNRUNG",7371031002,Aktif,10,7371031,Rappocini
3948604,SATU TUJUH TUJUH,JL KOMP ANGIN MAMIRI,7371031002,Aktif,10,7371031,Rappocini
3949302,ANGIN MAMMIRI,BTN MINASA UPA,7371031001,Aktif,10,7371031,Rappocini
3951092,ASTRA INTERNATIONAL TBK,JL A. P. PETTARANI KOMP RUKAN,7371031006,Aktif,10,7371031,Rappocini
3952310,MAESA CITRA INDONESIA,JL SULTAN ALAUDDIN RUKO PERMATASARI,7371031001,Aktif,10,7371031,Rappocini
3952529,INTEGRA MEGANINDO,JL MONUMEN EMMY SAELAN KOMP BONTOTANGNGA,7371031002,Aktif,10,7371031,Rappocini
3952796,MUBARAK,JL HERTASNING BARU BTN MINASA UPA,7371031,Aktif,7,7371031,Rappocini
3953087,RAFLY,JL ANDI DJEMMA 112 (EX. LANDAK BARU 112),7371031007,Aktif,10,7371031,Rappocini
3953120,REZKY SERVICE SYSTEM,JL PELITA RAYA,7371031010,Aktif,10,7371031,Rappocini
3954037,PT KHANA HARAPAN JAYA ABADI,KOMP. PHB JL. RIFKY,7371031001,Aktif,10,7371031,Rappocini
3954192,TK AL FATIHAH,BUAKANA,7371031008,Aktif,10,7371031,Rappocini
3954854,JASA HURAIRA PENGEMUDI SEJAHTERA,JL BONTOMENE,7371031007,Aktif,10,7371031,Rappocini
3954959,AL FURQAN INSAN MANDIRI,JL MON EMMY SAELAN IV,7371031006,Aktif,10,7371031,Rappocini
3955416,PELANGIKU INDONESIA,BTN MINASA UPA,7371031002,Aktif,10,7371031,Rappocini
3955549,BUHUNG PUTE,JL JIPANG PERUM VILA MEGASARI BLOK,7371031001,Aktif,10,7371031,Rappocini
3956752,KELUARGA BESAR THE MACZ MAN,RAPPOCINI RAYA,7371031008,Aktif,10,7371031,Rappocini
3957553,DUO KONSTRUKSI,"BTN MINASA UPA BLOK AB2/4, GUNUNG SARI",7371031001,Aktif,10,7371031,Rappocini
3957769,ABI JAYA,JL KOMPLEKS PERMATA HIJAU PERMAI BLOK,7371031004,Aktif,10,7371031,Rappocini
3957989,TAMBANG SAMUDRA INDONESIA,"JALAN SULTAN ALAUDIN, KOMPLEKS RUKO PERMATA SARI NOMOR 33 GUNUNG SARI",7371031009,Aktif,10,7371031,Rappocini
3958190,NAYRA MANDIRI,JL PENGAYOMAN TPS 3,7371031008,Aktif,10,7371031,Rappocini
3958201,DUA DELAPAN PROPERTINDO,JL TIMAH II,7371031010,Aktif,10,7371031,Rappocini
3959399,HAS MARKA SULAWESI,PERUMAHAN ROYAL GRAND ROYAL JL HERTASNING BARU,7371031004,Aktif,10,7371031,Rappocini
3960003,ERZA MANDIRI PROMOSINDO,JL BUMI V,7371031001,Aktif,10,7371031,Rappocini
3960023,MAKASSAR INFOTAMA MANDIRI,JL TALASALAPANG I KOMP MANGASA PERMAI BLOK Y NO 4,7371031001,Aktif,10,7371031,Rappocini
3960206,TAMAN KENCANA,"JL BERINGIN V NO.7 RT.004 RW.010, KASSI-KASSI",7371031004,Aktif,10,7371031,Rappocini
3961010,SUMBER KARUNIA PERKASA,JL. PELITA RAYA BLOK A5 NO. 8,7371031008,Aktif,10,7371031,Rappocini
3961386,MAYZONA MULTI MEDIA,JL. TODDOPULI 1 NO. 9,7371031004,Aktif,10,7371031,Rappocini
3961599,SWADESI CITRA GROUP,"JL.TAMALATE II NO.179, MAPPALA",7371031003,Aktif,10,7371031,Rappocini
3961651,FALEH,JL KARUNRUNG RAYA 11,7371031002,Aktif,10,7371031,Rappocini
3962561,SARIAJI PRATAMA KONSULTAN,JL AP PETTARANI,7371031006,Aktif,10,7371031,Rappocini
3963108,ADIATMA,JL SUNGAI SADDANG BARU,7371031010,Aktif,10,7371031,Rappocini
3964322,KRISBOW INDONESIA,JL AP PETTARANI LIVING PLAZA PETTARANI,7371031006,Aktif,10,7371031,Rappocini
3964370,YURI PRATAMA,PERMATA HIJAU LESTARI,7371031004,Aktif,10,7371031,Rappocini
3964480,RESKI AFLAH JAYA ABADI,TAMALATE III STP. 53 NO. 70 MAKASSAR,7371031004,Aktif,10,7371031,Rappocini
3965009,BAALE DALLE KITA,JL. ARUPPALA BLO A 50,7371031006,Aktif,10,7371031,Rappocini
3965012,AQSA UTAMA,"JL. TAMALATE II NO. 4, MAPPALA",7371031003,Aktif,10,7371031,Rappocini
3965862,KARIER UTAMA,JL TODDOPULI RAYA,7371031004,Aktif,10,7371031,Rappocini
3965951,YAYASAN INDONESIA MENGABDI,"KOMPLEK PURI TAMAN SARI BLOK D13/4 RT.006 RW.012, KASSI-KASSI",7371031004,Aktif,10,7371031,Rappocini
3966964,ANDA JAYA MANDIRI,JL BORONG INDAH 10,7371031004,Aktif,10,7371031,Rappocini
3967023,ARSIP KONSULTAN,JL FAIZAL RAYA,7371031007,Aktif,10,7371031,Rappocini
3967325,SURYA GEMILANG NUSANTARA,KOMP BTN MANGASA PERMAI,7371031001,Aktif,10,7371031,Rappocini
3968179,METRO AZNET INDONESIA,KOMP BTN MINASA UPA BLOK,7371031,Aktif,7,7371031,Rappocini
3968288,EMPAT LIMA PERKASA,JL MONGINSIDI BARU LR 8,7371031010,Aktif,10,7371031,Rappocini
3968320,DAFEZ CIPTADAYA GLOBAL,JALAN AROEPALA KOMPLEKS ANGING MAMMIRI RESIDENCE BLOK E2 NOMOR 12A,7371031002,Aktif,10,7371031,Rappocini
3968958,HIDAYATULLAH SULAWESI SELATAN,BTN MINASA UPA,7371031002,Aktif,10,7371031,Rappocini
3970344,ARJUDA UTAMA,"JL.RAPPOCINI RAYA NO.103 RT.001 RW.004, RAPPOCINI",7371031009,Aktif,10,7371031,Rappocini
3970592,MUSTIKA MINERAL INDONESIA,JL FAISAL RAYA III,7371031007,Aktif,10,7371031,Rappocini
3971604,MENARA MEGAH NUSANTARA,JL TIDUNG V BLOK,7371031005,Aktif,10,7371031,Rappocini
3973028,WIRA KARSA,JL RS ISLAM FAISAL XII,7371031007,Aktif,10,7371031,Rappocini
3973284,LATOMPI UTAMA,"JL.TAMALATE 1 NO 103 BLK 14 RT.001 RW.004, MAPPALA",7371031003,Aktif,10,7371031,Rappocini
3973604,TK MULIA BHAKTI,JL. KEPALA TIGA,7371031010,Aktif,10,7371031,Rappocini
3974950,BINTANG POLAMEDIA,"PERUMAHAN TAMAN YASMIN BLOK E1/9 JL HERTASNING RT.005 RW.012, MAPPALA",7371031003,Aktif,10,7371031,Rappocini
3976085,AIVELLIAN MITRA ABADI,"JL.AROEPALA SAMPING SMP 40 TEMBUSAN KOMP. ANGGREK MINASA UPA,RT.004/RW.010,GUNUNG SARI",7371031001,Aktif,10,7371031,Rappocini
3976616,PASTI MAKMUR INDONESIA,JL AP PETTARANI RUKO NEW ZAMRUD,7371031008,Aktif,10,7371031,Rappocini
3977446,SAUDI AMANAH WISATA,JL RSI FAISAL RAYA,7371031007,Aktif,10,7371031,Rappocini
3977871,YUNICO LESTARI,JL AROEPALA KOMP.PERMATA HIJAU LESTARI,7371031004,Aktif,10,7371031,Rappocini
3978658,ASAS PUTRA LOKA UTAMA,JL KR BONTOTANGNGA V,7371031002,Aktif,10,7371031,Rappocini
3978733,NUR RESKY PRATAMA,JL AROEPALA KOMP PERMATA HIJAU BLOK,7371031004,Aktif,10,7371031,Rappocini
3978867,WAHNUR AL-BANA,PERUMAHAN BTN MINASA SARI,7371031001,Aktif,10,7371031,Rappocini
3979180,MUTIARA INDAH,"JL.LANDAK BARU KOMP.NUSA LANDAK MAS BLOK A NO.5, BANTA-BANTAENG",7371031007,Aktif,10,7371031,Rappocini
3979758,KHANA HARAPAN JAYA ABADI,"KOMP. PBH PLAZA JL.RIFKY E3/7, SULTAN ALAUDIN",7371031001,Aktif,10,7371031,Rappocini
3980390,SUKAI MITRA PERSADA,BTN MINSA UPA N1. 16,7371031,Aktif,7,7371031,Rappocini
3982108,FABRIC,JL PELITA RAYA IV,7371031008,Aktif,10,7371031,Rappocini
3982326,CV. ARASY SUKSES ABADI,JALAN HERTASNING BARAT II,7371031005,Aktif,10,7371031,Rappocini
3982410,RISKA ADVERTISING,JALAN LANDAK BARU,7371031007,Aktif,10,7371031,Rappocini
3984145,MEGA SURYA INDOENERGI,JL. LANDAK BARU,7371031007,Aktif,10,7371031,Rappocini
3985188,GUNA JASA,"JL BERINGIN V NO 3 RT 004 RW 010, KASSI-KASSI",7371031004,Aktif,10,7371031,Rappocini
3987938,CIPTA SENTRA COMPUTINDO,"KOMP.P&K BLOK.L NO.3 RT.002 RW.019, GUNUNG SARI",7371031001,Aktif,10,7371031,Rappocini
3989642,DUNA INDAH PERKASA,KOMPLEK PURI TAMAN SARI BLOK C7/2 RT 003 RW 012 KASSI-KASSI,7371031004,Aktif,10,7371031,Rappocini
3989661,TIGA SINAR AGUNG,"BTN MINASA UPA, BLOK J3, NOMOR: 17",7371031001,Aktif,10,7371031,Rappocini
3990207,SEWANG JAYA MANDIRI,JALAN MAPPALA  BLOK E 23 NO. 1,7371031006,Aktif,10,7371031,Rappocini
3990561,RAGA PERDANA,JL MONUMEN EMMY SAELAN KOMPLEK COKONURI,7371031001,Aktif,10,7371031,Rappocini
3991629,RAHMATDARU BINTANG BAJIATEKA,JL BONTOMENE,7371031007,Aktif,10,7371031,Rappocini
3991901,AROSA TRIA UTAMA,JL HERTASNING BARAT II KOMP GRIYA PANAKUKKANG INDAH,7371031005,Aktif,10,7371031,Rappocini
3991966,C-DUA SATU,"JL.MONUMEN EMMY SAELAN NO.17 RT.000 RW.000, GUNUNG SARI",7371031001,Aktif,10,7371031,Rappocini
3992627,KESEHATAN KANKER INDONESIA,KOMP BPH JL BUMI 21 BLOK,7371031001,Aktif,10,7371031,Rappocini
3994477,PUTRA MATOPU INDONESIA,JL AROEPALA KOMP BELMONT RESIDENCE,7371031004,Aktif,10,7371031,Rappocini
3994914,FKPPM-BTT FLOTIM MAKASSAR,JL PURING PERUMAHAN PANAKUKANG 3,7371031004,Aktif,10,7371031,Rappocini
3995734,FADHEL MITRA KONSTRUKSI,JL PERUMAHAN BTN MINASA UPA,7371031001,Aktif,10,7371031,Rappocini
3997621,PHOENIX JAYA,JL HERTASNING II,7371031006,Aktif,10,7371031,Rappocini
3997696,FOODS BEVERAGES INDONESIA,JL ANDI PANGERAN PETTARANI LANTAI 1,7371031006,Aktif,10,7371031,Rappocini
3997831,DARE THIS COOPERATIVE U.A,JL PELITA RAYA BLOK A22,7371031010,Aktif,10,7371031,Rappocini
3998479,ORGANISASI MASYARAKAT JAMI'ATUL MU'MININ,PERUM CITRA TIDUNG REGENCY,7371031003,Aktif,10,7371031,Rappocini
3998694,LEMBAGA IDE BERBAGI,JL. SUNGAI SADDANG BARU,7371031010,Aktif,10,7371031,Rappocini
3998734,ATMANANDA EDUMANDIRI,JL PENDIDIKAN 3,7371031006,Aktif,10,7371031,Rappocini
3999429,KARYA CATUR PUTRA,JL.PERMATA HIJAU,7371031004,Aktif,10,7371031,Rappocini
3999759,AGRO NIAGA JAYA,JL TEDUH BERSINAR GRIYA KISEL DAMAI,7371031001,Aktif,10,7371031,Rappocini
4000342,KITARA MITRA MEDIKA,JL MAPPALA,7371031006,Aktif,10,7371031,Rappocini
4000549,TRIPILAR PRATAMA,JL TALASALAPANG RAYA,7371031001,Aktif,10,7371031,Rappocini
4001961,ISTORIA MITRA PERKASA,JL TODDOPULI VI KOMP PURI TAMAN SARI,7371031004,Aktif,10,7371031,Rappocini
4003393,LEMBAGA KETERAMPILAN DAN PELATIHAN ARHY'S FAJAR MULYA,JL TALASALAPANG KOMP BTN MINASA UPA BLOK,7371031001,Aktif,10,7371031,Rappocini
4003537,AMAL BHAKTI NADITA,JALAN HERTASNING,7371031006,Aktif,10,7371031,Rappocini
4004104,RADJA SAFARI WISATA,JL. AROEPALA RUKO PDGI,7371031,Aktif,7,7371031,Rappocini
4006077,ANUGRAH MEGAH TEKNIK,JL BERINGIN IV,7371031004,Aktif,10,7371031,Rappocini
4006122,ARRIO FAJAR ANUGRAH,JL MONUMEN EMMY SAELAN KOMP GRAHA BATARA KENCANA,7371031001,Aktif,10,7371031,Rappocini
4008749,FORUM PENYALUR ASPIRASI RAKYAT (FORSA),"JL SKARDA N LR 1 NO 18, GUNUNG SARI",7371031001,Aktif,10,7371031,Rappocini
4008842,MULTI UTAMA TEKNIK,"JL KARUNRUNG RAYA NO 2, KARUNRUNG",7371031002,Aktif,10,7371031,Rappocini
4008934,PUSAT PENGEMBANGAN PENDIDIKAN DAN BAKAT INDONESIA,"JL. BUMI 18 BLOK A 15 NO. 1 BUMI PERMATA HIJAU  RT. 006/RW. 003 KEL. GUNUNG SARI  KECAMATAN RAPPOCINI, KOTA MAKASSAR  SULAWESI SELATAN, INDONESIA",7371031001,Aktif,10,7371031,Rappocini
4009257,ANSIKA,BUMI PERMATA HIJAU JL. BUMI 18,7371031001,Aktif,10,7371031,Rappocini
4009960,MULTAZAM BERKAH UTAMA,JL TIDUNG MARIOLO KAV,7371031006,Aktif,10,7371031,Rappocini
4010215,DARUL PRINT,JL SKARDA N,7371031001,Aktif,10,7371031,Rappocini
4012229,DUA SEKAWAN CELEBES,JALAN TIDUNG V SETAPAK 2 NOMOR 35,7371031005,Aktif,10,7371031,Rappocini
4012406,WASKITA KARYA (PERSERO) Tbk,JL AP.PETTARANI SAMPING BPK,7371031008,Aktif,10,7371031,Rappocini
4013261,AKBAR JAYA CEMERLANG,KOMP MINASA INDAH RESIDENCE,7371031,Aktif,7,7371031,Rappocini
4013366,AKSARA BUANA,"BTN MINASA UPA BLOK M18/18, GUNUNG SARI",7371031001,Aktif,10,7371031,Rappocini
4014167,DELAPAN MEGA TRANS,JL RAPPOCINI RAYA LR V,7371031009,Aktif,10,7371031,Rappocini
4014348,JALIN KHATULISTIWA INDONESIA,JL JIPANG RAYA KOMP VILLA MEGA SARI BLOK,7371031001,Aktif,10,7371031,Rappocini
4015597,SMART SINERGY PARTNERSHIP,JL. FAISAI RAYA II NO.4,7371031007,Aktif,10,7371031,Rappocini
4015887,SULAWESI BANGKIT SEJAHTERA,BTN MANGASA PERMAI BLOK S9,7371031001,Aktif,10,7371031,Rappocini
4015917,MEDIATAMA SIBERINDO KOMUNIKA,JL. LANDAK BARU VII NO.12,7371031007,Aktif,10,7371031,Rappocini
4017073,RATU BERLIAN,KOMP PERUM ANGING MAMIRI,7371031002,Aktif,10,7371031,Rappocini
4017525,USAHA MANDIRI SUKSES,JL SULTAN ALAUDDIN RUKO ALAUDDIN PLAZA OFF,7371031001,Aktif,10,7371031,Rappocini
4018926,PT.TIGA BINTANG GRIYASARANA - PT.TE'NE JAYA,JL PELITA RAYA 8,7371031008,Aktif,10,7371031,Rappocini
4021766,DARMAWAN SEJAHTERA PRIMA,KOMPLEK IKIP,7371031006,Aktif,10,7371031,Rappocini
4022260,MITRA ADYKARYA,"JL.JIPANG RAYA KOMP PALEM R.1, GUNUNG SARI",7371031001,Aktif,10,7371031,Rappocini
4023218,ARMILA BAKTI KENCANA,"JL LANDAK BARU LR 5C NO 94S, BANTA-BANTAENG",7371031007,Aktif,10,7371031,Rappocini
4023322,PULAU REMPAH,JL SUNGAI SADDANG BARU,7371031010,Aktif,10,7371031,Rappocini
4023367,SUMBER REJEKI,"JL.AEROPALA PERMATA HIJAU KOMP.TEGAL, KASSI-KASSI",7371031004,Aktif,10,7371031,Rappocini
4023394,SATU TIGA EMPAT LIMA,A. P. PETTARANI RUKO ZAMBRUD,7371031009,Aktif,10,7371031,Rappocini
4024850,GASINDO TEKNIK UTAMA,JL TIMAH V,7371031010,Aktif,10,7371031,Rappocini
4026110,HERMAN SERVICE,JL KOMPLEK IDI,7371031004,Aktif,10,7371031,Rappocini
4026968,IMPERIUM,JL SKARDA N MANGASA PERMAI,7371031001,Aktif,10,7371031,Rappocini
4029106,PERSADA TIMUR GEMILANG,JL MONUMEN EMMY SAELAN III GRAHA HASIRAH PERMAI,7371031001,Aktif,10,7371031,Rappocini
4030165,AIO MUDA BERKARYA,BTN MINASA UPA BLOK AB 13 NO.21,7371031001,Aktif,10,7371031,Rappocini
4031030,TIGA TAKMA GLOBAL,"JL RAPPOCINI RAYA NO 191A RT.001 RW.004, BUAKANA",7371031008,Aktif,10,7371031,Rappocini
4031343,YACHIYO ENGINEERING CO LTD,JL.SEKOLAH GURU PERAWAT,7371031008,Aktif,10,7371031,Rappocini
4032215,SINAR BERKAH,JL BONTOMENE,7371031007,Aktif,10,7371031,Rappocini
4032346,HADI SAPUTRA JAYA,JL AP PETTARANI,7371031008,Aktif,10,7371031,Rappocini
4032423,ABER ERTIGA KARYA,JL HERTASNING,7371031006,Aktif,10,7371031,Rappocini
4032753,KARYA PANCANG JAYA,JL LETJEN HERTASNING PALM MAS,7371031008,Aktif,10,7371031,Rappocini
4033200,MURADHA PRATAMA,"KOMP PERMATA HIJAU PERMAI BLOK.P6 NO.3, KASSI-KASSI",7371031004,Aktif,10,7371031,Rappocini
4034107,DANADIPA AGRA BALAWAN,JL WOLTER MONGINSIDI BARU PERUM BUMI TIRTA NUSANTARA,7371031009,Aktif,10,7371031,Rappocini
4034996,LIVIA,JL PELITA IV,7371031010,Aktif,10,7371031,Rappocini
4036226,KURNIA ABADI,JL RAPPOCINI RAYA,7371031008,Aktif,10,7371031,Rappocini
4039299,ADZAN FAJAR MANDIRI,"JL.BERINGIN V NO.7 RT.004 RW.010, KASSI-KASSI",7371031004,Aktif,10,7371031,Rappocini
4039901,LANCAR JAYA,JL RSI FAISAL IX,7371031007,Aktif,10,7371031,Rappocini
4040393,FIKRI,JL BTN MINASA UPA,7371031,Aktif,7,7371031,Rappocini
4040410,RAHAYU,"JL.TIDUNG IX STP.5 NO.144, MAPPALA",7371031003,Aktif,10,7371031,Rappocini
4043542,CAHAYA TENGGARA SEJAHTERA,JALAN HERTASNING I,7371031006,Aktif,10,7371031,Rappocini
4043590,NUR KHAIRUNISA,JL KOMP MANGASA PERMAI,7371031001,Aktif,10,7371031,Rappocini
4043820,KARYAWAN PT.WASKITA KARYAKOWASKA,JL AP PETTARANI,7371031008,Aktif,10,7371031,Rappocini
4043825,GRAHA ANDIRA,"BTN MINASA UPA BLOK F3/2 RT 002 RW 011, GUNUNG SARI",7371031001,Aktif,10,7371031,Rappocini
4044581,RIZKY HIDAYAH,JL TODDOPULI VI KOMPLEK PURI TAMAN SARI,7371031004,Aktif,10,7371031,Rappocini
4044858,AMBASSADOR,JL MINASA UPA KOMP. ANGGREK,7371031,Aktif,7,7371031,Rappocini
4045580,SHIHHATUL IMAN,"JL.WIJAYA KUSUMA II NO.5 RT.000 RW.000, BANTA-BANTAENG",7371031007,Aktif,10,7371031,Rappocini
4045920,PANDU KARYA MANDIRI,JL AP PETTARANI KOMP UNM,7371031006,Aktif,10,7371031,Rappocini
4046897,SURYA MEGA PERDANA,JL GOSYEN RAYA,7371031,Aktif,7,7371031,Rappocini
4047060,BUSID UTAMA,"JL.BUMI BOSOWA PERMAI B3 NO.24, GUNUNG SARI",7371031001,Aktif,10,7371031,Rappocini
4047439,CITI TANI INDONESIA,JL RAYA PENDIDIKAN,7371031006,Aktif,10,7371031,Rappocini
4047444,ASERA JAYA GROUP,JALAN MONUMENT EMMY SAELAN 3 NOMOR 70,7371031002,Aktif,10,7371031,Rappocini
4050546,MANDIRI JAYA UTAMA,BTN MINASA UPA BLOK,7371031001,Aktif,10,7371031,Rappocini
4051495,WAHANA ABADI PRATAMA,"JL SKARDA N KOMPLEK MANGASA NO 4 RT 000 RW 000, GUNUNG SARI",7371031001,Aktif,10,7371031,Rappocini
4051621,HANUM BANGUN NUSANTARA,JL KARAENG BONTO TANGNGA V,7371031002,Aktif,10,7371031,Rappocini
4051678,NITA BUANA UTAMA,JL AROEPALA KOMP PERMATA HIJAU PERMAI BLOK,7371031004,Aktif,10,7371031,Rappocini
4051737,KAMIL LOGISTIK EXPRESS SULAWESI,JL PURI TAMAN SARI,7371031004,Aktif,10,7371031,Rappocini
4051987,CETARA INDAH PERSADA,JL A.P. PETTARANI RUKO PETTARANI CENTRE,7371031010,Aktif,10,7371031,Rappocini
4052062,NEXT,"PERUMAHAN BOSOWA PERMAI BLOK B2/20 RT.003 RW.026, GUNUNG SARI",7371031001,Aktif,10,7371031,Rappocini
4052213,PHINISI TUJUH UTAMA,PERUMAHAN NUSA LANDAK MAS BLOK E/6,7371031007,Aktif,10,7371031,Rappocini
4052321,DUA JAYA MANDIRI,"JL. EMMY SAELAN NO. 14 B, GUNUNG SARI",7371031001,Aktif,10,7371031,Rappocini
4054334,BUCAR MEGATAMA KOSMETIKA,JALAN MUNUMEN EMMY SAELAN 3A GRAHA GUNUNG SARI INDAH KAV. N,7371031006,Aktif,10,7371031,Rappocini
4057317,INDO ASIANA LESTARI,JL AP PETTARANIRUKO NEW ZAMRUD,7371031008,Aktif,10,7371031,Rappocini
4057621,DELEGASI INSPIRASI GERAK PENDIDIKAN DAN BUDAYA (DIGDAYA),JL BONTO LANGKASA NO 2B RT. 003 RW. 007,7371031007,Aktif,10,7371031,Rappocini
4057622,RIZKY ABADI PERSADA,JL LANDAK BARU NO 41 RT. 000 RW. 000,7371031007,Aktif,10,7371031,Rappocini
4058860,ALKHAY JAYA,JL PELITA RAYA V-A,7371031008,Aktif,10,7371031,Rappocini
4059978,BRATASENA TIDAR PERKASA,JL TODDOPULI VI PURI TAMAN SARI,7371031004,Aktif,10,7371031,Rappocini
4060250,YAYASAN PERGERAKAN DIFABEL INDONESIA UNTUK KESETARAAN (PERDIK),JL PENDIDIKAN 1,7371031006,Aktif,10,7371031,Rappocini
4060659,DHIFA WISATA UTAMA,JL AROEPALA ANGING MAMMIRI RESIDENCE,7371031002,Aktif,10,7371031,Rappocini
4062096,TRI PUTRA MINING,JL CILALLANG JAYA,7371031008,Aktif,10,7371031,Rappocini
4063939,UMEGA COOL,BTN MINASA UPA BLOK G19/12 RT 000 RW 000 GUNUNG SARI,7371031001,Aktif,10,7371031,Rappocini
4064528,EVIL,"JL TODDOPPULI I STP 6 BLOK 24 NO 61 RT 004 RW 006, KASSI-KASSI",7371031004,Aktif,10,7371031,Rappocini
4064746,NIRVANA  ALMADANI,JL SULTAN ALAUDDIN,7371031001,Aktif,10,7371031,Rappocini
4065694,PRIMA JAYA,"JL.SUNGAI SADDANG BARU NO.85, BALLA PARANG",7371031010,Aktif,10,7371031,Rappocini
4068462,ADHAM ANUGRAH PERKASA,METROPOLITAN RESIDENCE,7371031007,Aktif,10,7371031,Rappocini
4068727,AULIAN BERKAH,JL TIDUNG 9 PERUMAHAN CITRA TIDUNG REGENCI,7371031003,Aktif,10,7371031,Rappocini
4068889,PUTRI FADILLAH,JL TALASALAPANG,7371031001,Aktif,10,7371031,Rappocini
4072234,NEWLAND CIPTA MANDIRI,"JL LANDAK BARU NO 116, BANTA-BANTAENG",7371031007,Aktif,10,7371031,Rappocini
4073439,BALEMPING LINTAS ABADI,"JL SKARDA N II NO 8 RT.006 RW.016, GUNUNG SARI",7371031001,Aktif,10,7371031,Rappocini
4073721,ASTAKONA SEJAHTERA,"JL.LANDAK BARU NO.106, BANTA-BANTAENG",7371031007,Aktif,10,7371031,Rappocini
4074481,WICAKSANA KONSTRUKSI,JL S ALAUDDIN KOMP GRIYA FAJAR MAS,7371031008,Aktif,10,7371031,Rappocini
4074597,SENTRA AGRO LESTARI,"KOMP.BUMI BOSOWA PERMAI B.3/24 RT.003 RW.026, GUNUNG SARI",7371031001,Aktif,10,7371031,Rappocini
4075020,BAKTI RYUNIN SUKSESINDO,JL LANDAK BARU LR 8,7371031007,Aktif,10,7371031,Rappocini
4077174,SENYAWA DIGITAL INDONESIA,JALAN TIMAH I,7371031010,Aktif,10,7371031,Rappocini
4078659,HANDARUSA TIRTA SARANA,"JL HERTASNING BARU KOMPLEK PERMATA HIJAU LESTARI BLOK P17/15 RT 008 RW 014, KASSI-KASSI",7371031004,Aktif,10,7371031,Rappocini
4079194,THINGKOKO MAKASSAR INTERNASIONAL,JL. AROEPALA PERUM PHP BLOK F / 14,7371031004,Aktif,10,7371031,Rappocini
4080643,ERA JAYA MANDIRI,JL HERTASNING BARU PERUM ANGING MAMMIRI RESIDENCE,7371031002,Aktif,10,7371031,Rappocini
4081131,ARJUNA SATRIA ARCADIA,JL PELITA RAYA,7371031008,Aktif,10,7371031,Rappocini
4081175,AMRIZ ALIF,"JL.MONUMEN EMMY SAELAN NO.58 RT. 04 RW. 02, KARUNRUNG",7371031002,Aktif,10,7371031,Rappocini
4081194,ANUGERAH KOMUNIKATAMA,"JL.SKARDA N RAYA NO.35, GUNUNG SARI",7371031001,Aktif,10,7371031,Rappocini
4082724,ABHINAYA BHUAVANA,JL PERMATA HIJAU PERMAI,7371031004,Aktif,10,7371031,Rappocini
4083030,BINTANG TENGGARA MAKMUR,JALAN HERTASNING I,7371031006,Aktif,10,7371031,Rappocini
4083138,COMPRESINDO UTAMA MANDIRI,KOMPLEK PERMATA HIJAU LESTARI BLOK P19/8 AROEPALA RT 006 RW 014 KASSI-KASSI,7371031004,Aktif,10,7371031,Rappocini
4084333,ORGANISASI OI,JL TIDUNG 3 BLOK 18 NO 69 PERUMNAS MAKASSAR,7371031005,Aktif,10,7371031,Rappocini
4084697,VITA HEALTH PRATAMA,JL TODDOPULI RAYA,7371031004,Aktif,10,7371031,Rappocini
4084831,YAYASAN SONDA SIAMA,"JL TAMALATE VI BLOK 3/216 RT.001 RW.003, KASSI-KASSI",7371031004,Aktif,10,7371031,Rappocini
4086052,HORE KREASI DIGITAL,JALAN TAMALATE NOMOR 1 KAVLING 8,7371031003,Aktif,10,7371031,Rappocini
4086762,MAKSIMAL KARYA NUSANTARA (MAKZ DESIGN),JALAN ANDI JEMMA,7371031007,Aktif,10,7371031,Rappocini
4088107,KARYA HAFIDZ PRATAMA,LANDAK BARU LR. 1,7371031007,Aktif,10,7371031,Rappocini
4088723,MITRA DUNIA PANGAN,JALAN RAPPOCINI RAYA SAMPING LORONG 9,7371031008,Aktif,10,7371031,Rappocini
4088771,LEMBAGA PEMUDA MAKASSAR INDONESIA,"BTN MINASA UPA BLOK AB13/20 RT 004 RW 021, GUNUNG SARI",7371031001,Aktif,10,7371031,Rappocini
4089123,ISMA JAYA,"KOMP BTN MINASA UPA BLOK J NO 8 RT.004 RW.012, GUNUNG SARI",7371031001,Aktif,10,7371031,Rappocini
4089157,LIMETIK WK,"JL BANTA-BANTAENG LR III GANG BUNTU NO 10 RT 005 RW 007, BANTA-BANTAENG",7371031007,Aktif,10,7371031,Rappocini
4089175,KURIR MAKASSAR,"JL.TIDUNG I STP I NO.6, BONTO MAKKIO",7371031005,Aktif,10,7371031,Rappocini
4089559,BUANA MANDIRI,"JL RSI FAISAL RAYA NO 10, BANTA-BANTAENG",7371031007,Aktif,10,7371031,Rappocini
4090581,SURYA RAODA,"JL.RAPPOCINI RAYA NO.103 RT.001 RW.004, RAPPOCINI",7371031009,Aktif,10,7371031,Rappocini
4090851,STUDIO SEMBILAN SEMBILAN DESAIN,JL KOMPLEKS MANGASA PERMAI,7371031001,Aktif,10,7371031,Rappocini
4090953,JILC MINASA UPA,BTN MINASA UPA BLOK,7371031001,Aktif,10,7371031,Rappocini
4091032,RIKA RAYHAN MANDIRI,JL SULTAN ALAUDDIN KOMP BPH BUMI RAYA,7371031001,Aktif,10,7371031,Rappocini
4091312,WARAGONDA BUTUNI TERRA MARINE,JL NIKEL 2,7371031010,Aktif,10,7371031,Rappocini
4091385,SUMBER ABADI JAYA,JL SKARDA N,7371031001,Aktif,10,7371031,Rappocini
4091753,JESHA PRATAMA,JL WIJAYA KUSUMA I NO 38 RT 003 RW 001 BANTA-BANTAENG,7371031007,Aktif,10,7371031,Rappocini
4092216,RITELINDO OMEGA MAKMUR,JL TAMALATE II,7371031004,Aktif,10,7371031,Rappocini
4092577,HAPINS INDONESIA,JL LETJEN HERTASNING,7371031006,Aktif,10,7371031,Rappocini
4092767,QUAD LINTAS NUSA,JL BORONG INDAH,7371031004,Aktif,10,7371031,Rappocini
4092996,TRIO SAKTI UTAMA,"BTN MINASA UPA BLOK C.1 NO.7, KARUNRUNG",7371031002,Aktif,10,7371031,Rappocini
4093501,BUBUT KONSTRUKSI,JL VILLA MEGASARI,7371031001,Aktif,10,7371031,Rappocini
4096529,NUSANTARA MEDIA INFORMATIKA,TALASALAPANG,7371031002,Aktif,10,7371031,Rappocini
4096657,SINAR SURYA PERSADA CEMERLANG,KOMPLEK HERTASNING REGENCY,7371031004,Aktif,10,7371031,Rappocini
4097274,FERTILIZER JAYA CELEBES,JALAN HERTASNING I BLOK E 11 NOMOR 17,7371031006,Aktif,10,7371031,Rappocini
4100998,HADI UTAMA KARYA,JL BTN AGRARIA,7371031002,Aktif,10,7371031,Rappocini
4101098,MANUNGGAL HALIM JAYA,JL TIDUNG IV,7371031005,Aktif,10,7371031,Rappocini
4101822,PARA WARNA,JL SKARDA N KOMP GRIYA TAMALATE ASRI BLOK,7371031002,Aktif,10,7371031,Rappocini
4102183,MAKASSAR MART,JL RUTAN,7371031001,Aktif,10,7371031,Rappocini
4102592,TRYPUTRA MORINDA INDONESIA,"JL KARAENG BONTO TANGNGA 2 NO 4F RT 005 RW 007, KARUNRUNG BLOK F NO 4 RT 005 RW 007",7371031002,Aktif,10,7371031,Rappocini
4104600,INTAN KARYA PRADANA,"JL ANDI PANGERAN PETTARANI, RUKO PETTARANI CENTRE",7371031008,Aktif,10,7371031,Rappocini
4104801,NUSATRINDO PERSADA,"JL.RSI FAISAL X NO.3, BANTA-BANTAENG",7371031007,Aktif,10,7371031,Rappocini
4104806,ANDEWA PERKASA JAYA,"JALAN ANDI PANGERANG PETTARANI KOMPLEKS PEMDA BLOK E27 NOMOR 20,",7371031006,Aktif,10,7371031,Rappocini
4105323,MAULANA ENGINEERING,BTN AGRARIA,7371031002,Aktif,10,7371031,Rappocini
4105351,ASRI WISATA INDONESIA,JL AP PETTARANI RUKO NEW ZAMRUD,7371031008,Aktif,10,7371031,Rappocini
4105757,LEMBAGA PENDIDIKAN HOME SCHOOLING SMART,"JL MONUMEN EMMI SAELAN LR 5 NO 16 RT 002 RW 002, TIDUNG",7371031006,Aktif,10,7371031,Rappocini
4107145,WALISERI CITRA TAMA,"JL AROEPALA BTN MINASA UPA BLOK K.17 NO.24 RT.005 RW.010, GUNUNG SARI",7371031001,Aktif,10,7371031,Rappocini
4107610,ANNISA PRATIWI,JL MAPPALA,7371031006,Aktif,10,7371031,Rappocini
4108409,RIDHO JAYA ABADI,"JL MONGINSIDI BARU AB7 NO 11B RT 006 RW 005, BALLA PARANG",7371031010,Aktif,10,7371031,Rappocini
4108503,PT TANIA MIRELLA SEJAHTERA,JL RAPPOCINI RAYA,7371031008,Aktif,10,7371031,Rappocini
4109130,INSAN ESA MANUNGGAL SEJATI,KOMPLEK PERMATA HIJAU LESTARI,7371031004,Aktif,10,7371031,Rappocini
4109388,MITRA INOVASI CEMERLANG,JL. PELITA RAYA,7371031010,Aktif,10,7371031,Rappocini
4110412,MAMDUH WISATA ILAHI,JL TIDUNG MARIOLO,7371031006,Aktif,10,7371031,Rappocini
4111283,MAESTRO BERJAYA MAKASSAR,JL EMMY SAELAN III,7371031009,Aktif,10,7371031,Rappocini
4111472,PANGAN MANDIRI,"JL SALEMBA NO 75A RT.017 RW.006, GUNUNG SARI",7371031001,Aktif,10,7371031,Rappocini
4112550,TIANI INDAH,JL HERTASNING RAYA,7371031006,Aktif,10,7371031,Rappocini
4112559,CAHAYA MAPPATUJU,RAPPOCINI,7371031008,Aktif,10,7371031,Rappocini
4113006,ANUGRAH UTAMA,"JL.BUMI 3 BLOK.A2 NO.1, GUNUNG SARI",7371031001,Aktif,10,7371031,Rappocini
4114057,PUTRI KUMALA SEJATI,JALAN TAMALATE I SKARDA N,7371031006,Aktif,10,7371031,Rappocini
4114316,ARINDA BAHANA PERKASA,JL MINASA UPA BTN MINASA UPA,7371031001,Aktif,10,7371031,Rappocini
4114543,PERKUMPULAN KOALISI PEREMPUAN INDONESIA,"KOMPLEK PALM MAS JL HERTASNING NO 2, BUAKANA",7371031008,Aktif,10,7371031,Rappocini
4116503,EIGERINDO MULTIPRODUK INDUSTRI,JL. RAPPOCINI RAYA,7371031008,Aktif,10,7371031,Rappocini
4117369,MASAGENAE MEGAH MOTOR,"JL.PELITA RAYA VI NO.14, BUAKANA",7371031008,Aktif,10,7371031,Rappocini
4117721,ANUGERAH SEJAHTERA,JL HERTASNING (PLN),7371031009,Aktif,10,7371031,Rappocini
4119437,ALVARO INDO NUSANTARA,JL KARUNRUNG RAYA LR 3,7371031009,Aktif,10,7371031,Rappocini
4122327,WIJAYA GLASS ART,JL BALLAPARANG 2,7371031010,Aktif,10,7371031,Rappocini
4123373,SUNGKAR BERKAH ABADI,PERUMAHAN BOSOWA INDAH BLOK Q NOMOR 3,7371031001,Aktif,10,7371031,Rappocini
4123691,DISTRIBUTOR PASANGKAYU,KOMP GRIYA FAJAR MAS REGENCY,7371031001,Aktif,10,7371031,Rappocini
4124549,MAGNACITA BUMI NUSANTARA,"JL HERTASNING NO.38 RT.002/RW.006,TIDUNG",7371031006,Aktif,10,7371031,Rappocini
4124803,SURYA JAYA MANDIRI,"BTN KARUNRUNG ASRI BLOK D/12 RT.000 RW.000, KARUNRUNG",7371031002,Aktif,10,7371031,Rappocini
4125442,MITRA BUNDA EDUKASI,PERUMAHAN PONDOK ASRI,7371031004,Aktif,10,7371031,Rappocini
4125686,LOMPO ULU,JL MINASA SARI,7371031001,Aktif,10,7371031,Rappocini
4125982,PILAR PERKASA,JL TIDUNG X,7371031003,Aktif,10,7371031,Rappocini
4126382,BINTANG UTAMA,"JL.TALLASALAPANG KOMP.P&K E/4 RT.003 RW.004, GUNUNG SARI",7371031001,Aktif,10,7371031,Rappocini
4127610,SUMBER PANGAN JAYA CEMERLANG,JL KOMPLEKS RUKO ALAUDDIN PLAZA,7371031001,Aktif,10,7371031,Rappocini
4130267,YAYASAN BABUL JANNAH,"JL RAPPOCINI RAYA LR 3 NO 3 RT.003 RW.001, RAPPOCINI",7371031009,Aktif,10,7371031,Rappocini
4130326,AZIZAH UTAMI,"JL LANDAK BARU LR 1 NO 8 RT.003 RW.003, BANTA-BANTAENG",7371031007,Aktif,10,7371031,Rappocini
4130689,TIFIA SENTRAL ASIA,JL. TIMAH 1 A/25,7371031010,Aktif,10,7371031,Rappocini
4130784,PT MANTA (MITRA ASTA NUSANTARA),JL KARUNRUNG RAYA NO.1,7371031002,Aktif,10,7371031,Rappocini
4131125,ADINDA PRATAMA,JL CILALLANG JAYA,7371031008,Aktif,10,7371031,Rappocini
4132634,KARYA REMAJA,"JL.RAPPOCINI RAYA LR.6 NO.11 RT.001 RW.004, RAPPOCINI",7371031009,Aktif,10,7371031,Rappocini
4132703,REJEKI UTAMA,"KOMPLEK PERMATA SARI BLOK V NO 30 RT 002 RW 018, GUNUNG SARI",7371031001,Aktif,10,7371031,Rappocini
4134667,RIZKI ASYURA,"KOMPLEK PEMDA BLOK E21/40 JL MAPPALA RT.003 RW.005, TIDUNG",7371031006,Aktif,10,7371031,Rappocini
4135835,TRIPLE A,JL AROEPALA PERMATA HIJAU LESTARI,7371031004,Aktif,10,7371031,Rappocini
4137358,CV.CREATIVE PRATAMA MODERN,JL.KELAPA TIGA,7371031010,Aktif,10,7371031,Rappocini
4137776,GLORY,JL RSI.FAISAL XII,7371031007,Aktif,10,7371031,Rappocini
4137967,SETIA JAYA MEUBEL,"JL.BALLA PARANG II NO.9 B RT.001 RW.001, BALLA PARANG",7371031010,Aktif,10,7371031,Rappocini
4139478,PETRO KARYA NUSANTARA,JL. MON EMMY SAELAN III,7371031002,Aktif,10,7371031,Rappocini
4141370,YAYASAN AL' ALAQ,"JL BUAKANA VIII NO 3 RT.003 RW.004, BUAKANA",7371031008,Aktif,10,7371031,Rappocini
4142815,AL FATHIR NUR RIZKY,"PERUMAHAN TAMAN YASMIN INDAH BLOK A1/3 JL TIDUNG RT.004 RW.011, MAPPALA",7371031003,Aktif,10,7371031,Rappocini
4143583,CELEBES CLEANING CENTRE,JL TIDUNG MARIOLO,7371031006,Aktif,10,7371031,Rappocini
4144004,YIFANG GLOBAL OPERASIONAL,JL. RAPPOCINI RAYA NO. 12 F,7371031009,Aktif,10,7371031,Rappocini
4145637,CLAMIR PRATAMA,"JL LANDAK BARU NO 71 RT 006 RW 007, BANTA-BANTAENG",7371031007,Aktif,10,7371031,Rappocini
4148705,MYER'KS,HERTASNING BARAT 1,7371031005,Aktif,10,7371031,Rappocini
4148714,CATUR PRATAMA,"JL.JIPANG RAYA KOMP.BUMI PALEM BLOK P / 18 RT.004 RW.003, GUNUNG SARI",7371031001,Aktif,10,7371031,Rappocini
4148763,TUJUH-TUJUH (77),"JL.TAMALATE I NO.25, KASSI-KASSI",7371031001,Aktif,10,7371031,Rappocini
4150081,PT. DUTA GRAHA-PT. DAYA MULYA- PT. APHASKO UTAMA JAYA,"JLN. PENDIDIKAN BLOK B1 NO 2, TIDUNG",7371031006,Aktif,10,7371031,Rappocini
4150698,TIMURINDO SUKSES PERKASA,KOMP BTN MINASA UPA BLOK,7371031001,Aktif,10,7371031,Rappocini
4152346,PUTRA HARUNA MANDIRI,KOMP SKARDA N LR 1,7371031006,Aktif,10,7371031,Rappocini
4154872,HILALINDO UTAMA PERKASA,JL. SULTAN ALAUDDIN PERMATA HIJAU JLN BUMI II BLOK B3 NOMOR 1 A,7371031001,Aktif,10,7371031,Rappocini
4155148,KARYA ASYRA,"JL.TIDUNG VIII STP.5 BLOK.11/22, MAPPALA",7371031003,Aktif,10,7371031,Rappocini
4156149,SMA GUNUNG SARI,JL SULTAN ALAUDDIN,7371031001,Aktif,10,7371031,Rappocini
4156211,PERKUMPULAN KELUARGA BERENCANAINDONESIA  (PKBI),"JL.LANDAK BARU NO.55 TELP.(0411) 81051, BANTA-BANTAENG",7371031007,Aktif,10,7371031,Rappocini
4157708,MARAJA KONSULTAN,JL KOMP. PERMATA HIJAU LESTARI,7371031004,Aktif,10,7371031,Rappocini
4158269,MADZCOM,JL PETTARANI RUKO NEW ZAMRUD BLOK,7371031008,Aktif,10,7371031,Rappocini
4158325,HAIKAL BROTHER,JL TIDUNG MARIOLO NO 6 RT 001 RW 008 TIDUNG,7371031006,Aktif,10,7371031,Rappocini
4158717,KAREBOSI RAYA INDONESIA,JL PENGAYOMAN KOMP TAMAN PERMATA SARI BLOK,7371031008,Aktif,10,7371031,Rappocini
4158749,ASHWAAQ CORPORINDO,JL KOMP BTN MINASA UPA,7371031001,Aktif,10,7371031,Rappocini
4160441,BARA MALAPPU,JL BUMI 11,7371031001,Aktif,10,7371031,Rappocini
4160501,PANGLIMA MEDIA,"JL.AROEPALA SAMPING SMP 40 TEMBUSAN KOMP. ANGGREK MINASA UPA,RT.004/RW.010,GUNUNG SARI",7371031001,Aktif,10,7371031,Rappocini
4161573,ALFA HOME STAY,"JL PELITA RAYA NO 25, BUAKANA",7371031008,Aktif,10,7371031,Rappocini
4162040,NUR ICHSAN,JL SYECH YUSUF,7371031001,Aktif,10,7371031,Rappocini
4162975,IRMA,JL PERUMAHAN PERMATA HIJAU PERMAI,7371031004,Aktif,10,7371031,Rappocini
4163175,QISTHI MARDHATILLAH,JL MONUMEN EMMY SAELAN KOMP KODAM GUNUNG SARI,7371031001,Aktif,10,7371031,Rappocini
4163287,MARSANIE LAW,JL.TAMALATE 3 STP 38,7371031003,Aktif,10,7371031,Rappocini
4164585,LONTARA,"KOMPLEK FAJAR MAS REGENSI NO 17, GUNUNG SARI",7371031001,Aktif,10,7371031,Rappocini
4165360,GLOBAL MITRANDA,JL TIMAH 2 BLOK,7371031010,Aktif,10,7371031,Rappocini
4166235,ANUGERAH DIANA,"TALASALAPANG GRAHA ASRI ESTATE BLOK A NO.3 RT.002/RW.004,GUNUNG SARI",7371031010,Aktif,10,7371031,Rappocini
4168781,ENALINDO UTAMA,JL BONTO LANGKASA,7371031007,Aktif,10,7371031,Rappocini
4168924,SURYA ECO ABADI,JL AP PETTARANI,7371031006,Aktif,10,7371031,Rappocini
4169363,SIPATUO,JL NIKEL II,7371031010,Aktif,10,7371031,Rappocini
4170627,AVIO TECH,JL. MONGINSIDI BARU,7371031010,Aktif,10,7371031,Rappocini
4171385,SURINDO ADIPRATAMA,JL. KR. BONTO TANGNGA V LANTAI II,7371031002,Aktif,10,7371031,Rappocini
4171571,PENDIDIKAN SAINS INDONESIA,JL. RAPPOCINI,7371031008,Aktif,10,7371031,Rappocini
4172614,TRI KARYA VISITAMA,"TIDUNG 8 BLOK 11 NO.37 RT.A RW.008, MAPPALA",7371031003,Aktif,10,7371031,Rappocini
4173160,LITERATUR INSTITUT,JL TIDUNG 9,7371031003,Aktif,10,7371031,Rappocini
4173715,LEGAL BERSAMA INDONESIA,JL LETJEN HERTASNING ARUN BUILDING LT 3 KAV A,7371031004,Aktif,10,7371031,Rappocini
4174318,ECOFARM INDONESIA,"KOMPLEK KODAM KATANGKA BLOK A/5 RT.004 RW.002, GUNUNG SARI",7371031001,Aktif,10,7371031,Rappocini
4174397,FUAD PRATAMA PERKASA,"JL AROEPALA NO 1 RT 001 RW 001, KASSI-KASSI",7371031004,Aktif,10,7371031,Rappocini
4174500,PRIMA SUPPLYNINDO UTAMA,JL AP PETTARANI,7371031006,Aktif,10,7371031,Rappocini
4175072,CV. ADYARAKA,KOMP PERMATA HIJAU LESTARI,7371031004,Aktif,10,7371031,Rappocini
4175087,PT ADHI KARYA TBK-PT ISTAKA KARYA (KSO),JL LETJEN HERTASNING,7371031004,Aktif,10,7371031,Rappocini
4175420,CIPTA KARYA SUKSES MANDIRI,JL RSI FAIZAL XII,7371031007,Aktif,10,7371031,Rappocini
4177592,INDONESIA SABAR JAYA,JL RAPPOCINI RAYA,7371031008,Aktif,10,7371031,Rappocini
4177918,SUARA INDONESIA SULSEL,JALAN RAYA PENDIDIKAN KOMPLEK BALLA PANAKKUKANG,7371031006,Aktif,10,7371031,Rappocini
4178207,TIGA PUTRA JAYA,JL AP PETTARANI RUKO NEW ZAMRUD,7371031008,Aktif,10,7371031,Rappocini
4178649,FIAT PRINT,MONUMEN EMMY SAELAN,7371031006,Aktif,10,7371031,Rappocini
4178904,AGUNG JAYA ABADI,JL MON EMMY SAELAN 3,7371031002,Aktif,10,7371031,Rappocini
4178932,GURELLA,"JL.KARUNRUNG RAYA V NO.70 RT.005 RW.007, KARUNRUNG",7371031002,Aktif,10,7371031,Rappocini
4179669,JAYA BERKARYA,JL KR BONTO TANGNGA,7371031002,Aktif,10,7371031,Rappocini
4181628,ANDYA ARTHA TAMA,JL LANDAK BARU,7371031007,Aktif,10,7371031,Rappocini
4182296,LINGGA JAYA ADVERTISING,KOMP. ANGING MAMIRI RESIDENCE,7371031002,Aktif,10,7371031,Rappocini
4182443,IDESAIN KREASINDO,TIDUNG 7 STP 4,7371031003,Aktif,10,7371031,Rappocini
4183635,TRITUNGGAL BERKAT SEJAHTERA,JL. RAPPOCINI RAYA,7371031008,Aktif,10,7371031,Rappocini
4183907,RAHMAT RODEL,"JL AP PETTARANI KOMPLEK PEMDA BLOK E28/9 RT 004 RW 005, TIDUNG",7371031006,Aktif,10,7371031,Rappocini
4184166,CAHAYA ABADI PRATAMA,JL SULTAN ALAUDDIN,7371031001,Aktif,10,7371031,Rappocini
4184426,DOSS,"JL PELITA RAYA NO 20, BALLA PARANG",7371031010,Aktif,10,7371031,Rappocini
4185385,MAKASSAR AUSTRALIA  STUDY,BTN MINASA UPA,7371031001,Aktif,10,7371031,Rappocini
4185463,TATA LAKSANA KONSTRUKSI,"BTN MINASA UPA BLOK B 9 NO.5, GUNUNG SARI",7371031001,Aktif,10,7371031,Rappocini
4185523,BINTANG REZEKI PRATAMA,JL BONTOMENE 1,7371031007,Aktif,10,7371031,Rappocini
4185954,KARYA ADHI JAYA,"JL TIDUNG MARIOLO LR 2 NO 35 RT 004 RW 001, TIDUNG",7371031006,Aktif,10,7371031,Rappocini
4186875,AMANAH CANTIK INDONESIA,JL TAMALATE I,7371031004,Aktif,10,7371031,Rappocini
4187748,RAMADHAN,"JL.MINASA UPA BLOK M-1 NO.6, GUNUNG SARI",7371031001,Aktif,10,7371031,Rappocini
4187840,TRI WAHANA KARSA,JL KARUNRUNG ASRI,7371031002,Aktif,10,7371031,Rappocini
4189042,LPK NIA,JL TAMALATE III STP 41,7371031003,Aktif,10,7371031,Rappocini
4191080,ELS METARAGA,"JL.TIDUNG IX BLK 9/6 RT.001 RW.005, KASSI-KASSI",7371031004,Aktif,10,7371031,Rappocini
4192420,TRIFHI AL - ADL (NESHIA MEDIKA),JL LANDAK BARU,7371031007,Aktif,10,7371031,Rappocini
4192426,HINDA MEDIKA FARMA,JL MON EMMY SAELAN 3,7371031002,Aktif,10,7371031,Rappocini
4192916,WIRA NANDA,"JL.RSI FAISAL VII NO.8, BANTA-BANTAENG",7371031007,Aktif,10,7371031,Rappocini
4193207,MARIO ININNAWA,KOMP PERMATA HIJAU PERMAI,7371031004,Aktif,10,7371031,Rappocini
4193366,SATU TIGA PERKASA,JL JIPANG PERMAI DP 2,7371031002,Aktif,10,7371031,Rappocini
4193527,NUR AMALIA SESHA,JL BANTA-BANTAENG LR 3,7371031007,Aktif,10,7371031,Rappocini
4193968,PERSADA KONSULTAN,"JL.AP.PETTARANI KOMP.UNM BLOK G.1/1A RT.003 RW.004, TIDUNG",7371031006,Aktif,10,7371031,Rappocini
4195210,PT. INDONESIA LOCAL VICTORY,TALLASALAPANG,7371031001,Aktif,10,7371031,Rappocini
4196550,ADI DARA ANANDA,JL LANDAK BARU,7371031007,Aktif,10,7371031,Rappocini
4197314,NUR ALI MANDIRI,JL NIKEL I,7371031010,Aktif,10,7371031,Rappocini
4197331,MUTIARA PERKASA,"JL.AEROPALA KOMP.BTN MINASA UPA BLOK K.17 NO.24, GUNUNG SARI",7371031001,Aktif,10,7371031,Rappocini
4198809,MEGAH UTAMA,JL TIDUNG MARIOLO,7371031006,Aktif,10,7371031,Rappocini
4198830,INTI GAYA NUSANTARA,JL RAPPOCINI RAYA,7371031009,Aktif,10,7371031,Rappocini
4199766,MARKINDO MITRA USAHA,JL RSI FAISAL XI,7371031007,Aktif,10,7371031,Rappocini
4199771,"JO.PT ADHI KARYA (PERSERO),TBK-PT PASSOKORANG","JL.HERTASNING 11/B.2 RT.000 RW.000, KASSI-KASSI",7371031004,Aktif,10,7371031,Rappocini
4199868,MAKASSAR UTAMA JAYA,JL R.S.I FAISAL 8,7371031007,Aktif,10,7371031,Rappocini
4200935,LEMBAGA MARLY,"JL. MON. EMMY SAELAN NO. 5 RT.004 RW.017, GUNUNG SARI",7371031001,Aktif,10,7371031,Rappocini
4201623,INAWAH PRATAMA,KOMP BTN MINASA SARI,7371031001,Aktif,10,7371031,Rappocini
4202800,MIRZA,JL AROEPALA NO 27 RT 006 RW 011 KASSI-KASSI,7371031004,Aktif,10,7371031,Rappocini
4203539,MAULIDA DUTA SARANA,"JL.AROEPALA SAMPING SMP 40 TEMBUSAN KOMP. ANGGREK MINASA UPA,RT.004/RW.010,GUNUNG SARI",7371031001,Aktif,10,7371031,Rappocini
4203861,MINARA SUPPA KALUWERE,KOMP BTN MINASA UPA,7371031001,Aktif,10,7371031,Rappocini
4204537,PELANGI WISATA MADANIAH,JL TAMALATE I,7371031003,Aktif,10,7371031,Rappocini
4204926,EMPAT GERAK PRATAMA,KOMP MANGASA PERMAI,7371031001,Aktif,10,7371031,Rappocini
4206158,ZAKI PRATAMA JAYA,JALAN SUNGAI SADDANG BARU LORONG IKHLAS,7371031010,Aktif,10,7371031,Rappocini
4207234,JAYA TUNGGAL ARAFAT,BTN MINASA UPA,7371031001,Aktif,10,7371031,Rappocini
4207442,NISCALA CIPTA SINERGI,JALAN BONTO DAENG NGIRATE NOMOR 35 DKOTA MAKASSAR,7371031005,Aktif,10,7371031,Rappocini
4208907,LAUT INDAH,"TALA`SALAPANG KOMP.P&K BLOK L NO.2, GUNUNG SARI",7371031001,Aktif,10,7371031,Rappocini
4209760,SURYA BERINGIN INDAH,JL BERINGIN III,7371031004,Aktif,10,7371031,Rappocini
4210197,MAYA PERSADA,JL MONUMEN EMMY SAELAN,7371031006,Aktif,10,7371031,Rappocini
4213401,YONIN MEDIA,"JL BONTO MENE NO 40 RT.00F RW.006, BANTA-BANTAENG",7371031007,Aktif,10,7371031,Rappocini
4216411,VISI ONE,"JL AROEPALA KOMPLEK RUKO GRAND ROYAL NO 6 RT 002 RW 004, GUNUNG SARI",7371031001,Aktif,10,7371031,Rappocini
4216599,BUMAT CAKRAWALA CEMERLANG,JL HERTASNING II,7371031006,Aktif,10,7371031,Rappocini
4218214,BULAN BINTANG,"JL.KR.BONTOTANGNGA NO.40 RT.002 RW.007, KARUNRUNG",7371031002,Aktif,10,7371031,Rappocini
4219603,SIZ ADVERTISING,"JL TAMALATE 4 STP 20 NO 132, KASSI-KASSI",7371031004,Aktif,10,7371031,Rappocini
4220162,MUTIARA,"KOMP.BPH BUMI A8/4 RT.003 RW.020, GUNUNG SARI",7371031001,Aktif,10,7371031,Rappocini
4221054,BINA BERKARYA BAKTI,JL AROEPALA PERMATA HIJAU PERMAI,7371031004,Aktif,10,7371031,Rappocini
4221549,YASA INTI CONSULTANT,JL KOMP. PERMATA SARI PS III,7371031001,Aktif,10,7371031,Rappocini
4224242,KARYA PRATAMA,"JL.TIDUNG MARIOLO NO.24, TIDUNG",7371031006,Aktif,10,7371031,Rappocini
4224246,KRISNA PRATAMA JAYA,JL. TIDUNG VII,7371031003,Aktif,10,7371031,Rappocini
4224923,LASKAR PELANGI,"JL.AROEPALA SAMPING SMP 40 TEMBUSAN KOMP. ANGGREK MINASA UPA,RT.004/RW.010,GUNUNG SARI",7371031003,Aktif,10,7371031,Rappocini
4226481,CELEBES RAYA,"JL.SUNGAI SADDANG BARU NO.75 B, BALLA PARANG",7371031010,Aktif,10,7371031,Rappocini
4226681,FASTQUAL,JL AROEPALA BTN MINASA UPA BLOK,7371031001,Aktif,10,7371031,Rappocini
4226738,KREASI PANCA MUDA,BTN MINASA UPA BLOK M17,7371031001,Aktif,10,7371031,Rappocini
4227000,LOGOV CELEBES,"JL.PENDIDIKAN RAYA BLOK.P/3, TIDUNG",7371031006,Aktif,10,7371031,Rappocini
4228116,TIMURAMA BOSI INVESTAMA,JL YUSUF DG NGAWING,7371031006,Aktif,10,7371031,Rappocini
4228305,P.O.HASMA,"KOMP.BTN.AGRARIA BLOK.S NO.24, KARUNRUNG",7371031002,Aktif,10,7371031,Rappocini
4228515,FADILLAH,JL. TIDUNG V STP 7,7371031005,Aktif,10,7371031,Rappocini
4228518,SAWEGA UTAMA INVESTAMA,PERMATA HIJAU PERMAI,7371031004,Aktif,10,7371031,Rappocini
4228622,DARUSSALAM MULIA PERKASA,JL HERTASNING BARU MINASA UPA,7371031001,Aktif,10,7371031,Rappocini
4230095,ANTIQAH MEDIA GRAFIQ,JL HERTASNING RAYA TIMUR,7371031004,Aktif,10,7371031,Rappocini
4230805,SEWANG INTAN BERLIAN,JL MAPPALA,7371031006,Aktif,10,7371031,Rappocini
4230966,PALLAWARUKKA,"JL AROEPALA, TAMAN YASMIN INDAH",7371031003,Aktif,10,7371031,Rappocini
4231203,NURCAWA CIPTA UTAMA,LN. RSI.FAISAL XI NO. 19,7371031007,Aktif,10,7371031,Rappocini
4231627,MENTARI PULANA,JL SALEMBA,7371031001,Aktif,10,7371031,Rappocini
4232747,DIGITAL TECHNOLOGY,"KOMP NEW ZAMRUD A/25 RT.000 RW.005, BUAKANA",7371031008,Aktif,10,7371031,Rappocini
4232857,INDAH LESTARI MAKMUR,KOMP. METROPOLITAN,7371031007,Aktif,10,7371031,Rappocini
4233570,TEKNIK SOLUSI SUKSES,JL MON EMMY SAELAN,7371031006,Aktif,10,7371031,Rappocini
4234031,DUTA IRAMA INDONESIA,JL.LETJEN HERTASNING,7371031004,Aktif,10,7371031,Rappocini
4235109,BINA AGRO NUSA,JL AP PETTARANI KOMP PEMDA,7371031006,Aktif,10,7371031,Rappocini
4235147,BERKAH AMALIA,PERMATA HIJAU LESTARI,7371031004,Aktif,10,7371031,Rappocini
4235423,SUMMA MANDIRI SEJAHTERA,JL RSI FAISAL XII,7371031007,Aktif,10,7371031,Rappocini
4235477,RIFQAH MANDIRI CARGO,JL WIJAYA KUSUMA,7371031007,Aktif,10,7371031,Rappocini
4235528,GASINA PT,JALAN LANDAK LAMA NO 47,7371031008,Aktif,10,7371031,Rappocini
4237036,PRAKARSA UTAMA MAKASSAR,JL TIMAH 1 BLOK,7371031010,Aktif,10,7371031,Rappocini
4237337,ARSA MANDIRI,JL TAMALATE 2,7371031003,Aktif,10,7371031,Rappocini
4237372,MAKASSAR NETWORK INTEGRINDO,JL PENDIDIKAN I B3,7371031006,Aktif,10,7371031,Rappocini
4237642,SHALOM ART,JL RAPPOCINI RAYA,7371031009,Aktif,10,7371031,Rappocini
4239277,MANNYINGARRI INDTIM,"JL.RAPPOCINI RAYA NO.34, RAPPOCINI",7371031009,Aktif,10,7371031,Rappocini
4239530,AURA SHANUM MEKAR,KOMPLEKS GRAHA HASIRAH PERMAI D 8,7371031001,Aktif,10,7371031,Rappocini
4240131,LEMBAGA KONSULTASI DAN BANTUAN HUKUM LIGHT JUSTITIA,BTN MINASA UPA,7371031001,Aktif,10,7371031,Rappocini
4240164,SUARA PUBLIK INDONESIA,"KOMPLEK ANGING MAMIRI RESIDENCE BLOK E1/16, KARUNRUNG",7371031002,Aktif,10,7371031,Rappocini
4240223,PYRAMID,"JL. MAPPALA BLOK A.3 NO. 9 RT.004 RW.004, TIDUNG",7371031006,Aktif,10,7371031,Rappocini
4243148,AKUSARA ENGINEERING,JL. AROEPALA,7371031004,Aktif,10,7371031,Rappocini
4244369,PRIMA KASTURI,"JL.PELITA RAYA A.46 NO.4 RT.002 RW.006, BUAKANA",7371031008,Aktif,10,7371031,Rappocini
4244429,BUNDARAN EMAS,JL KOMPLEK PERMATASARI KOMPLEK PS,7371031001,Aktif,10,7371031,Rappocini
4244701,LORDSA DISPO MANDIRI,JL AP PETTARANI,7371031006,Aktif,10,7371031,Rappocini
4245285,RAFKA GEMILANG KONSTRUKSI,JALAN BUAKANA,7371031008,Aktif,10,7371031,Rappocini
4245414,BUMI GORA INTI SEJAHTERA,JL MONUMEN EMMY SAELAN,7371031003,Aktif,10,7371031,Rappocini
4245734,LINGKAR CELEBES,JL AROEPALA NO 41 LT 3,7371031004,Aktif,10,7371031,Rappocini
4246051,FRAN,JALAN RAPPOCINI,7371031008,Aktif,10,7371031,Rappocini
4246338,CHRISTIO JAYA SAKTI,"BTN MINASA UPA BLOK C6/5 RT 001 RW 013, GUNUNG SARI",7371031001,Aktif,10,7371031,Rappocini
4246444,MIFSUI FAMILY,JL RAYA PENDIDIKAN (BALLA PANAKKUKANG),7371031007,Aktif,10,7371031,Rappocini
4247531,SUKSES SEMBILAN GRAFIKA,JL SUNGAI SADDANG,7371031010,Aktif,10,7371031,Rappocini
4248961,DED JAYA KARYA KONSULTAN,JL. LANDAK BARU LRG. 9,7371031007,Aktif,10,7371031,Rappocini
4249105,ALFIKA UTAMA SEJAHTERA,JL BTN MINASA UPA,7371031,Aktif,7,7371031,Rappocini
4250613,ANUGRAH KARYA ENERGI,JL. KARUNRUNG RAYA II,7371031002,Aktif,10,7371031,Rappocini
4252379,AURORA MITRA MANDIRI,JL MAHONI,7371031004,Aktif,10,7371031,Rappocini
4252962,PRABU SILIWANGI,JL MINASA UPA BTN MINASA UPA,7371031009,Aktif,10,7371031,Rappocini
4253331,QIVLAN MAKMUR ABADI,JL SULTAN ALAUDDIN KOMP PERMATA SARI,7371031001,Aktif,10,7371031,Rappocini
4253803,NAYARA PUTRI,"JL SKARDA I NO 262 RT 005 RW 002, TIDUNG",7371031006,Aktif,10,7371031,Rappocini
4253888,MEGA SARO UTAMA,JL BTN MINASA UPA,7371031,Aktif,7,7371031,Rappocini
4254249,EMPAT PUTRA,"JL MONUMEN EMMY SAELAN 4 NO 100 RT.003 RW.002, TIDUNG",7371031006,Aktif,10,7371031,Rappocini
4254433,AMAL WAKAF HIJAU HITAM,BTN MINASA UPA,7371031001,Aktif,10,7371031,Rappocini
4254537,ADNAN KREASI DESIGN,KOMP BTN. MINASA UPA BLOK AB,7371031,Aktif,7,7371031,Rappocini
4255464,KLINIK SEHAT,JL PENGAYOMAN RUKO MIRAH,7371031008,Aktif,10,7371031,Rappocini
4255775,DATATAMA MITRA BERDAYA,JL MONGINSIDI BARU,7371031010,Aktif,10,7371031,Rappocini
4256327,DEDI UTAMA,"JL.RAPPOCINI RAYA LR.9E/I8 RT.005 RW.005, BUAKANA",7371031008,Aktif,10,7371031,Rappocini
4256755,DAMEKA PLAN,KOMP ANGING MAMMIRI RESIDENCE BLOK,7371031002,Aktif,10,7371031,Rappocini
4256873,AMANAH UTAMA KASUWIYANG,KOMP AGRARIA,7371031002,Aktif,10,7371031,Rappocini
4257829,PUTRI KEMBAR REJEKI,KOMPLEK ANGING MAMIRI,7371031002,Aktif,10,7371031,Rappocini
4258811,ISOINDO PRATAMA,JL SULTAN ALAUDDIN RUKO BPH,7371031001,Aktif,10,7371031,Rappocini
4259807,ORIE PRATAMA,"JL RSI FAISAL 17 NO 24 RT.003 RW.008, BANTA-BANTAENG",7371031007,Aktif,10,7371031,Rappocini
4260142,CIPTA BARA BATA,JL AP PETTARANI RUKO NEW ZAMRUD,7371031008,Aktif,10,7371031,Rappocini
4261194,PUJI KAWA,"TIDUNG MARIOLO NO.12A, TIDUNG",7371031006,Aktif,10,7371031,Rappocini
4261346,DHARMA BHAKTI PERSADA,JL HERTASNING I,7371031006,Aktif,10,7371031,Rappocini
4264016,ARTA TOUR TRAVEL,JL TAMALATE 1,7371031004,Aktif,10,7371031,Rappocini
4265562,"PT ADHI KARYA-PT MINARTA DUTAHUTAMA, KSO",JL LETJEN HERTASNING,7371031004,Aktif,10,7371031,Rappocini
4265600,CANDRADIMUKA,BTN MINASA UPA,7371031001,Aktif,10,7371031,Rappocini
4265700,TRIASA UTAMA,JL BTN MINASA UPA,7371031,Aktif,7,7371031,Rappocini
4265924,ADI LESTARI ABADI,JL ANDI DJEMMA LR 6,7371031007,Aktif,10,7371031,Rappocini
4266711,PUTRA SIDRAP MANDIRI,JL TODDOPULI I,7371031004,Aktif,10,7371031,Rappocini
4267077,MEDIA AGUNG NUSANTARA,JL WIJAYA KUSUMA I,7371031007,Aktif,10,7371031,Rappocini
4268002,ONE ENOVASI GLOBAL,"JL A P PETTARANI NO 89 RT 002 RW 004, BUAKANA",7371031008,Aktif,10,7371031,Rappocini
4268199,GLASSINDO SINAR PRIMA,JL HERTASNING BARU (AROEPALA),7371031003,Aktif,10,7371031,Rappocini
4269060,TIGA 12,JL SUNGAI SADDANG LR MU'MIN 2,7371031010,Aktif,10,7371031,Rappocini
4269433,ANUGERAH YABES ENERGI INDOTAMA,KOMPLEKS RUKAN NOMOR 5,7371031006,Aktif,10,7371031,Rappocini
4269970,GESIT TIMUR INDONESIA,"ANGING MAMMIRI RESIDENCE BLOK F3/4, JL AROEPALA",7371031002,Aktif,10,7371031,Rappocini
4270337,MARAJA PUTRA KONSULTAN,"JL.TODDOPULI 19 NO.205/01 RT.004 RW.009, KASSI-KASSI",7371031004,Aktif,10,7371031,Rappocini
4270338,BUMI PANRITA INDONESIA,JL KARUNRUNG RAYA (DEKAT PONDOK MULTAZAM),7371031002,Aktif,10,7371031,Rappocini
4271903,BERLIAN,JL LANDAK BARU / BONTO LANRA,7371031007,Aktif,10,7371031,Rappocini
4272786,QUEENA MANDIRI SUKSES,JL BERINGIN 5,7371031004,Aktif,10,7371031,Rappocini
4273157,PUTRI BINAMU,JL PERUM BUMI BOSOWA PERMAI BLOK A2,7371031001,Aktif,10,7371031,Rappocini
4273550,ETOS MEDIA UTAMA,JL RSI FAISAL RAYA,7371031007,Aktif,10,7371031,Rappocini
4275109,SURYA BINTANG MAS,"KOMP.NEW ZAMRUD BLOK D/4, BUAKANA",7371031008,Aktif,10,7371031,Rappocini
4275805,MARINA GLOBAL INDUSTRI,BTN  MINASAUPA BLOK J.4 NOMOR 17,7371031001,Aktif,10,7371031,Rappocini
4275810,CAHAYA DWI UTAMA,KOMP KARUNRUNG,7371031002,Aktif,10,7371031,Rappocini
4276334,GATRA`S`,JL PELITA RAYA A22,7371031010,Aktif,10,7371031,Rappocini
4276532,THE SENTINEL,JL.TIDUNG VI,7371031003,Aktif,10,7371031,Rappocini
4276954,JIZAN PERDANA MANDIRI,JL HERTASNING BLOK E26/12A,7371031006,Aktif,10,7371031,Rappocini
4276974,ARTHA,JL MONUMEN EMMY SAELAN MAKKIO BAJI,7371031006,Aktif,10,7371031,Rappocini
4277139,RESTHU ANUGERAH,"EMMY SAELAN III/E NO 16, TIDUNG",7371031006,Aktif,10,7371031,Rappocini
4278126,ESHAN,JL LANDAK BARU,7371031007,Aktif,10,7371031,Rappocini
4278789,GURELLA PERSADA SAKTI,JL KARUNRUNG RAYA V,7371031002,Aktif,10,7371031,Rappocini
4278880,PERMATA AGUNG,"JL.TODDOPULI I STP.3 BLK.24 NO.117 RT.001 RW.006, KASSI-KASSI",7371031004,Aktif,10,7371031,Rappocini
4280172,EMILINDO,JL BOULEVARD KOMPLEK NEW ZAMRUD,7371031008,Aktif,10,7371031,Rappocini
4281408,OME TRADING COY,"JL.AKIK HIJAU BLK C/7, GUNUNG SARI",7371031001,Aktif,10,7371031,Rappocini
4281647,ANUGRAH MAGELLO NUSANTARA,JL RAPPOCINI RAYA,7371031008,Aktif,10,7371031,Rappocini
4281911,MAKKELO PUTERA MANDIRI,JL RAYA PENDIDIKAN,7371031006,Aktif,10,7371031,Rappocini
4282441,SUDAN G,JL BONTO LANGKASA,7371031007,Aktif,10,7371031,Rappocini
4283077,RIZTECH MULTI PRIMA CEMERLANG,JL HERTASNING RAYA,7371031001,Aktif,10,7371031,Rappocini
4283116,DANA MULTI GLOBAL MANDIRI,JL RAPPOCINI RAYA,7371031009,Aktif,10,7371031,Rappocini
4284113,KHANSA RAFANI TRAVELINDO,JL LANDAK BARU,7371031007,Aktif,10,7371031,Rappocini
4285255,INDIGO MULIA,JL RAPPOCINI RAYA LR 1 NO 34 RT 000 RW 000 RAPPOCINI,7371031009,Aktif,10,7371031,Rappocini
4285322,FADHEL UTAMA,"KOMPLEK PERMATA HIJAU LESTARI BLOK P14/2, KASSI-KASSI",7371031004,Aktif,10,7371031,Rappocini
4286477,ATY MAPPAKANGKA,JL SULTAN ALAUDDIN,7371031001,Aktif,10,7371031,Rappocini
4286961,PUTERA MAKASSAR PERKASA,JL AP PETTARANI KOMP NEW ZAMRUD,7371031008,Aktif,10,7371031,Rappocini
4287210,ANUGRAH IYAN PRATAMA,JL BTN MINASA UPA,7371031,Aktif,7,7371031,Rappocini
4287537,NISA BANGUNINDO KONSULTAN,JL TODDOPULI VI PURI TAMAN SARI BLOK,7371031004,Aktif,10,7371031,Rappocini
4289261,ISMUL AZAM,"JL TEDUH BERSINAR KOMP GRIYA FAJAR MAS B1 NO 15 RT 002 RW 022, GUNUNG SARI",7371031001,Aktif,10,7371031,Rappocini
4289352,DUA SATU ENAM MAKASSAR,JL AP PETTARANI,7371031006,Aktif,10,7371031,Rappocini
4290281,TUJUH BELAS UTAMA,JL TALASALAPANG PERUM GRIYA TALASALAPANG,7371031001,Aktif,10,7371031,Rappocini
4290487,BANK PEMBIAYAAN RAKYAT SYARIAH INDO TIMUR,JL RAPPOCINI RAYA,7371031008,Aktif,10,7371031,Rappocini
4290526,CAHAYA PELITA,JL PELITA RAYA,7371031008,Aktif,10,7371031,Rappocini
4290739,SINAR GEMILANG,JL ST.ALAUDDIN BUMI PERMATA HIJAU,7371031001,Aktif,10,7371031,Rappocini
4290995,SINAR SAPUTRA,BTN MINASA UPA,7371031,Aktif,7,7371031,Rappocini
4291191,ROMIN PRATAMA,"JL.TALASALAPANG NO.8 RT.004 RW.015, GUNUNG SARI",7371031001,Aktif,10,7371031,Rappocini
4292342,PENGAWAL PUTRA MAKASSAR,JL. HERTASNING BARU PERUMAHAN HALMIN RESIDENCE BLOK A NO. 1,7371031003,Aktif,10,7371031,Rappocini
4292385,SUMBER KARYA AGUNG,HERTASNING KOMPLEKS PALM MAS,7371031008,Aktif,10,7371031,Rappocini
4292596,BERKAH CIPTA SARANA,KOMP BTN MINASA SARI,7371031,Aktif,7,7371031,Rappocini
4292612,SINAR PUTERA MANDIRI,"KOMPLEK PURI TAMAN SARI BLOK C2/7 RT.002 RW.012, KASSI-KASSI",7371031004,Aktif,10,7371031,Rappocini
4292739,SUMBER INTI SEJAHTERA MAKASSAR,JL JIPANG RAYA 3 PERUM KARUNRUNG RESIDENCE,7371031002,Aktif,10,7371031,Rappocini
4292838,HARY BINTANG PRATAMA,JALAN PELITA RAYA VI NOMOR C1,7371031008,Aktif,10,7371031,Rappocini
4293035,ANDRY BINTANG CEMERLANG,JL SULTAN ALAUDDIN KOMP GRIYA FAJAR MAS,7371031001,Aktif,10,7371031,Rappocini
4293372,CAHAYA BALLA LOMPOA,JL TALASALAPANG,7371031001,Aktif,10,7371031,Rappocini
4293468,TO BUKI PUTRA KUMARA,JL A. DJEMMA,7371031007,Aktif,10,7371031,Rappocini
4293715,YAYASAN SYAJARATIN THAYYIBAH MUBAARAKAH,"JL. MONUMEN EMMY SAELAN 3, KOMPLEKS GRAHA HASIRAH PERMAI",7371031001,Aktif,10,7371031,Rappocini
4294173,KAHANDA TEKNIK,TIDUNG 3,7371031006,Aktif,10,7371031,Rappocini
4294587,CITA LESTARI KREASI ABADI,BTN MINASA UPA BLOK F 14 NOMOR 6,7371031,Aktif,7,7371031,Rappocini
4294972,RESKIA FADILINDO,"JL TIDUNG 7 STP 9 NO 157 RT 002 RW 007, MAPPALA",7371031003,Aktif,10,7371031,Rappocini
4296564,MEDIA KARYA,JL JIPANG RAYA RUKO VILLA MEGA SARI,7371031001,Aktif,10,7371031,Rappocini
4297515,TRI TUNGGAL PERKASA,JL BUAKANA KOMP PERTAMINA,7371031008,Aktif,10,7371031,Rappocini
4298139,YURIID,AP PETTARANI KOMPLEKS PERKANTORAN NEW ZAMRUD C10,7371031008,Aktif,10,7371031,Rappocini
4298245,PUTRA SAKURA UTAMA,"JALAN RAPPOCINI RAYA, LORONG 2 NOMOR 17.",7371031009,Aktif,10,7371031,Rappocini
4298496,FANS AREA,"BTN MINASA UPA BLOK L8/17 RT.003 RW.008, GUNUNG SARI",7371031001,Aktif,10,7371031,Rappocini
4298796,SURYA INTI ANUGERAH,JL BTN MINASA UPA,7371031001,Aktif,10,7371031,Rappocini
4299214,ANUGERAH ABADI,"JL.RAPPOCINI RAYA NO.181 F, BUAKANA",7371031008,Aktif,10,7371031,Rappocini
4299924,ADLU PUTRA,"JL.RAPPOCINI RAYA NO.210 RT.004 RW.002, BUAKANA",7371031008,Aktif,10,7371031,Rappocini
4299940,SATYA USAHA VETERINA,"JL RAYA PENDIDKAN KOMP UNM BLOK F2 NO 8 RT 001 RW 004, TIDUNG",7371031006,Aktif,10,7371031,Rappocini
4301383,PERISAI MARAJA PERKASA,"BTN MINASA UPA BLOK K14/18, GUNUNG SARI",7371031001,Aktif,10,7371031,Rappocini
4301508,IKA ANUGRAH RAYA,JL TIMAH I A,7371031010,Aktif,10,7371031,Rappocini
4301630,AWALINDO TEKNIK PERKASA,PERUMAHAN BUMI PESONA PELANGI JL. BIRU NO. 10,7371031001,Aktif,10,7371031,Rappocini
4302388,LAMDAS NAHARA TEKNIK,JALAN SKARDA N PERUMAHAN GRAHA BATARA KENCANA NOMOR 4.,7371031001,Aktif,10,7371031,Rappocini
4303156,SITRAH ARYAPERDANA,BANTA BANTAENG BTN AYU LESTARI,7371031007,Aktif,10,7371031,Rappocini
4303436,PRIBUMI MINERAL NUSANTARA,JL. SUTAN ALAUDDIN RUKO GUNUNG SARI,7371031001,Aktif,10,7371031,Rappocini
4305031,ABADI KARYA NUSANTARA,JL MINASA UPA RESIDENCE BLOK,7371031001,Aktif,10,7371031,Rappocini
4305648,AZKA LATIFHA MULTIMEDIA,JL LANDAK BARU LR 3,7371031007,Aktif,10,7371031,Rappocini
4306275,INIXINDO MAGGURU MACCA CEMERLANG,JL NIKEL I BLOK,7371031010,Aktif,10,7371031,Rappocini
4307524,KARIMAH,"JL.TALASALAPANG NO.11 RT.001 RW.014, GUNUNG SARI",7371031001,Aktif,10,7371031,Rappocini
4307594,GRAVINDO JAYA,"JL MONGINSIDI BARU NO 36 RT.004 RW.005, RAPPOCINI",7371031009,Aktif,10,7371031,Rappocini
4308291,PELANGI NUSANTARA,JL BTN MINASA UPA,7371031001,Aktif,10,7371031,Rappocini
4309175,HAFSAH INTAN MUSTAFA NURI,JL SKARDA,7371031001,Aktif,10,7371031,Rappocini
4309430,SAMBAS PUTRA,"BTN MINASA UPA BLOK D 9 NO.20 RT.005 RW.007, GUNUNG SARI",7371031001,Aktif,10,7371031,Rappocini
4309638,BANGUN CIPTA ARSITEKTUR,BERINGIN RAYA,7371031004,Aktif,10,7371031,Rappocini
4310060,KARYA MUDA PERKASA,JL MAPPALA IV BLOK E 29 NO 22,7371031006,Aktif,10,7371031,Rappocini
4310149,BUMI DAYA MANDIRI,JL HERTASNING I,7371031006,Aktif,10,7371031,Rappocini
4310183,ESA MAHKOTA INSANI,JL. KARUNRUNG HRS BUILDING 4 TH FLOOR NO. 23 A,7371031002,Aktif,10,7371031,Rappocini
4311437,BUMI DAYA MANDIRI,"JLN.HERTASNING I NO.7 RT.001 RW.006, TIDUNG",7371031006,Aktif,10,7371031,Rappocini
4311846,TRITAS BANGUN KARYA,JL HERTASNING BARU PERUM ANGING MAMIRI,7371031002,Aktif,10,7371031,Rappocini
4311933,RICOOL TEHNIK,JL BONTOMENE 1,7371031007,Aktif,10,7371031,Rappocini
4312318,KUMALA SUKSES SEJAHTERA,JL. A. P. PETTARANI KAV. E18 NO. 11,7371031006,Aktif,10,7371031,Rappocini
4315456,MEGA ELPUTRA,"JL.BANTA-BANTAENG LR.3 NO.5, BANTA-BANTAENG",7371031007,Aktif,10,7371031,Rappocini
4316016,KARYA CASA,JL MONUMEN EMMY SAELAN,7371031006,Aktif,10,7371031,Rappocini
4316672,ALKAWTHAR NUSA WISATA,JL. BTN MINASA UPA BLOK B8 / 11,7371031001,Aktif,10,7371031,Rappocini
4317961,MULTI WIJAYA KONSTRUKSI,"JL HERTASNING BARU, AROEPALA PERUM BELMONT BLOK B",7371031004,Aktif,10,7371031,Rappocini
4318032,AGATA PRIMA PERKASA,JL SULTAN ALAUDDIN KOMP GRIYA FAJAR MAS,7371031001,Aktif,10,7371031,Rappocini
4318361,MASSULO TEKNIK PERKASA,JL LANDAK BARU LR 3,7371031007,Aktif,10,7371031,Rappocini
4318980,TRIAS MANAGEMENT,JL PALM RAYA,7371031004,Aktif,10,7371031,Rappocini
4320909,BERKAH CITRA CEMERLANG,JL LETJEN HERTASNING,7371031006,Aktif,10,7371031,Rappocini
4321139,SARARA FORMOSA PERKASA,JL RAPPOCINI RAYA,7371031009,Aktif,10,7371031,Rappocini
4321361,ALAM SEJUK TEKNIK,JL KR BONTOTANGNGA,7371031002,Aktif,10,7371031,Rappocini
4321751,PANRITA FARM,JL. TIDUNG 1,7371031005,Aktif,10,7371031,Rappocini
4321871,ARAYAH INDO TEKNIK,KOMP ANGING MAMMIRI RESIDENCE,7371031002,Aktif,10,7371031,Rappocini
4321913,WILDA SETIA KARYA,JL BONTO LANGKASA,7371031006,Aktif,10,7371031,Rappocini
4322375,SAMUDERA HIMALAYA,"JL TIDUNG VII STP 6 NO 219 RT 004 RW 007, MAPPALA",7371031003,Aktif,10,7371031,Rappocini
4322706,DUA PUTRA,"JL.M.EMMY SAELAN NO.7, GUNUNG SARI",7371031001,Aktif,10,7371031,Rappocini
4323476,LPK/ LKP MODIS,MONUMEN EMMY SAELAN,7371031001,Aktif,10,7371031,Rappocini
4323701,LEMBAGA KHALIFAH,"JL RSI FAISAL X NO 2, BANTA-BANTAENG",7371031007,Aktif,10,7371031,Rappocini
4324095,JAUZAA MANDIRI KONSULTAN,JL. AROEPALA HERTASNING BARU PERMATA HIJAU TEGAL,7371031004,Aktif,10,7371031,Rappocini
4325556,LPK PUSPITA DEWI,"JL.TALASSALAPANG BPH PLAZA M.1/16, KARUNRUNG",7371031002,Aktif,10,7371031,Rappocini
4325925,MARALA MOVERS MAKASSAR,JL.TODDOPULI VI BORONG INDAH 10,7371031004,Aktif,10,7371031,Rappocini
4326168,STUDIO DELAPAN BELAS,JL MONUMEN EMMY SAELAN III KOMP AGRARIA,7371031002,Aktif,10,7371031,Rappocini
4326337,527 PUTRA SELATAN,JALAN SUNGAI SADDANG NOMOR 75,7371031010,Aktif,10,7371031,Rappocini
4327287,MARGA ELEKTRICAL NUSANTARA,"JL RAPPOCINI RAYA LR 9 NO 24 RT 006 RW 005, BUAKANA",7371031008,Aktif,10,7371031,Rappocini
4328568,KB PAUD LORONG NUR AZIZAH,JL BANTA-BANTAENG,7371031007,Aktif,10,7371031,Rappocini
4328643,ANDIRA,BTN MINASA UPA,7371031001,Aktif,10,7371031,Rappocini
4329522,AIRA PRATAMA MANDIRI,JL RAPPOCINI RAYA 9,7371031008,Aktif,10,7371031,Rappocini
4330825,SURINDA SAKTI TOURS,GRAHA MAPPALA PERMAI,7371031006,Aktif,10,7371031,Rappocini
4330884,DAFINA JELAJAH INTERNASIONAL,JL NIKEL 2,7371031010,Aktif,10,7371031,Rappocini
4330986,TRIPUTRA GOWATA MANDIRI,MAKASSAR,7371031007,Aktif,10,7371031,Rappocini
4331030,LEMBAGA EASY COURSE,BTN MINASA UPA,7371031002,Aktif,10,7371031,Rappocini
4331114,GARIS GLOBAL GIANINDO,JL SKARDA N BTN MANGASA PERMAI,7371031001,Aktif,10,7371031,Rappocini
4332996,PT ADHI KARYA (JO) - PT WIJAYA KARYA,JL LETJEN HERTASNING,7371031004,Aktif,10,7371031,Rappocini
4334211,BANGSA JAYA,JL RAPPOCINI RAYA LR.5C,7371031009,Aktif,10,7371031,Rappocini
4334359,MAKAJAYA NUSAPRATAMA,JL AP PETTARANI,7371031006,Aktif,10,7371031,Rappocini
4334575,MAJU JAYA MANDIRI SEJAHTERA,JL TALASALAPANG PERUM GRAHA ASRI ESTATE BLOK,7371031001,Aktif,10,7371031,Rappocini
4336660,DWI AMPERA JAYA,JL. TALASALAPANG KOMP. RUKOTALASALAPANG NOMOR 06,7371031002,Aktif,10,7371031,Rappocini
4337331,DWIDYA SISTHA WICAKSANA,BTN TIMURAMA BLOK A/3 (1),7371031010,Aktif,10,7371031,Rappocini
4337358,FAAZA ABADI MANDIRI,KOMP BTN MINASA UPA BLOK D7,7371031,Aktif,7,7371031,Rappocini
4338921,FIRMA HUKUM HAMZARA,JL HERTASNING RAYA,7371031005,Aktif,10,7371031,Rappocini
4339364,TRI AMIRAH,JL RAYA PENDIDIKAN II,7371031006,Aktif,10,7371031,Rappocini
4339640,SAORAJA GLAMPING,JL PERUM TAMAN YASMIN,7371031003,Aktif,10,7371031,Rappocini
4339815,TIMUR UTAMA WISATA,JL MINASA UPA,7371031,Aktif,7,7371031,Rappocini
4340278,REZKI REVOLUTION,JL HERTASNING VII KAV 11C,7371031006,Aktif,10,7371031,Rappocini
4340454,PUTRA UTAMA JAYA,JL HERTASNING,7371031006,Aktif,10,7371031,Rappocini
4340786,MADENA WISATA,JL AP PETTARANI RUKO NEW ZAMRUD,7371031008,Aktif,10,7371031,Rappocini
4342276,BUMI BHAKTI JATIDIRI,"JL.EMI SAELAN KOMP.BTN.AGRARIA BLOK.S/24 RT.006 RW.002, KARUNRUNG",7371031002,Aktif,10,7371031,Rappocini
4342436,MEGAKARSA PERMAI,JL TAMALATE III,7371031003,Aktif,10,7371031,Rappocini
4342662,TRIO ADJI MANDIRI,"JL.TIDUNG VI STP.2 NO.39 RT.001 RW.004, MAPPALA",7371031003,Aktif,10,7371031,Rappocini
4343044,KEMANGI TAMALATEA,JL WIJAYA KUSUMA 3 BLOK,7371031007,Aktif,10,7371031,Rappocini
4344847,LAW FIRM ARN AND ASSOCIATES,JL HERTASNING BARU,7371031004,Aktif,10,7371031,Rappocini
4345550,NIFIRA WAHANA KONSTRUKSI,JL HERTASNING VIII,7371031006,Aktif,10,7371031,Rappocini
4345940,LISMAYANA,JL CILALLANG JAYA LR 2,7371031008,Aktif,10,7371031,Rappocini
4346346,ELKOM,JL PELITA RAYA,7371031010,Aktif,10,7371031,Rappocini
4346430,REZKI PRATIWI,"BTN MINASA UP BLOK D.7 NO.12, GUNUNG SARI",7371031001,Aktif,10,7371031,Rappocini
4346783,TUNAS BELANTARA,JL FAISAL XVI,7371031007,Aktif,10,7371031,Rappocini
4347833,NURUL ASIAH,JL RUTAN,7371031001,Aktif,10,7371031,Rappocini
4348382,MEIDA WISATA,JL AP PETTARANI KOMPLEKS NEW ZAMRUD,7371031008,Aktif,10,7371031,Rappocini
4348652,AIRA MEDIA KREASI,"BTN MINASA UPA BLOK L5/22 RT 002 RW 008, GUNUNG SARI",7371031001,Aktif,10,7371031,Rappocini
4348817,CV MITRA KARYA SOLID,JALAN KARUNRUNG RAYA NO. 99,7371031002,Aktif,10,7371031,Rappocini
4349378,WIN ACCESS TELECOMMUNICATION,JL RAPPOCINI RAYA,7371031008,Aktif,10,7371031,Rappocini
4349475,EKA SAFIR WISATA,"JL RAPPOCINI RAYA LR 5 NO 23 RT.002 RW.004, RAPPOCINI",7371031009,Aktif,10,7371031,Rappocini
4350334,BARITO UTAMA,JL TIDUNG IX STP 2 NO 80 RT 002 RW 005 KASSI-KASSI,7371031004,Aktif,10,7371031,Rappocini
4350340,LEMBAGA KURSUS DAN PELATIHAN ANINDYA,PERUM. BTN. MINASA UPA,7371031,Aktif,7,7371031,Rappocini
4351378,AIRMAS PANTERO TEKNOLOGI,JL SUNGAI SADDANG BARU,7371031010,Aktif,10,7371031,Rappocini
4353555,MITRA JAYA,JL WIJAYA KUSUMA 1,7371031009,Aktif,10,7371031,Rappocini
4354239,CV. ALIF AYASHA KONSTRUKSI,FAISAL XIV,7371031007,Aktif,10,7371031,Rappocini
4354285,DEMOTE SUKSES MANDIRI,JL RAYA PENDIDIKAN KOMPLEK UNM,7371031006,Aktif,10,7371031,Rappocini
4354809,MULTI PROC 22,BTN BUMI BOSOWA PERMAI,7371031001,Aktif,10,7371031,Rappocini
4355090,AA TEHNIK,"JL.TIDUNG V BLOK 16 NO.12 RT.003 RW.004, BONTO MAKKIO",7371031005,Aktif,10,7371031,Rappocini
4356331,WICAKSANA PUTRA PERTAMA,"KOMPLEKS GRIYA FAJAR MAS BLOK B/11, GUNUNG SARI",7371031001,Aktif,10,7371031,Rappocini
4356539,KASIH DAN SAYANG,"SUNGAI SADDANG BARU LR BERKAH NO 2A RT.005 RW.001, BALLA PARANG",7371031010,Aktif,10,7371031,Rappocini
4356632,JO. PT.PEMBANGUNAN PERUMAHAN (PERSERO)- ITOCHU CORPORATION,JL HERTASNING RAYA,7371031004,Aktif,10,7371031,Rappocini
4356651,CAKRA,"JL.RAPPOCINI RAYA NO.89A, RAPPOCINI",7371031009,Aktif,10,7371031,Rappocini
4356787,RUMAH MEDIA SULSEL,JL AP PETTARANI KOMPLEK NEW RUKO ZAMRUD,7371031008,Aktif,10,7371031,Rappocini
4356879,KHALIZAA PUTRINA TUNGGAL,JL HERTASNING BARU PERUM PERMATA HIJAU PERMAI BLOK,7371031004,Aktif,10,7371031,Rappocini
4357180,LAWARA AGROTAMA,JL BTN MINASA UPA,7371031001,Aktif,10,7371031,Rappocini
4357460,MARAKKA MEDIFARMAINDO MANDIRI,JL AL IKHLAS,7371031001,Aktif,10,7371031,Rappocini
4358223,PUTRA RAFAN ALFAREZKI,JL PELITA RAYA TENGAH,7371031010,Aktif,10,7371031,Rappocini
4358343,KENSHU GLOBALINDO,"JL.PELITA TENGAH BLOK A 1 A 2 B RT.003 RW.009, BALLA PARANG",7371031010,Aktif,10,7371031,Rappocini
4358879,RESKI SINAR GEMILANG,JL TAMALATE 5,7371031004,Aktif,10,7371031,Rappocini
4359115,MW JAYA,JALAN HERTASNING BARU / AROEPALA BELMONT RESIDENCE,7371031004,Aktif,10,7371031,Rappocini
4360703,CAHAYA ANUGRAH,JL SULTAN ALAUDDIN KOMP PERMATA SARI 6,7371031001,Aktif,10,7371031,Rappocini
4361217,ANANDA NURUL HAROMAIN,JL LANDAK BARU,7371031007,Aktif,10,7371031,Rappocini
4361873,PUTRA TUNGGAL UTAMA,JL. AROEPALA KOMP. ANGING MAMIRI,7371031002,Aktif,10,7371031,Rappocini
4362041,TOCIPTA SARANA ABADI,RUKO ALAUDDIN PLAZA OFF,7371031001,Aktif,10,7371031,Rappocini
4362355,PARABUS KARYA MANDIRI,JL BORONG INDAH KOMP PONDOK ASRI BLOK,7371031004,Aktif,10,7371031,Rappocini
4363166,AINI CAHAYA LESTARI,JL SKARDA N KOMP. MANGASA PERMAI,7371031001,Aktif,10,7371031,Rappocini
4363497,ZAM ZAM ABADI,BTN MINASA UPA,7371031,Aktif,7,7371031,Rappocini
4363671,BETEL KARYA LUMBUNG,JL WIJAYA KUSUMA 1,7371031007,Aktif,10,7371031,Rappocini
4364274,MEGA REZKY ABADI,"JL MONUMEN EMMY SAELAN III DBLOK 1 NO 9 RT 004 RW 002, TIDUNG",7371031006,Aktif,10,7371031,Rappocini
4364370,DITHA JAYA UTAMA,JL TAMALATE 3,7371031003,Aktif,10,7371031,Rappocini
4364478,SUKSES DIGITAL,"JL PELITA RAYA NO 22 RT 003 RW 001, BALLAPARANG",7371031010,Aktif,10,7371031,Rappocini
4364523,CITRA INTAN INSANI,"JL MONGINSIDI BARU, RUKO PURI MUTIARA SQUARE",7371031009,Aktif,10,7371031,Rappocini
4365905,FIRAFI ANANDA UTAMA,JL TAMALATE I,7371031004,Aktif,10,7371031,Rappocini
4365990,EY UTAMA MANDIRI,"JL.PURI TAMAN SARI BLOK D.2 NO.14, KASSI-KASSI",7371031004,Aktif,10,7371031,Rappocini
4367814,ANUGRAH CIPTA CEMERLANG,"JL SULTAN ALAUDDIN LR AL-AZHAR  NO I A RT 001 RW 006, GUNUNG SARI",7371031001,Aktif,10,7371031,Rappocini
4367875,ALIFAH KONSTRUKSI,JL. KARUNRUNG ASRI BLOK D/10,7371031002,Aktif,10,7371031,Rappocini
4368320,SUMBER GAS JAYAABADI,JL MONGINSIDI BARU PURI MUTIARA 1,7371031010,Aktif,10,7371031,Rappocini
4368425,HOUSE OF BEAUTY,JL LANDAK BARU,7371031007,Aktif,10,7371031,Rappocini
4368857,KENCANA AGUNG,JL LANDAK BARU,7371031007,Aktif,10,7371031,Rappocini
4369430,HASIL SEMPURNA,BUKIT SALEKOWA PERMAI BLOK B,7371031,Aktif,7,7371031,Rappocini
4369736,SAGARMATHA,"JL.TAMALATE 3 NO.39 RT.001 RW.001, MAPPALA",7371031003,Aktif,10,7371031,Rappocini
4370159,DHARMA LESTARI,JL RAYA PENDIDIKAN KOMP. IKIP C/11,7371031006,Aktif,10,7371031,Rappocini
4370522,TITHA MANDIRI,JL SUNGAI SADDANG BARU,7371031010,Aktif,10,7371031,Rappocini
4370580,WIJAYA INTI LESTARI,JL PELITA RAYA VI C. P PERMAI,7371031008,Aktif,10,7371031,Rappocini
4370628,NVIRO GLOBAL SCIENCES,JL SYECH YUSUF LR 3,7371031001,Aktif,10,7371031,Rappocini
4370748,MANDIRI ABADI,JL TAMALATE III,7371031004,Aktif,10,7371031,Rappocini
4371047,RE-RE,JL BONTO DG NGIRATE,7371031005,Aktif,10,7371031,Rappocini
4371072,CV. CAHAYA MITRA MAXINDO,KOMP. PERMATA HIJAU PERMAI,7371031004,Aktif,10,7371031,Rappocini
4371257,MITRA LESTARI INDONESIA,JL TALASALAPANG KOMPLEKS RUKO TALASALAPANG,7371031002,Aktif,10,7371031,Rappocini
4372134,LANA,JL LANDAK BARU LR VI,7371031007,Aktif,10,7371031,Rappocini
4372423,FOUR ARC DESIGN,"KOMPLEKS PEMDA BLOK E21/18 JL AP PETTARANI RT.002 RW.005, TIDUNG",7371031006,Aktif,10,7371031,Rappocini
4372456,NURANI JAYA ABADI,JL TIMAH V,7371031010,Aktif,10,7371031,Rappocini
4373628,BERKAT ANUGERAH,"JL BONTO LANRA NO 17A RT 001 RW 003, BANTA-BANTAENG",7371031007,Aktif,10,7371031,Rappocini
4373797,PENDIDIKAN SAGITHA NURUL ISLAM,JL KARUNRUNG RAYA KOMP BKKBN,7371031002,Aktif,10,7371031,Rappocini
4374615,LET SUKSES INTERNATIONAL,JL SUNGAI SADDANG,7371031010,Aktif,10,7371031,Rappocini
4375143,WISWAJI ADITYA NUSANTARA,JL PELITA IV,7371031008,Aktif,10,7371031,Rappocini
4375847,DARUL HASANAH NUSANTARA,JL TIDUNG VIII,7371031003,Aktif,10,7371031,Rappocini
4375854,BELIAN CAHYA UTAMA,"JL.PELITA RAYA 2B RT.001 RW.004, BALLA PARANG",7371031010,Aktif,10,7371031,Rappocini
4375957,HAFIDZA ANUGRAH PRATAMA,BUMI BOSOWA PERMAI BLOK B2,7371031,Aktif,7,7371031,Rappocini
4376174,LATIFAH MULIA SEJAHTERA,JL. MONUMEN EMMY SAELAN 3 TAMALATE,7371031006,Aktif,10,7371031,Rappocini
4376559,AZKA BINTANG SAMUDRA,JL RAYA PENDIDIKAN,7371031006,Aktif,10,7371031,Rappocini
4377268,NUSA RIZKI PERSADA,JL TIDUNG 9 STP 17,7371031003,Aktif,10,7371031,Rappocini
4377664,JASA SAUDAGAR,JL TALASALAPANG PERUM JIPANG PERMAI DP.6,7371031002,Aktif,10,7371031,Rappocini
4378057,MONOPOINT ARSINDO,BTN MINASA UPA,7371031001,Aktif,10,7371031,Rappocini
4378404,LEWA MANDIRI GROUP,BTN MINASA UPA,7371031001,Aktif,10,7371031,Rappocini
4379062,SOLUSI ARYA PRIMA,JL SUNGAI SADDANG BARU,7371031010,Aktif,10,7371031,Rappocini
4379193,ABIMANYU AJAMA FAHD,JL SUNGAI SADDANG BARU,7371031010,Aktif,10,7371031,Rappocini
4379901,CIPTA ANIKA MANDIRI,KOMP MAKASSAR TOWN HOUSE RT/RW /,7371031006,Aktif,10,7371031,Rappocini
4381600,KOYA SENI DEKORASI,JL A P PETTARANI KOMP PETTARANI CENTER,7371031008,Aktif,10,7371031,Rappocini
4381843,KARYA BAHARI,JL KARUNRUNG RAYA,7371031002,Aktif,10,7371031,Rappocini
4383109,LAMTORO DASA ANUGRAH,JL MINASA UPA PERUM BUMI BOSOWA PERMAI,7371031001,Aktif,10,7371031,Rappocini
4384025,SUMBER MEDIKA SEJAHTERA,JL. ANDI PANGERAN PETTARANI BLOK B NO. 2,7371031008,Aktif,10,7371031,Rappocini
4384161,APOTEK AV3,"JL SUNGAI SADDANG BARU BLOK A11 NO 7A RT 003 RW 008, BALLA PARANG",7371031010,Aktif,10,7371031,Rappocini
4384573,MANDIRI ANGKASA MEGAH,JL MON EMMY SAELAN PERUM MON MUTIARA TOWN HOUSE,7371031001,Aktif,10,7371031,Rappocini
4385716,IQSAN DWI PERDANA,JL LANDAK BARU LR 1,7371031007,Aktif,10,7371031,Rappocini
4387127,ND SULAWESI CELEBES,KOMP PURI TAMAN SARI BLOK,7371031004,Aktif,10,7371031,Rappocini
4387508,AFRAH PRATAMA,"JL.MINASA SARI BLOK B 12 NO.10 RT.02 RW.04, GUNUNG SARI",7371031001,Aktif,10,7371031,Rappocini
4387775,ANDIS PRATAMA,JL MAPPALA,7371031006,Aktif,10,7371031,Rappocini
4388015,MOTE WATER FILTERINDO,KOMP MANGASA PERMAI BLOK,7371031001,Aktif,10,7371031,Rappocini
4389385,AANG KONSTRUKSI,JL CILALLANG JAYA VII,7371031008,Aktif,10,7371031,Rappocini
4389703,ABRAHAM KONSULTAN,"BTN MINASA UPA BLOK.M 8 NO.9, GUNUNG SARI",7371031001,Aktif,10,7371031,Rappocini
4389959,MAWAR BERKAH MAKASSAR,JL TALASALAPANG BTN MINASA UPA BLOK,7371031001,Aktif,10,7371031,Rappocini
4391186,CITRA MANDIRI PRATAMA,"JL RAYA PENDIDIKAN BLOK G5/5 RT.003 RW.004, TIDUNG",7371031006,Aktif,10,7371031,Rappocini
4392241,KARYA MUDA MANDIRI,BTN MINASA UPA,7371031001,Aktif,10,7371031,Rappocini
4394100,PUSAT KOPERASI WANITA TENRIAWARU SULAWESI SELATAN,"JL.RAYA PENDIDIKAN BLOK F1 NO.5, TIDUNG",7371031006,Aktif,10,7371031,Rappocini
4395142,BUDAYA MOTOR,"JL.SULTAN ALAUDDIN RUKO PERMATA SARI NO.4, GUNUNG SARI",7371031001,Aktif,10,7371031,Rappocini
4395253,ASZA BERKAH CAKRAWALA,JL SKARDA N 1,7371031006,Aktif,10,7371031,Rappocini
4396040,KORIDOR ADICITA,JL MONUMEN E. SAELAN KO. KODAM GUNUNG SARI,7371031001,Aktif,10,7371031,Rappocini
4396106,KARYA TEKNIK,"JL WIJAYA KUSUMA RAYA NO 9 RT 012 RW 001, BANTA-BANTAENG",7371031007,Aktif,10,7371031,Rappocini
4396125,REZKY ENERGI ABADI,JL PELITA RAYA,7371031010,Aktif,10,7371031,Rappocini
4396252,INDONESIA MOVEMENT,JL MAPPALA BLOK,7371031006,Aktif,10,7371031,Rappocini
4396317,ADNAN TOUR AND TRAVEL,JL LANDAK BARU LR 7,7371031007,Aktif,10,7371031,Rappocini
4396698,PUTRA MANDIRI 31 INDONESIA,JL. RAPPOCINI RAYA LR 5 F,7371031009,Aktif,10,7371031,Rappocini
4397348,ARTA KARYA PERSADA,JL GRIYA MINASA UPA MANDIRI B/3 KOMP GRIYA MALEO INDAH,7371031001,Aktif,10,7371031,Rappocini
4397503,ADEEVA MULIA GROUP,JL. TALASALAPANG PERUM PURI BUKIT MAS,7371031004,Aktif,10,7371031,Rappocini
4398750,WATNIS,TODDOPULI 6 JL PINANG,7371031004,Aktif,10,7371031,Rappocini
4398919,AL GANNIY,BTN MINASA UPA,7371031001,Aktif,10,7371031,Rappocini
4400853,REZKI ILAHI,BTN MINASA UPA BLOK,7371031001,Aktif,10,7371031,Rappocini
4401943,ATHERI,JL. MONGINSIDI BARU,7371031010,Aktif,10,7371031,Rappocini
4403000,AMAL REZKY,BTN MINASA UPA,7371031,Aktif,7,7371031,Rappocini
4404689,SURYA INTERFOKUS,"JL.AROEPALA BLOK.AB 2/6 RT.002 RW.021, GUNUNG SARI",7371031001,Aktif,10,7371031,Rappocini
4404807,BAKTI JAYA PERKASA,JL SULTAN ALAUDDIN,7371031001,Aktif,10,7371031,Rappocini
4404844,ARMINA SARI MADANI,JL PELITA RAYA,7371031010,Aktif,10,7371031,Rappocini
4404850,ARTRI PRIMA BERSAMA,JL ANDI PANGERAN PETTARANI CENTER,7371031008,Aktif,10,7371031,Rappocini
4405928,CITRA LINTAS TIMUR,JL A. P. PETTARANI RUKO NEW ZAMRUD,7371031008,Aktif,10,7371031,Rappocini
4406135,LANGGENG ENERGY PRIMA,"KOMPLEK  P&K BLOK L/3, GUNUNG SARI",7371031001,Aktif,10,7371031,Rappocini
4406936,USAHA MANDIRI,"PERUM MANGASA PERMAI BLOK V 1 NO.11 RT.000 RW.000, GUNUNG SARI",7371031001,Aktif,10,7371031,Rappocini
4407176,SUTRA CREATIVE MAKASSAR (SCM),JL MAPPALA IV BLOK,7371031006,Aktif,10,7371031,Rappocini
4407924,MUSRAH PRATAMA,"KOMPLEK BOSOWA BLOK A3 NO 22 RT 001 RW 026, GUNUNG SARI",7371031001,Aktif,10,7371031,Rappocini
4408613,ALI MINING KONSTRUKSI,JL. NIKEL I BLOK A.22 NO. 30/38 MAKASSAR,7371031010,Aktif,10,7371031,Rappocini
4408731,MILAN UTAMA,JL MONGINSIDI BARU,7371031010,Aktif,10,7371031,Rappocini
4410193,ROTI DAENG,JL HERTASNING/AROEPALA,7371031004,Aktif,10,7371031,Rappocini
4411144,ALPHATECH DREDGING INDONESIA,JL AP PETTARANI RUKO NEW ZAMRUD,7371031008,Aktif,10,7371031,Rappocini
4411180,DIMENSI MEDIA KOMUNIKASI,"JL.KOMP.IKIP BLOK.F 3 NO.7, TIDUNG",7371031006,Aktif,10,7371031,Rappocini
4411528,CROVIA INDONESIA,JL AP PETTARANI RUKO ZAMRUD,7371031008,Aktif,10,7371031,Rappocini
4411679,MULTI INTI PERKASA,BTN MINASA UPA BLOK AB 10 A,7371031001,Aktif,10,7371031,Rappocini
4412725,SANGGAR SENI BIJA TAU TIDUNG,JL. TIDUNG MARIOLO,7371031006,Aktif,10,7371031,Rappocini
4413187,TRI DIMENSI PAPUA,JL NIKEL 2,7371031010,Aktif,10,7371031,Rappocini
4414680,AKAR INDONESIA,JL TALASALAPANG II,7371031001,Aktif,10,7371031,Rappocini
4415312,SUMBER REZEKI,"KOMPLEK KODAM GUNUNG SARI LAMA NO 9 RT.001 RW.017, GUNUNG SARI",7371031001,Aktif,10,7371031,Rappocini
4415776,LPPTKA BKPRMI MAKASSAR,MONUMEN EMMY SAELAN,7371031006,Aktif,10,7371031,Rappocini
4415887,JASA KARYA PERSADA,JL JIPANG RAYA VILLA MEGASARI,7371031001,Aktif,10,7371031,Rappocini
4417749,BUMI LAUT PRIMA INDONESIA,"KOMP.BPH PLAZA M.1 NO.19 MAKASSAR RT.002 RW.007, KARUNRUNG",7371031002,Aktif,10,7371031,Rappocini
4418779,TUJUH ELEMENT,JL PELITA RAYA II LR 4,7371031008,Aktif,10,7371031,Rappocini
4418954,NAVATI NAVA INDONESIA,JL WIJAYA KUSUMA,7371031007,Aktif,10,7371031,Rappocini
4420403,PUTRA MANDIRI,"JL.TIDUNG IX STAPAK 15 NO.144 RT.002 RW.011, MAPPALA",7371031003,Aktif,10,7371031,Rappocini
4420655,VINDYA DHARMA,"JL.TAMALATE 8 STP.9 NO.28, KASSI-KASSI",7371031004,Aktif,10,7371031,Rappocini
4420754,SUKSES DWI MANDIRI,JL JIPANG RAYA PERUM VILLA MEGA SARI BLOK,7371031001,Aktif,10,7371031,Rappocini
4420772,ASIA CENTRAL INVESTAMA,JALAN RAYA PENDIDIKAN,7371031006,Aktif,10,7371031,Rappocini
4420849,GASING MINANGA INDONESIA,"JL TIMAH V NO 9 RT 004 RW 003, BALLA PARANG",7371031010,Aktif,10,7371031,Rappocini
4421246,SAKTI MANDIRI,JL HERTASNING,7371031006,Aktif,10,7371031,Rappocini
4421281,BERKAT ABADI TEKNIK,KOMP BTN MINASA UPA TIMUR,7371031001,Aktif,10,7371031,Rappocini
4421294,PELITA NUSANTARA,JL KOMP. BUMI PALEM,7371031001,Aktif,10,7371031,Rappocini
4422349,AGUNG QISYA UTAMA,PERUM. GRIYA KISEL,7371031001,Aktif,10,7371031,Rappocini
4422465,RATU PERKASA,JL BTN MINASA UPA,7371031001,Aktif,10,7371031,Rappocini
4425001,ANANDA IDY MAPPADECENG,JL LANDAK BARU METROPOLITAN RESIDENCE BLOK,7371031007,Aktif,10,7371031,Rappocini
4425231,HANS CIPTA KREASI,JL AP PETTARANI RUKO PETTARANI CENTRE,7371031008,Aktif,10,7371031,Rappocini
4425267,UNGGUL CREATIVE,JL A.P PETTARANI RUKO NEW ZAMRUD,7371031008,Aktif,10,7371031,Rappocini
4425639,ASHAR FAIZ JAYA,"KOMP.KODAM GUNUNG SARI NO.38 RT.003 RW.017, GUNUNG SARI",7371031001,Aktif,10,7371031,Rappocini
4426845,LANGIT BIRU INDONESIA,JL YUSUF DG NGAWING,7371031006,Aktif,10,7371031,Rappocini
4427329,ELEVEN LOGIC COMMUNICATION (ELOGIC),JL RAPPOCINI RAYA LR. 9,7371031008,Aktif,10,7371031,Rappocini
4427900,ISMAR,"JL PALM MERAH NO 37 RT.003 RW.009, KASSI-KASSI",7371031004,Aktif,10,7371031,Rappocini
4428514,NIZAM OPTIMA CEMERLANG,"JL TIDUNG X STP 8 NO 139 RT 004 RW 010, MAPPALA",7371031003,Aktif,10,7371031,Rappocini
4429134,"RIFQA MANDIRI, CV",JALAN KAPASA RAYA,7371031008,Aktif,10,7371031,Rappocini
4429777,RAJAWALI INTERMEDIA NUSANTARA,JL SKARDA N KOMP. KODAM COKONURI,7371031001,Aktif,10,7371031,Rappocini
4429787,MAU USAHA CREATIVE PRODUCTION,BTN MINASA UPA,7371031001,Aktif,10,7371031,Rappocini
4430021,PARAMETRIC DEVELOPMENT CENTER,JL COKONURI DALAM 1,7371031006,Aktif,10,7371031,Rappocini
4430282,IRMA SUKSES MANDIRI,"JL HERTASNING BLOK E 10 NO 5 RT 001 RW 007, TIDUNG",7371031006,Aktif,10,7371031,Rappocini
4431187,INDONESIA JEPANG SEJAHTERA,JL TODDOPULI 6 BERINGIN TIMUR,7371031004,Aktif,10,7371031,Rappocini
4431603,KONSEP BANGUN MANDIRI,"JL.TIDUNG X NO.4, MAPPALA",7371031003,Aktif,10,7371031,Rappocini
4432080,HEXA MULIA KONSULTAN,JL KOMP PERMATA HIJAU PERMAI,7371031004,Aktif,10,7371031,Rappocini
4434015,LALUNA JAYA,JALAN AROEPALA PHL P. 11 NOMOR 3,7371031004,Aktif,10,7371031,Rappocini
4434938,SUKSES AMREZA UTMA,JL PETTARANI CENTRE B,7371031008,Aktif,10,7371031,Rappocini
4435726,GIMA UTAMA,"JL.LANDAK BARU LR.5 NO.38 RT.000 RW.000, BANTA-BANTAENG",7371031007,Aktif,10,7371031,Rappocini
4435841,PT. BENUANTA INDO PLAN,BTN MINASA UPA BLOK N.5 NO. 3,7371031,Aktif,7,7371031,Rappocini
4436393,SINAR MARANNU ABADI,"JL.HERTASNING BARAT IV NO.50, BONTO MAKKIO",7371031005,Aktif,10,7371031,Rappocini
4438411,FAYZUL HAQ MANDIRI,JL BUAKANA,7371031008,Aktif,10,7371031,Rappocini
4441089,PRIMA ISTIQAMAH SEJAHTERA,JL TAMALATE I,7371031003,Aktif,10,7371031,Rappocini
4441317,BINTANG LIMA MEDIA,"JL.AROEPALA SAMPING SMP 40 TEMBUSAN KOMP. ANGGREK MINASA UPA,RT.004/RW.010,GUNUNG SARI",7371031001,Aktif,10,7371031,Rappocini
4441665,REZKY UTAMA,JL TALASALAPANG II MANGASA VILLAGE,7371031001,Aktif,10,7371031,Rappocini
4441749,CAHAYA MAPALA,"JL MAPALA BLOK A5/39F RT.004 RW.004, TIDUNG",7371031006,Aktif,10,7371031,Rappocini
4442077,REZKY ABADI TRANSPORTAMA,JL KELAPA TIGA,7371031010,Aktif,10,7371031,Rappocini
4442169,RADHWA PERMATA ALAM,JL RSI FAISAL X,7371031007,Aktif,10,7371031,Rappocini
4444129,ANELA RESOURCES INDONESIA,JALAN AROEPALA PERUM ANGING MAMMIRI RESIDENCE,7371031002,Aktif,10,7371031,Rappocini
4444826,BOGA TAMA LANTERA NUSANTARA,JL. BONTOMENE,7371031007,Aktif,10,7371031,Rappocini
4445136,BIMA SAKTI ABADI,"ST ALAUDDIN KOMP.PERMATA SARI PS VI/3 RT.002 RW.018, GUNUNG SARI",7371031001,Aktif,10,7371031,Rappocini
4445201,WWW.MAYZONA.COM,JL TODDOPULI I,7371031004,Aktif,10,7371031,Rappocini
4445816,SARANA GEMILANG SEJAHTERA,JL SULTAN ALAUDDIN RUKO ALAUDDIN PLAZA,7371031001,Aktif,10,7371031,Rappocini
4445838,MEGAH PERKASA KONSTRUKSI,JL HERTASNING,7371031006,Aktif,10,7371031,Rappocini
4446380,KARYA JASA PUTRATAMA,"JL A.P.PETTARANI, KOMP NEW ZAMRUD",7371031008,Aktif,10,7371031,Rappocini
4446478,BLESSING KATANGKA NETWORK,KOMP PURI TAMAN SARI D3,7371031004,Aktif,10,7371031,Rappocini
4446719,PUTRA INDONESIA PRAKARSA,JL. HERTASNING BLOK E10 NO. 5,7371031006,Aktif,10,7371031,Rappocini
4446997,BANDAE REKATECHNO NUSANTARA,JL SULTAN ALAUDDIN PERUM BOSOWA,7371031001,Aktif,10,7371031,Rappocini
4447665,PANEL MANDIRI,"JL.MINASA SARI I BLOK B 14/3 RT.02 RW.04, GUNUNG SARI",7371031001,Aktif,10,7371031,Rappocini
4447890,TIGA JUARA,"BTN MINASA UPA BLOK BLOK F16 NO 4 RT 000 RW 000, GUNUNG SARI",7371031001,Aktif,10,7371031,Rappocini
4447976,FAQIH ABADI,KOMP GRIYA FAJAR MAS REGENCY 2 FM,7371031001,Aktif,10,7371031,Rappocini
4447995,REDI UTAMA,"BTN. MINASA UPA BLOK H NO 3 RT 002 RW 024, GUNUNG SARI",7371031001,Aktif,10,7371031,Rappocini
4448230,AERO PRIMA ENERGY,"PERUMAHAN TAMAN YASMIN BLOK E1/11 RT.012 RW.007, MAPPALA",7371031003,Aktif,10,7371031,Rappocini
4448263,ASMAH HASTINI,JL WIJAYA KUSUMA KOMP KESEHATAN BLOK,7371031007,Aktif,10,7371031,Rappocini
4448635,TIGA PUTRI MANDIRI,"JL HERTASNING 10 NO 05 RT 005 RW 008, TIDUNG",7371031006,Aktif,10,7371031,Rappocini
4448921,TAUMANURUNG CONSULTAN ENGINEER,JL KOMPLEKS PURI TAMAN SARI,7371031004,Aktif,10,7371031,Rappocini
4449233,INDONESIA MIGRANT SERVICE KOREA-JAPAN,JL TIDUNG 8 STP 5,7371031003,Aktif,10,7371031,Rappocini
4449775,PALINDO MANDIRI,JL GRIYA FAJAR MAS,7371031001,Aktif,10,7371031,Rappocini
4450270,ATLANTIS KONSULTAN,JL. TIDUNG VII STP. 9,7371031003,Aktif,10,7371031,Rappocini
4451117,TRI PUTRA,JL LANDAK BARU LR 8,7371031007,Aktif,10,7371031,Rappocini
4451602,TCO INOVASI NUSA,JL. HERTASNING I NOMOR 30,7371031006,Aktif,10,7371031,Rappocini
4451797,MONCONG KOMBA GROUP,JL BONTO DG NGIRATE 2,7371031005,Aktif,10,7371031,Rappocini
4452167,CAKRAWALA MULTI KARYA,"KOMPLEK RUMAH SAKIT FAIZAL 7 NO 16 RT 002 RW 003, BANTA-BANTAENG",7371031007,Aktif,10,7371031,Rappocini
4452280,LEMBAGA PENGKAJIAN DAN PEMGEMBANGAN MANAJEMEN(LP2M),"KOMP.UNM BLOK B NO.20 RT.002 RW.004, TIDUNG",7371031006,Aktif,10,7371031,Rappocini
4454177,HIDUP GUNA MANDIRI,PELITA RAYA TENGAH,7371031010,Aktif,10,7371031,Rappocini
4455079,NUR IDE PERKASA,KOMP. DJIPANG PERMAI,7371031002,Aktif,10,7371031,Rappocini
4456037,PENGAYOMAN MANDIRI,JL PENGAYOMAN RUKO PERMATA SARI,7371031008,Aktif,10,7371031,Rappocini
4456788,SURYA PROPERTINDO MANDIRI,JL MONUMEN EMMY SAELAN RUKO,7371031001,Aktif,10,7371031,Rappocini
4457457,KUPA AMANAH CEMERLANG,KOMPLEKS RESIDEN ALAUDDIN MAS BLOK A/2,7371031001,Aktif,10,7371031,Rappocini
4458176,DOBOKU ENGINEERING,JL HERTASNING RAYA,7371031006,Aktif,10,7371031,Rappocini
4460123,JAYA LISTRIK,"JL SUNGAI SADDANG BARU NO 19, RAPPOCINI",7371031009,Aktif,10,7371031,Rappocini
4460187,MAKASSAR TALENTS,"JL.LANDAK BARU LR.5 C NO.10 RT.005 RW.003, BANTA-BANTAENG",7371031007,Aktif,10,7371031,Rappocini
4460809,BAREN GOLD MINING,JL BUMI X KOMP BPH,7371031001,Aktif,10,7371031,Rappocini
4461091,ARIMULIA JAYA,JL TIDUNG V STP 7,7371031005,Aktif,10,7371031,Rappocini
4461831,SUMBU MINERAL MAKMUR,"KOMPLEKS BUMI PERMATA HIJAU JL BUMI 13 BLOK C7/2, GUNUNG SARI",7371031001,Aktif,10,7371031,Rappocini
4462657,BULUE STRUKTUR MADANI,JL MAPALA KOMP PEMDA,7371031006,Aktif,10,7371031,Rappocini
4463263,DHIYA JAYA GEMILANG,KOMPLEKS PETTARANI CENTER BLOK B/28,7371031008,Aktif,10,7371031,Rappocini
4463453,DIFA UTAMA TEKNIK,JL SYEKH YUSUF RAYA,7371031001,Aktif,10,7371031,Rappocini
4464016,BAJA INDAH SEJAHTERA,JL RSI FAISAL XVI,7371031007,Aktif,10,7371031,Rappocini
4464298,PATRA KENCANA SAKTI,"JL BANTA-BANTAENG BTN AYU LESTARI BLOK, BANTA-BANTAENG",7371031007,Aktif,10,7371031,Rappocini
4464949,YUS,JL BUMI 8,7371031001,Aktif,10,7371031,Rappocini
4465730,ADNIN REZKI UTAMA,"JL PELITA RAYA TENGAH BLOK A3C NO 2 RT 003 RW 009, BALLAPARANG",7371031010,Aktif,10,7371031,Rappocini
4466024,PENDIDIKAN DESA HIJAU MANDIRI,JL LANDAK BARU PERUMAHAN METROPOLITAN,7371031007,Aktif,10,7371031,Rappocini
4466778,ELEVASI SAGARMATHA,JL BUAKANA,7371031008,Aktif,10,7371031,Rappocini
4467518,ANUGERAH TERINDAH,"JL RAPPOCINI RAYA LR 3 NO 53C RT 001 RW 001, RAPPOCINI",7371031009,Aktif,10,7371031,Rappocini
4469592,SAMUDERA KARYA,KOMP KODAM GUNUNG SARI,7371031001,Aktif,10,7371031,Rappocini
4471057,MASERA KARYA SEJATI,KOMP. BTN AGRARIA BLOK 1 NOMOR 02,7371031002,Aktif,10,7371031,Rappocini
4471530,MAKMUR JAYA EMULSI,JL RAYA PENDIDIKAN KOMP BATUA PANAKKUKANG,7371031006,Aktif,10,7371031,Rappocini
4471585,SEFACTOR DEOS MAKS,JL RAPPOCINI RAYA,7371031009,Aktif,10,7371031,Rappocini
4471899,NUSANTARA MEDIA COMPUTINDO,JL. SALEKOA RAYA MINASA SARI,7371031001,Aktif,10,7371031,Rappocini
4472344,NUSANTARA GEOTECH,JL TALASALAPANG KOMP SARI REGENCY,7371031002,Aktif,10,7371031,Rappocini
4472354,EXINDO CONSULTANT,JL MAPPALA II BLOK,7371031006,Aktif,10,7371031,Rappocini
4472537,MENATA HIDUP GEMILANG,JL. AROEPALA KOMP PERMATA HIJAU LESTARI BLOK P 10 NO 6,7371031004,Aktif,10,7371031,Rappocini
4472858,BHAKTI MARGA,JL TODDOPULI VI PURI TAMAN SARI,7371031004,Aktif,10,7371031,Rappocini
4473391,ECOMARINE INDO PERKASA,JALAN RAPPOCINI RAYA NOMOR 219 K,7371031008,Aktif,10,7371031,Rappocini
4474098,KARYA MUGHNIY ASSALAM,JALAN HERTASNING BARU PERUM ANGING MAMMIRI BLOK E4 NO. 9,7371031002,Aktif,10,7371031,Rappocini
4474114,DAS DAMAI SEJAHTERA,JL. MONUMEN EMMY SAELAN III SKARDA N/30,7371031006,Aktif,10,7371031,Rappocini
4474338,AIS WISATA,JL TIMAH 1 BLOK,7371031010,Aktif,10,7371031,Rappocini
4474468,TAMALATE MAMMIRI,TAMALATE I,7371031003,Aktif,10,7371031,Rappocini
4474855,RAYNIA MANDIRI,BTN MINASA UPA,7371031,Aktif,7,7371031,Rappocini
4475428,AMANAH BINA CIPTA,"JL.TIDUNG VIII BLOK 11 NO.57 RT.002 RW.008, TIDUNG",7371031006,Aktif,10,7371031,Rappocini
4477273,WIN WIN SEJAHTERA,JL SKARDA N 3,7371031001,Aktif,10,7371031,Rappocini
4477717,SURYA FATIHA RAYA,JL PERMATA HIJAU LESTARI,7371031004,Aktif,10,7371031,Rappocini
4478837,BANK PEMBIAYAAN RAKYAT SYARIAH NIAGA MADANI,JL HERTASNING RAYA TIMUR,7371031004,Aktif,10,7371031,Rappocini
4478973,GOPINDO KARYA KONSULTAN,JL AROEPALA KOMP ANGING MAMIRI,7371031001,Aktif,10,7371031,Rappocini
4479333,POME BANGUN JAYA,JALAN COKONURI DALAM 1 NOMOR 7,7371031006,Aktif,10,7371031,Rappocini
4479365,ALISA INDO SKIN,JL HERTASNING,7371031006,Aktif,10,7371031,Rappocini
4479604,ARDITI KARYA,JL CILALLANG JAYA 7,7371031008,Aktif,10,7371031,Rappocini
4480414,PANRITA SURYA NUSANTARA,JL. LETJEN HERTASNING PERMATA HIJAU BLOK D/51,7371031004,Aktif,10,7371031,Rappocini
4481632,ZAZHY MYLICIOUS,JL M E SAELAN KOMP P & K,7371031001,Aktif,10,7371031,Rappocini
4481999,ASHAR PRATAMA,JL BONTO MENE,7371031007,Aktif,10,7371031,Rappocini
4482273,CIKAL KARYA PEMBANGUNAN,KOMPLEKS MINASA UPA,7371031,Aktif,7,7371031,Rappocini
4482386,RAHMAT ANGGREK,JL MAPPALA BTN PEMDA,7371031006,Aktif,10,7371031,Rappocini
4483897,BINTANG HARAPAN,"JL MAPPALA BLOK A3/13 RT.000 RW.004, TIDUNG",7371031006,Aktif,10,7371031,Rappocini
4484053,REZKY PUTRA,JL TIDUNG 8 STP 8,7371031003,Aktif,10,7371031,Rappocini
4484293,CODE INDONESIA,JL SKARDA N 1,7371031006,Aktif,10,7371031,Rappocini
4484667,BILAL COMPUTER,JL SYEKH YUSUF KOMP MINASA SARI B 14 BLOK,7371031001,Aktif,10,7371031,Rappocini
4484837,MEDIAN SELARAS KONSULTAN,BTN MINASA UPA,7371031001,Aktif,10,7371031,Rappocini
4485162,WANA,JALAN MONUMEN EMMY SAELAN,7371031006,Aktif,10,7371031,Rappocini
4486096,ANNAYUMIKO ENTERTAINMENT GRUP,JL SULTAN ALAUDDIN KOMP RUKO BPH II,7371031001,Aktif,10,7371031,Rappocini
4486612,PLANINDO ENGINEERING,"JL.MONUMEN EMMY SAELAN KOMP P&K BLOK K NO.2 RT.003 RW.019, GUNUNG SARI",7371031001,Aktif,10,7371031,Rappocini
4486940,WAHANA TRISULA BARAYA,JL KOMP MANGASA PERMAI BLOK V,7371031001,Aktif,10,7371031,Rappocini
4487458,KHANZA PERMATA NOER,TAMALATE IV,7371031004,Aktif,10,7371031,Rappocini
4487608,ROLL MANAGEMENT,JL PERMATA HIJAU TEGAL,7371031004,Aktif,10,7371031,Rappocini
4488207,AKSES MEDIA SINERGI,BTN MINASA UPA,7371031,Aktif,7,7371031,Rappocini
4489498,BORWITA CITRA PRIMA,JL LANDAK BARU,7371031007,Aktif,10,7371031,Rappocini
4490519,GARIS TANGAN ABADI,JL HERTASNING RAYA,7371031005,Aktif,10,7371031,Rappocini
4490730,ADFAITA,JALAN TIDUNG 5,7371031005,Aktif,10,7371031,Rappocini
4490870,MAKASSAR BERKAT KAKAO INDUSTRI,JL KIMA 8 KAV SS-21,7371031007,Aktif,10,7371031,Rappocini
4492724,LENTRA TIMUR OIL,JL HERTASNING KOMP GUBERNURAN,7371031001,Aktif,10,7371031,Rappocini
4492799,BINTANG,JL BANTA-BANTAENG LR 10,7371031007,Aktif,10,7371031,Rappocini
4493579,MITRA KASIH BANGSA,"JL.PELITA RAYA A.24/8, BALLA PARANG",7371031010,Aktif,10,7371031,Rappocini
4493931,WIRASI,JL. RSI FAISAL XII,7371031007,Aktif,10,7371031,Rappocini
4493961,NIAGA ABADI SEJAHTERA,JL. KOMP. PEMDA,7371031006,Aktif,10,7371031,Rappocini
4495022,DUA ANGKA DELAPAN PRO,JL TIDUNG III,7371031005,Aktif,10,7371031,Rappocini
4495772,BHUMI ADHIGUNA MANDIRI,JL. MAPPALA BLOK A.5 NOMOR 23,7371031006,Aktif,10,7371031,Rappocini
4496047,REZA PRATAMA MANDIRI,JL AROEPALA PERUM GRIYA PDGI TAMAN MALLEBINA 1,7371031001,Aktif,10,7371031,Rappocini
4496083,NIZHAM PRATAMA PUTRA,"JL. TEDUH BERSINAR, GRIYA KISEL DAMAI C3",7371031001,Aktif,10,7371031,Rappocini
4496111,TRI STAR,"BTN MINASA UPA BLOK B 4 NO 17 RT 001 RW 003, KARUNRUNG",7371031002,Aktif,10,7371031,Rappocini
4496154,TRANS MAKASSAR,JL TALASALAPANG,7371031001,Aktif,10,7371031,Rappocini
4496439,REZKY PUTRI MANDIRI,JL.BONTO DAENG NGIRATE,7371031005,Aktif,10,7371031,Rappocini
4496747,AUDI KARYA KONSULTAN,JL TAMALATE 1,7371031004,Aktif,10,7371031,Rappocini
4497497,TEHNIK MITRA BORNEO,PERUMAHAN ANGING MAMMIRI BLOK F 1 NOMOR 7,7371031002,Aktif,10,7371031,Rappocini
4498887,HAWALIAH ADITYA PRATAMA,KOMP PURI TAMAN SARI,7371031004,Aktif,10,7371031,Rappocini
4499086,MULIA HATI,JL TIDUNG 10 BARAT,7371031003,Aktif,10,7371031,Rappocini
4500123,CAHAYA BINTANG ABADI,"JL.WIJAYA KUSUMA 1 KOMP.KESEHATAN BLK K6 NO.11 RT.016 RW.001, BANTA-BANTAENG",7371031007,Aktif,10,7371031,Rappocini
4501149,TEGUH TANI MANDIRI,"KOMP BOSOWA BLK B1/ 18 RT.004 RW.026, GUNUNG SARI",7371031001,Aktif,10,7371031,Rappocini
4502065,BAYU ENERGI MANDIRI,TIDUNG MARIOLO V NO. 9 B,7371031005,Aktif,10,7371031,Rappocini
4502544,GIAT BOLANA LIWANG,JALAN BORONG INDAH RAYA A 2/1,7371031004,Aktif,10,7371031,Rappocini
4502874,TECHNICAL LINEUP,"JL JIPANG RAYA NO 18, KARUNRUNG",7371031002,Aktif,10,7371031,Rappocini
4502937,FARIDA KASIM SEJAHTERA,JL HERTASNING BARU/AROEPALA,7371031002,Aktif,10,7371031,Rappocini
4502993,AREZMAH MULTI KONSULTAN,JL. RAPPOCINI RAYA,7371031008,Aktif,10,7371031,Rappocini
4503210,MASAGENA MANDIRI MEDICA,PERUMAHAN BUMI BOSOWA INDAH,7371031001,Aktif,10,7371031,Rappocini
4503421,DEMA SEJATI,"JL.A.P.PETTARANI BLOK E 20/24, TIDUNG",7371031006,Aktif,10,7371031,Rappocini
4504453,DALLE MUTIARA SELATAN,JL TIDUNG MARIOLO,7371031006,Aktif,10,7371031,Rappocini
4505247,PELANGI JINGGA MANDIRI,JL TODDOPULI RAYA ASPOL TODDOPULI,7371031004,Aktif,10,7371031,Rappocini
4505834,ASNY ARIQRAM,JL FAISAL 9,7371031007,Aktif,10,7371031,Rappocini
4506066,MAX PRO,BTN MINASA UPA,7371031002,Aktif,10,7371031,Rappocini
4506297,PT. TRIPUTRA GOWATA MANDIRI,JL. FAISAL X KOMPLEKS GREEN FAISAL,7371031007,Aktif,10,7371031,Rappocini
4506680,BAGAYA INDONESIA,TAMALATE V,7371031004,Aktif,10,7371031,Rappocini
4508447,GOLDEN GLOBAL CORPINDO,PERUM BUKIT SALEKOWA,7371031001,Aktif,10,7371031,Rappocini
4508692,PENDIDIKAN GOLDENGATE UTAMA,JL PELITA RAYA,7371031008,Aktif,10,7371031,Rappocini
4508740,EMPAT SAHABAT INDAH UTAMA,JL TIDUNG 2,7371031005,Aktif,10,7371031,Rappocini
4508905,TIVAN BERKAT MULIA,JL MONGINSIDI BARU,7371031010,Aktif,10,7371031,Rappocini
4509075,ARDALINE DUA SATU,JLN. TAMALATE VI,7371031004,Aktif,10,7371031,Rappocini
4509975,MITRA LAJU MANDIRI,JL CILALLANG JAYA VII,7371031008,Aktif,10,7371031,Rappocini
4510479,TRI PUTRA MANDIRI,KOMP BTN MINASA UPA BLOK,7371031001,Aktif,10,7371031,Rappocini
4511145,MA`BULO SIBATANG (YAMASI),"JL.MAPPALA II BLOK D5/10, MAPPALA",7371031003,Aktif,10,7371031,Rappocini
4511789,KEISHA GLOBAL ESTETIKA,JL. SUNGAI SADDANG BARU NO. 57 D,7371031010,Aktif,10,7371031,Rappocini
4511961,PT MAKASSAR MANDIRI UTAMA,JALAN HERTASNING BARU,7371031004,Aktif,10,7371031,Rappocini
4511963,WIRAHUSADA HAQA NUSANTARA,JALAN MONUMEN EMMY SAELAN NO.01,7371031001,Aktif,10,7371031,Rappocini
4512455,OASIS,"JL BILI-BILI IV NO 4 RT 001 RW 005, KARUNRUNG",7371031002,Aktif,10,7371031,Rappocini
4513012,MANDARINDO PERKASA,"JL KARUNRUNG ASRI BLOK F1/1 RT.002 RW.009, KARUNRUNG",7371031002,Aktif,10,7371031,Rappocini
4513358,INFINITY MANAGEMENT,JL TALASALAPANG II PERUM MANGASA VILLAGE KAV 8,7371031001,Aktif,10,7371031,Rappocini
4513672,DANINDO NARWASTU,JL TIDUNG X KOMP STELLA MARIS BLOK,7371031002,Aktif,10,7371031,Rappocini
4513914,GEOSPASIAL KONSULTAMA,JL SUNGAI SADDANG BARU LR BERKAH NO 5/10 RT 001 RW 002 BALLAPARANG,7371031010,Aktif,10,7371031,Rappocini
4515464,PUTRA PASUNDAN,"JL.AROEPALA SAMPING SMP 40 TEMBUSAN KOMP. ANGGREK MINASA UPA,RT.004/RW.010,GUNUNG SARI",7371031001,Aktif,10,7371031,Rappocini
4515506,SURYA ABADI SEJAHTERA,"BTN MANGASA PERMAI BLOK J/8 RT.003 RW.019, GUNUNG SARI",7371031001,Aktif,10,7371031,Rappocini
4516122,TALASALAPANG MAMMIRI,TALASALAPANG RAYA,7371031001,Aktif,10,7371031,Rappocini
4517081,LEMBAGA PENGEMBANGAN DAN PENGKAJIAN INDEPENDEN GLOBAL,"JL TAMALATE III BLOK 3/276 RT.001 RW.002, KASSI-KASSI",7371031004,Aktif,10,7371031,Rappocini
4517286,SIFA ABADI,JL LANDAK BARU INSPEKSI KANAL SELATAN II LR I,7371031007,Aktif,10,7371031,Rappocini
4518841,KOBARA VOYAGES INDONESIA,JL PELITA RAYA,7371031010,Aktif,10,7371031,Rappocini
4520225,ACHROS,JL TAMALATE 3 STP 52,7371031004,Aktif,10,7371031,Rappocini
4520339,ASIA IMAN WISATA,JL AP PETTARANI KOMPLEKS ZAMRUD BLOK D,7371031008,Aktif,10,7371031,Rappocini
4521289,WASKITA - CEMPAKA (KSO),JL AP PETTARANI,7371031008,Aktif,10,7371031,Rappocini
4524211,TJANGGE JAYA LESTARI,"TALASALAPANG RUKO BPH PLAZA BLOK N1-4, KARUNRUNG",7371031002,Aktif,10,7371031,Rappocini
4524441,AMBHIL COURSE,KOMP PERMATA HIJAU LESTARI,7371031004,Aktif,10,7371031,Rappocini
4525335,JUNAMA INTI KARMA,JL AROEPALA HERTASNING BARU,7371031001,Aktif,10,7371031,Rappocini
4525454,SEGERI INTI,KOMP PURI TAMAN SARI,7371031004,Aktif,10,7371031,Rappocini
4525747,MANDASINI PUTRA UTAMA,"JL LANDAK BARU LR 2 NO 10 RT.008 RW.005, BANTA-BANTAENG",7371031007,Aktif,10,7371031,Rappocini
4526386,SISTEMINDO MEGAREZST UTAMA,JL KELAPA TIGA,7371031010,Aktif,10,7371031,Rappocini
4526617,NUSANTARA MEDIA INFORMATIKA,JL TALASALAPANG KOMP SARI REGENCY BLOK,7371031002,Aktif,10,7371031,Rappocini
4526656,AL-AKHYAR ARUNG BALUSU,"BTN AGRARIA BLOK Q/14 JL MONUMEN EMMY SAELAN, KARUNRUNG",7371031002,Aktif,10,7371031,Rappocini
4526748,ORHYZAE ALIFA PERKASA,JALAN WIJAYA KUSUMA RAYA NOMOR 49,7371031007,Aktif,10,7371031,Rappocini
4526774,SISTEM INTEGRASI PERANTI,JL MINASA SARI 4,7371031001,Aktif,10,7371031,Rappocini
4526933,MALIGE PROPERTY INDONESIA,JL HERTASNING VII,7371031006,Aktif,10,7371031,Rappocini
4527703,GALERI EMPAT WARNA,JL TIDUNG 2 STP 1 BLOK 21,7371031005,Aktif,10,7371031,Rappocini
4527916,SUMBER RESKI RAODAH,JL MONUMEN EMMY SAELAN,7371031006,Aktif,10,7371031,Rappocini
4529018,PT. PUTRA BUMI YUSUF,JL. WIJAYA KUSUMA BLOK K6 NO. 6 MAKASSAR,7371031007,Aktif,10,7371031,Rappocini
4532836,SUKSES LAUNDRY,"JL.TIDUNG 10 NO.4 RT.001 RW.010, MAPPALA",7371031003,Aktif,10,7371031,Rappocini
4535085,FIRTANINDO RAYA,JL MONUMEN EMMY SAELAN COKUNURI,7371031001,Aktif,10,7371031,Rappocini
4535197,NURHALIZA MAHARANI,JALAN NEKEL,7371031010,Aktif,10,7371031,Rappocini
4535416,BERKAH REZKINA TAMA,AP PETTARANI KOMP PEMDA,7371031006,Aktif,10,7371031,Rappocini
4535668,MALINO INDAH,JL. WIJAYA KUSUMA RAYA,7371031007,Aktif,10,7371031,Rappocini
4535893,BERKAH UTAMA CELEBES,JL AP PETTARANI RUKO NEW ZAMRUD,7371031008,Aktif,10,7371031,Rappocini
4536536,ECOTROPIKA MULTI KONSULTAN,JL SYECH YUSUF KOMP MINASA SARI BLOK,7371031001,Aktif,10,7371031,Rappocini
4536759,CV. RAHAYU INTI SEJAHTERA,BUMI 18 PERUM. BUMI PERMATA HIJAU,7371031001,Aktif,10,7371031,Rappocini
4537623,WARNATAMA KREASI INDONESIA,JL RSI FAISAL XII,7371031007,Aktif,10,7371031,Rappocini
4537836,CAHAYA SAMUDERA,JL HERTASNING RAYA TIMUR,7371031004,Aktif,10,7371031,Rappocini
4538972,MANDIRI MOTOR,"JL.SUNGAI SADDANG BARU NO.85, BALLA PARANG",7371031010,Aktif,10,7371031,Rappocini
4539237,BUNDA WAHIDAH,PURI TAMAN SARI,7371031004,Aktif,10,7371031,Rappocini
4539731,MAJU SUKSES SINERGI,JL KELAPA TIGA GANG V,7371031010,Aktif,10,7371031,Rappocini
4540117,GUNUNG RAYA PERKASA,RUKO PETTARANI CENTER BLOK B NOMOR 28,7371031008,Aktif,10,7371031,Rappocini
4540207,NUSA AGRITAMA,"JL AP PETTARANI, KOMPLEK PEMDA",7371031006,Aktif,10,7371031,Rappocini
4540268,MAHA MUJUR ABADI,"RAPPOCINI RAYA LR.6 NO.11 RT.005 RW.001, BUAKANA",7371031008,Aktif,10,7371031,Rappocini
4540554,BERKAH JAYA MAKMUR,JL AROEPALA (PERUM PERMATA HIJAU),7371031004,Aktif,10,7371031,Rappocini
4540962,MAYOR INDONESIA STRATEGI,JL BONTOMENE II,7371031007,Aktif,10,7371031,Rappocini
4541879,MEGAH AURELIA ALTA,JL BONTO MENE BLOK,7371031007,Aktif,10,7371031,Rappocini
4543168,ENERGI TEKNIK,"JL AP PETTARANI BLOK E.21 NO 28 RT 003 RW 005, TIDUNG",7371031006,Aktif,10,7371031,Rappocini
4543417,LAWOY BUMI ANUGERAH,TODDOPULI PURI TAMAN SARI BLOK C.3 NOMOR 7,7371031004,Aktif,10,7371031,Rappocini
4543871,ADIDAS GROUP PROMOTION,"JL PELITA IV NO 92 RT.004 RW.004, BALLA PARANG",7371031010,Aktif,10,7371031,Rappocini
4544003,RA PRATAMA RESKY,JL TAMALATE 3,7371031003,Aktif,10,7371031,Rappocini
4545088,SARO MASE ABADI,JL KOMP BTN MINASA UPA BLOK,7371031001,Aktif,10,7371031,Rappocini
4545336,CAKRA SAKTI JAYA,JL RAPPOCINI RAYA LR 6,7371031008,Aktif,10,7371031,Rappocini
4545718,TRANSFORMASI RAIH SUKSES,JL MINASA UPA BTN MINASA UPA,7371031,Aktif,7,7371031,Rappocini
4548277,ENGINERING CONSTRUCTION,"JL MON EMMY SAELAN III NO 4, TIDUNG",7371031006,Aktif,10,7371031,Rappocini
4548665,YAYASAN IKHLAS PEDULI UMMAT,BTN MINASA UPA,7371031,Aktif,7,7371031,Rappocini
4550265,ALSHAFWA INDONESIA WISATA,JL TALASALAPANG BTN MINASA UPA,7371031001,Aktif,10,7371031,Rappocini
4550360,DUTA PRIMA MAKASSAR,JL WIJAYA KUSUMA I,7371031007,Aktif,10,7371031,Rappocini
4550633,HALO JAYA MAKMUR,JL HERTASNING BARU,7371031004,Aktif,10,7371031,Rappocini
4550975,RESTU JAYA ABADI NUSANTARA,"RAPPOCINI RAYA NO.113 RT.001 RW.004, RAPPOCINI",7371031009,Aktif,10,7371031,Rappocini
4551412,MERAKI KARYA INDONESIA,JALAN SULTAN ALAUDDIN PLAZA BLOK OFF NOMOR 7,7371031001,Aktif,10,7371031,Rappocini
4551433,SADDANG BARU MAKARYA,JL SUNGAI SADDANGBARU GRAHA SUNGAI SADDANG BARU,7371031010,Aktif,10,7371031,Rappocini
4551463,BUGISINDO,"JL TAMALATE IV STP 20 NO 5 RT.004 RW.001, KASSI-KASSI",7371031004,Aktif,10,7371031,Rappocini
4551494,BARAKKA MEGA KARYA,"JALAN ANDI DJEMMA NO.57, KEL. BANTA-BANTAENG, KEC. RAPPOCINI KOTA MAKASSAR",7371031007,Aktif,10,7371031,Rappocini
4553056,AMPARITA JASA ABADI,"JL SYECH YUSUF KOMPLEK KODAM KATANGKA BLOK C/3 RT 001 RW 002, GUNUNG SARI",7371031001,Aktif,10,7371031,Rappocini
4553214,BUANA TAMBANG NUSANTARA,KOMP PERMATA HIJAU PERMAI,7371031004,Aktif,10,7371031,Rappocini
4553898,BERKAH NURUL UTAMA,KARUNRUNG RAYA 2,7371031002,Aktif,10,7371031,Rappocini
4554839,NUGRAH KARYA MULTININDO,JL NIPAH,7371031004,Aktif,10,7371031,Rappocini
4554871,BINAYA JAYA,JL PELITA RAYA,7371031010,Aktif,10,7371031,Rappocini
4554944,ANNUUR ISHAQ AZKA,KOMP BTN MINASA UPA BLOK,7371031001,Aktif,10,7371031,Rappocini
4556211,PKBM SALSABILAH,"JL.TIDUNG X BLOK 12 NO.258 RT.005 RW.007, MAPPALA",7371031003,Aktif,10,7371031,Rappocini
4557251,ALDENA KARYA HUSADA,"JL.BTN.MINASA UPA BLOK.AB7 NO.6, GUNUNG SARI",7371031001,Aktif,10,7371031,Rappocini
4557544,ADEEN FARMA,JL SUNGAI SADDANG BARU,7371031010,Aktif,10,7371031,Rappocini
4558227,DOCOTEL TEKNOLOGI CELEBES,JL HERTASNING 1,7371031006,Aktif,10,7371031,Rappocini
4558477,KREASI INDOPROJECT,JL TAMALATE VII SETAPAK 24,7371031003,Aktif,10,7371031,Rappocini
4558918,CAHAYA BONANZA,JL YUSUF DG NGAWING,7371031007,Aktif,10,7371031,Rappocini
4559182,JIKHARA KREASI KONSULTAN,"JL AROEPALA HERTASNING BARU NO 60A RT.004 RW.013, GUNUNG SARI",7371031001,Aktif,10,7371031,Rappocini
4560481,WASKITA KARYA REALTY,JALAN A. P. PETTARANI,7371031008,Aktif,10,7371031,Rappocini
4561551,IAPIM DELAPAN TUJUH,JL. PENGAYOMAN TAMAN PERMATA SARI IV/2,7371031008,Aktif,10,7371031,Rappocini
4561803,ASERA RESOFA UTAMA,JL. MAPALA,7371031006,Aktif,10,7371031,Rappocini
4561906,MARAJA RAYA MEDICALINDO,BONTOMENE 2,7371031007,Aktif,10,7371031,Rappocini
4562341,NUR AZIZAH JAYA,BTN MINASA UPA BLOK F 21,7371031001,Aktif,10,7371031,Rappocini
4562375,MANDIRI TUMBUH PERKASA,BTN MINASA UPA,7371031,Aktif,7,7371031,Rappocini
4562379,AIROTAMA MULTI GRAFIKA,JL KOMPLEKS BTN MINASA UPA,7371031,Aktif,7,7371031,Rappocini
4562902,MUARA KITA,JL TIDUNG RAYA,7371031006,Aktif,10,7371031,Rappocini
4563716,AWA PUTERA,"BTN MINASA UPA BLOK L5/22 RT.002 RW.008, GUNUNG SARI",7371031001,Aktif,10,7371031,Rappocini
4564266,TRITUNGGALJAYA PERSADA,JL RAPPOCINI RAYA,7371031009,Aktif,10,7371031,Rappocini
4564740,MEGAS BUMI CELEBES,KARUNRUNG RAYA V,7371031002,Aktif,10,7371031,Rappocini
4564917,GENERASI SEJAHTERA,JL WIJAYAKUSUMA II,7371031007,Aktif,10,7371031,Rappocini
4565331,FASHA INTERNUSA,JL TAMALATE I,7371031003,Aktif,10,7371031,Rappocini
4565456,BENGKEL LAS AL FATAR,JALAN TIDUNG MARIOLO I/25 B,7371031006,Aktif,10,7371031,Rappocini
4567876,LEMBAGA PENDIDIKAN LINGKAR LONTARA,JL SKARDA N KOMP GREEN PARMAI A/7,7371031001,Aktif,10,7371031,Rappocini
4568130,RAHMAT JAYA,JL SULTAN ALAUDDIN RUKO PERMATASARI,7371031001,Aktif,10,7371031,Rappocini
4569410,BINTANG SULAWESI,JL RSI FAISAL 14 LR,7371031007,Aktif,10,7371031,Rappocini
4569616,ANUGRAH,SUNGAI SADDANG BARU LR. MESJID MUKMIN,7371031010,Aktif,10,7371031,Rappocini
4570306,BAHARI KARYA PERDANA,JL LETJEN HERTASNING KOMP. PURI TAMAN SARI,7371031001,Aktif,10,7371031,Rappocini
4570942,KUMBA MASSENGE UTAMA,JL. BORONG INDAH NOMOR 15 TODDOPULI 6,7371031004,Aktif,10,7371031,Rappocini
4570945,MANDIRI EMIRY SEJAHTERA,JALAN TIDUNG 7 BLOK 13 NOMOR 96,7371031003,Aktif,10,7371031,Rappocini
4573381,ID PRODUCTION,"KOMPLEKS PERMATA SARI PS IV NO 3 JL ST ALAUDDIN RT.002 RW.018, GUNUNG SARI",7371031001,Aktif,10,7371031,Rappocini
4577144,GLOBAL PRATAMA,"JL.HERTASNING KOMP.MAKASSAR TOWN HOUSE NO.36 RT.02 RW.01, TIDUNG",7371031006,Aktif,10,7371031,Rappocini
4578289,WULAN DAMARIOS,JL BUAKANA MARIOS REGENCY,7371031008,Aktif,10,7371031,Rappocini
4578890,LOKA PRATAMA,"JL TAMALATE 3 NO 94 RT.002 RW.003, MAPPALA",7371031003,Aktif,10,7371031,Rappocini
4579248,CAKRAWALA,"JL HERTASNING BARAT I NO 3 RT.002 RW.001, BONTO MAKKIO",7371031005,Aktif,10,7371031,Rappocini
4579464,TPS ENTER PRISE INTERNATIONAL,JL. MONGINSIDI BARU AB 10,7371031010,Aktif,10,7371031,Rappocini
4581469,KURNIA SJAM,JALAN MINASAUPA BLOK G 13 NOMOR 4,7371031,Aktif,7,7371031,Rappocini
4581531,MAPHATO INDO PERKASA,JL KOMP. PERUMAHAN KARUNRUNG ASRI,7371031002,Aktif,10,7371031,Rappocini
4581847,QUANTUM FALAH,JL HERTASNING BARU ANGING MAMMIRI RESIDENCE,7371031002,Aktif,10,7371031,Rappocini
4581931,PUTRA BAHAGIA UTAMA,JL. LANDAK BARU NO.34,7371031007,Aktif,10,7371031,Rappocini
4582466,MEGA KARYA CELEBES,JL. TALASALAPANG 2 KOMP P&K,7371031001,Aktif,10,7371031,Rappocini
4582773,KKM MADRASAH IBTIDAIYAH MAKASSAR 1,JL. ANDI JEMMAH LR. 7 NO. 28 MAKASSAR,7371031007,Aktif,10,7371031,Rappocini
4582852,TIGA CAHAYA SANRANGAN,JL RAPPOCINI RAYA,7371031008,Aktif,10,7371031,Rappocini
4582857,BUANA JASA SULAWESI,JL. SYECH YUSUF,7371031001,Aktif,10,7371031,Rappocini
4583225,TIDAR WASKITA JAYA,PENDIDIKAN RAYA,7371031006,Aktif,10,7371031,Rappocini
4583305,TIKI JALUR NUGRAHA EKAKURIR,JL A.P. PETTARANI CENTRE,7371031008,Aktif,10,7371031,Rappocini
4583644,UJUNG PANDANG GLOBAL,JL MONUMEN EMMY SAELAN  PERUM GUNUNG SARI INDAH TOWN HOUSE KAV P,7371031006,Aktif,10,7371031,Rappocini
4585472,CAUSA PRIMA CONSULTANT,KOMPL. KODAM GUNUNG SARI,7371031009,Aktif,10,7371031,Rappocini
4585564,TRIZA MANDIRI,PERUM NUSA LANDAK MAS JL LANDAK BARU X,7371031007,Aktif,10,7371031,Rappocini
4585949,ALAM HIJAU SEJAHTERA,"JL.TIDUNG IX NO.109, MAPPALA",7371031003,Aktif,10,7371031,Rappocini
4586486,BINTUNI MAKMUR SENTOSA,"JL RAPPOCINI RAYA NO 112A RT 001 RW 001, BUAKANA",7371031008,Aktif,10,7371031,Rappocini
4587664,TRINITY EDUTAINMENT,"JL.SUNGAI SADDANG BARU LR.IKHLAS NO.10 RT.002 RW.009, BALLA PARANG",7371031010,Aktif,10,7371031,Rappocini
4587945,ROYAL GLOBAL MEDICA,JL SUNGAI SADDANG BARU,7371031010,Aktif,10,7371031,Rappocini
4588224,NUSA IDEA INDONESIA,"JL. TAMAN GOSYEN RAYA II, MAKASSAR",7371031004,Aktif,10,7371031,Rappocini
4588916,GERBANG TIMUR BERITA,JL. HERTASNING BARU NO. 46,7371031004,Aktif,10,7371031,Rappocini
4589159,YAYASAN PENDIDIKAN KARYA (SMA KARYA 2),JL LETJEN HERTASNING,7371031004,Aktif,10,7371031,Rappocini
4589827,BARONGKO KREASI INDONESIA,JL TAMALATE V STP XI,7371031004,Aktif,10,7371031,Rappocini
4589835,AULIA KONSULTAN,"JL.SKARDA'N BTN PEMDA BLOK D/2 RT.004 RW.015, GUNUNG SARI",7371031001,Aktif,10,7371031,Rappocini
4590824,GRAHA VICTORIA PERKASA,"JALAN BUAKANA, KOMPLEKS PERTAMINA NOMOR D7",7371031008,Aktif,10,7371031,Rappocini
4591065,MANUNGGAL 27 JAYA,JL BONTO DG NGIRATE,7371031005,Aktif,10,7371031,Rappocini
4591674,LIBRA PERSADA,JL KOMP BTN MINASA UPA,7371031001,Aktif,10,7371031,Rappocini
4591716,QUADRANT ENTERPRISE,"JL.SULTAN ALUDDIN KOMP.BPH BLOK D9 NO.2 RT.005 RW.020, GUNUNG SARI",7371031001,Aktif,10,7371031,Rappocini
4592128,MARINA PUTRA INDONESIA,JL KOMP NEW ZAMRUD,7371031008,Aktif,10,7371031,Rappocini
4592164,STAR MULTI KHARISMA,TALASALAPANG 2 KOMP PK,7371031001,Aktif,10,7371031,Rappocini
4593195,KELOMPOK MASYARAKAT SIPAKATAU,JALAN PELITA RAYA TENGAH,7371031010,Aktif,10,7371031,Rappocini
4594720,MERAH HITAM INDONESIA,JALAN PALM RAJA B. II NOMOR 16 MAKASSAR,7371031004,Aktif,10,7371031,Rappocini
4594734,ANUGRAH MADALLE ABADI,JL TAMALATE I,7371031006,Aktif,10,7371031,Rappocini
4595367,ANANDA IDY BERSAUDARA,JL. ANDI DJEMMA,7371031007,Aktif,10,7371031,Rappocini
4596461,TUJUH DELAPAN MAKASSAR,JL. RUTAN NO. 38 E,7371031006,Aktif,10,7371031,Rappocini
4596871,HASIB UTAMA KONSULTAN,"JL.S SADDANG BARU NO.46 D, BALLA PARANG",7371031010,Aktif,10,7371031,Rappocini
4597176,BERSAMA PASTI JAYA,"JL.TODDOPULI RAYA NO.01, KASSI-KASSI",7371031004,Aktif,10,7371031,Rappocini
4597269,FADLY UTAMA,"JL.PELITA RAYA BLK A.14 NO 1, BALLA PARANG",7371031010,Aktif,10,7371031,Rappocini
4598057,MITRA PARENRENGI KARYA UTAMA,JL YUSUF DG NGAWING BLOK E33,7371031006,Aktif,10,7371031,Rappocini
4598761,JALAN-JALAN BERSAMA,JL HERTASNING RUKAN PENAMAS,7371031006,Aktif,10,7371031,Rappocini
4598796,INCITO PRIMA,"JL.PURI TAMAN SARI D7 NO.3 RT.003 RW.012, KASSI-KASSI",7371031004,Aktif,10,7371031,Rappocini
4923149,MENJAHIT <RONITA>,JALAN MONUMEN EMMY SAELAN NO 40,7371031001,Aktif,10,7371031,Rappocini
4923150,DEPOT AIR MINUM OPICK,JALAN MONUMEN EMMY SAELAN NO 32,7371031001,Aktif,10,7371031,Rappocini
4923151,USAHA GORONG-GORONG (DAENG BAU),JALAN TALASALAPANG 2,7371031001,Aktif,10,7371031,Rappocini
4923152,ISI ULANG AIR GALON <MAKMUR>,JL GRIYA FAJAR MAS PERUMAHAN LAGOOSI,7371031001,Aktif,10,7371031,Rappocini
4923153,JAHITAN (FITRI),J L JIPANG RAYA BLOK A1 NO 14,7371031,Aktif,7,7371031,Rappocini
4923154,BENGKEL LAS <SUCIPTO>,BTN MINASA UPA BLOK B5 NO 1,7371031,Aktif,7,7371031,Rappocini
4923155,MEBEL,JL. SYECH YUSUF LORONG 1,7371031,Aktif,7,7371031,Rappocini
4923156,TUKANG JAHIT <REISYA>,BTN MINASA UPA BLOK G,7371031,Aktif,7,7371031,Rappocini
4923157,JUAL GALON <BAMBANG>,MINASAUPA BLOK D12 NO 5,7371031,Aktif,7,7371031,Rappocini
4923158,PENJAHIT AISYAH,BTN MINASA UPA BLOK F9/22,7371031,Aktif,7,7371031,Rappocini
4923159,BRONIS ADITIA <NURLIA>,BTN MINASA UPA BLOK M14 NO 18,7371031,Aktif,7,7371031,Rappocini
4923160,BENGKEL LAS <SUGINO>,BTN MINASA UPA BLOK J11/11,7371031,Aktif,7,7371031,Rappocini
4923161,TUKANG JAHIT <SUMARIATI>,JL MINASA UPA BLOK L 10 NO 10 D,7371031,Aktif,7,7371031,Rappocini
4923162,UD SETIA ALUMINIUM,JL TALASALAPANG,7371031002,Aktif,10,7371031,Rappocini
4923163,PENJAHIT SOPPENG,JL JIPANG RAYA,7371031002,Aktif,10,7371031,Rappocini
4923164,JUALAN KUE KERING,BTN MINASA UPA BLOK A5,7371031002,Aktif,10,7371031,Rappocini
4923165,BENGKEL LAS <RIDWAN>,JALAN KARAENG BONTO TANGNGA,7371031002,Aktif,10,7371031,Rappocini
4923166,PABRIK MESIN CABUT BULU AYAM <ILHAM>,JALNA SKARDA N 4 NO 9,7371031002,Aktif,10,7371031,Rappocini
4923167,USAHA LAS KELILING <M ANWAR ISHAK>,JALAN KARUNRUNG RAYA 1,7371031002,Aktif,10,7371031,Rappocini
4923168,AMRUL DANI TAYLOR<AMRUL DANI>,TAMALATE 2 BLOK 13 NOMOR 7,7371031003,Aktif,10,7371031,Rappocini
4923169,PEMBUATAN KUE (ARSYAD),JL TIDUNG IX NO 42,7371031003,Aktif,10,7371031,Rappocini
4923170,PENGISIAN ULANG AIR GALON MUIS,JL TAMALATE 1 STP 37 NO.230,7371031003,Aktif,10,7371031,Rappocini
4923171,TUKANG JAHIT AMIRUDDIN,JL TAMALATE 2 NO 314,7371031003,Aktif,10,7371031,Rappocini
4923172,JUALAN KAYU (ABDUL RASYID),HERTASNING BARU NO 29,7371031004,Aktif,10,7371031,Rappocini
4923173,JUAL PAVING BLOK  <DG NGINGA>,HERTASNING AROEPALA,7371031004,Aktif,10,7371031,Rappocini
4923174,JUAL KELAPA PARUT <YUSRIANI>,PASAR HERTASNING AROEPALA,7371031004,Aktif,10,7371031,Rappocini
4923175,MENJAHIT <ST MURNI>,JL BORONG INDAHX NO 9A,7371031004,Aktif,10,7371031,Rappocini
4923176,USAHA ISI ULANG AIR MINUM <KIFLI>,JALAN TODDOPULI RAYA (ASPOLTODDOPULI BLOK F NO 2),7371031004,Aktif,10,7371031,Rappocini
4923177,USAHA MENJAHIT PAKAIAN (MULIATI UMAR),ASPOL TODDOPULI BLOK E NO 22,7371031004,Aktif,10,7371031,Rappocini
4923178,BENGKEL LAS (ASRAL),JALAN BERINGIN 7 NO 11,7371031004,Aktif,10,7371031,Rappocini
4923179,PENJAHIT <HAMZAH>,TIDUNG 4 SETAPAK 4  NO,7371031005,Aktif,10,7371031,Rappocini
4923180,PENJUAL BATU AKIK <UPIE>,TIDUNG 5 SETAPAK 10  NO 119,7371031005,Aktif,10,7371031,Rappocini
4923181,PENJAHIT PAKAIAN <BAHAR>,KOMP IKIP B III NO 3,7371031006,Aktif,10,7371031,Rappocini
4923182,SADATA UTAMA BENGKEL<HARIS>,JL.MONUMEN EMMY SAELAN NO 23,7371031006,Aktif,10,7371031,Rappocini
4923183,JUAL GORENGAN PURIYONO,JL TIDUNG MARIOLO LR 1,7371031006,Aktif,10,7371031,Rappocini
4923184,DEPOT AIR MINUM < RAMLI >,JL BONTO DG NGIRATE,7371031006,Aktif,10,7371031,Rappocini
4923185,TUKANG JAHID,TIDUNG MARIOLO NO. 58,7371031006,Aktif,10,7371031,Rappocini
4923186,PENJUAL KERIPIK 2,BOTNOLANRA LR BUNTU,7371031007,Aktif,10,7371031,Rappocini
4923187,LAS,JL BONTOLANRA 2 NO 9,7371031007,Aktif,10,7371031,Rappocini
4923188,PERCETAKAN RAFLI,JL LANDAK BARU,7371031007,Aktif,10,7371031,Rappocini
4923189,FURNITURE <AGUS>,JL BONTO MENE NO 11,7371031007,Aktif,10,7371031,Rappocini
4923190,MEMBUAT DAN MENJUAL KUE<HASNA>,JALAN LANDAK BARU LR 10 NO 9,7371031007,Aktif,10,7371031,Rappocini
4923191,PENJAHIT <JUMSIAH>,JL LANDAK BARU PERUM PLI,7371031007,Aktif,10,7371031,Rappocini
4923192,PEMBUAT DAN PENJUAL KUE <HATIJA>,JALAN BANTA BANTAENG,7371031007,Aktif,10,7371031,Rappocini
4923193,DEPOT RASWA,JI BANTA BANTAENG LR 3 GANG 1 NO 8,7371031007,Aktif,10,7371031,Rappocini
4923194,MENJAHIT <HALIDJAH>,JALAN BANTA BANTAENG LR 7,7371031007,Aktif,10,7371031,Rappocini
4923195,REPARASI KUNCI <AHMAD>,JL BANTA-BANTAENG NO 88,7371031007,Aktif,10,7371031,Rappocini
4923196,PENJAHIT<TALANI>,JALAN BANTA-BANTAENG NO74,7371031007,Aktif,10,7371031,Rappocini
4923197,JUAL KUE <NURJIA>,JL BANTA-BANTAENG LR 10B NO 66,7371031007,Aktif,10,7371031,Rappocini
4923198,PENJUAL KUE <SITTI> LORONG 8 KAMPUNG SELAYAR,JALAN BANTA BANTAENG,7371031007,Aktif,10,7371031,Rappocini
4923199,PENJAHIT <KHADIJAH>,JALAN WIJAYA KUSUMA BLOK K 7 NO 20,7371031007,Aktif,10,7371031,Rappocini
4923200,TUKANG JAHIT <ASRAWATI>,BUAKANA,7371031008,Aktif,10,7371031,Rappocini
4923201,MINYAK PAMBOANG <ASLAN AZIS>,JALAN RAPPOCINI RAYA LR. 9C,7371031008,Aktif,10,7371031,Rappocini
4923202,JUAL KUE <HAPSAH>,JL PELITA 2 LR 3 NO 43,7371031008,Aktif,10,7371031,Rappocini
4923203,PUTRA ART <NIRWALA>,JL RAPPOCINI RAYA LR 4 NO 3,7371031009,Aktif,10,7371031,Rappocini
4923204,PERCETAKAN UNDANGAN <HENRA CANRA>,JL RAPPOCINI RAYA NO 4,7371031009,Aktif,10,7371031,Rappocini
4923205,BENGKE AS PANGGIL <MEMET>,JL.INSPEKSI KANAL RAPPOCINI,7371031009,Aktif,10,7371031,Rappocini
4923206,AIR ISI ULANG <HASAN>,JL RAPPOCINI RAYA,7371031009,Aktif,10,7371031,Rappocini
4923207,PEMBUATAM KEMBANG <ELI ABIDIN>,JALAN RAPPOCINI RAYA,7371031009,Aktif,10,7371031,Rappocini
4923208,TAILOR <INDIRA>,JALAN RAPPOCINI LR 5 D,7371031009,Aktif,10,7371031,Rappocini
4923209,MEMBUAT DAN MENJUAL LIST,JLN INSPEKSI KANAL,7371031009,Aktif,10,7371031,Rappocini
4923210,CELENGAN KARTON GERABAH,JL MONGINSIDI BARU AB7 NO 12 E,7371031010,Aktif,10,7371031,Rappocini
4923211,ROTI SUMBA,JALAN MONGINSIDI BARU BLOK AB 2 NO 2,7371031010,Aktif,10,7371031,Rappocini
4923212,CV. RISKA KARYA,JALAN SUNGAI SADDANG BARU NO 90,7371031010,Aktif,10,7371031,Rappocini
4923213,LAS KELILING (ANDI),JALAN PELITA RAYA TENGAH BLOK A2 NO 3,7371031010,Aktif,10,7371031,Rappocini
4923214,TUKANG JAHIT (SARNI),JL BOLLAPARANG 1 NO 8,7371031010,Aktif,10,7371031,Rappocini
4923215,USAHA ALUMINIUM <KUNCORO>,JL.KELAPA TIGA NO 16,7371031010,Aktif,10,7371031,Rappocini
4923216,PENJAHIT BAJU <FATMAWATI>,JL PELITA RAYA NO 29,7371031010,Aktif,10,7371031,Rappocini
4923217,MEMBUAT GORENGAN <SATTURIAH>GORENGAN RESKI,JALAN KELAPA TIGA GANG 2 NO 02,7371031010,Aktif,10,7371031,Rappocini
4923218,BAKSO (SYARUFUDDIN DG BELLA),JL KELAPA 3 NO19,7371031010,Aktif,10,7371031,Rappocini
4923219,JUAL KERIPIK PISANG WINARNI,JL KELAPA 3 GANG 2 NO 15,7371031010,Aktif,10,7371031,Rappocini
4924995,PENJAHIT RABIA,JALAN JIPANG RAYA,7371031002,Aktif,10,7371031,Rappocini
4924996,PEMBUAT PUTU CANGKIR,JALAN KARUNRUNG RAYA 4,7371031002,Aktif,10,7371031,Rappocini
4924997,MENJAHIT <HELMI>,JL TIDUNG 9 STP 14,7371031003,Aktif,10,7371031,Rappocini
4924998,USAHA KUE BASAH <RUSIAH>,JL TAMALATE 5 SETAPAK 9 NO 2,7371031004,Aktif,10,7371031,Rappocini
4924999,SULAPAAPPA PERCETAKAN,JL RAYA PENDIDIKAN,7371031006,Aktif,10,7371031,Rappocini
4925000,KANGEN WATER <HAERUL>,JL MON EMMY SAELAN 3D KOMPLEK TAMES NO 223,7371031006,Aktif,10,7371031,Rappocini
4925001,TOKO KUE NASRIANI,LANDAK BARU LORONG 5C NO 57,7371031007,Aktif,10,7371031,Rappocini
4925002,PRINT (ILHAM),BUAKANA RAYA NO 156,7371031008,Aktif,10,7371031,Rappocini
4944182,LOKET BAYAR ONLINE <RUDINI>,KARUNRUNG RAYA NO.20,7371031002,Aktif,10,7371031,Rappocini
4956547,PEMULUNG 3,BANGSAL GRIYA FAJAR MAS,7371031001,Aktif,10,7371031,Rappocini
4956548,BANK SAMPATI <P DG NGERANG>,JL MAPALA 2 LORONG 1 NO 26,7371031006,Aktif,10,7371031,Rappocini
4956549,MENJUAL AIR TANGKI(BAHTIAR),JALAN LANDAK BARU LR 10 NUSA LANDAK MAS BLOK C/13,7371031007,Aktif,10,7371031,Rappocini
4956550,PATIMBANG <MUJI>,JL BANTA BANTAENG LR 3 NO 2A,7371031007,Aktif,10,7371031,Rappocini
4956551,PEMULUNG SAMPAH (DIANA),JL RAPPOCINI RAYA LR 2,7371031009,Aktif,10,7371031,Rappocini
4956672,PEMULUNG (AMA),KOMPLEKS PEMDA BLOK  E 27,7371031006,Aktif,10,7371031,Rappocini
4956673,PEMULUNG <DG JINTU>,JL RSI FAISAL 17 NO 23,7371031007,Aktif,10,7371031,Rappocini
4956674,PENGUMPUL BARANG BEKAS,JALAN KELAPA TIGA,7371031010,Aktif,10,7371031,Rappocini
4976161,PEMBORONG <DG TABA>,MAKASSAR,7371031002,Aktif,10,7371031,Rappocini
4976162,PEMASANGAN ANTENE PARABOLA,LANDAK BARU NO 19,7371031007,Aktif,10,7371031,Rappocini
4976377,KONTRAKTOR (SAIPUL),PERUMAHAN PURI TAMAN SARI BLOK B2 NO.13,7371031004,Aktif,10,7371031,Rappocini
5392986,PENYUPLAI MATERIAL BAHAN BANGUNAN,PERUM BUKIT SALEKOA BLOK A4 RT: 4 RW: 1 KODEPOS: 90221,7371031,Aktif,7,7371031,Rappocini
5392987,MASAGENAE MOTOR,JL HERTASNING BARU BLOK A B RT: 05 RW: 10 KODEPOS: 90221,7371031,Aktif,7,7371031,Rappocini
5392988,DAGANG MOBIL <JERRY>,JL MINASAUPA RAYA RUKO K NO 2 RT: 02 RW: 01 KODEPOS: 90221,7371031,Aktif,7,7371031,Rappocini
5392989,"NUR AN CAMPURAN & BAROKAH<MUHTAR NURDIN>, UD",JL BANTA-BANTAENG NO 19 RT:5 RW:4,7371031007,Aktif,10,7371031,Rappocini
5392990,MAKASSAR JAYA BARU <RUDY>,JL RAPPOCINI RAYA NO 231 RT:01 RW:04,7371031008,Aktif,10,7371031,Rappocini
5407340,MENJUAL HELM,JALAN SULTAN ALAUDDIN,7371031001,Aktif,10,7371031,Rappocini
5407341,JUALAN CAMPURAN (SUPARMAN),JALAN SALEMBA,7371031001,Aktif,10,7371031,Rappocini
5407342,KANTIN SEKOLAH <ST NURHAYATI>,JL COKONURI,7371031001,Aktif,10,7371031,Rappocini
5407343,TOKO CAMPURAN <HAJRAH>,JALAN SKARDA LR 2 NO 35,7371031001,Aktif,10,7371031,Rappocini
5407344,TOKO GAS<UDIN MANNA>,JL SKARDA N LR 3 NO 40,7371031001,Aktif,10,7371031,Rappocini
5407345,TOKO HINO MARU <RAHMAWATI>,JL SKARDA N LR 3 NO 80,7371031001,Aktif,10,7371031,Rappocini
5407346,JUAL PAKAIAN <WATI>,KOMP MANGASA PERMAI BLOK 41 NO 5,7371031001,Aktif,10,7371031,Rappocini
5407347,TOKO ASRO (BARANG CAMPURAN),KOMP MANGASA PERMAI BLOK J1 NO 3,7371031001,Aktif,10,7371031,Rappocini
5407348,NAURA,JL TALA SALAPANG RAYA,7371031001,Aktif,10,7371031,Rappocini
5407349,TOKO SINAR BANGUNAN,JL TALA SALAPANG,7371031001,Aktif,10,7371031,Rappocini
5407350,ROBIN MOTOR <ROWINSON>,JL TALA SALAPANG NO 1B,7371031001,Aktif,10,7371031,Rappocini
5407351,TOKO SURYA <AMIN>,JL TALASALAPANG RAYA NO 14A,7371031001,Aktif,10,7371031,Rappocini
5407352,BENGKEL <MANSYUR>,KOMPLEKS GRIYA FAJAR MAS,7371031001,Aktif,10,7371031,Rappocini
5407353,TOKO CAHAYA (ARLI),PERUM GRIYA FAJAR MAS BLOK D17,7371031001,Aktif,10,7371031,Rappocini
5407354,BENGKEL ANS WALANA IBRAHIM,JL MINASA SARI,7371031,Aktif,7,7371031,Rappocini
5407355,JUAL IKAN <DG TAWANG>,JL SYECH YUSUF,7371031,Aktif,7,7371031,Rappocini
5407356,WARUNG KELONTONG NIA,JL SYEKH YUSUF LR 1 NO 12 KODAM KATANGKA,7371031,Aktif,7,7371031,Rappocini
5407357,KIOS AYAM POTONG <DG PAEWA>,J L SYEKH YUSUF KATANGKA,7371031,Aktif,7,7371031,Rappocini
5407358,TOKO KELONTONGAN HADIJAH,BTN MINASA UPA BLOK M,7371031,Aktif,7,7371031,Rappocini
5407359,KARINA SHOP,BTN MINASA UPA,7371031,Aktif,7,7371031,Rappocini
5407360,JUAL PASIR <BAMBANG>,MINASA UPA BLOK D12 NO 5,7371031,Aktif,7,7371031,Rappocini
5407361,BRADER FURNITURE,BTN MINASA UPA BLOK F6,7371031,Aktif,7,7371031,Rappocini
5407362,KIOS YULI,MINASA UPA F15 28,7371031,Aktif,7,7371031,Rappocini
5407363,TOKO KELONTONG <ENDAH>,BTN MINASA UPA BLOK L14 NO 14,7371031,Aktif,7,7371031,Rappocini
5407364,KIOS DARWIS <DARWIS>,BTN MINASA UPA BLOK N12 NO 15,7371031,Aktif,7,7371031,Rappocini
5407365,CUCI MOTOR CAHAYA AGUNG,BTN MINASA UPA BLOK L3 NO 1,7371031,Aktif,7,7371031,Rappocini
5407366,WARUNG KLONTONG,BTN MINASA UPA BLOK K15 NO 28,7371031,Aktif,7,7371031,Rappocini
5407367,KIOS ASRI,BTN MINASA UPA BLOK AB 16 NO 1D,7371031,Aktif,7,7371031,Rappocini
5407368,KELONTONGAN ISMAIL,JL TALASALAPANG,7371031002,Aktif,10,7371031,Rappocini
5407369,RENE MOTOR,JL JIPANG RAYA DP 9 NO 1,7371031002,Aktif,10,7371031,Rappocini
5407370,GLOBAL JAYA,JALAN BTN MINASA UPA,7371031002,Aktif,10,7371031,Rappocini
5407371,KANTIN SLTPN 21 (NURSIAH),BTN MINASA UPA BLOK A5,7371031002,Aktif,10,7371031,Rappocini
5407372,BURUH BENGKEL MOBIL,JL MINASA KARYA NO 32,7371031002,Aktif,10,7371031,Rappocini
5407373,PENJUAL TALI RAPIAH <MEJA>,JIPANG RAYA,7371031002,Aktif,10,7371031,Rappocini
5407374,JUAL CAMPURAN <DEPAWAWU>,JIPANG RAYA,7371031002,Aktif,10,7371031,Rappocini
5407375,KIOS KECIL <DAENG CARAMMENG>,JALAN KARAENG BONTO TANGNGA,7371031002,Aktif,10,7371031,Rappocini
5407376,KANTIN TAYANG,JALAN BENUNGAN BILI BILI,7371031002,Aktif,10,7371031,Rappocini
5407377,USAHA CAMPURAN,KR BONTO TANGNGA 1,7371031002,Aktif,10,7371031,Rappocini
5407378,TAMBAL BAN <PAK ACING>,KR BONTO TANGNGA 1,7371031002,Aktif,10,7371031,Rappocini
5407379,TOKO AZIZAH <M TAKDIR>,JALAN KARUNRUNG RAYA TIGA,7371031002,Aktif,10,7371031,Rappocini
5407380,TOKO CAMPURAN <DIANA>,JALAN KARUNRUNG RAYA NO 40,7371031002,Aktif,10,7371031,Rappocini
5407381,JUAL IKAN <ARIF>,JALAN KARUNRUNG RAYA 1 NO 33 A,7371031002,Aktif,10,7371031,Rappocini
5407382,WARUNG CAMPURAN <SUKAWATI>,JALAN KARUNRUNG RAYA,7371031002,Aktif,10,7371031,Rappocini
5407383,WARUNG CAMPURAN<HARRY>,JL TAMALATE 2 NOMOR 3,7371031003,Aktif,10,7371031,Rappocini
5407384,JUAL IKAN <HAMID>,JALAN KARUNRUNG RAYA 1,7371031003,Aktif,10,7371031,Rappocini
5407385,KIOS IMA (FHATIMA),JL TIDUNG 9 STP 12 NO 270,7371031003,Aktif,10,7371031,Rappocini
5407386,JUAL PAKAIAN,JL TIDUNG 9 STP 14,7371031003,Aktif,10,7371031,Rappocini
5407387,TOKO SEMBAKO,JL TIDUNG 9 STP 14 NO 123,7371031003,Aktif,10,7371031,Rappocini
5407388,TOKO KELONTONG (LISTI),TIDUNG 7 SETAPAK 2 NO 65,7371031003,Aktif,10,7371031,Rappocini
5407389,BENGKEL <YUNUS>,TAMALATE 2 NO 174,7371031003,Aktif,10,7371031,Rappocini
5407390,JUAL BAHAN JAHITAN,JL TAMALATE 2 NO 312,7371031003,Aktif,10,7371031,Rappocini
5407391,D WINA CELL,JALAN TAMALATE 1 NO 17,7371031003,Aktif,10,7371031,Rappocini
5407392,WARUNG KELONTONG <USMAN GAFFAR>,JL TIDUNG 9 NO 110,7371031004,Aktif,10,7371031,Rappocini
5407393,TOKO CAMPURAN (RINTU),PERMATA HIJAU PERMAI BLOK F 34,7371031004,Aktif,10,7371031,Rappocini
5407394,TOKO PERLENGKAPAN SEKOLAH <ASNAH>,HERTASNING,7371031004,Aktif,10,7371031,Rappocini
5407395,JUAL SEMBAKO <DG SUNGGU>,KASS-KASSI,7371031004,Aktif,10,7371031,Rappocini
5407396,JUAL IKAN <ANI>,PASAR HERTASNING AROEPAL A,7371031004,Aktif,10,7371031,Rappocini
5407397,JUAL KUE KUE <MULIYANI>,PERUMAHAN PURI TAMAN SARI BLOK B 2/,7371031004,Aktif,10,7371031,Rappocini
5407398,JUAL CAMPURAN JUMANTI,JL BERINGIN TIMUR STP 12,7371031004,Aktif,10,7371031,Rappocini
5407399,JUAL CAMPURAN (DRA SURIANI),JL TAMALATE 6 STP 5 NO 308,7371031004,Aktif,10,7371031,Rappocini
5407400,KAMPAS,JL TAMALATE 5 SETAPAK 11,7371031004,Aktif,10,7371031,Rappocini
5407401,WARUNG SEMBAKO (WIDYA),TODDOPULI 1 KAMPUNG KASSI KASSI,7371031004,Aktif,10,7371031,Rappocini
5407402,TOKO CAMPURAN (HERMAN),TODDOPULI 1NO 7 BLOK 25,7371031004,Aktif,10,7371031,Rappocini
5407403,PRODUK TUPPERWEAR <MEGAWATI>,ASPOL TODDOPULI BLOK D / 38,7371031004,Aktif,10,7371031,Rappocini
5407404,TOKO KELONTONG (LAURENTIN),JL.BERINGIN 2 NO 18,7371031004,Aktif,10,7371031,Rappocini
5407405,TOKO KELONTONG (MUHAJRINA),JL.BERINGIN 3 NO. 3,7371031004,Aktif,10,7371031,Rappocini
5407406,WARUNG KELONTONG (YUNUS),JALAN BERINGIN,7371031004,Aktif,10,7371031,Rappocini
5407407,TOKO DARNA,TIDUNG 4 SETAPAK 2 NO 94,7371031005,Aktif,10,7371031,Rappocini
5407408,PRESS BAN<MUH IRWAN>,JALAN TAMALATE 1,7371031005,Aktif,10,7371031,Rappocini
5407409,TOKO SRI <A M MAHMUD YASIN>,JL BONTO DI NGIRATE,7371031005,Aktif,10,7371031,Rappocini
5407410,WARUNG CAMPURAN <ZAINAB DG NGIJI>,JL BONTO DG NGIRATE BLK 20 STP 2 NO 15,7371031005,Aktif,10,7371031,Rappocini
5407411,TOKO SAHRA,JL KOMP UNM,7371031006,Aktif,10,7371031,Rappocini
5407412,JUALAN IKAN <DG RANI>,JLMON.EMMY SAELAN LR.7,7371031006,Aktif,10,7371031,Rappocini
5407413,JUALAN SAYUR <DG KANANG>,MON EMMY SAELAN LR 1,7371031006,Aktif,10,7371031,Rappocini
5407414,JUALAN AYAM POTONG <ASRIANI>,JL TAMALATE 1,7371031006,Aktif,10,7371031,Rappocini
5407415,JUAL KUE <HANIA DG BOLLO>,JL MON EMMY SAELAN,7371031006,Aktif,10,7371031,Rappocini
5407416,JUALAN SEMBAKO <JUMARIAH>,JL MON EMMY SAELAN LRLY NO 51,7371031006,Aktif,10,7371031,Rappocini
5407417,DESTIKA SHOP,JL MONUMEN EMMY SAELAN,7371031006,Aktif,10,7371031,Rappocini
5407418,TOKO ECERAN <DG JINTU>,JL MON EMMY SAELAN LORONG 5,7371031006,Aktif,10,7371031,Rappocini
5407419,JUAL SNACK <SALMAN>,JL BONTO DG NGIRATE NO 8 B,7371031006,Aktif,10,7371031,Rappocini
5407420,TOKO KELONTONG <HARFIDA>,JALAN HERTASNING 7,7371031006,Aktif,10,7371031,Rappocini
5407421,BENGREL MOTOR NUR,JL YUSUF DG NGAWING,7371031006,Aktif,10,7371031,Rappocini
5407422,JUAL PAKAIAN KELILING <ANTO>,JL TIDUNG MARIOLO LORONG 1,7371031006,Aktif,10,7371031,Rappocini
5407423,WARUNG CAMPURAN <NURI>,J L TIDUNG MARIOLO LORONG 2,7371031006,Aktif,10,7371031,Rappocini
5407424,TOKO SEMBAKO <HASNA>,IL TIDUNG MARIOLO LORONG 2,7371031006,Aktif,10,7371031,Rappocini
5407425,PENJUAL AYAM POTONG DI PASAR,JL TIDUNG MARIOLO LORONG 6,7371031006,Aktif,10,7371031,Rappocini
5407426,TOKO CAMPURAN <NISMAWATI DG CAYA>,JALAN LANDAK BARU LORONG 1 NO 78,7371031007,Aktif,10,7371031,Rappocini
5407427,USAHA GALON ECERAN,JL ALNDAK BARU LR 1 NO 2A,7371031007,Aktif,10,7371031,Rappocini
5407428,BENGKEL KELILING <ISHAK LENRI>,JALAN BONTO LANRA LORONG 3 NO 25 A,7371031007,Aktif,10,7371031,Rappocini
5407429,TOKO SEMBAKO <HARIS>,JALAN BONTOLANDRA LORONG 4,7371031007,Aktif,10,7371031,Rappocini
5407430,TOKO CAMPURAN <NASARUDDIN>,JL AP PETTARANI,7371031007,Aktif,10,7371031,Rappocini
5407431,JUAL ECERAN SEMBAKO,JL ANDI PETTARANI RAYA,7371031007,Aktif,10,7371031,Rappocini
5407432,PRES BAN <KARIM>,JALAN RSI FAISAL 16,7371031007,Aktif,10,7371031,Rappocini
5407433,WARUNG CAMPURAN <DG TALLI>,JALAN LANDAK BARU LORONG 9 NO 21,7371031007,Aktif,10,7371031,Rappocini
5407434,SHOW ROOM MOBIL <ASO>,JALAN LANDAK BARU NO 415,7371031007,Aktif,10,7371031,Rappocini
5407435,WARUNG CAMPURAN <FATIMA KIBAS>,JALAN LANDAK BARU LORONG 9,7371031007,Aktif,10,7371031,Rappocini
5407436,WARUNG CAMPURAN,JL LANDAK BARU LR 7 NO 30,7371031007,Aktif,10,7371031,Rappocini
5407437,WARUNG CAMPURAN <HASNA>,JALAN BANTA BANTAENG,7371031007,Aktif,10,7371031,Rappocini
5407438,TOKO KELONTONG <HASNAH>,JALAN BANTA BANTAENG LRG 3,7371031007,Aktif,10,7371031,Rappocini
5407439,TOKO KELONTONG <HJ AMBO>,JALAN BANTA BANTAENG LORONG 8 NO 65,7371031007,Aktif,10,7371031,Rappocini
5407440,TOKO AFI <SYAHRULLAH>,JL BANTA BANTAENG NO 93,7371031007,Aktif,10,7371031,Rappocini
5407441,KANTIN DUA PUTRI,K AMPUS UNM OLAHRAGA,7371031007,Aktif,10,7371031,Rappocini
5407442,CAMPURAN <IRMAYANTI>,JL FAISAL 17 LR 1 NO 1,7371031007,Aktif,10,7371031,Rappocini
5407443,WARUNG KELONTONG <R SUMITRO>,JL RAPPOCINI RAYA LR 6,7371031008,Aktif,10,7371031,Rappocini
5407444,JUAL BELI BARANG BEKAS <SUPRIADI>,JL CILALLANG JAYA 1,7371031008,Aktif,10,7371031,Rappocini
5407445,TOKO OLIVIA <EDI>,JL CILALLAN JAYA,7371031008,Aktif,10,7371031,Rappocini
5407446,PRES BAN (RENDI),JL A PETTARANI,7371031008,Aktif,10,7371031,Rappocini
5407447,JUALAN SAYUR (UMMI),JALAN BONTO CINDE,7371031008,Aktif,10,7371031,Rappocini
5407448,JUAL KUE MINUMAN <SYAMSIA>,JALAN AP BETTARANI NO 100 A,7371031008,Aktif,10,7371031,Rappocini
5407449,JUAL ECERAN GAS TOKO MARIAMA,JL BUAKANA RAYA NO 38,7371031008,Aktif,10,7371031,Rappocini
5407450,BENGKEL MOTOR DAN SPEARFACT (SUMBER REZEKY),JALAN RAPPOCINI RAYA NO 80,7371031008,Aktif,10,7371031,Rappocini
5407451,WARUNG SEMBAKO 1,JL RAPPOCINI RAYA LR 6 NO 31,7371031008,Aktif,10,7371031,Rappocini
5407452,BAHARI RAPPOCINI,JL RAPPOCINI RAYA NO 165 B,7371031008,Aktif,10,7371031,Rappocini
5407453,TOKO SEMBAKO <NURSIA>,JL BUAKANA 8 NO 1 A,7371031008,Aktif,10,7371031,Rappocini
5407454,WARUNG CAMPURAN <MUSRIANTO>,JL PELITA 8 LR 1 NO 2,7371031008,Aktif,10,7371031,Rappocini
5407455,BENGKEL MOTOR,JALAN PELITA RAYA,7371031008,Aktif,10,7371031,Rappocini
5407456,TOKO SEMBAKO <EMMY>,JL RAPPOCINI RAYA LR 9A,7371031008,Aktif,10,7371031,Rappocini
5407457,JUAL CAMPURAN <DAHLIA>,JL PELITA RAYA 2 LR 3 NO 1,7371031008,Aktif,10,7371031,Rappocini
5407458,JUAL BARANG CAMPURAN (NORMAYANTI),JL RAPPOCINI RAYA LR 1,7371031009,Aktif,10,7371031,Rappocini
5407459,TOKO BARANG CAMPURAN <HJ TARRING>,JALAN RAPPOCINI RAYA LR 4 NO 42,7371031009,Aktif,10,7371031,Rappocini
5407460,JUAL MINUMAN DINGIN <SUNNIATI>,JL RAPPOCINIRAYA LR 2 NO 30,7371031009,Aktif,10,7371031,Rappocini
5407461,JUAL ANEKA KUE <DG SENGA>,JALAN RAPPOCINI LR 4 NO 48,7371031009,Aktif,10,7371031,Rappocini
5407462,WARUNG MAKANAN RINGAN (MARYAM),JL RAPPOCINI NO 35 A,7371031009,Aktif,10,7371031,Rappocini
5407463,WARUNG CAMPURAN <AMARIS>,RAPPOCINI RAYA LR 3 NO 14,7371031009,Aktif,10,7371031,Rappocini
5407464,USAHA BUTIK >LIANDRI>,JALAN RAPPOCINI LR 5,7371031009,Aktif,10,7371031,Rappocini
5407465,KIOS BARANG CAMPURAN (BACO DG LIWANG),RAPPOCINI LR 5 F,7371031009,Aktif,10,7371031,Rappocini
5407466,TOKO BARANG CAMPURAN <HJ. IDA MUSTAFA>,JALAN RAPPOCINI RAYA LR 3 NO 19,7371031009,Aktif,10,7371031,Rappocini
5407467,BENGKEL MOBIL (TRI),JL MONGONSIDI BARU,7371031009,Aktif,10,7371031,Rappocini
5407468,TOKO JUHANI / TOKO SEMBAKO <ASTUTI>,JL PELITA 4 LORONG 5 NO. 10,7371031010,Aktif,10,7371031,Rappocini
5407469,WARUNG CAMPURAN AFIFAH CELL,JL SUNGAI SADDANG BARU LR 7,7371031010,Aktif,10,7371031,Rappocini
5407470,JUALAN GAS <DARMAWATI>,JL SUNGAI SADDANG BARU NO 1,7371031010,Aktif,10,7371031,Rappocini
5407471,PRES BAN (ISHAK),JALAN MONGINSIDI BARU BLOK AB 2 NO 2,7371031010,Aktif,10,7371031,Rappocini
5407472,WARUNG KELONTONG (MIRAWATI),PELITA RAYA TENGAH BLOK A2 NO 3A,7371031010,Aktif,10,7371031,Rappocini
5407473,WARUNG CAMPURAN,JALAN BALLA PARANG 1 NO 21,7371031010,Aktif,10,7371031,Rappocini
5407474,SUMBER KNALPOT /BENGKEL ADI,JL SUNGAI SADDANG BARU NO 7. A,7371031010,Aktif,10,7371031,Rappocini
5407475,WARUNG CAMPURAN (ABD HAKIM),SUNGAI SADDANG BARU LR MU'MIN 2,7371031010,Aktif,10,7371031,Rappocini
5407476,AKI NIKSON,JL SUNGAI SADDANG BARU,7371031010,Aktif,10,7371031,Rappocini
5407477,TOKO CAMPURAN,JL. SUNGAI SADDANG BARU NO 4,7371031010,Aktif,10,7371031,Rappocini
5407478,TOKO THOMSON ACCU <YASMINE W>,JL PELITA RAYA NO 34,7371031010,Aktif,10,7371031,Rappocini
5407479,WARUNG CAMPURAN,JALAN KELAPA TIGA GANG 2. NO 14,7371031010,Aktif,10,7371031,Rappocini
5407480,WARUNG CAMPURAN,JALAN KELAPA TIGA GANG 2 NO 14 RT: 04 RW: 07 KODEPOS: 90222,7371031010,Aktif,10,7371031,Rappocini
5411745,JUAL BELI MOBIL <HARYANTO>,GRAHA HASIRAH PERMAI N6 RT:  RW:  KODEPOS:,7371031001,Aktif,10,7371031,Rappocini
5411746,JUAL PARFUM,GRIYA FAJAR MAS BLOK M NO 2,7371031001,Aktif,10,7371031,Rappocini
5411747,MENJUAL PISANG <SALEH>,JALAN SYEKH YUSUF KATANGKA,7371031,Aktif,7,7371031,Rappocini
5411748,TOKO SEMBAKO <SUKMA>,BTN MINASA UPA BLOK F,7371031,Aktif,7,7371031,Rappocini
5411749,TOKO YUNITA,BTN MINASA UPA BLOK J3 NO 11,7371031,Aktif,7,7371031,Rappocini
5411750,TOKO IKHSAN,BTN MINASA UPA BLOK AB 4 NO 5,7371031,Aktif,7,7371031,Rappocini
5411751,BUTIK ALYA,BTN JIPAN PERMAI BLOK BD 9 JL POROS TALASSALAPANG,7371031002,Aktif,10,7371031,Rappocini
5411752,PENJUAL CAMPURAN (DIA),JIPANG RAYA RAYA 04,7371031002,Aktif,10,7371031,Rappocini
5411753,WARUNG SEMBAKO <TIA>,JL KARNRUNG RAYA 2 NO 1,7371031002,Aktif,10,7371031,Rappocini
5411754,WARUNG KELONTONG (MURNI),TAMALATE 8 NO 2,7371031004,Aktif,10,7371031,Rappocini
5411755,TUPPERWARE (NURJAYANTI),KOMP PURI TAMAN SARI BLOK D 8 NO 10,7371031004,Aktif,10,7371031,Rappocini
5411756,TOKO SABEKRI <SAHARI>,BORONG INDAH,7371031004,Aktif,10,7371031,Rappocini
5411757,KAOS KAKI (ANDRE),JL. HERTASNING BARU PETAK 18,7371031004,Aktif,10,7371031,Rappocini
5411758,BENGKEL <HAMSAH>,JL AROEPALA NO 3,7371031004,Aktif,10,7371031,Rappocini
5411759,SISTER SHOP,JL TAMALATE 4 STP 4 NO 154,7371031004,Aktif,10,7371031,Rappocini
5411760,AL AQILLAH BUTIK <MUCHDA>,J L TAMALATE 1 NO 25 C,7371031004,Aktif,10,7371031,Rappocini
5411761,KLONTONG <DJANIAH>,J L TAMALATE 4 ST P 17 NO 89,7371031004,Aktif,10,7371031,Rappocini
5411762,ONLINE (DEVITASARI),JALAN BERINGIN,7371031004,Aktif,10,7371031,Rappocini
5411763,JUAL GAS <FATIAMA DG MEMANG>,JL BANTA BANTAENG LR 10 NO 88,7371031007,Aktif,10,7371031,Rappocini
5411764,TOKO CAMPURAN <ANI>,JALAN BUAKANA LR 11 A NO 18 C,7371031008,Aktif,10,7371031,Rappocini
5513186,USAHA BENTOR <H RAMSAH>,KOMP MANGASA PERMAI BLOK P1 NO 6,7371031001,Aktif,10,7371031,Rappocini
5513187,TUKANG BENTOR <DG SANU>,JL SYECH YUSUF,7371031,Aktif,7,7371031,Rappocini
5513188,ANGKUTAN BECAK MOTOR,BTN MINASA UPA BLOK N20,7371031,Aktif,7,7371031,Rappocini
5513189,SOPIR PETE PETE 1,MINASA UPA BLOK N6 NO 22 NO 1,7371031,Aktif,7,7371031,Rappocini
5513190,USAHA BENTOR <ARIS A>,BTN MINASA UPA BLOK AB II 22A,7371031,Aktif,7,7371031,Rappocini
5513191,BENTOR HERY,BTN MINASA UPA BLOK AB 6,7371031,Aktif,7,7371031,Rappocini
5513192,OJEK BENTOR <SYAMSUDDIN>,JALAN KARAENG BONTO TANGNGA,7371031002,Aktif,10,7371031,Rappocini
5513193,BENTOR <RAMLI>,JL. EMMY SAELAN 3,7371031002,Aktif,10,7371031,Rappocini
5513194,SUPIR BENTOR <BADO>,KR BONTO TANGNGA 1,7371031002,Aktif,10,7371031,Rappocini
5513195,BENTOR <HAMID>,JALAN KARUNRUNG RAYA 4,7371031002,Aktif,10,7371031,Rappocini
5513196,BENTOR <DAENG KULLE>,JALAN KARUNRUNG RAY A,7371031002,Aktif,10,7371031,Rappocini
5513197,SOPIR ANGKUTAN <DUDI>,JL TIDUNG 9 STP 14 NO 151,7371031003,Aktif,10,7371031,Rappocini
5513198,OJEK (POSEL),JL TIDUNG 7 STP 3 NO 100,7371031003,Aktif,10,7371031,Rappocini
5513199,BENTOR (KOMPA),HERTASNING BARU BLOK D NO 8,7371031004,Aktif,10,7371031,Rappocini
5513200,BENTOR (HAMSA),JL HERTASNING BARU,7371031004,Aktif,10,7371031,Rappocini
5513201,BENTOR (IRWAN),HERTASNING BARU NO 8,7371031004,Aktif,10,7371031,Rappocini
5513202,TUKANG BENTOR <ARDI>,PERMATA HIJAU TEGAL,7371031004,Aktif,10,7371031,Rappocini
5513203,TUKANG BENTOR <JUMARIN>,JL BORONG INDAH,7371031004,Aktif,10,7371031,Rappocini
5513204,TUKANG BENTOR <DG RABANAI>,JALAN BERINGIN TIMUR,7371031004,Aktif,10,7371031,Rappocini
5513205,OJEK BENTOR <SABU>,JL.GRIYA AYU MAS <POS KAMLING>,7371031006,Aktif,10,7371031,Rappocini
5513206,ANGKUTAN SEWA <ARDI>,JLN MONUMEN EMMY SAELAN 3 LR 50 A,7371031006,Aktif,10,7371031,Rappocini
5513207,ANGKOT <MUH IKBAL>,JL MON EMMY SAELAN,7371031006,Aktif,10,7371031,Rappocini
5513208,USAHA BENTOR <KAMALUDDIN>,JL MON EMMY SAELAN,7371031006,Aktif,10,7371031,Rappocini
5513209,TUKANG BENTOR <DG RANYU>,JL MON EMMY SAELAN RAYA,7371031006,Aktif,10,7371031,Rappocini
5513210,TUKANG BENTOR <BASRI>,JL BONTO DG NGIRATE,7371031006,Aktif,10,7371031,Rappocini
5513211,TUAKNG BENTOR <PATA DG GASSING>,JALAN BONTO LANRA LORONG 3 NO 15 A,7371031007,Aktif,10,7371031,Rappocini
5513212,TUKANG BENTOR,JALAN LANDAK BARU LORONG 5C NO 15,7371031007,Aktif,10,7371031,Rappocini
5513213,BENTOR<IPPANG>,JALAN FAISAL 16 NO 3,7371031007,Aktif,10,7371031,Rappocini
5513214,BENTOR <IRFAN>,JL LANDAK BARU LR 9,7371031007,Aktif,10,7371031,Rappocini
5513215,BENTOR,JALAN LANDAK BARU LORONG 8 BUNTU NO 12,7371031007,Aktif,10,7371031,Rappocini
5513216,SUPIR TAKSI <T DG GASSING>,JALAN BANTA BANTAENG LORONG 2 NO 41,7371031007,Aktif,10,7371031,Rappocini
5513217,BENTOR <SYAHRIL DG TOLA>,JALAN BANTA BANTAENG LR 7 NO 22,7371031007,Aktif,10,7371031,Rappocini
5513218,BENTOR <SYARIPUDDIN>,JL LANDAK BARU LR9,7371031007,Aktif,10,7371031,Rappocini
5513219,BENTOR <LOLO>,ANDI TONRO 2,7371031007,Aktif,10,7371031,Rappocini
5513220,BENTOR <DG NASSA>,JALAN BANTA BANTAENG KAMPUNG SELAYAR,7371031007,Aktif,10,7371031,Rappocini
5513221,BENTOR <HERMAN>,JL FAISAL 17 LR 3,7371031007,Aktif,10,7371031,Rappocini
5513222,BENTOR <DG LILI>,JL RAPPOCINI RAYA LR 11 A,7371031008,Aktif,10,7371031,Rappocini
5513223,TUKANG BENTOR<FARID>,JALAN PELITA RAYA VI BLOK A 36,7371031008,Aktif,10,7371031,Rappocini
5513224,TUKANG PARKIR (AHMAD),JL RAPPOCINI RAYA LR 1,7371031009,Aktif,10,7371031,Rappocini
5513225,MENGEMUDI BECAK (SIDAR),JL RAPPOCINI RAYA LR 2,7371031009,Aktif,10,7371031,Rappocini
5513226,BENTOR HAERUL,RAPPOCINI LR 51,7371031009,Aktif,10,7371031,Rappocini
5513227,USAHA BENTOR DG RANI,JALAN INSPEKSI KANAL,7371031009,Aktif,10,7371031,Rappocini
5514140,SUPIR TAKSI <SUHAPID>,JL TAMALATE 2 UJUNG,7371031003,Aktif,10,7371031,Rappocini
5514141,PETE PETE (CANGKI),HERTASNING BARU NO 8,7371031004,Aktif,10,7371031,Rappocini
5514142,ILHAM (TUKANG BENTOR),JL TAMALATE 6 SETAPAK 12,7371031004,Aktif,10,7371031,Rappocini
5514143,TUKANG BENTOR,JL MONUMEN EMMY SAELAN LR 7,7371031006,Aktif,10,7371031,Rappocini
5723709,PT.REKSO NASIONAL FOOD.MCD ALAUDDIN,JL SULTAN ALAUDDIN NO 225 - PLAZA ALAUDDIN RT:  RW:  KODEPOS: 90221,7371031001,Aktif,10,7371031,Rappocini
5727358,CAFE SUPER FUTSAL (AHMAD SURYANEGARA),JALAN RUTAN NO 1,7371031001,Aktif,10,7371031,Rappocini
5727359,GORENGAN (MUHAMMAD NUR),RUKO PERMATA SARI NO,7371031001,Aktif,10,7371031,Rappocini
5727360,WARUNG WAHYU SOLO <SLAMET>,JALAN MONUMEN EMMY SAELAN NO 36,7371031001,Aktif,10,7371031,Rappocini
5727361,PERSEWAHAN KAMAR <A MANGGANTI>,JALAN SULTAN ALAUDDIN LR AL ASHAR 1 NO 247,7371031001,Aktif,10,7371031,Rappocini
5727362,KOS HORAS <ROBERT>,KOMP P DAN K BLOK G1/11,7371031001,Aktif,10,7371031,Rappocini
5727363,WR MAKAN BERKAH (YANTI),JL ALAUDDIN,7371031001,Aktif,10,7371031,Rappocini
5727364,GUDANG RASA (MUTI),JL JIPANG RAYA,7371031001,Aktif,10,7371031,Rappocini
5727365,WARKOP DALLE <HAIDIR>,TALASALAPANG RAYA NO 23 KOTA MAKASSAR,7371031001,Aktif,10,7371031,Rappocini
5727366,BAKSO KALBU,PERM KISEL DAMAI BLOK 11,7371031001,Aktif,10,7371031,Rappocini
5727367,PENYEWAAN KAMAR/RUMAH KOS <ARIFIN>,JL SYECH YUSUF NO 35,7371031001,Aktif,10,7371031,Rappocini
5727368,WARUNG MAKAN ANUGRAH <SITOMPO>,JL SYECH YUSUF,7371031,Aktif,7,7371031,Rappocini
5727369,PERSEWAAN KAMAR <MAX>,BTN MINASA UPA,7371031,Aktif,7,7371031,Rappocini
5727370,PENJUAL BAKSO GEROBAK <SUMIDI>,MINASA UPA D13 NO 26,7371031,Aktif,7,7371031,Rappocini
5727371,JUAL ES PISANG IJO <NURHAMDANA>,GRIYA MALEO INDAH BLOK B NO 9,7371031,Aktif,7,7371031,Rappocini
5727372,KOST PUTRA (ROSMINI),BTN MINASA UPA BLOK N8 NO 1,7371031,Aktif,7,7371031,Rappocini
5727373,MENJUAL POP ICE (MUNIRA),BTN MINASA UPA BLOK K15 NO 1,7371031,Aktif,7,7371031,Rappocini
5727374,PENJUAL BAKSO <MAS ANDI>,BTN MINASA UPA BLOK AB 8 NO 5,7371031,Aktif,7,7371031,Rappocini
5727375,CATERING MAHARANI,BTN MINASA UPA BLOK AB 12  NO 10,7371031,Aktif,7,7371031,Rappocini
5727376,PERSEWAAN KAMAR <SULAIMAN>,JL TALASALAPANG III,7371031002,Aktif,10,7371031,Rappocini
5727377,WARUNG <BU SURI>,JL KOMP JIPANG PERMAI,7371031002,Aktif,10,7371031,Rappocini
5727378,PERSEWAAN KAMAR <KASIM>,JL MINASA KARYA NO 57,7371031002,Aktif,10,7371031,Rappocini
5727379,PENJUAL BAKSO <DG ROPU>,JIPANG RAYA,7371031002,Aktif,10,7371031,Rappocini
5727380,WARUNG BAKSO RONI,JIPANG RAYA,7371031002,Aktif,10,7371031,Rappocini
5727381,PENYEWAAN RUMAH KOST <DG NAI>,JIPANG RAYA,7371031002,Aktif,10,7371031,Rappocini
5727382,PENYEWAAN KAMAR <ANDI>,JALAN SUNGAI JENELATA NO 3,7371031002,Aktif,10,7371031,Rappocini
5727383,PERSEWAAN KAMAR KOS <SENANDALIJA>,KOMPLEKS AGRERIA BLOK T NO 16,7371031002,Aktif,10,7371031,Rappocini
5727384,KOST 1 KAMAR <RAHMAT>,KE BONTO TANGNGA 1,7371031002,Aktif,10,7371031,Rappocini
5727385,PERSEWAAN KAMAR <FIRMAN>,JALAN KARUNRUNG RAYA,7371031002,Aktif,10,7371031,Rappocini
5727386,WARUNG <ROSMIATI>,KARUNRUNG RAYA,7371031002,Aktif,10,7371031,Rappocini
5727387,KOST <INTAN>,JALAN KARUNRUNG RAYA 1,7371031002,Aktif,10,7371031,Rappocini
5727388,BAKSO BAKAR (SAIKUL),JL TIDUNG 9,7371031003,Aktif,10,7371031,Rappocini
5727389,PERSEWAAN KAMAR,JL TIDUNG 9 STP 5 NO 121,7371031003,Aktif,10,7371031,Rappocini
5727390,JUAL MINUMAN (FATIMAH),TIDUNG 7 SETAPAK 3 NO 87,7371031003,Aktif,10,7371031,Rappocini
5727391,PERSEWAAN KAMAR 5 < DWI WAHYUDI>,JL HERTASNING BARU,7371031004,Aktif,10,7371031,Rappocini
5727392,BUNGA SHAFWAN (JUAL ES CENDOL),KOMPLEKS PERMATA HIJAU PERMAI BLOK D NO. 2,7371031004,Aktif,10,7371031,Rappocini
5727393,PENYEWAAN KAMAR (MARYAM),JL. TAMALATE STAPAK 10,7371031004,Aktif,10,7371031,Rappocini
5727394,BAKSO PERINTIS,J L TAMALATE 1 NO 3,7371031004,Aktif,10,7371031,Rappocini
5727395,ES DAWET <ARGA>,JL TAMALATE 5 SETAPAK 9 NO 107,7371031004,Aktif,10,7371031,Rappocini
5727396,USAHA PENYEWAAN KAMAR <ANDI>,JALAN PINANG NO 162 A,7371031004,Aktif,10,7371031,Rappocini
5727397,JUAL BAKSO (SYAMSUDDIN),JL BERINGIN 6 NO 24,7371031004,Aktif,10,7371031,Rappocini
5727398,RUMAH KOST (JAHARUDDIN),JALAN BERINGIN TIMUR,7371031004,Aktif,10,7371031,Rappocini
5727399,RUMAH KOST <NASFAR>,TIDUNG V STP 6 NO 93,7371031005,Aktif,10,7371031,Rappocini
5727400,WARUNG BAKSO WAGIMEN,TAMALATE 1 NO 5,7371031005,Aktif,10,7371031,Rappocini
5727401,PENYEWAAN KAMAR <RAHAYU>,TIDUNG 5 SETAPAK 9 NO 134,7371031005,Aktif,10,7371031,Rappocini
5727402,WARUNG K5 <SRI>,JL TIDUNG 2 STP 3 NO 60,7371031005,Aktif,10,7371031,Rappocini
5727403,PERSEWAAN KAMAR <TASRINA>,JL B DG NGIRATE BLK 20 STP 3 NO 32,7371031005,Aktif,10,7371031,Rappocini
5727404,PENYEWAKAN KAMAR,JL B DG NGIRATE BLK 20 STP 5 NO 57,7371031005,Aktif,10,7371031,Rappocini
5727405,WARUNG SOP SAUDARA <ALI>,JL HERTASNING RAYA,7371031005,Aktif,10,7371031,Rappocini
5727406,PENYEWAAN KAMAR <ROS>,JL MONUMEN EMMY SAELAN RAYA,7371031006,Aktif,10,7371031,Rappocini
5727407,JUALAN KUE KELILING,JL MON EMMY SAELAN 4 NO 27,7371031006,Aktif,10,7371031,Rappocini
5727408,PENYEWAAN KAMAR <SAFARUDDIN>,JL MON EMMY SAELAN 4 NO 18,7371031006,Aktif,10,7371031,Rappocini
5727409,NASI KUNING <SRI WAHYUNI>,JL MON EMMY SAELAN,7371031006,Aktif,10,7371031,Rappocini
5727410,RUMAH KOST <ABD WARIS>,JL MON EMMY SAELAN IV,7371031006,Aktif,10,7371031,Rappocini
5727411,KOS KOSAN <SYARIFUDDIN>,JL MON EMMY SAELAN LR 1,7371031006,Aktif,10,7371031,Rappocini
5727412,PERSEWAAN KAMAR <NURAENI>,KOMP IKIP BLOK G VI NO 11,7371031006,Aktif,10,7371031,Rappocini
5727413,WARUNG KOPI POJOK,JL RAYA PENDIDIKAN,7371031006,Aktif,10,7371031,Rappocini
5727414,KOST KOSTAN <HJ HASMANI>,JL MAPALA 2 BLOK D/4 NO 2,7371031006,Aktif,10,7371031,Rappocini
5727415,KOST KOSTAN <HJ KURNIA>,JL MAPALA 2 LORONG 1 NO 3,7371031006,Aktif,10,7371031,Rappocini
5727416,JUAL MARTABAK <SOHE>,JL MONUMEN EMMY SAELAN,7371031006,Aktif,10,7371031,Rappocini
5727417,RUJAK KELILING <EDI>,JL MON EMMY SAELAN LR 7 NO 3,7371031006,Aktif,10,7371031,Rappocini
5727418,KOST KOSTAN <JOKO>,JL MAPPALA BLOK A5 NO 39,7371031006,Aktif,10,7371031,Rappocini
5727419,KOST KOSTAN <HABABBUL JANNAH>,JL MON EMMY SAELAN LORONG 7,7371031006,Aktif,10,7371031,Rappocini
5727420,PENYEWAAN KAMAR (HJ DEYA OPU),JALAN HERTASNING 7 NO 6 B,7371031006,Aktif,10,7371031,Rappocini
5727421,JUAL BAKSO KELILING <KARIMIN>,JL TIDUNG MARIOLO,7371031006,Aktif,10,7371031,Rappocini
5727422,JUAL BAKSO KELILING <YADI>,JL TIDUNG MARIOLO LR 1 NO 24,7371031006,Aktif,10,7371031,Rappocini
5727423,JUAL JAMU KELILING <PURWANTI>,JL TIDUNG MARIOLO LR 1 NO 24,7371031006,Aktif,10,7371031,Rappocini
5727424,JUAL ES <MARTINA>,JL TIDUNG MARIOLO LR 5,7371031006,Aktif,10,7371031,Rappocini
5727425,JUAL NUGGET <JUMASIAH>,JL TIDUNG MARIOLO,7371031006,Aktif,10,7371031,Rappocini
5727426,KOST KOSTAN <H SUYONO>,JL TIDUNG MARIOLO,7371031006,Aktif,10,7371031,Rappocini
5727427,PERSEWAAN KAMAR <RASYID>,JALAN LANDAK BARU LORONG 1 NO 28 B,7371031007,Aktif,10,7371031,Rappocini
5727428,KATERING ANITA,JL. LANDAK BARU LR. 01,7371031007,Aktif,10,7371031,Rappocini
5727429,PENYEWAAN KAMAR <HAPSI>,JALAN LANDAK BARU LORONG 1 NO 75,7371031007,Aktif,10,7371031,Rappocini
5727430,KOS ANUGRAH,JL LANDAK BARU NO 114,7371031007,Aktif,10,7371031,Rappocini
5727431,SARI LAUT ISTANA,JL LANDAK BARU NO124 A,7371031007,Aktif,10,7371031,Rappocini
5727432,JUAL BATAGOR <SUBKI>,TK PERTIWI JL BONTOLANGKASA,7371031007,Aktif,10,7371031,Rappocini
5727433,JUAL MINUMAN<EDA>,SD KOMP IKIP 1 JL AP PETTARANO,7371031007,Aktif,10,7371031,Rappocini
5727434,JUAL BAKSO COBLOS <SULTAN>,JL AP PETTARANI,7371031007,Aktif,10,7371031,Rappocini
5727435,NASI GORENG RESEP KUNO,JALAN LANDAK BARU,7371031007,Aktif,10,7371031,Rappocini
5727436,BAKSO KELILING <AGUS>,JL LANDAK BARU LR 7 NO 28,7371031007,Aktif,10,7371031,Rappocini
5727437,PENYEWAAN KAMAR,JL LANDAK BARU LR 5 A,7371031007,Aktif,10,7371031,Rappocini
5727438,MARTABAK HOLAND,JALAN LANDAK BARU LR 2 NO 11,7371031007,Aktif,10,7371031,Rappocini
5727439,PENYEWAAN KAMAR,JALAN BANTA BANTAENG LORONG 1,7371031007,Aktif,10,7371031,Rappocini
5727440,KOST KOSTAN,JL BANTA BANTAENG,7371031007,Aktif,10,7371031,Rappocini
5727441,PENYEWAAN KAMAR <SITTI NORMA>,JALAN BANTA BANTAENG NO 81,7371031007,Aktif,10,7371031,Rappocini
5727442,JUAL MINUMAN DINGIN <SYARIFAH ANDI FARADIBA>,JL BANTA BANTAENG LR 10 NO 82,7371031007,Aktif,10,7371031,Rappocini
5727443,KOST KOSTAN <SYARIFAH NURHAIDAH>,JL BANTA BANTAENG LR 10 NO 82,7371031007,Aktif,10,7371031,Rappocini
5727444,PENJUAL NASI KUNING <NURLIA>,JALAN BANTA BANTAENG LR 8,7371031007,Aktif,10,7371031,Rappocini
5727445,KOST KOSTAN <MUHAMMAD NUR SYAHERIL>,JL FAISAL 14 NO 12,7371031007,Aktif,10,7371031,Rappocini
5727446,KOST KOSTAN,JL FAISAL 17 LR 3 NO 23,7371031007,Aktif,10,7371031,Rappocini
5727447,PONDOK HIJAU,JL FAISAL XVII NO 32,7371031007,Aktif,10,7371031,Rappocini
5727448,KOST - KOSTAN <HJ DARMA>,JL FAISAL XVII LR 2 NO 15,7371031007,Aktif,10,7371031,Rappocini
5727449,WARUNG AYAM CRISPY <YOYON>,JL FAISAL RAYA NO 5,7371031007,Aktif,10,7371031,Rappocini
5727450,PERSEWAAN KAMAR <RUSDI>,JL RAPPOCINI RAYA LR 8 NO 12,7371031008,Aktif,10,7371031,Rappocini
5727451,PERSEWAAN KAMAR <HAMSINA>,JL RAPPOCINI RAYA LR 6 NO 38,7371031008,Aktif,10,7371031,Rappocini
5727452,JAMU KELILING <PAIKEN>,JL RAPPOCINI RAYA LR 8,7371031008,Aktif,10,7371031,Rappocini
5727453,PERSEWAAN KAMAR <H SUPARMAN MAKKA>,JL CILALLAN JAYA VII NO 26,7371031008,Aktif,10,7371031,Rappocini
5727454,PENYEWAAN KAMAR (IKA SARTIKA),JL.CILALLANG JAYA NO.68,7371031008,Aktif,10,7371031,Rappocini
5727455,WARUNG BAKSO MAS PRIE,JL AP PETTARANI RUKO NEW ZAMRUD BLOK,7371031008,Aktif,10,7371031,Rappocini
5727456,RUMAH MAKAN SIMPANG TIGA,JL CILALLANG RAYA,7371031008,Aktif,10,7371031,Rappocini
5727457,ES KELAPA MUDA <SARIPUDDIN>,JL A P PETTARANI,7371031008,Aktif,10,7371031,Rappocini
5727458,PENYEWAAN TEMPAT USAHA<RIGAU>,JALAN RAPPOCINI RAYA LR 11 NO 13,7371031008,Aktif,10,7371031,Rappocini
5727459,PENYEWAAN KAMAR KOST,JALAN RAPPOCINI RAYA LR 8,7371031008,Aktif,10,7371031,Rappocini
5727460,PENYEWAAN KAMAR <HJ A URTI>,JL RAPPOCINI RAYA LR 6 NO 3,7371031008,Aktif,10,7371031,Rappocini
5727461,BUBUR AYAM KAMPUNG <JUNAEDI>,RAPPOCINI RAYA <GOTONG> LR 8,7371031008,Aktif,10,7371031,Rappocini
5727462,K OST KOSTAN,JL RAPPOCINI RAYA LR 11 NO 7,7371031008,Aktif,10,7371031,Rappocini
5727463,KOST - KOSTAN <H TAUFIQ>,JL RAPPOCINI RAYA LR 11 NO 3,7371031008,Aktif,10,7371031,Rappocini
5727464,PENYEWAAN KAMAR,BUAKANA 6 NO 1,7371031008,Aktif,10,7371031,Rappocini
5727465,LIA KOST,JL PELITA RAYA NO 9,7371031008,Aktif,10,7371031,Rappocini
5727466,WARUNG MAKAN <NAJAMUDDIN>,PELITA RAYA 7 NO 2,7371031008,Aktif,10,7371031,Rappocini
5727467,PONDOK NURI,JL RAPPOCINI RAYA NO 24,7371031008,Aktif,10,7371031,Rappocini
5727468,KAMAR KOST 2,JALAN RAPPOCINI RAYA LR. 9E,7371031008,Aktif,10,7371031,Rappocini
5727469,PENYEWAAN KAMAR <ASWAN>,PELITA 2 NO 16,7371031008,Aktif,10,7371031,Rappocini
5727470,JUAL NASI GORENG <RIZKA>,PELITA RAYA,7371031008,Aktif,10,7371031,Rappocini
5727471,KOST NINDI (H SUHERMAN),JL PELITA RAYA 3  NO.12,7371031008,Aktif,10,7371031,Rappocini
5727472,BAKSO <SARTIKA>,RAPPOCINI LR 9 H,7371031008,Aktif,10,7371031,Rappocini
5727473,JUAL TUAK (DAMANG),JL RAPPOCINI RAYA LR.1 NO 25,7371031009,Aktif,10,7371031,Rappocini
5727474,KOST KOSAN <MAQBUL>,JL.RAPPOCINI LR.4,7371031009,Aktif,10,7371031,Rappocini
5727475,KOST KOSTAN <HJ ROSLING>,JL RAPPOCINI RAYA LR 6A,7371031009,Aktif,10,7371031,Rappocini
5727476,PENJUAL COTO <JAHARUDDIN>,JL RAPPOCINI RAYA NO 36 A,7371031009,Aktif,10,7371031,Rappocini
5727477,JUAL MAKANAN JADI <NURAENI>,JL RAPPOCINI RAYA BLK PASAR NO 23,7371031009,Aktif,10,7371031,Rappocini
5727478,USAHA RUMAH KOST KOSTAN (H NUGROHO),RAPPOCINI RAYA LR 3 NO.9,7371031009,Aktif,10,7371031,Rappocini
5727479,KOS PAK JUFRI,RAPPOCINI,7371031009,Aktif,10,7371031,Rappocini
5727480,BAKSO SUKRI,RAPPOCINI LR 5 F NO 10,7371031009,Aktif,10,7371031,Rappocini
5727481,USAHA RUMAH KOST,JALAN INSPEKSI KANAL,7371031009,Aktif,10,7371031,Rappocini
5727482,PENYEWAAN KAMAR (RANGKA),JALAN SUNGAI SADDANG BARU LORONG MUMIN 2 NO 5,7371031010,Aktif,10,7371031,Rappocini
5727483,KOST KOSAN (LIA K),JL PELITA RAYA LR 3 NO 37A,7371031010,Aktif,10,7371031,Rappocini
5727484,NASI KUNING REVOLUSI,BALLAPARANG 1 NO 16,7371031010,Aktif,10,7371031,Rappocini
5727485,USAHA PENYEWAAN KAMAR <HASINAH>,JL. KELAPA TIGA NO.10,7371031010,Aktif,10,7371031,Rappocini
5727486,TOKO MARYAM>,JL KELAPA TIGA LR BERKAH NO.36,7371031010,Aktif,10,7371031,Rappocini
5727487,PENJUAL COTO < DG ASRI>,JL PELITA RAYA NO 29,7371031010,Aktif,10,7371031,Rappocini
5729344,JUAL NASI KUNING <NURMALA>,JALAN KARUNRUNG RAYA 3,7371031002,Aktif,10,7371031,Rappocini
5729345,PERSEWAAN RUMAH <NURIYANAH>,TIDUNG 7 NOMOR 92 BLOK 13,7371031003,Aktif,10,7371031,Rappocini
5729346,NASI KUNING <GILANG>,JALAN TIDUNG 10 NO 251,7371031003,Aktif,10,7371031,Rappocini
5729347,WARUNG LAUK (ATI),TALAMALATE 2 NO 88,7371031004,Aktif,10,7371031,Rappocini
5729348,PERSEWAAN KAMAR 15,HERTASNING BARU BLOK D NO 8,7371031004,Aktif,10,7371031,Rappocini
5729349,ES KRIM (MAPPI),JL HERTASNING BARU,7371031004,Aktif,10,7371031,Rappocini
5729350,RAJA MARTABAK MEDAN,JL AROEPALA,7371031004,Aktif,10,7371031,Rappocini
5729351,KANTIN EMY SAELAN <HALIMA>,JL TAMALATE 6,7371031004,Aktif,10,7371031,Rappocini
5729352,KIOS MAPPALA <NAIMA>,MAPPALA BLOK E 23 NO 2,7371031006,Aktif,10,7371031,Rappocini
5729353,JUAL NASI KUNING BUNGKUS <FATMA>,JL TIDUNG MARIOLO,7371031006,Aktif,10,7371031,Rappocini
5729354,WARUNG BAKSO SOLO MANDIRI <NURDIN>,JL BANTA-BANTAENG RAYA NO 94,7371031007,Aktif,10,7371031,Rappocini
5729355,PERSEWAAN KAMAR <HJ SUTINI>,JL RSI FAISAL RAYA 11,7371031007,Aktif,10,7371031,Rappocini
5729356,WARUNG MAKAN <MASYURA>,JALAN BONTO CINDE,7371031008,Aktif,10,7371031,Rappocini
5729357,KANTIN SOSIAL <IBU IDA>,JL HARTAKO DG TATA 3,7371031008,Aktif,10,7371031,Rappocini
5729358,KOST- KASTAN WANITA <DWI>,BUAKANA 7 NO.12,7371031008,Aktif,10,7371031,Rappocini
5729359,WARUNG MAKAN <HAMIDA>,JALAN RAPPOCINI LR 11A NO 21,7371031008,Aktif,10,7371031,Rappocini
5729360,JUAL SIOMAY KELILING <SUGIYONO>,JL RAPPOCINI RAYA LR 6 NO,7371031008,Aktif,10,7371031,Rappocini
5729361,PENJUAL BAKSO <USMAN>,JL RAPPOCINI RAYA LR 11 NO 12 A,7371031008,Aktif,10,7371031,Rappocini
5729362,JUAL KUE KELILING,JL MONGINSIDI BARU AB 7/1,7371031010,Aktif,10,7371031,Rappocini
5729363,KANTIN  SD INPRES BANTA BANTAENG,JL.MONGINSIDI BARU NO 75A,7371031010,Aktif,10,7371031,Rappocini
5729364,KATERING <ANUGRAH>,JALAN SUNGAI SADDANG BARU LORONG MU'MIN 2 NO 11,7371031010,Aktif,10,7371031,Rappocini
5729365,BAKSO <DG ROS>,JALAN PELITA RAYA,7371031010,Aktif,10,7371031,Rappocini
5779126,MENJUAL PULSA <KIOS FHARA CELL>,JL SULTAN ALAUDDIN POROS,7371031001,Aktif,10,7371031,Rappocini
5779127,DISTRICT GAMES,JL TALASALAPANG RAYA,7371031001,Aktif,10,7371031,Rappocini
5779128,KEVIN CELL,TALASALAPANG RAYA NO 32,7371031001,Aktif,10,7371031,Rappocini
5779129,KESYA CELL <ZAM ZAM>,JALAN MINASASARI,7371031001,Aktif,10,7371031,Rappocini
5779130,JUAL PULSA (HASMI),JL TALASALAPANG,7371031002,Aktif,10,7371031,Rappocini
5779131,WARNET NAU NAU NET (NASRULLAH),BTN MINASA UPA BLOK A3,7371031002,Aktif,10,7371031,Rappocini
5779132,ARIF CELL,JALAN EMMY SAELAN 3 NO 8A,7371031002,Aktif,10,7371031,Rappocini
5779133,PENJUAL PULSA <JEMMY>,JALAN TIDUNG X TIMUR PERUMAHAN STELLA MARIS BLOK A NO 1,7371031002,Aktif,10,7371031,Rappocini
5779134,PENJUAL PULSA <JUAN>,TAMALATE 2 NO 175,7371031003,Aktif,10,7371031,Rappocini
5779135,LOKET PEMBAYARAN LISTRIK ONLINE (CLARA),KOMPLEKS PERMATA HIJAU PERMAI BLOK H NO 20,7371031004,Aktif,10,7371031,Rappocini
5779136,JUAL PULSA (YOHANES),ASPOL TODOOPULI BLOK A 2,7371031004,Aktif,10,7371031,Rappocini
5779137,IPUL CELLULER,JL BONTO DG NGIRATE BLK 20 STP NO 22,7371031005,Aktif,10,7371031,Rappocini
5779138,KIOS PULSA <KASMAWATI>,JL MON EMMY SAELAN LR 2 NO 73,7371031006,Aktif,10,7371031,Rappocini
5779139,SALSA CELL<UNI>,JL TIDUNG MARIOLO,7371031006,Aktif,10,7371031,Rappocini
5779140,MARANATA CELL,JALAN BONTOMANAI,7371031007,Aktif,10,7371031,Rappocini
5779141,MILNET CELL,JL RSI FAISAL 14 NO 12,7371031007,Aktif,10,7371031,Rappocini
5779142,REZKY NET,JL FAISAL XVII LR 2 NO 11 A,7371031007,Aktif,10,7371031,Rappocini
5779143,JUAL PULSA HP <DIAN>,JALAN BONTO CINDE NO 4,7371031008,Aktif,10,7371031,Rappocini
5779144,WARNET <ADRIN ZULKARNAEN>,RAPPOCINI RAYA LR 9 NO 62,7371031008,Aktif,10,7371031,Rappocini
5779145,TOKO VOUCHER INTERNET <SYARMAN>,JALAN RAPPOCINI RAYA LR 5,7371031009,Aktif,10,7371031,Rappocini
5779146,GENERASI CELL,JALAN AP PETTARANI NO 110,7371031010,Aktif,10,7371031,Rappocini
5779147,JUAL PULSA FERA,JL SUNGAI SADDANG LORONG MUMIN 2 NO 4,7371031010,Aktif,10,7371031,Rappocini
5779148,USAHA WARNET <BASRI>,KELAPA TIGA NO6,7371031010,Aktif,10,7371031,Rappocini
5779611,COLOUR NETT <EDY SYAM>,JL TALASALAPANG RAYA NO 38,7371031001,Aktif,10,7371031,Rappocini
5779612,IIN CELL <PULSA ELEKTRIC>,JALAN MINASA UPA BLOK M4,7371031,Aktif,7,7371031,Rappocini
5779613,WARNET (ABD HAKIM),JL TIDUNG 10 STP 8 NO 115,7371031003,Aktif,10,7371031,Rappocini
5779614,JUAL PULSA <ABD RAUF>,JALAN BANTA BANTAENG LR 3,7371031007,Aktif,10,7371031,Rappocini
5779615,DHIBA CELL <ERWIN>,JL CILALLANG JAYA NO 23,7371031008,Aktif,10,7371031,Rappocini
5779616,JUAL PULSA ELEKTRIK <SURIANI>,RAPPOCINI RAYA LR. 9,7371031008,Aktif,10,7371031,Rappocini
5817303,PENYEDIAAN RUMAH SEWA,JLN RUTAN PONDOK ALAM PERDANA BLOK B NO 6,7371031001,Aktif,10,7371031,Rappocini
5817304,PERSEWAAN RUMAH,MINASAUPA RESIDENT,7371031,Aktif,7,7371031,Rappocini
5817305,SEWA RUMAH <DG SILA>,BTN MINASA UPA N6 NO 5,7371031,Aktif,7,7371031,Rappocini
5817306,USAHA PENYEWAAN RUMAH <SYARIFUDDIN AP>,JALAN KARUNRUNG RAYA 1,7371031002,Aktif,10,7371031,Rappocini
5817307,KONTRAKAN RUMAH,PERMATA HIJAU PERMAI BLOK 1/ 39,7371031004,Aktif,10,7371031,Rappocini
5817308,PENYEWAAN RUMAH,JL TAMALATE 8 NO 20,7371031004,Aktif,10,7371031,Rappocini
5817309,KONTRAKAN RUMAH,JL TIDUNG MARIOLO NO 3,7371031006,Aktif,10,7371031,Rappocini
5817310,RUMAH KONTRAKAN <AMBOANGKA>,JL BANTA-BANTAENG NO 10,7371031007,Aktif,10,7371031,Rappocini
5817311,PENYEWAAN RUMAH ( H ABD GAFFAR TANG ),JL RAPPOCINI RAYA LR 2,7371031009,Aktif,10,7371031,Rappocini
5817312,KONTRAKAN RUMAH (ANDI ANI),INSPEKSI KANAL,7371031009,Aktif,10,7371031,Rappocini
5817484,PERSEWAAN RUMAH (FATIMAH),KOMPLEKS PERMATA HIJAU PERMAI BLOK D NO.14,7371031004,Aktif,10,7371031,Rappocini
5825749,BIRO REKLAME 91,JL SKARDA N1 NO 22,7371031001,Aktif,10,7371031,Rappocini
5825750,KONSULTAN,MANGASA PERMAI BLOK Z NO.2,7371031001,Aktif,10,7371031,Rappocini
5825751,MEDIA PRIMA <H MUH IDHAM IDRIS>,JL TALASALAPANG RAYA,7371031001,Aktif,10,7371031,Rappocini
5825752,KONSTRUKSI <AHCYAR>,PERUM VILLA MEGA SARI BLOK E NO 11,7371031,Aktif,7,7371031,Rappocini
5825753,ADVERTISING (ANDRE),BTN MINASA UPA BLOK K13 NO 1,7371031,Aktif,7,7371031,Rappocini
5825754,AVATAR FOTO,JL TALASALAPANG NO 8,7371031002,Aktif,10,7371031,Rappocini
5825755,HARTO FOTOGRAPHER,JL TAMALATE 2 NO 306,7371031003,Aktif,10,7371031,Rappocini
5825756,KONSULTAN HUKUM,FAISAL 5,7371031007,Aktif,10,7371031,Rappocini
5825757,FOTO PERMAI <RUDY>,JL RAPPOCINI RAYA 123,7371031008,Aktif,10,7371031,Rappocini
5825831,ARSITEKTUR,JL WIJAYA KUSUMA RAYA,7371031007,Aktif,10,7371031,Rappocini
5853149,RENTAL MOBIL ANDI ALLU,JL SKARDAN N1 NO 22,7371031001,Aktif,10,7371031,Rappocini
5853150,PERSEWAAN ALAT ALAT OUT DOOR,JL SKARDA N BLOK A4,7371031001,Aktif,10,7371031,Rappocini
5853151,REZKY FC <ILHAM>,JL SULTAN ALAUDDIN,7371031001,Aktif,10,7371031,Rappocini
5853152,FC AMANAH FATIN,GEDUNG BALAI SIDANG UNISMUH,7371031001,Aktif,10,7371031,Rappocini
5853153,FOTO COPI DAN JUAL ATK <AGUNG>,JL SYECH YUSUF,7371031,Aktif,7,7371031,Rappocini
5853154,PERSEWAAN TENDA <HALIM HAYADE>,JALAN MINASA UPA BLOK G1,7371031,Aktif,7,7371031,Rappocini
5853155,JUAL TIKET PESAWAT ONLINE,BUMI BOSOWA PERMAI BLOK A1 NO 18,7371031,Aktif,7,7371031,Rappocini
5853156,RENTAL MOBIL<AKBAR>,BTN MINASA UPA BLOK AB 6 NO 20,7371031,Aktif,7,7371031,Rappocini
5853157,FOTO COPY <R KALOCITY>,BTN MINASA UPA BLOK AB 2 NO 2,7371031,Aktif,7,7371031,Rappocini
5853158,FOTO COPY UTAMA,JALAN SEKOLAH GURU DERAWAT,7371031002,Aktif,10,7371031,Rappocini
5853159,PERSEWAAN ALAT MENDAKI <DIRGA>,JL KARUNRUNG RAYA 2 NO 93,7371031002,Aktif,10,7371031,Rappocini
5853160,PHOTOCOPY AWALUDDIN,JL TAMALATE 1 NO 179,7371031003,Aktif,10,7371031,Rappocini
5853161,JASA BABY SISTER (TINI),TIDUNG 9 NO 28 BELAKANG SMP 33 MAKASSAR,7371031004,Aktif,10,7371031,Rappocini
5853162,GHINA FOTO COPY,JALAN BORONG INDAH NO 7,7371031004,Aktif,10,7371031,Rappocini
5853163,WIRABUANA RENTAL OTO,TIDUNG 4 SETAPAK 5 NO 19,7371031005,Aktif,10,7371031,Rappocini
5853164,FOTO KOPI EQUILIBRIUR <HASANUDDIN>,JL MON EMMY SAELAN 3,7371031006,Aktif,10,7371031,Rappocini
5853165,PENYEWAAN MOTOR <ALAM>,JALAN LANDAK BARU,7371031007,Aktif,10,7371031,Rappocini
5853166,FOTO COPY AUDIA,JL LANDAK BARU NO 128,7371031007,Aktif,10,7371031,Rappocini
5853167,PERIAS PENGANTIN <SYAMSUDDIN>,JALAN BANTA BANTAENG,7371031007,Aktif,10,7371031,Rappocini
5853168,TRAVEL TIRZA,JL FAISAL XVII NO A3,7371031007,Aktif,10,7371031,Rappocini
5853169,PERSEWAAN MOBIL PICK-UP (DG SUA),JL BONTO CINDE NO 21 B,7371031008,Aktif,10,7371031,Rappocini
5853170,PENGETIKAN KOMPUTER DAN PRINT,JALAN RAPPOCINI RAYA,7371031008,Aktif,10,7371031,Rappocini
5853172,USAHA MENYEWAKAN BENTOR (DG BASSE),JL RAPPOCINI RAYA LR 1 NO.45,7371031009,Aktif,10,7371031,Rappocini
5853173,ELECTON <MUIN>,JALAN RAPPOCINI LR 5 D,7371031009,Aktif,10,7371031,Rappocini
5853449,USAHA PRINT <INDRIANA>,SULTAN ALAUDDIN LR 39,7371031001,Aktif,10,7371031,Rappocini
5853450,PENYEWAAN TENDA KURSI <SAHARUDDIN>,BTN MINASAUPA BLOK K1 NO 5,7371031,Aktif,7,7371031,Rappocini
5867199,HIDROPONIK PRIVAT <TENRI>,JALAN BUMI 22 BLOK D9 NO 2,7371031001,Aktif,10,7371031,Rappocini
5867200,SD MANGASA 1,JALAN S YEK H YUSUF,7371031,Aktif,7,7371031,Rappocini
5867201,TPA NUR SYURTIAH,ASPOL TODDOPULI BLOK B / 70 A,7371031004,Aktif,10,7371031,Rappocini
5867202,SD INPRES PERUMNAS IV,JL BONTO DG RATE,7371031005,Aktif,10,7371031,Rappocini
5867203,SMA NURKARYA TIDUNG,HERTASNING RAYA,7371031005,Aktif,10,7371031,Rappocini
5867204,LEMBAGA KURSUS KOMPUTER,JL MAPALA BLOK A/3 NO 5,7371031006,Aktif,10,7371031,Rappocini
5867205,KURSUS PENDIDIKAN <MILLANA>,JALAN LANDAK BARU NO 19,7371031007,Aktif,10,7371031,Rappocini
5867206,SD INP KELAPA TIGA I,JALAN BAKTI 4 NO.51,7371031010,Aktif,10,7371031,Rappocini
5875688,BIDAN PRAKTEK SWASTA,JALAN TIDUNG 7 STP 4 NO 195,7371031003,Aktif,10,7371031,Rappocini
5875689,TUKNG URUT (SALAHUDDIN),TAMALATE 3 STP 53 NO 67,7371031004,Aktif,10,7371031,Rappocini
5875690,BALAI PENGOBATAN (BU ROS),JALAN INSPEKSI KANAL,7371031009,Aktif,10,7371031,Rappocini
5875726,KLINIK PENGOBATAN <SUHARTATI>,JALAN PELITA RAYA 2 LR 1 NO.13,7371031008,Aktif,10,7371031,Rappocini
5890625,PENULIS <AMRI HADI>,JIPANG RAYA,7371031002,Aktif,10,7371031,Rappocini
5890626,PENYEWAAN GAME (AZHAR),JL TAMALATE 6 NO 288 A,7371031004,Aktif,10,7371031,Rappocini
5890627,ORKES SAS NADA GROUP,JALAN RAPPOCINI RAYA LR 8 NO 24,7371031008,Aktif,10,7371031,Rappocini
5890628,STARS GYM RAPPOCINI,JL RAPPOCINI RAYA NO 73,7371031009,Aktif,10,7371031,Rappocini
5960462,REZKY LOUNDRY <MULYONO>,BTN MINASA UPA BLOK F21 NO 9,7371031,Aktif,7,7371031,Rappocini
5960463,LOUNDRY TINA,BTN MINASA UPA BLOK AB 9 NO 95,7371031,Aktif,7,7371031,Rappocini
5960464,LONDRY UMAR <HJ SALMA>,JIPANG RAYA,7371031002,Aktif,10,7371031,Rappocini
5960465,SALON DARWIS,JALAN LANDAK BARU NO 112 A,7371031007,Aktif,10,7371031,Rappocini
5960466,SALON OLDY <RAMLI>,JL BANTA BANTAENG NO 55,7371031007,Aktif,10,7371031,Rappocini
5960467,TUKANG CUKUR <RAFI>,JL RAPPOCINI RAYA,7371031009,Aktif,10,7371031,Rappocini
5960468,SERVICE AC,RAPPOCINI LR 3,7371031009,Aktif,10,7371031,Rappocini
5960600,SALON <UUT>,JALAN FAISAL 14 NO 15,7371031007,Aktif,10,7371031,Rappocini
5960601,SALON ANDIS <HJ ARNI>,JALAN CILALLANG RAYA NO,7371031008,Aktif,10,7371031,Rappocini
5960707,SERVIS KOMPOR (JAFAR),JL HERTASNING BARU NO 18,7371031004,Aktif,10,7371031,Rappocini
5960708,PENJAHIT<NIRWANA>,JALAN WIJAYA KUSUMA IV NO 4',7371031007,Aktif,10,7371031,Rappocini
5960858,LAUNDRY (ASNANI),JALAN BERINGIN 4 NO 19,7371031004,Aktif,10,7371031,Rappocini
5960859,MENJAHIT <SUDARNI>,JALAN RAPPOCINI RAYA LR. 9C,7371031008,Aktif,10,7371031,Rappocini
5960939,PANGKAS RAMBUT DZAKWAN <ASRI>,JALAN MINAS AUPA BLOK M3,7371031,Aktif,7,7371031,Rappocini
5960940,JAHIT SEPATU,BTN MINASA UPA N4 NO 2,7371031,Aktif,7,7371031,Rappocini
5960941,KANTOR PENGELOLA PURI MUTIARA,PURI MUTIARA JL MONGINSIDI BARU,7371031009,Aktif,10,7371031,Rappocini
5961056,MAKELAR TANAH,PERUM MAKASSAR SATELIT BLOK AL 4,7371031001,Aktif,10,7371031,Rappocini
5961057,BARBER <RICKY ISKANDAR>,JL TAMALATE 1 NO 14 A,7371031005,Aktif,10,7371031,Rappocini
5961058,USAHA LAUNDRY <AISYAH>,BUAKANA,7371031008,Aktif,10,7371031,Rappocini
5961233,PENJAHIT PAKAIAN (WIA),TODDOPULI 1 KAMPUNG KASSI KASS I,7371031004,Aktif,10,7371031,Rappocini
5962265,SERVIS AC <HARTONO>,TIDUNG V STP 4 NO 71,7371031005,Aktif,10,7371031,Rappocini
5962266,PRES BAN <TUNRU>,JL RAYA PENDIDIKAN,7371031006,Aktif,10,7371031,Rappocini
5962267,LAUNDRY SMILE FRESH<ROMDHONI>,JALAN LANDAK BARU LR 10 NUSA LANDAK MAS BLOK C/13,7371031007,Aktif,10,7371031,Rappocini
5962268,TUKANG SERVICE AC <JAMALUDDIN>,JALAN RAPPOCINI LR 11 NO 35,7371031008,Aktif,10,7371031,Rappocini
5962286,SALON HANES <SANTI>,JL.RAPPOCINI RAYA N0 36,7371031009,Aktif,10,7371031,Rappocini
5963806,SALON FLORA,JL TALA SALAPANG RAYA,7371031001,Aktif,10,7371031,Rappocini
5964181,ASYIFA SALON,JL TAMALATE 3 NO 278,7371031004,Aktif,10,7371031,Rappocini
5964834,PERMAK JEANS <MIKHLUDDIN>,JALAN MINASA UPA BLOK G1,7371031,Aktif,7,7371031,Rappocini
5964843,CUCI AC,BTN MINASA UPA BLOK M4,7371031,Aktif,7,7371031,Rappocini
5964844,SALON GITA,JL TAMALATE 1 STP 37 NO 232,7371031003,Aktif,10,7371031,Rappocini
5964845,SALON YASMIN MUSLIMAH,JL MONUMEN EMMY SAELAN,7371031006,Aktif,10,7371031,Rappocini
5964857,REPARASI KURSI <SAHRIR>,JL MON EMMY SAELAN,7371031006,Aktif,10,7371031,Rappocini
5965033,TUKANG PARKIR <MAKARAENG >,JL FAISAL 14,7371031007,Aktif,10,7371031,Rappocini
5965328,LAUNDRY<HAIDIR>,JALAN TAMALATE 2,7371031003,Aktif,10,7371031,Rappocini
5965487,PANGKAS RAMBUT MADURA,JALAN MINASA UPA BLOK A,7371031002,Aktif,10,7371031,Rappocini
5965519,LAUNDRY PUALAM (DIVA),JL MONGINSIDI BARU BLOK AB 10 NO 2A,7371031010,Aktif,10,7371031,Rappocini
5967074,ANTO LUX,JL HERTASNING RAYA,7371031001,Aktif,10,7371031,Rappocini
5967075,MAKASSAR STORE,JL RAPPOCINI RAYA,7371031008,Aktif,10,7371031,Rappocini
5967076,TOKO OLEH-OLEH KAREBA,JL.A.P.PETTARANI,7371031009,Aktif,10,7371031,Rappocini
5967077,TOKO MEGA,JL MONGINSIDI BARU NO 19,7371031009,Aktif,10,7371031,Rappocini
5967078,OPTIK INAYAH,JL RAPPOCINI RAYA NO 9 TELP.081914432414,7371031009,Aktif,10,7371031,Rappocini
5967079,NATURAL WALLPAPER,JL RAPPOCINI NO 89,7371031009,Aktif,10,7371031,Rappocini
5967110,SABAR JAYA,JL RAPPOCINI RAYA NO 211 RT.01 RW.04,7371031,Aktif,7,7371031,Rappocini
5978995,GRAND MALEO HOTEL,JL PELITA RAYA VIII NO 1,7371031008,Aktif,10,7371031,Rappocini
5981715,ANNA SPA  SALON MUSLIMAH,JL. ANDI DJEMMA LR. 2 NO. 11,7371031007,Aktif,10,7371031,Rappocini
5981921,MERCURE MAKASSAR NEXA,JL AP PETTARANI NO 4,7371031001,Aktif,10,7371031,Rappocini
6057932,DPrima Hotel Panakkukang,,7371031008,Aktif,10,7371031,Rappocini
6180868,PENJAHIT <HASNAH>,"JL BANTA "" BANTAENG LR. 9",7371031007,Aktif,10,7371031,Rappocini
6180869,DEPOT NURBAROKAH,"JL BANTA "" BANTAENG LR. 9",7371031007,Aktif,10,7371031,Rappocini
6180870,DEPOT SATRIA MINERAL,"JL BANTA""BANTAENG LR 9 NO. 28",7371031007,Aktif,10,7371031,Rappocini
6180871,SAN SIRO MEUBEL,"JL BANTA""BANTAENG LR 9 NO. 34",7371031007,Aktif,10,7371031,Rappocini
6180872,PEMBUAT KUE BASAH <NURSIAH DG. NURUNG>>,"JL BANTA""BANTAENG LR 10 B NO. 66",7371031007,Aktif,10,7371031,Rappocini
6180873,PENJAHIT <AGUS PRIYANTO>,JL BANTA-BANTAENG LR 9C NO. 48,7371031007,Aktif,10,7371031,Rappocini
6180877,PENJAHIT <ROSMINARTI>,BTN MINASA UPA BLOK D 14 NO 11,7371031,Aktif,7,7371031,Rappocini
6180880,DEPOT AIR MINUM <IKHSAN>,BTN MINASA UPA BLOK D 11 NO 1,7371031,Aktif,7,7371031,Rappocini
6180941,PERCETAKAN CELEBES RAYA,JL S SADDANG BARU NO 75 B,7371031010,Aktif,10,7371031,Rappocini
6180942,CV PUTRA MASPUL,JL S SADDANG BARU NO 39,7371031010,Aktif,10,7371031,Rappocini
6180943,PENJAHIT,S SADDANG BARU LR 10 NO 9,7371031010,Aktif,10,7371031,Rappocini
6180944,PEMBUATAN PLAT DD,S SADDANG BARU NO 40,7371031010,Aktif,10,7371031,Rappocini
6180946,PERCETAKAN NUR ASIFA,SUNGAI SADDANG BARU NO 90,7371031010,Aktif,10,7371031,Rappocini
6180947,PERCETAKAN ANDIKA JAYA,SUNGAI SADDANG BARU NO 90,7371031010,Aktif,10,7371031,Rappocini
6180948,PERCETAKAN DIO,SUNGAI SADDANG BARU NO 90,7371031010,Aktif,10,7371031,Rappocini
6180949,RAJAWALI ADVERTISING CV,S SADDANG BARU NO 72,7371031010,Aktif,10,7371031,Rappocini
6199074,KPRI UNM,JALAN PENDIDIKAN BLOK B1 TIDUNG RAPPOCINI,7371031006,Aktif,10,7371031,Rappocini
6425125,"TIQA CEMERLANG, CV",BTN MINAS A UP A BLOK L13 NO 16,7371031,Aktif,7,7371031,Rappocini
6425126,"MINASA UPA PERSADA, PT",BTN MINASA BLOK E7 NO 13,7371031,Aktif,7,7371031,Rappocini
6425127,"KARYA LUMBAJA, CV",BTN MINASA UPA BLOK,7371031,Aktif,7,7371031,Rappocini
6425128,"CAHAYA NUSANTARA, CV",BTN MINASA UPA BLOK B10 NO 6,7371031,Aktif,7,7371031,Rappocini
6425129,"PUTRA BANCA, PT",BTN MINASA UPA BLOK B90 NO 5,7371031,Aktif,7,7371031,Rappocini
6425130,"SURYA RIGENSI DAYA, CV",BTN MINASA UPA BLOK H 6 N 0 22,7371031,Aktif,7,7371031,Rappocini
6425131,"GENERAL KONSULTAN, CV",BTN MINASA UPA BLOK K17 NO 6,7371031,Aktif,7,7371031,Rappocini
6425132,"SIBATEK BERSINAR, CV",BTN MINASA UPA BLOK L2 NO 18,7371031,Aktif,7,7371031,Rappocini
6425134,"TIGA LIMA TUJUH, CV",JL AKSES TAMAN GOSYEN NO 7,7371031,Aktif,7,7371031,Rappocini
6425135,"WALISERI CITRA TAMA, CV",JL BTN MINASA UPA,7371031,Aktif,7,7371031,Rappocini
6425136,"LAGOOSI INDONESIA, CV",JL GRIYA FAJAR MAS PERUMAHAN LAGOOSI,7371031001,Aktif,10,7371031,Rappocini
6425138,"RAMADHAN KARYA PERTAMA, PT",KOMP PERMATA SARI,7371031001,Aktif,10,7371031,Rappocini
6425139,"BUNDARAN EMAS , PT",KOMP PERMATA SARI PS V NO 2,7371031001,Aktif,10,7371031,Rappocini
6425140,"ZATRIA JAYA PERKASA, CV",MAKASSAR SATELIT BIOK B NO 6,7371031001,Aktif,10,7371031,Rappocini
6425141,"RANGGI PUTRA, CV",PERUMAHAN BUMI BOSOWA PERMAI,7371031,Aktif,7,7371031,Rappocini
6425142,"ALIF KARYA TEHNIK, CV",JL KARAENG BONTO TANGNGA,7371031002,Aktif,10,7371031,Rappocini
6425143,"INA PERSADA, CV",JL KR BONTOTANGNGA,7371031002,Aktif,10,7371031,Rappocini
6425145,"MEGA GUNA SARANA MANDIRI, CV",JL TIDUNG 7 STP 6 NO 224,7371031003,Aktif,10,7371031,Rappocini
6425146,"ANUGRAH JASA TEKNIK , CV",JL BERINGIN 4 NO 7,7371031004,Aktif,10,7371031,Rappocini
6425148,"REZKY TRI TUNGGAL., CV",PERUMAHAN PURI TAMAN SARI BLOK B 3,7371031004,Aktif,10,7371031,Rappocini
6425149,"PAINDO RAYA, CV",PURI TAMAN SARI BLOK E2,7371031004,Aktif,10,7371031,Rappocini
6425150,"SURYA MANDIRI, CV",J L B DG NGIRATE RAYA,7371031005,Aktif,10,7371031,Rappocini
6425151,"HALIMA PRATAMA, CV",JL HERTASNING KOMP GPI NO ZIA,7371031005,Aktif,10,7371031,Rappocini
6425152,"BINTANG HARAPAN, CV",JL MAPALA BLOK A 13 NO 13,7371031006,Aktif,10,7371031,Rappocini
6425153,"PELANGI, CV",JL MON EMMY SAELAN,7371031006,Aktif,10,7371031,Rappocini
6425154,"BINTANG REZKY, CV",IL BONTO MENE 1 NO 8,7371031007,Aktif,10,7371031,Rappocini
6425155,"KONTRAKTOR, CV",JL BANTA BANTAENG B2 NO 8,7371031007,Aktif,10,7371031,Rappocini
6425158,"ZAKIAH AMALIAH, CV",JL BONTO MINE NO 17,7371031007,Aktif,10,7371031,Rappocini
6425159,"MAJU SINERGI UTAMA, PT",JL FAISAL RAYA NO 15 C,7371031007,Aktif,10,7371031,Rappocini
6425160,"ASRI SEJAHTERA, CV",JL LANDAK BARU LR 9 BUNTU NO 100,7371031007,Aktif,10,7371031,Rappocini
6425161,"ERA BANGUN SARANA, PT",JL LANDAK BARU112H,7371031007,Aktif,10,7371031,Rappocini
6425162,"HAS MARKA SULAWESI, PT",KOMP GRAHA KUALITA,7371031007,Aktif,10,7371031,Rappocini
6425164,"ASERA TEKNIK MANDIRI, CV",JL AP PETTARANI RUKO NEW ZAMRUD BLOK,7371031008,Aktif,10,7371031,Rappocini
6425165,"DWIRA FAMILY, CV",JL AP PETTARANI RUKO NEW ZAMRUD BLOK,7371031008,Aktif,10,7371031,Rappocini
6425166,"BUANA CELEBES, PT",JL AP PETTARANI RUKO NEW ZAMRUD BLOK C/12-14,7371031008,Aktif,10,7371031,Rappocini
6425167,"KOYA, CV",JL AP PETTARANI CENTRE BLOK B 2,7371031008,Aktif,10,7371031,Rappocini
6425168,"NIRAMANIS, CV",JL AP PETTARANI RUKO NEW ZAMRUD BLOK F/21,7371031008,Aktif,10,7371031,Rappocini
6425169,"ADINATA, CV",JL RAPPOCINI RAYA LR 5 NO 8,7371031009,Aktif,10,7371031,Rappocini
6425170,"KARYA 21, CV",JL RAPPOCINI RAYA LR 5 NO 8,7371031009,Aktif,10,7371031,Rappocini
6425172,JIMMY,JL SUNGAI SADDANG BARU,7371031010,Aktif,10,7371031,Rappocini
6425173,"KANTOR, CV",SUNGAI SADDANG BARU BLOK 11/10,7371031010,Aktif,10,7371031,Rappocini
6425351,"ABRAHAM KONSULTAN, CV",BTN MINASA UPA BLOK M. 8 NO 9,7371031001,Aktif,10,7371031,Rappocini
6425352,"ARIKA ADIPRAKARSA KONSULINDO, CV",JL SANRANGAN KOMP. DEWI KUMALASARI AE 13 NO 12,7371031001,Aktif,10,7371031,Rappocini
6425353,"ARMEDIA CONSULTANT, CV",BTN RANGGONG PERMAI BLOK L NO 16,7371031001,Aktif,10,7371031,Rappocini
6425354,"ARSINES JASA KONSULTAN, CV",BTN MINASA UPA BLOK F.8 NO 7,7371031001,Aktif,10,7371031,Rappocini
6425355,"ARYA PRESS, CV",JL KOMPS PERUM JIPANG PERMAI BLOK DP 6 NO 10,7371031001,Aktif,10,7371031,Rappocini
6425356,"ASHA PLANINDO CONSULTANT, CV",BTN MAKKIO BAJI BLOK B8/22/7,7371031001,Aktif,10,7371031,Rappocini
6425357,"ASRI PRATAMA, CV",BTN MINASA UPA BLOK M. 8 NO 9,7371031001,Aktif,10,7371031,Rappocini
6425358,"ASTI BERSAUDARA, CV",WIJAYA KUSUMA II NO 1,7371031001,Aktif,10,7371031,Rappocini
6425359,"AULIA KONSULTAN, CV",JL SKARDA N BTN PEMDA BLOK D/2,7371031001,Aktif,10,7371031,Rappocini
6425360,"DARMA CITRA UTAMA, CV",BTN MINASA UPA BLOK K. 13 NO 11 A,7371031001,Aktif,10,7371031,Rappocini
6425361,"ELEKTRINA, CV",BTN MINASA UPA BLOK E. 8 NO 4 MKS,7371031001,Aktif,10,7371031,Rappocini
6425363,"LEGAR UTAMA, CV",JL SKARDA N KOMP. BTN MANGASA PERMAI BLOK. U NO 5,7371031001,Aktif,10,7371031,Rappocini
6425364,"MITRA SEJATI KONSTRUKSI, CV",BTN MINASA UPA BLOK K. 7 NO 1,7371031001,Aktif,10,7371031,Rappocini
6425366,"PROFIL KONSULTAN, CV",BTN MINASA UPA BLOK A2 NO 3,7371031001,Aktif,10,7371031,Rappocini
6425367,"PUTRA MANDALA, CV",KOMP. PERMATA SARI IV/5,7371031001,Aktif,10,7371031,Rappocini
6425368,"REJEKI UTAMA, CV",KOMP. PERMATA SARI PS. V NO 3,7371031001,Aktif,10,7371031,Rappocini
6425369,"REYNER CONSTRUKSI MANDIRI, CV",BTN MINASA UPA BLK E RUKO 1 NO 1,7371031001,Aktif,10,7371031,Rappocini
6425370,"REZKI KENCANA PRATAMA, CV",BTN MINASA UPA BLOK M7/12,7371031001,Aktif,10,7371031,Rappocini
6425371,"REZKI UTAMA, CV",BTN MINASA UPA BLOK A.5 NO 10,7371031001,Aktif,10,7371031,Rappocini
6425373,"RIZKA KONSTRUKSI ABADI, CV",BTN MINASA UPA BLOK K 6 NO 23,7371031001,Aktif,10,7371031,Rappocini
6425374,"RUNA ABADI MANDIRI, CV",BTN MINASA UPA BLOK G 8/3,7371031001,Aktif,10,7371031,Rappocini
6425375,"TATA LAKSANA KONSTRUKSI, CV",BTN MINASA UPA BLOK B9 NO 5,7371031001,Aktif,10,7371031,Rappocini
6425376,"ZAFASA KONSULTAN, CV",BTN MINASA UPA BLOK M 8 NO 9,7371031001,Aktif,10,7371031,Rappocini
6425377,"ILHAM JAYA ANUGRAH, CV",JL KR. BONTOTANGNGA II NO 4 F,7371031002,Aktif,10,7371031,Rappocini
6425378,"OPEC S PRATAMA, CV",JL MAPALA BLOK A IV NO 2,7371031002,Aktif,10,7371031,Rappocini
6425379,"TRYPUTRA MORINDA, CV",JL KR. BONTO TANGNGA II NO 4 F,7371031002,Aktif,10,7371031,Rappocini
6425380,"KRISNA JAYA, CV",JL TIDUNG VI STP 12 NO 79,7371031003,Aktif,10,7371031,Rappocini
6425381,"ARCOTIBEL, CV",JL LETJEN. HERTASNING KOMP PERMATA HIJAU PERMAI BLOK M NO 3,7371031004,Aktif,10,7371031,Rappocini
6425382,"ATHILLAH UTAMA, CV",KOMP. PERMATA HIJAU BLOK P 5 NO 1,7371031004,Aktif,10,7371031,Rappocini
6425383,"FARISKA MANDIRI CORPORATION, CV",KOMP. PURI TAMAN SARI BLOK. B3/3,7371031004,Aktif,10,7371031,Rappocini
6425384,"HASRY HASTINI, CV",JL TIDUNG X STP 7 NO 58,7371031004,Aktif,10,7371031,Rappocini
6425385,"INDAH MELATI PERDANA, CV",KOMP. PURI TAMAN SARI BLOK D8 NO 11,7371031004,Aktif,10,7371031,Rappocini
6425386,"RIFKI PUTRA, CV",JL LETJEN. HERTASNING PERMATA HIJAU PERMAI BLOK I/3,7371031004,Aktif,10,7371031,Rappocini
6425387,"SINAR SURYA, CV",KOMP. PURI TAMAN SARI BLOK D2/16,7371031004,Aktif,10,7371031,Rappocini
6425388,"BATU MAS, CV",JL TIDUNG MARIOLO NO 8 E,7371031006,Aktif,10,7371031,Rappocini
6425389,"MAHA MULTI, CV",JL RAYA PENDIDIKAN BLOK F NO 17,7371031006,Aktif,10,7371031,Rappocini
6425390,"NAYA CEMERLANG, CV",JL RAYA PENDIDIKAN KOMP. IKIP BLOK A1/15,7371031006,Aktif,10,7371031,Rappocini
6425391,"PRIMA JAYA KARYA, CV",JL EMMY SAELAN III NO 48,7371031006,Aktif,10,7371031,Rappocini
6425392,"RESTU ANUGRAH, CV",JL EMMY SAELAN III/E NO 10,7371031006,Aktif,10,7371031,Rappocini
6425393,"DAHWAH PERSADA, CV",JL RSI FAISAL XIV NO 9 A,7371031007,Aktif,10,7371031,Rappocini
6425394,"RAHMAH, CV",JL FAISAL XVI NO 77,7371031007,Aktif,10,7371031,Rappocini
6425395,"WIRA TEHNIK, CV",JL ANGGREK BLOK A1 NO 4 TODDOPULI RAYA,7371031007,Aktif,10,7371031,Rappocini
6425396,"BINTANG REZEKI, CV",JL RSI FAISAL XII NO 60,7371031008,Aktif,10,7371031,Rappocini
6425397,"FAJAR TEKNIK, CV",JL RS. ISLAM FAISAL VIII NO 6 MKS,7371031008,Aktif,10,7371031,Rappocini
6425398,"HAPINS, CV",JL RSI FAISAL X/33,7371031008,Aktif,10,7371031,Rappocini
6425399,"NAUFAL PUTRA, CV",JL PELITA RAYA V LR. 02/16,7371031008,Aktif,10,7371031,Rappocini
6425400,"TRISUMA, CV",JL RSI FAISAL RAYA BLOK 25B/6,7371031008,Aktif,10,7371031,Rappocini
6425401,"AREZMAH CONSULTANT, CV",JL RAPPOCINI RAYA NO 206,7371031009,Aktif,10,7371031,Rappocini
6425402,"ARIANI, CV",JL RAPPOCINI RAYA NO 206,7371031009,Aktif,10,7371031,Rappocini
6425403,"BONE RAYA, CV",JL RAPPOCINI RAYA LR. 9C NO 34,7371031009,Aktif,10,7371031,Rappocini
6425404,"CAHAYA HARMONI, CV",JL RAPPOCINI RAYA NO 181 F,7371031009,Aktif,10,7371031,Rappocini
6425405,"JAGUAR INTI PERKASA, CV",JL RAPPOCINI RAYA III NO 53 C,7371031009,Aktif,10,7371031,Rappocini
6425406,"LIANDRI TEKNIK, CV",RAPPOCINI RAYA V NO 23,7371031009,Aktif,10,7371031,Rappocini
6425407,"MITRA MAKASSAR, CV",JL RAPPOCINI RAYA 9/9 NO 12,7371031009,Aktif,10,7371031,Rappocini
6425408,"MULTI CIPTA ADHIRANCANA, CV",JL R.S.I. FAISAL VI NO 21,7371031009,Aktif,10,7371031,Rappocini
6425409,"MUTIARA SITTAH, CV",JL RAPPOCINI RAYA NO 92,7371031009,Aktif,10,7371031,Rappocini
6425410,"REZA BANGUN PERSADA, CV",JL RAPPOCINI RAYA NO 206,7371031009,Aktif,10,7371031,Rappocini
6425411,"RIDWAN PUTERA UTAMA, CV",JL RAPPOCINI LRG. 11D NO 15,7371031009,Aktif,10,7371031,Rappocini
6425412,"ROKETS PRIMA TEKNIK, CV",JL RAPPOCINI RAYA LR 11D/15 BUAKANA,7371031009,Aktif,10,7371031,Rappocini
6425413,"TRI RATNA PERKASA, CV",JL RAPPOCINI RAYA CITRA GRIYATAMA ESTATE BLOK C NO 13 A,7371031009,Aktif,10,7371031,Rappocini
6425414,"YUDHA PRATAMA GROUP, CV",JL RAPPOCINI RAYA GRIYATAMA BLOK B/1,7371031009,Aktif,10,7371031,Rappocini
6425415,"ANUGRAH PELITA PERDANA, CV",JL PELITA RAYA BLOK A-46 NO 49,7371031010,Aktif,10,7371031,Rappocini
6425416,"ARCHINDO B DESIGN, CV",JL PELITA RAYA II A NO 9,7371031010,Aktif,10,7371031,Rappocini
6425417,"CAHAYA PELITA, CV",JL PELITA RAYA BLOK A 46/49,7371031010,Aktif,10,7371031,Rappocini
6425418,"REZKI ARINI, CV",JL TIMAH V BLOK A.29 NO 8,7371031010,Aktif,10,7371031,Rappocini
6425419,"SYAHRINAH, CV",JL PELITA RAYA BLOK A NO 5,7371031010,Aktif,10,7371031,Rappocini
6425420,"ADHI PRIMA MANDIRI, CV",JL TODDOPULI 19,7371031,Aktif,7,7371031,Rappocini
6425421,"DWIDANA, CV",JL KOMP. IKIP B II NO 27/28,7371031,Aktif,7,7371031,Rappocini
6425422,"PANCA SARANA UTAMA, CV",JL RAYA PENDIDIKAN A. NO 2,7371031,Aktif,7,7371031,Rappocini
6425423,"TUJUH PURNAMA, CV",JL RAYA PENDIDIKAN A NO 2,7371031,Aktif,7,7371031,Rappocini
6425594,"ALNAUFAH, CV",JL KARUNRUNG RAYA N0. 38,7371031009,Aktif,10,7371031,Rappocini
6425945,"MURNI ABADI, CV",JL RSI FAISAL RAYA BLOK 25 B NO 6,7371031007,Aktif,10,7371031,Rappocini
6427299,"RUNA ABADI MANDIRI, PT",JL BTN MINASA UPA BLOK G 8/3,7371031,Aktif,7,7371031,Rappocini
6427311,"MAKASSAR JAYA MANDIRI, CV",BTN MINASA UPA BLOK N5 NO 3,7371031001,Aktif,10,7371031,Rappocini
6427412,"SAKINAH INDAH CEMERLANG, CV",JL RIFKY BLOK E3 NO 2 BPH,7371031001,Aktif,10,7371031,Rappocini
6427415,"ANUGRAH KENCANA, CV",JL RAYA PENDIDIKAN A2,7371031006,Aktif,10,7371031,Rappocini
6427416,"NURCAWA CIPTA UTAMA, CV",JL SABILILHAQ LR 5 NO 51 TAMALANREA JAYA,7371031007,Aktif,10,7371031,Rappocini
6427417,"TO BUKI PUTRA KUMARA, CV","JL A. DJEMMA LR 6 NO 8, KEL. BANTA - BANTAENG",7371031007,Aktif,10,7371031,Rappocini
6427481,"YUSRAN KARYA PRATAMA, CV",BTN CV DEWI B5 NO 8,7371031004,Aktif,10,7371031,Rappocini
6427512,"KARAMPUANG JAYA UTAMA, PT",BTN MINASA SARI BLOK B15 NO 1,7371031,Aktif,7,7371031,Rappocini
6427513,"PARAIKATTE KARYA MANDIRI, PT",JL AROEPALA <DEPAN SEKOLAH AL AZHAR>,7371031,Aktif,7,7371031,Rappocini
6427514,"AMALA, PT",JL AROEPALA NO 28 B,7371031,Aktif,7,7371031,Rappocini
6427515,"RIMBA KARYA UTAMA, PT",KOMP PERTAMA SARI PS 111 NO 8,7371031001,Aktif,10,7371031,Rappocini
6427516,"ALIA JAYA, PT",PERUM KISEL DAMAI BLOK G2,7371031001,Aktif,10,7371031,Rappocini
6427517,"ALFINDO PERKASA, PT","KOMP JIPANG PERMAI DP 1 NO 1, JL JIPANG RAYA",7371031002,Aktif,10,7371031,Rappocini
6427518,"PRATAMA GODEN JAYA, PT",JL KARAENG BONTO TANGNGA NO 4,7371031002,Aktif,10,7371031,Rappocini
6427519,"RATAL UTAMA KARYA, PT","KOMP DIAGRA, JL KARUNRUNG RAYA 2",7371031002,Aktif,10,7371031,Rappocini
6427520,"SIBELLA CIPTA GRAHA, PT",KOMP AGRARIA BLOK A 9,7371031002,Aktif,10,7371031,Rappocini
6427521,"RAFA PUTRA PERDANA, PT",JL KOMP PERMATA HIJAU LESTARI ALOK QI NO 2,7371031004,Aktif,10,7371031,Rappocini
6427523,"AURAMA KARYA, PT",JL PERMATA HIJAU PERMAI BLOK,7371031004,Aktif,10,7371031,Rappocini
6427524,"ISPERIAL TUNGGAL CONTRACTOR, PT","KOMP GPI, JL HERTASNING BARAT E/7",7371031005,Aktif,10,7371031,Rappocini
6427525,"WIJAYA KARYA, PT","KOMP GPI, JL HERTASNING",7371031005,Aktif,10,7371031,Rappocini
6427526,"MULTI KARYA CEMERLANG, PT","KOMP GPI BLOK E/17, JL HERTASNING",7371031005,Aktif,10,7371031,Rappocini
6427527,"CAKRA PERKASA, PT","KOMP GPI NO 2A, JL HERTASNING",7371031005,Aktif,10,7371031,Rappocini
6427528,"PUTRA PERKASA, PT","KOMP GPI NO 2A, JL HERTASNING",7371031005,Aktif,10,7371031,Rappocini
6427529,"RATU ARTA PRIMA, PT","KOMP GPI NO 2A, JL HERTASNING",7371031005,Aktif,10,7371031,Rappocini
6427533,"ROPE N WORKS, PT",JL GRIYA AYU MAS BLOK B 2,7371031006,Aktif,10,7371031,Rappocini
6427534,"DAYU PUTRINDO, PT",JL MAPALA BLOK A 4 NO 2A,7371031006,Aktif,10,7371031,Rappocini
6427535,"MAHARASYA CITRA ABADI, PT",JL MONUMEN EMMY SAELAN 3,7371031006,Aktif,10,7371031,Rappocini
6427536,"SURYA ENDAR JAYA, PT",JL RAYA PENDIDIKAN BLOK A4,7371031006,Aktif,10,7371031,Rappocini
6427537,"REWAKO PROPERTI, PT",KOMP IKIP BLOK A 2 NO 3B,7371031006,Aktif,10,7371031,Rappocini
6427538,"SINAR JAYA ABADI ACC, PT",KOMP PEMDA BLOK E,7371031006,Aktif,10,7371031,Rappocini
6427539,"KANZA SEJAHTERA, PT",JL LANDAK BARE LORONG 8 NO 30,7371031007,Aktif,10,7371031,Rappocini
6427540,"PURNAMA KARYA NUGZAHA, PT",JL LANDAK BARU,7371031007,Aktif,10,7371031,Rappocini
6427543,"SURYA PUZULINDO, PT","RUKO NEW ZAMRUD BLOK E/5, JL AP PETTARANI",7371031008,Aktif,10,7371031,Rappocini
6427545,"MITRACEL INTI UTAMA, PT",JL NIKEL 1 NO 3,7371031010,Aktif,10,7371031,Rappocini
6427546,"GATRAS, PT",JL PELITA RAYA NO,7371031010,Aktif,10,7371031,Rappocini
6427547,"MUT ENGINEERING, PT",JL PELITA RAYA TENGAH BLOK A1 NO 2,7371031010,Aktif,10,7371031,Rappocini
6427548,"BAWAKARAENG PURNAMA WIJAYA, PT",JL TIMAH I BLOK A 24 NO 20,7371031010,Aktif,10,7371031,Rappocini
6427549,"NUR ALI MANDIRI, PT",JL NIKEL I BLOK A 22 NO 30,7371031010,Aktif,10,7371031,Rappocini
6427550,"DUA DELAPAN PROPERTINDO, PT",JL TIMAH II BLOK A 25 NO 3,7371031010,Aktif,10,7371031,Rappocini
6428446,"KENCANA PRADANA ABADI, PT",JL TIMAH V BLOK A29 NO 3,7371031010,Aktif,10,7371031,Rappocini
6428451,"GARIS GLOBAL GIANINDO, PT",BTN MANGASA PERMAI BLOK Y 1/9 MAKASSAR,7371031001,Aktif,10,7371031,Rappocini
6428470,"WIRA KARYA ABADI MANDIRI, PT","RUKO BUSINESS CENTER BLOK C NO 9, JL AP PETTARANI",7371031008,Aktif,10,7371031,Rappocini
6428473,"PRADIPTA RAYA SEJAHTERA, PT",JL TIMAH I NO 13,7371031010,Aktif,10,7371031,Rappocini
6428475,"SAMUDERA PHINISI ABADI, PT",JL PELITA RAYA BLOK A14 NO 1,7371031010,Aktif,10,7371031,Rappocini
6428498,"WIRA KARSA KONSTRUKSI, PT",JL RSI FAISAL XII NO 60,7371031007,Aktif,10,7371031,Rappocini
6428500,"AMMANI HALUANG NUSANTARA, PT",JL BANTA-BANTAENG NO 44,7371031007,Aktif,10,7371031,Rappocini
6428502,"AGRA ARTA JAYA, PT",JL LANDAK BARU NO 112A,7371031007,Aktif,10,7371031,Rappocini
6428503,"ANISA JAYA KONSTRUKSI, PT",BTN MINASA UPA N.10 NO 20,7371031001,Aktif,10,7371031,Rappocini
6428504,"TURI RAIH SARO, PT",JL TALASALAPANG RAYA NO 9 MAKASSAR,7371031001,Aktif,10,7371031,Rappocini
6428507,"MEGA RISKI PRATAMA, PT",JL MAPPALA BLOK E28/3C,7371031006,Aktif,10,7371031,Rappocini
6428512,"ADHE KARYA PERSADA, PT",KOMP ANGING MAMMIRI RESIDENCE H4/35,7371031002,Aktif,10,7371031,Rappocini
6428516,"HAFIZ KALAM, PT",JL HERTASNING BARU KOMP. ANGING MAMMIRI BLOK C 3 NO 3,7371031002,Aktif,10,7371031,Rappocini
6428518,"ANUGERAH DEWA UTAMA, PT",MONUMEN EMI SAELAN III NO 28,7371031002,Aktif,10,7371031,Rappocini
6428526,"AWALINDO TEKNIK PRATAMA, PT",PERUM BUMI PESONA PELANGI JL BIRU NO 10,7371031001,Aktif,10,7371031,Rappocini
6428527,"KARYA ANUGERAH PASIFIK, PT",BTN MINASA UPA BLOK B5 NO 19,7371031001,Aktif,10,7371031,Rappocini
6488797,CV. SUPER LOGAM,JL. RAPPOCINI RAYA NO.182,7371031,Aktif,7,7371031,Rappocini
6489467,PISANA BANANA CHIP,BTN MINASA UPA J7/17,7371031,Aktif,7,7371031,Rappocini
6592968,DEPOT JAYA,JL BTN PEK BLOK H12,7371031001,Aktif,10,7371031,Rappocini
6592969,BENGKEL LAS 5A,"JL KARUNRUNG RAYA NO 11, RT 005 RW 011",7371031002,Aktif,10,7371031,Rappocini
6592970,KUE PANADA <SARTIKA DEWI>,KARUNRUNG RAYA NO 1 RT 005 RW 001,7371031002,Aktif,10,7371031,Rappocini
6592971,TAYLOR AGUNG,JL EMY SAELAN 3 RT 005 RW 001,7371031002,Aktif,10,7371031,Rappocini
6592972,KUE BOLU <DG. SENGA>,JL. BONTO LANRA LR 2,7371031007,Aktif,10,7371031,Rappocini
6592973,DEPOT AIR NURUL AKBAR,JL. BONTOLANRA LR. 4 NO. 19C,7371031007,Aktif,10,7371031,Rappocini
6592974,IRWAN WORKSHOP,"MINASA UPA J 10, 10",7371031011,Aktif,10,7371031,Rappocini
6592975,PENJAHIT HABSA,"MINASA UPA J3, 22",7371031011,Aktif,10,7371031,Rappocini
6592976,NARWIS AQUARIUM,"MINASA UPA M17, 9",7371031011,Aktif,10,7371031,Rappocini
6592977,LAS MAS TOYYIB,"MINASA UPA J11, 11",7371031011,Aktif,10,7371031,Rappocini
6592978,GHADY FLORIST,"MINASA UPA J11, 12",7371031011,Aktif,10,7371031,Rappocini
6618857,AMANDA BROWNIES,"Kompl Minasa Upa Bl C-1, Jl. Aroeppala No.8, Gn. Sari, Kec. Rappocini, Kota Makassar, Sulawesi Selatan 90233",7371031011,Aktif,10,7371031,Rappocini
6619975,TERAS KONDANG,JL. JIPANG RAYA NO. 20,7371031002,Aktif,10,7371031,Rappocini
6619977,KAMPOENG CLASSIK,JALAN PELITA RAYA 2,7371031008,Aktif,10,7371031,Rappocini
6620007,AYAM BAKAR MADAENG PELITA,JALAN PELITA RAYA A27,7371031010,Aktif,10,7371031,Rappocini
6620423,DEL MANGGO HERTASNING,Jl. Aroeppala No.9,7371031004,Aktif,10,7371031,Rappocini
6620922,WARUNG BAKSO MAS KOMENG,Jl. Tudung IX BLK 7 NO. 6,7371031004,Aktif,10,7371031,Rappocini
6620931,MIE MANGKO,Jl. Letjen Hertasning No.18D,7371031004,Aktif,10,7371031,Rappocini
6622913,"DAYYAN SEJAHTERA, CV",BTN SKARDA II MANGASA PERMAI BLOK S NO 9,7371031001,Aktif,10,7371031,Rappocini
6623222,"JUSUF PERKASA, CV","KOMP PERUM PERMATA HIJAU LESTARI BLOK P-11, JL AROEPALA NO 2",7371031004,Aktif,10,7371031,Rappocini
6623403,"MAFIFA ANUGRAH, CV",JL TIDUNG 10 BLOK 12 NO 248,7371031003,Aktif,10,7371031,Rappocini
6623504,"AKASAH BUMI CEMERLANG, CV",JL HERTASNING RAYA TIMUR NO 17,7371031006,Aktif,10,7371031,Rappocini
6623513,"SOLUSI KONSTRUKSI MAKASSAR, CV",PERUM PURI MUTIARA 3 NO 26,7371031009,Aktif,10,7371031,Rappocini
6623548,"AKUBANGUN BERSAMA INDONESIA, CV",JL YUSUF DAENG NGAWING KOMP BTN PEMDA NO E24/2,7371031006,Aktif,10,7371031,Rappocini
6623578,"KHAKHA KONSTRUKSI, CV",JL RAPPOCINI RAYA BLOK 206,7371031008,Aktif,10,7371031,Rappocini
6623606,"BUMI PERKASA BANGUNINDO, CV",BTN MINASA UPA BLOK M4/7,7371031001,Aktif,10,7371031,Rappocini
6623897,"AMERTA MULTIKONDO, CV",BTN MINASA UPA BLOK D/4 NO 10,7371031011,Aktif,10,7371031,Rappocini
6623984,"MATARUANG LAKSANA CIPTA, CV",ANDI MUHAMMAD FAUZI SURJAN,7371031006,Aktif,10,7371031,Rappocini
6624230,"KAHAKA STEEL, CV",BTN MINASA UPA BLOK N 16 NO 12,7371031001,Aktif,10,7371031,Rappocini
6624265,"NUSANTARA PANDEMI UTAMA, PT",JL JIPANG RAYAAUDIOVOLUMEUPAUDIOVOLUMEUP,7371031002,Aktif,10,7371031,Rappocini
6624298,"MAMA ASIAH, CV",JL R S I FAISAL XII NO 7,7371031007,Aktif,10,7371031,Rappocini
6624414,"HASANAH JAYA TEKNIK, CV",JL SUNGAI SADDANG BARU NO 188 B,7371031010,Aktif,10,7371031,Rappocini
6624645,"SAORAJA PELITA UTAMA, CV","PERUM MARIOS REGENCY NO B3, JL BUAKANA",7371031008,Aktif,10,7371031,Rappocini
6624685,"NUSA BUMI CEMERLANG, CV",JL HERTASNING RAYA TIMUR NO 17,7371031004,Aktif,10,7371031,Rappocini
6624909,"AFAR PRIMA SAKTI, CV",JL HERTASNING BARAT I BLOK 23 NO 62,7371031005,Aktif,10,7371031,Rappocini
6624940,"MEDIA PROPERTAMA INVESTINDO, PT","JL PELITA RAYA 6 NO C12, RT 001/RW 006",7371031008,Aktif,10,7371031,Rappocini
6625287,"DIKAWAL RARA SEJAHTERA, CV",JL JIPANG RAYA II NO 24,7371031002,Aktif,10,7371031,Rappocini
6625321,"PENUNGGANG OMBAK, CV",JL JIPANG RAYA KOMP VILLA MEGA SARI RUKO A1 NO 7,7371031002,Aktif,10,7371031,Rappocini
6625363,"BUANA MAYANTI, CV",GRIYA MALEO INDAH BLOK B8,7371031011,Aktif,10,7371031,Rappocini
6625398,"REAL PUTRA BAKTI, PT",JL SKARDA N 1 NO 3 B,7371031001,Aktif,10,7371031,Rappocini
6625436,"GANENDRA NISCALA UTAMA, PT",MONGINSIDI BARU BLOK AB 6 NO 2,7371031010,Aktif,10,7371031,Rappocini
6625499,"GAMALION PERKASA, CV","KOMP NEW ZAMRUD A/4, JL ANDI PANGERAN PETTARANI",7371031008,Aktif,10,7371031,Rappocini
6625544,"MULIA SENTOSA JAYA, CV",BANTA BANTAENG AYULESTARI BLOK D NO 11,7371031007,Aktif,10,7371031,Rappocini
6625724,"MITRA SOLID JAYA, CV",BTN MINASA UPA BLOK J7 NO 4,7371031011,Aktif,10,7371031,Rappocini
6625778,"SHAZFA UTAMA, CV",BTN MINASA UPA BLOK N5 NO 17,7371031011,Aktif,10,7371031,Rappocini
6625884,"ANGKASA RAYA PERKASA, CV",KOMP PURI TAMAN SARI BLOK C 7 NO 7,7371031004,Aktif,10,7371031,Rappocini
6626332,"RACHMAT ABADI, CV",BTN MINASA UPA BLOK L 2 NO 18,7371031011,Aktif,10,7371031,Rappocini
6626337,"DUA PUTRA RAJAWALI MANDIRI, CV",JL SUNGAI SADDANG BARU,7371031010,Aktif,10,7371031,Rappocini
6626343,"A3 BANGUN PERSADA, CV",KOMP BTN MINASA UPA BLOK M 10 NOMOR 20,7371031011,Aktif,10,7371031,Rappocini
6626360,"NUANSAINDAH PROPERTINDO, PT",KOMP RUKO NEW ZAMRUD BLOK C6 JL A P PETTARANI,7371031008,Aktif,10,7371031,Rappocini
6626827,"HARUNA JAYA BERKAH, CV",JL BANTA - BANTAENG NO 52,7371031007,Aktif,10,7371031,Rappocini
6626937,"INSTALL REKAYASA ENGINEERING, PT",JL RAPPOCINI RAYA NO 14 A,7371031007,Aktif,10,7371031,Rappocini
6627134,"AMSTEL KONSTRUKSI, CV",JL TAMALATE V SETAPAK 8,7371031004,Aktif,10,7371031,Rappocini
6627309,"ANNORA FATIHAH, CV",JL TIMAH I BLOK A24 NO 14,7371031010,Aktif,10,7371031,Rappocini
6627380,YOTTA,"Jalan Talasalapang 2, Gunung Sari, Rappocini, Makassar, Sulawesi Selatan, Sulawesi, 90222, Indonesia",7371031001,Aktif,10,7371031,Rappocini
6627407,"ALIF PUTRA KARYA, CV",JL LANDAK BARU 73/41,7371031007,Aktif,10,7371031,Rappocini
6627442,"YANKA INTILAND, CV",BTN MINASASARI BLOK B 11 NO 8,7371031011,Aktif,10,7371031,Rappocini
6627500,"PUTRA CELEBES ENERGI, PT",JL AP PETTARANI BLOK E27 NO 29,7371031006,Aktif,10,7371031,Rappocini
6627554,"PHINISI CELEBES NUSANTARA, PT",PERMATA HIJAU PERMAI BLOK M NO 7 B,7371031004,Aktif,10,7371031,Rappocini
6628024,"USAHA KARYA MANDIRI SEJAHTERA, CV",JL AP PETTARANI RUKO PETTARANI CENTER BLOK B27,7371031008,Aktif,10,7371031,Rappocini
6628505,"TRI MULTAZAM ABADI, PT",JL PERUM TAMAN YASMIN INDAH BLOK A 1/3,7371031003,Aktif,10,7371031,Rappocini
6628508,"FNF ENGINEERING, CV",JL BERINGIN II NO 06,7371031004,Aktif,10,7371031,Rappocini
6628748,"TRISULA MANDIRI GROUP, PT",JL BTN MINASA UPA BLOK F,7371031011,Aktif,10,7371031,Rappocini
6628945,"CARESO MITRA SEKAWAN, PT",JL TODDOPPULI RAYA NO 4A,7371031004,Aktif,10,7371031,Rappocini
6629501,"HAJJA YANGKI, CV",BOSOWA PERMAI MINASA UPA BLOK B4 NO 2,7371031001,Aktif,10,7371031,Rappocini
6629556,"SULTHAN RAYYAN SAKTI, CV",JL TEDUH BERSINAR KOMP GRIYA FAJAR MAS REGENCY,7371031001,Aktif,10,7371031,Rappocini
6629593,"ASABA BERKARYA, CV",JL BONTOMENE NO 9B,7371031007,Aktif,10,7371031,Rappocini
6629704,"TATA PUTRA GROUP, CV",JL PALM MERAH NO 21 PANAKKUKANG,7371031004,Aktif,10,7371031,Rappocini
6629759,"TRI GEMILANG MAJU, PT","JL PURI TAMAN SARI BLOK B3 NO 5, KOTA MAKASSAR",7371031004,Aktif,10,7371031,Rappocini
6629967,"ADEEVA JAYA KONSTRUKSI, CV","PERUM ANGING MAMIRI BLOK D 4 NOMOR 6, JL AROEPALA",7371031004,Aktif,10,7371031,Rappocini
6630535,GOLDEN ASIAN RESTO,"Four Points by Sheraton, Jalan Bonto Manai, Banta-Bantaeng, Rappocini, Makassar, Sulawesi Selatan, Sulawesi, 90235, Indonesia",7371031007,Aktif,10,7371031,Rappocini
6631632,KOALA ES TEH,"Jalan Tala' Salapang, Gunung Sari, Rappocini, Makassar, Sulawesi Selatan, Sulawesi, 92221, Indonesia",7371031001,Aktif,10,7371031,Rappocini
6631697,"CAHAYA KUPA, CV",JL RSI FAISAL XIV BLOK C/57,7371031007,Aktif,10,7371031,Rappocini
6631882,"DUO FAMILY GEMILANG, CV",JL AROEPALA PERUM BELMONT RESIDENCE BLOK C NO 16,7371031004,Aktif,10,7371031,Rappocini
6633282,"AFPAL NUSANTARA DEVELOPMENT, PT",JL SULTAN ALAUDDIN PERUM BUMI PERMATA HIJAU BUMI 18 A15 NO 2,7371031001,Aktif,10,7371031,Rappocini
6633298,"LAJU JAYA NUSANTARA, CV",JL BERINGIN RAYA 4 NO 8,7371031004,Aktif,10,7371031,Rappocini
6633300,"GEMILANG TIRTA MANDIRI, CV",KOMP PURI MUTIARA BLOK MUTIARA II NO 22,7371031009,Aktif,10,7371031,Rappocini
6633579,"CAHAYA MUTIARA BERKAH, CV",PERUM TAMAN YASMIN BLOK A1 NO 6,7371031003,Aktif,10,7371031,Rappocini
6633589,"QIANA NAFEEZA, CV",BTN MINASA UPA BLOK K2 NO 7,7371031001,Aktif,10,7371031,Rappocini
6638836,"SUMBER REZKY JAYA, CV",PERUM ANGING MAMMIRI RESIDENCE BLOK B1/ NO 25,7371031002,Aktif,10,7371031,Rappocini
6638936,"RESTU ADHI PERKASA, CV",TAMAN YASMIN BLOK E 1 NO 3,7371031003,Aktif,10,7371031,Rappocini
6652986,LORONG WISATA WAHDAH SEHATI,JLN TIDUNG VI SETAPAK 1,7371031003,Aktif,10,7371031,Rappocini
6698781,PT BGR LOGISTIK INDONESIA,JL. HERTASNING KOMPLEKS PERUMAHAN PALM MAS NO. 7,7371031008,Aktif,10,7371031,Rappocini
6699945,BELLE EMILE .CV,Jalan Hertasning No. 36,7371031006,Aktif,10,7371031,Rappocini
6700916,"PT. ZURICH ASURANSI INDONESIA, TBK",JALAN SULTAN ALAUDDIN PLAZA RUKO BOULEVARD BLOK A NO. 21-22,7371031001,Aktif,10,7371031,Rappocini
6702483,"Kasyaradotcom, PT",Jl. Bonto Langkasa I no.1c Makassar,7371031007,Aktif,10,7371031,Rappocini
6702496,"Alesha Dessert, UD",Jl tamalate 4 setapak 6 makassar,7371031004,Aktif,10,7371031,Rappocini
